run_id,engine_commit,bench_host,instrument,durability_class,durability_server_flags,lane,backend,workload,scale,rep,tier,cpuset,topology,mem_cap,ts_utc,mem_split,client_mem_cap,server_mem_cap_g,server_cmd,server_shm_size,server_cpuset,server_image,server_image_ref,server_mem_cap,server_disk_baseline_mb,client_disk_baseline_mb,client_disk_mb,rc,oom_killed,n_lineitem,n_part,tpch_sf,engine_version,build_s,durability,durability_no_setting,olap_iters,q1_ms,q1_p99_ms,cold_q1_ms,warm_q1_p50_ms,warm_q1_p99_ms,warm_q1_n,cold_first_query_name,cold_first_query_ms,q1_rows,res_q1_digest,res_q1_sample,res_q1_n,q6_ms,q6_p99_ms,cold_q6_ms,warm_q6_p50_ms,warm_q6_p99_ms,warm_q6_n,q6_rows,res_q6_digest,res_q6_sample,res_q6_n,top_parts_ms,top_parts_p99_ms,cold_top_parts_ms,warm_top_parts_p50_ms,warm_top_parts_p99_ms,warm_top_parts_n,top_parts_rows,res_top_parts_digest,res_top_parts_sample,res_top_parts_n,ship_mode_ms,ship_mode_p99_ms,cold_ship_mode_ms,warm_ship_mode_p50_ms,warm_ship_mode_p99_ms,warm_ship_mode_n,ship_mode_rows,res_ship_mode_digest,res_ship_mode_sample,res_ship_mode_n,by_month_ms,by_month_p99_ms,cold_by_month_ms,warm_by_month_p50_ms,warm_by_month_p99_ms,warm_by_month_n,by_month_rows,res_by_month_digest,res_by_month_sample,res_by_month_n,close_s,server_jvm,server_log,server_disk_mb,server_disk_rw_mb,server_disk_vol_mb,server_disk_settled,client_log,disk_mb_sum,disk_data_mb,server_peak_mib,server_peak_anon_mib,server_end_anon_mib,server_peak_shmem_mib,server_peak_file_mib,server_io_read_mib,server_io_write_mib,server_end_file_mib,server_cpu_usec,client_peak_mib,client_peak_anon_mib,client_end_anon_mib,client_peak_shmem_mib,client_peak_file_mib,client_io_read_mib,client_io_write_mib,client_end_file_mib,client_cpu_usec,peak_mib_sum,peak_anon_mib_sum,peak_shmem_mib_sum,peak_owned_mib_sum,io_write_mib_sum,io_read_mib_sum,end_anon_mib_sum,cpu_usec_sum,manifest,heap,server_heap,neworder_p50_ms,neworder_p99_ms,res_neworder_digest,res_neworder_sample,res_neworder_n,payment_p50_ms,payment_p99_ms,oltp_ops_per_s,oltp_ops,res_payment_digest,res_payment_sample,res_payment_n,payments_n,crud_insert_p50_ms,crud_insert_p99_ms,crud_insert_ops,res_crud_insert_digest,res_crud_insert_sample,res_crud_insert_n,crud_read_p50_ms,crud_read_p99_ms,crud_read_ops,res_crud_read_digest,res_crud_read_sample,res_crud_read_n,crud_update_p50_ms,crud_update_p99_ms,crud_update_ops,res_crud_update_digest,res_crud_update_sample,res_crud_update_n,crud_delete_p50_ms,crud_delete_p99_ms,crud_delete_ops,res_crud_delete_digest,res_crud_delete_sample,res_crud_delete_n,cold_warm_na,n_persons,graph_source,connect_s,cold_top_degree_ms,top_degree_budget_s,top_degree_censored,top_degree_p50_ms,top_degree_p95_ms,top_degree_p99_ms,top_degree_mean_ms,top_degree_min_ms,top_degree_iters,top_degree_rows,warm_top_degree_p50_ms,warm_top_degree_p99_ms,warm_top_degree_n,res_top_degree_digest,res_top_degree_sample,res_top_degree_n,cold_same_city_edges_ms,same_city_edges_budget_s,same_city_edges_censored,same_city_edges_p50_ms,same_city_edges_p95_ms,same_city_edges_p99_ms,same_city_edges_mean_ms,same_city_edges_min_ms,same_city_edges_iters,same_city_edges_rows,warm_same_city_edges_p50_ms,warm_same_city_edges_p99_ms,warm_same_city_edges_n,res_same_city_edges_digest,res_same_city_edges_sample,res_same_city_edges_n,cold_friend_age_by_city_ms,friend_age_by_city_budget_s,friend_age_by_city_censored,friend_age_by_city_p50_ms,friend_age_by_city_p95_ms,friend_age_by_city_p99_ms,friend_age_by_city_mean_ms,friend_age_by_city_min_ms,friend_age_by_city_iters,friend_age_by_city_rows,warm_friend_age_by_city_p50_ms,warm_friend_age_by_city_p99_ms,warm_friend_age_by_city_n,res_friend_age_by_city_digest,res_friend_age_by_city_sample,res_friend_age_by_city_n,cold_degree_dist_ms,degree_dist_budget_s,degree_dist_censored,degree_dist_p50_ms,degree_dist_p95_ms,degree_dist_p99_ms,degree_dist_mean_ms,degree_dist_min_ms,degree_dist_iters,degree_dist_rows,warm_degree_dist_p50_ms,warm_degree_dist_p99_ms,warm_degree_dist_n,res_degree_dist_digest,res_degree_dist_sample,res_degree_dist_n,cold_triangles_ms,triangles_budget_s,triangles_censored,triangles_p50_ms,triangles_p95_ms,triangles_p99_ms,triangles_mean_ms,triangles_min_ms,triangles_iters,triangles_rows,warm_triangles_p50_ms,warm_triangles_p99_ms,warm_triangles_n,res_triangles_digest,res_triangles_sample,res_triangles_n,gav,gav_build_s,n_persons_ingested,n_edges_ingested,n_persons_in_corpus,triangles_unexpressible,server_pagecache,triangles_warm_missing,cold_warm_triangles_na,point_p50_ms,point_p95_ms,point_p99_ms,hop1_p50_ms,hop1_p95_ms,hop1_p99_ms,hop2_p50_ms,hop2_p95_ms,hop2_p99_ms,hop3f_p50_ms,hop3f_p95_ms,hop3f_p99_ms,warm_point_p50_ms,warm_point_p95_ms,warm_point_p99_ms,warm_hop1_p50_ms,warm_hop1_p95_ms,warm_hop1_p99_ms,warm_hop2_p50_ms,warm_hop2_p95_ms,warm_hop2_p99_ms,warm_hop3f_p50_ms,warm_hop3f_p95_ms,warm_hop3f_p99_ms,cold_point_p50_ms,cold_point_p99_ms,cold_hop1_p50_ms,cold_hop1_p99_ms,cold_hop2_p50_ms,cold_hop2_p99_ms,cold_hop3f_p50_ms,cold_hop3f_p99_ms,res_point_digest,res_point_sample,res_point_n,res_hop1_digest,res_hop1_sample,res_hop1_n,res_hop2_digest,res_hop2_sample,res_hop2_n,res_hop3f_digest,res_hop3f_sample,res_hop3f_n,hop3_visited_p50,hop3_visited_max,hop3_visited_n_ids,hop3_visited_share,res_hop3_visited_digest,res_hop3_visited_sample,res_hop3_visited_n,write_p50_ms,write_p95_ms,write_p99_ms,write_ops,res_graph_insert_digest,res_graph_insert_sample,res_graph_insert_n,update_p50_ms,update_p95_ms,update_p99_ms,update_ops,res_graph_update_digest,res_graph_update_sample,res_graph_update_n,delete_p50_ms,delete_p95_ms,delete_p99_ms,delete_ops,res_graph_delete_digest,res_graph_delete_sample,res_graph_delete_n,oltp_total_s,n_points,n_docs,ingest_s,ingest_pts_per_s,engine_settle_s,settle_s,settle_s_lane,settle_s_adapter,query_iters,q_last_ms,q_last_p99_ms,q_last_cold_ms,q_last_rows,cold_q_last_ms,warm_q_last_p50_ms,warm_q_last_p99_ms,warm_q_last_n,res_q_last_digest,res_q_last_sample,res_q_last_n,q_range_ms,q_range_p99_ms,q_range_cold_ms,q_range_rows,cold_q_range_ms,warm_q_range_p50_ms,warm_q_range_p99_ms,warm_q_range_n,res_q_range_digest,res_q_range_sample,res_q_range_n,q_global_ms,q_global_p99_ms,q_global_cold_ms,q_global_rows,cold_q_global_ms,warm_q_global_p50_ms,warm_q_global_p99_ms,warm_q_global_n,res_q_global_digest,res_q_global_sample,res_q_global_n,q_groupby_ms,q_groupby_p99_ms,q_groupby_cold_ms,q_groupby_rows,cold_q_groupby_ms,warm_q_groupby_p50_ms,warm_q_groupby_p99_ms,warm_q_groupby_n,res_q_groupby_digest,res_q_groupby_sample,res_q_groupby_n,q_high_ms,q_high_p99_ms,q_high_cold_ms,q_high_rows,cold_q_high_ms,warm_q_high_p50_ms,warm_q_high_p99_ms,warm_q_high_n,res_q_high_digest,res_q_high_sample,res_q_high_n,q_orderlimit_ms,q_orderlimit_p99_ms,q_orderlimit_cold_ms,q_orderlimit_rows,cold_q_orderlimit_ms,warm_q_orderlimit_p50_ms,warm_q_orderlimit_p99_ms,warm_q_orderlimit_n,res_q_orderlimit_digest,res_q_orderlimit_sample,res_q_orderlimit_n,q_last_windowed_ms,q_last_windowed_rows,last_window_s,backend_version,ingest_cold_warm_na,producer,role,host,image,ts_primitive,ts_numpy,ts_chunk,ts_shards,ts_path,harness_arcadedb_version,dims,k,n_queries,m,ef_construction,ef_search,hnsw_M,degree_param,degree_family,graph_build_cache_configured,graph_build_cache_effective,graph_build_cache_policy,graph_build_cache_pct,quantization,build_docs_per_s,index_s,engine_stats_after_build,query_p50_ms,query_p95_ms,query_p99_ms,query_mean_ms,query_max_ms,qps,n_queries_timed,warmup_held_out,recall_at_10,engine_stats_after_search,mutate_ran,mutate_reason,mutate_n,mutate_queries,mutate_delete_s,mutate_delete_per_op_ms,mutate_delete_query_p50_ms,mutate_delete_query_p95_ms,mutate_delete_query_p99_ms,mutate_delete_query_mean_ms,mutate_delete_query_max_ms,mutate_delete_recall_at_10,mutate_deleted_hits,mutate_insert_s,mutate_insert_per_op_ms,mutate_insert_query_p50_ms,mutate_insert_query_p95_ms,mutate_insert_query_p99_ms,mutate_insert_query_mean_ms,mutate_insert_query_max_ms,mutate_insert_recall_at_10,mutate_reinserted_hits,graph_build_cache_chosen,ivf_nlists,ivf_nprobe,ivf_recall_target,ivf_recall_target_source,ivf_calibration_recall,ivf_calibration_queries,ivf_calibration_slice,close_note,n_products,n_edges,dim,cold_first_query_na,trials,torn_count,crash_raised_count,torn_state,post_crash_state,torn_evidence,filtered_mode,filtered_overfetch,filtered_hops,read_ops,retrieval_p50_ms,retrieval_p95_ms,retrieval_p99_ms,cold_retrieval_ms,warm_retrieval_p50_ms,warm_retrieval_p99_ms,warm_retrieval_n,recall_retrieval,res_retrieval_docs_digest,res_retrieval_docs_sample,res_retrieval_docs_n,res_retrieval_hops_digest,res_retrieval_hops_sample,res_retrieval_hops_n,filtered_p50_ms,filtered_p95_ms,filtered_p99_ms,cold_filtered_ms,warm_filtered_p50_ms,warm_filtered_p99_ms,warm_filtered_n,recall_filtered,filtered_cand_p50,filtered_candset_match,res_filtered_candidates_digest,res_filtered_candidates_sample,res_filtered_candidates_n,ops,hybrid_p50_ms,hybrid_p95_ms,hybrid_p99_ms,hybrid_mean_ms,n_rows,fs_type,lc_iters,lc_warmup,cold_open_ms,cold_close_ms,build_close_ms,import_ms,jvm_start_ms,first_open_ms,cold_process_ms,cold_process_cache_state,clean_open_ms,clean_close_ms,clean_action_ms,clean_session_ms,read_open_ms,read_close_ms,read_action_ms,read_session_ms,write_open_ms,write_close_ms,write_action_ms,write_session_ms,write_read_open_ms,write_read_close_ms,write_read_action_ms,write_read_session_ms,write_own_open_ms,write_own_close_ms,write_own_action_ms,write_own_session_ms,write_own_read_open_ms,write_own_read_close_ms,write_own_read_action_ms,write_own_read_session_ms,cold_start_penalty_ms,stale_open_ms,stale_close_ms,stale_read_open_ms,stale_read_close_ms,stale_read_action_ms,stale_read_session_ms,stale_redirties_every_cycle,res_lifecycle_read_digest,res_lifecycle_read_sample,res_lifecycle_read_n,lifecycle_read_situation,close_over_budget,situation,deployment,first_open_server_ms,drop_open_ms,drop_close_ms,drop_action_ms,drop_is_single_cycle,vector_index_stats,gav_cypher_reads_issued,gav_view_operator,gav_view_usage_verified
e2_arangodb_e2_atomicity_e2_r1,,laptop,2026-10,relaxed,,e2,arangodb_e2,atomicity,e2,1,sweep,0-11,client_server,6g,2026-09-14T09:57:40.340776+00:00,full+client,8g,6.0,arangod --vector-index true,6442450944,0-11,sha256:563cb2c07af0aead37fd688b58f51d6eb534a3da6163621e130e67d7a55176c4,arangodb@sha256:563cb2c07af0aead37fd688b58f51d6eb534a3da6163621e130e67d7a55176c4,6g,0.4,0.1,0.2,0,False,,,,arangodb:3.12.11,1.26,waitForSync=false (default); RocksDB WAL synced every 100 ms,False,,,,,,,,,,,,,,,,,,,,,,,,,,,,,,,,,,,,,,,,,,,,,,,,,,,,,,0.001,"OCI runtime exec failed: exec failed: unable to start container process: exec: ""java"": executable file not found in $PAT",e2_arangodb_e2_atomicity_e2_r1.serverlog,10.2,0.2,10.0,True,e2_arangodb_e2_atomicity_e2_r1.clientlog,10.4,9.9,260.4,241.7,201.4,0.0,10.2,0.2,37.5,10.2,9449450,67.7,59.7,41.6,0.0,1.2,3.1,0.2,1.2,3794144,328.1,301.5,0.0,301.5,37.7,3.3,243.0,13243594,20260914T095709Z,,,,,,,,,,,,,,,,,,,,,,,,,,,,,,,,,,,,,,,,,,,,,,,,,,,,,,,,,,,,,,,,,,,,,,,,,,,,,,,,,,,,,,,,,,,,,,,,,,,,,,,,,,,,,,,,,,,,,,,,,,,,,,,,,,,,,,,,,,,,,,,,,,,,,,,,,,,,,,,,,,,,,,,,,,,,,,,,,,,,,,,,,,,,,,,,,,,,,,,,,,,,,,,,,,,,,,,,,,,,,,,,,,,,,,,,,,,,,,,,,,,,,,,,,,,,,,,,,,,,,,,,,,,,,,,,,,,,,,,,,,,,,,,,,,,,,,,,,10,,,,,,,,,,,,,,,,,,,,,,,,,,,,,,,,,,,,,,,,,,,,,,,,,,,,,,,,,5000,14998,64,"this workload times an interrupted write, not a query; the cold column comes from the hybrid cell (DECISIONS #89)",40,0,40,False,1500,,,,,,,,,,,,,,,,,,,,,,,,,,,,,,,,,,,,,,,,,,,,,,,,,,,,,,,,,,,,,,,,,,,,,,,,,,,,,,,,,,,,,,,,,,,,,,,,,
e2_arangodb_e2_hybrid_e2_r1,,laptop,2026-10,relaxed,,e2,arangodb_e2,hybrid,e2,1,sweep,0-11,client_server,6g,2026-09-14T10:40:11.650314+00:00,full+client,8g,6.0,arangod --vector-index true,6442450944,0-11,sha256:563cb2c07af0aead37fd688b58f51d6eb534a3da6163621e130e67d7a55176c4,arangodb@sha256:563cb2c07af0aead37fd688b58f51d6eb534a3da6163621e130e67d7a55176c4,6g,0.4,0.1,0.2,0,False,,,,arangodb:3.12.11,1.59,waitForSync=false (default); RocksDB WAL synced every 100 ms,False,,,,,,,,retrieval,11.5652,,,,,,,,,,,,,,,,,,,,,,,,,,,,,,,,,,,,,,,,,,,,,0.001,"OCI runtime exec failed: exec failed: unable to start container process: exec: ""java"": executable file not found in $PAT",e2_arangodb_e2_hybrid_e2_r1.serverlog,9.4,0.2,9.2,True,e2_arangodb_e2_hybrid_e2_r1.clientlog,9.6,9.1,261.0,243.2,211.4,0.0,9.4,0.0,34.9,9.4,9081245,67.2,59.7,41.7,0.0,0.1,0.0,0.2,0.1,3237409,328.3,303.0,0.0,303.0,35.0,0.0,253.1,12318654,20260914T104011Z,,,,,,,,,,,,,,,,,,,,,,,,,,,,,,,,,,,,,,,,"no cold/warm split: each operation runs against an already-built, already-warm database by construction (DECISIONS #89)",,,,,,,,,,,,,,,,,,,,,,,,,,,,,,,,,,,,,,,,,,,,,,,,,,,,,,,,,,,,,,,,,,,,,,,,,,,,,,,,,,,,,,,,,,,,,,,,,,,,,,,,,,,,,,,,,,,,,,,,,,,,,,,,,,,,,,,,,,,,,,,,,,,,,,,,,,,,,,,,,,,,,,,,,,,,,,,,,,,,,,,,,,,,,,,,,,,,,,,,,,,,,,,,,,,,,,,,,,,,,,,,,,,,,,,,,,,,,,,,,,,,,,,,,,,,,,,,,10,,,,,,,,,,,,,,,,,,,,,,,,,,,,,,,,,,,,,,,,,,,,,,,,,,,,,,,,,5000,14998,64,,,,,,,,"pre-filter: FILTER on the candidate set, SORT by L2_DISTANCE",1000,3,50,10.838,13.575,16.8,11.565,10.805,15.857,49,0.652,fb190562d06a845b,"(1018,0) ; (1105,0) ; (1113,0)",150,1c4812911592f8ea,"(1029,3) ; (1128,3) ; (1133,3)",50,14.851,16.169,16.542,16.542,14.782,16.301,49,1.0,39,1.0,7a3ff3cbaabc1d15,"(1029,39) ; (1128,39) ; (1133,37)",50,100,12.291,14.268,14.753,12.48,,,,,,,,,,,,,,,,,,,,,,,,,,,,,,,,,,,,,,,,,,,,,,,,,,,,,,,,,,,,
e2_arangodb_e2_hybrid_e2_r1_dstrict,,laptop,2026-10,strict,,e2,arangodb_e2,hybrid,e2,1,sweep,0-11,client_server,6g,2026-09-14T10:40:31.192459+00:00,full+client,8g,6.0,arangod --vector-index true,6442450944,0-11,sha256:563cb2c07af0aead37fd688b58f51d6eb534a3da6163621e130e67d7a55176c4,arangodb@sha256:563cb2c07af0aead37fd688b58f51d6eb534a3da6163621e130e67d7a55176c4,6g,0.4,0.1,0.2,0,False,,,,arangodb:3.12.11,1.53,waitForSync=true: the commit waits for the WAL sync,False,,,,,,,,retrieval,12.0695,,,,,,,,,,,,,,,,,,,,,,,,,,,,,,,,,,,,,,,,,,,,,0.001,"OCI runtime exec failed: exec failed: unable to start container process: exec: ""java"": executable file not found in $PAT",e2_arangodb_e2_hybrid_e2_r1_dstrict.serverlog,9.4,0.2,9.2,True,e2_arangodb_e2_hybrid_e2_r1_dstrict.clientlog,9.6,9.1,255.9,238.1,207.5,0.0,9.4,0.0,36.1,9.4,8928928,66.5,59.8,41.8,0.0,0.1,0.0,0.2,0.1,3309026,322.4,297.9,0.0,297.9,36.3,0.0,249.3,12237954,20260914T104031Z,,,,,,,,,,,,,,,,,,,,,,,,,,,,,,,,,,,,,,,,"no cold/warm split: each operation runs against an already-built, already-warm database by construction (DECISIONS #89)",,,,,,,,,,,,,,,,,,,,,,,,,,,,,,,,,,,,,,,,,,,,,,,,,,,,,,,,,,,,,,,,,,,,,,,,,,,,,,,,,,,,,,,,,,,,,,,,,,,,,,,,,,,,,,,,,,,,,,,,,,,,,,,,,,,,,,,,,,,,,,,,,,,,,,,,,,,,,,,,,,,,,,,,,,,,,,,,,,,,,,,,,,,,,,,,,,,,,,,,,,,,,,,,,,,,,,,,,,,,,,,,,,,,,,,,,,,,,,,,,,,,,,,,,,,,,,,,,10,,,,,,,,,,,,,,,,,,,,,,,,,,,,,,,,,,,,,,,,,,,,,,,,,,,,,,,,,5000,14998,64,,,,,,,,"pre-filter: FILTER on the candidate set, SORT by L2_DISTANCE",1000,3,50,11.46,12.069,12.273,12.069,11.443,12.236,49,0.652,fb190562d06a845b,"(1018,0) ; (1105,0) ; (1113,0)",150,1c4812911592f8ea,"(1029,3) ; (1128,3) ; (1133,3)",50,13.181,15.508,15.857,12.943,13.189,15.695,49,1.0,39,1.0,7a3ff3cbaabc1d15,"(1029,39) ; (1128,39) ; (1133,37)",50,100,19.797,22.327,25.692,20.107,,,,,,,,,,,,,,,,,,,,,,,,,,,,,,,,,,,,,,,,,,,,,,,,,,,,,,,,,,,,
e2_arcadedb_e2_atomicity_e2_r1,,laptop,2026-10,relaxed,,e2,arcadedb_e2,atomicity,e2,1,sweep,0-11,embedded,6g,2026-09-14T10:00:46.286246+00:00,,,,,,,,,,,0.1,4.6,0,False,,,,26.8.1,4.44,txWalFlush=0 (engine default): no flush at commit,False,,,,,,,,,,,,,,,,,,,,,,,,,,,,,,,,,,,,,,,,,,,,,,,,,,,,,,0.082,,,,,,,e2_arcadedb_e2_atomicity_e2_r1.clientlog,4.6,4.5,,,,,,,,,,859.1,844.5,843.4,0.0,7.5,7.2,13.3,7.5,32520837,859.1,844.5,0.0,844.5,13.3,7.2,843.4,32520837,20260914T095709Z,3g,,,,,,,,,,,,,,,,,,,,,,,,,,,,,,,,,,,,,,,,,,,,,,,,,,,,,,,,,,,,,,,,,,,,,,,,,,,,,,,,,,,,,,,,,,,,,,,,,,,,,,,,,,,,,,,,,,,,,,,,,,,,,,,,,,,,,,,,,,,,,,,,,,,,,,,,,,,,,,,,,,,,,,,,,,,,,,,,,,,,,,,,,,,,,,,,,,,,,,,,,,,,,,,,,,,,,,,,,,,,,,,,,,,,,,,,,,,,,,,,,,,,,,,,,,,,,,,,,,,,,,,,,,,,,,,,,,,,,,,,,,,,,,,,,,,,,,,,10,,,,,,,,,,,,,,,,,,,,,,,,,,,,,,,,,,,,,,,,,,,,,,,,5000,,,,,,,,,5000,14998,64,"this workload times an interrupted write, not a query; the cold column comes from the hybrid cell (DECISIONS #89)",40,0,40,False,1500,,,,,,,,,,,,,,,,,,,,,,,,,,,,,,,,,,,,,,,,,,,,,,,,,,,,,,,,,,,,,,,,,,,,,,,,,,,,,,,,,,,,,,,,,,,,,,,,,
e2_arcadedb_e2_hybrid_e2_r1,,laptop,2026-10,relaxed,,e2,arcadedb_e2,hybrid,e2,1,sweep,0-11,embedded,6g,2026-09-14T10:04:58.609885+00:00,,,,,,,,,,,0.1,4.6,0,False,,,,26.8.1,4.12,txWalFlush=0 (engine default): no flush at commit,False,,,,,,,,retrieval,200.0548,,,,,,,,,,,,,,,,,,,,,,,,,,,,,,,,,,,,,,,,,,,,,0.079,,,,,,,e2_arcadedb_e2_hybrid_e2_r1.clientlog,4.6,4.5,,,,,,,,,,624.8,610.3,496.2,0.0,5.1,0.0,13.3,4.5,31028002,624.8,610.3,0.0,610.3,13.3,0.0,496.2,31028002,20260914T100143Z,3g,,,,,,,,,,,,,,,,,,,,,,,,,,,,,,,,,,,,,,,"no cold/warm split: each operation runs against an already-built, already-warm database by construction (DECISIONS #89)",,,,,,,,,,,,,,,,,,,,,,,,,,,,,,,,,,,,,,,,,,,,,,,,,,,,,,,,,,,,,,,,,,,,,,,,,,,,,,,,,,,,,,,,,,,,,,,,,,,,,,,,,,,,,,,,,,,,,,,,,,,,,,,,,,,,,,,,,,,,,,,,,,,,,,,,,,,,,,,,,,,,,,,,,,,,,,,,,,,,,,,,,,,,,,,,,,,,,,,,,,,,,,,,,,,,,,,,,,,,,,,,,,,,,,,,,,,,,,,,,,,,,,,,,,,,,,,,,10,,,,,,,,,,,,,,,,,,,,,,,,,,,,,,,,,,,,,,,,,,,,,,,,5000,,,,,,,,,5000,14998,64,,,,,,,,"post-filter: no scalar vector-distance function in SQL at 26.8.1, so an over-fetched global search is filtered afterwards",1000,3,50,6.578,15.03,200.055,200.055,6.564,18.869,49,0.978,fb190562d06a845b,"(1018,0) ; (1105,0) ; (1113,0)",150,1c4812911592f8ea,"(1029,3) ; (1128,3) ; (1133,3)",50,17.535,55.389,69.169,59.581,17.364,62.555,49,0.742,39,1.0,7a3ff3cbaabc1d15,"(1029,39) ; (1128,39) ; (1133,37)",50,100,5.766,7.701,8.793,5.896,,,,,,,,,,,,,,,,,,,,,,,,,,,,,,,,,,,,,,,,,,,,,,,,,,,,,,,,,,,,
e2_arcadedb_e2_hybrid_e2_r1_dstrict,,laptop,2026-10,strict,,e2,arcadedb_e2,hybrid,e2,1,sweep,0-11,embedded,6g,2026-09-14T10:09:09.252576+00:00,,,,,,,,,,,0.1,4.6,0,False,,,,26.8.1,4.16,txWalFlush=2: the WAL is flushed and synced at every commit,False,,,,,,,,retrieval,168.51,,,,,,,,,,,,,,,,,,,,,,,,,,,,,,,,,,,,,,,,,,,,,0.08,,,,,,,e2_arcadedb_e2_hybrid_e2_r1_dstrict.clientlog,4.6,4.5,,,,,,,,,,806.8,788.5,43.6,0.0,5.1,0.0,15.1,4.5,30139696,806.8,788.5,0.0,788.5,15.1,0.0,43.6,30139696,20260914T100551Z,3g,,,,,,,,,,,,,,,,,,,,,,,,,,,,,,,,,,,,,,,"no cold/warm split: each operation runs against an already-built, already-warm database by construction (DECISIONS #89)",,,,,,,,,,,,,,,,,,,,,,,,,,,,,,,,,,,,,,,,,,,,,,,,,,,,,,,,,,,,,,,,,,,,,,,,,,,,,,,,,,,,,,,,,,,,,,,,,,,,,,,,,,,,,,,,,,,,,,,,,,,,,,,,,,,,,,,,,,,,,,,,,,,,,,,,,,,,,,,,,,,,,,,,,,,,,,,,,,,,,,,,,,,,,,,,,,,,,,,,,,,,,,,,,,,,,,,,,,,,,,,,,,,,,,,,,,,,,,,,,,,,,,,,,,,,,,,,,10,,,,,,,,,,,,,,,,,,,,,,,,,,,,,,,,,,,,,,,,,,,,,,,,5000,,,,,,,,,5000,14998,64,,,,,,,,"post-filter: no scalar vector-distance function in SQL at 26.8.1, so an over-fetched global search is filtered afterwards",1000,3,50,6.401,16.381,168.51,168.51,6.398,20.967,49,0.97,fb190562d06a845b,"(1018,0) ; (1105,0) ; (1113,0)",150,1c4812911592f8ea,"(1029,3) ; (1128,3) ; (1133,3)",50,15.669,33.133,59.523,59.523,15.542,34.089,49,0.742,39,1.0,7a3ff3cbaabc1d15,"(1029,39) ; (1128,39) ; (1133,37)",50,100,4.366,6.882,70.64,5.509,,,,,,,,,,,,,,,,,,,,,,,,,,,,,,,,,,,,,,,,,,,,,,,,,,,,,,,,,,,,
e2_arcadedb_e2_server_atomicity_e2_r1,,laptop,2026-10,relaxed,,e2,arcadedb_e2_server,atomicity,e2,1,sweep,0-11,client_server,6g,2026-09-14T10:00:56.146505+00:00,full+client,8g,6.0,,6442450944,0-11,sha256:49036720b1678b9c7a6dbf22fc34a812c8d7bed15508c22cbb02c0dddc0ca16a,arcadedata/arcadedb:26.8.1@sha256:49036720b1678b9c7a6dbf22fc34a812c8d7bed15508c22cbb02c0dddc0ca16a,6g,0.3,0.1,0.1,0,False,,,,server:26.8.1 (build 727aa4568cdface314ee15cd242f71d6299b2b0c/1785790932717/main),7.62,txWalFlush=0 (engine default): no flush at commit (set on the server's JAVA_OPTS by runner.py and recorded as durability_server_flags; the server exposes no read-back),False,,,,,,,,,,,,,,,,,,,,,,,,,,,,,,,,,,,,,,,,,,,,,,,,,,,,,,0.001,,e2_arcadedb_e2_server_atomicity_e2_r1.serverlog,17.5,0.2,17.4,True,e2_arcadedb_e2_server_atomicity_e2_r1.clientlog,17.6,17.2,1647.9,1590.1,1587.3,0.0,35.0,52.5,52.9,35.0,85013344,37.8,34.1,32.7,0.0,0.1,0.0,0.3,0.1,5858450,1685.8,1624.1,0.0,1624.1,53.1,52.5,1620.0,90871794,20260914T095709Z,3g,3g,,,,,,,,,,,,,,,,,,,,,,,,,,,,,,,,,,,,,,,,,,,,,,,,,,,,,,,,,,,,,,,,,,,,,,,,,,,,,,,,,,,,,,,,,,,,,,,,,,,,,,,,,,,,,,,,,,,,,,,,,,,,,,,,,,,,,,,,,,,,,,,,,,,,,,,,,,,,,,,,,,,,,,,,,,,,,,,,,,,,,,,,,,,,,,,,,,,,,,,,,,,,,,,,,,,,,,,,,,,,,,,,,,,,,,,,,,,,,,,,,,,,,,,,,,,,,,,,,,,,,,,,,,,,,,,,,,,,,,,,,,,,,,,,,,,,,,,10,,,,,,,,,,,,,,,,,,,,,,,,,,,,,,,,,,,,,,,,,,,,,,,,5000,,,,,,,,,5000,14998,64,"this workload times an interrupted write, not a query; the cold column comes from the hybrid cell (DECISIONS #89)",40,0,40,False,1500,,,,,,,,,,,,,,,,,,,,,,,,,,,,,,,,,,,,,,,,,,,,,,,,,,,,,,,,,,,,,,,,,,,,,,,,,,,,,,,,,,,,,,,,,,,,,,,,,
e2_arcadedb_e2_server_hybrid_e2_r1,,laptop,2026-10,relaxed,,e2,arcadedb_e2_server,hybrid,e2,1,sweep,0-11,client_server,6g,2026-09-14T10:05:07.474979+00:00,full+client,8g,6.0,,6442450944,0-11,sha256:49036720b1678b9c7a6dbf22fc34a812c8d7bed15508c22cbb02c0dddc0ca16a,arcadedata/arcadedb:26.8.1@sha256:49036720b1678b9c7a6dbf22fc34a812c8d7bed15508c22cbb02c0dddc0ca16a,6g,0.3,0.1,0.1,0,False,,,,server:26.8.1 (build 727aa4568cdface314ee15cd242f71d6299b2b0c/1785790932717/main),8.38,txWalFlush=0 (engine default): no flush at commit (set on the server's JAVA_OPTS by runner.py and recorded as durability_server_flags; the server exposes no read-back),False,,,,,,,,retrieval,73.1357,,,,,,,,,,,,,,,,,,,,,,,,,,,,,,,,,,,,,,,,,,,,,0.001,,e2_arcadedb_e2_server_hybrid_e2_r1.serverlog,17.2,0.2,17.1,True,e2_arcadedb_e2_server_hybrid_e2_r1.clientlog,17.3,16.9,1646.9,1614.3,1591.2,0.0,17.2,0.0,52.0,17.2,86121903,38.4,34.4,34.4,0.0,0.1,0.0,0.3,0.1,4045979,1685.3,1648.7,0.0,1648.7,52.3,0.0,1625.6,90167882,20260914T100143Z,3g,3g,,,,,,,,,,,,,,,,,,,,,,,,,,,,,,,,,,,,,,"no cold/warm split: each operation runs against an already-built, already-warm database by construction (DECISIONS #89)",,,,,,,,,,,,,,,,,,,,,,,,,,,,,,,,,,,,,,,,,,,,,,,,,,,,,,,,,,,,,,,,,,,,,,,,,,,,,,,,,,,,,,,,,,,,,,,,,,,,,,,,,,,,,,,,,,,,,,,,,,,,,,,,,,,,,,,,,,,,,,,,,,,,,,,,,,,,,,,,,,,,,,,,,,,,,,,,,,,,,,,,,,,,,,,,,,,,,,,,,,,,,,,,,,,,,,,,,,,,,,,,,,,,,,,,,,,,,,,,,,,,,,,,,,,,,,,,,10,,,,,,,,,,,,,,,,,,,,,,,,,,,,,,,,,,,,,,,,,,,,,,,,5000,,,,,,,,,5000,14998,64,,,,,,,,"post-filter: no scalar vector-distance function in SQL at 26.8.1, so an over-fetched global search is filtered afterwards",1000,3,50,14.206,20.109,73.136,73.136,14.17,24.675,49,0.976,fb190562d06a845b,"(1018,0) ; (1105,0) ; (1113,0)",150,1c4812911592f8ea,"(1029,3) ; (1128,3) ; (1133,3)",50,28.192,38.262,59.504,59.504,28.148,49.217,49,0.742,39,1.0,7a3ff3cbaabc1d15,"(1029,39) ; (1128,39) ; (1133,37)",50,100,27.117,29.975,31.893,27.331,,,,,,,,,,,,,,,,,,,,,,,,,,,,,,,,,,,,,,,,,,,,,,,,,,,,,,,,,,,,
e2_arcadedb_e2_server_hybrid_e2_r1_dstrict,,laptop,2026-10,strict,txWalFlush=2,e2,arcadedb_e2_server,hybrid,e2,1,sweep,0-11,client_server,6g,2026-09-14T10:09:18.129511+00:00,full+client,8g,6.0,,6442450944,0-11,sha256:49036720b1678b9c7a6dbf22fc34a812c8d7bed15508c22cbb02c0dddc0ca16a,arcadedata/arcadedb:26.8.1@sha256:49036720b1678b9c7a6dbf22fc34a812c8d7bed15508c22cbb02c0dddc0ca16a,6g,0.3,0.1,0.1,0,False,,,,server:26.8.1 (build 727aa4568cdface314ee15cd242f71d6299b2b0c/1785790932717/main),8.65,txWalFlush=2: the WAL is flushed and synced at every commit (set on the server's JAVA_OPTS by runner.py and recorded as durability_server_flags; the server exposes no read-back),False,,,,,,,,retrieval,71.1063,,,,,,,,,,,,,,,,,,,,,,,,,,,,,,,,,,,,,,,,,,,,,0.001,,e2_arcadedb_e2_server_hybrid_e2_r1_dstrict.serverlog,17.2,0.2,17.1,True,e2_arcadedb_e2_server_hybrid_e2_r1_dstrict.clientlog,17.3,16.9,1509.1,1475.0,1464.0,0.0,17.2,0.0,53.7,17.2,83596326,37.9,34.4,34.4,0.0,0.1,0.0,0.3,0.1,4084950,1546.9,1509.4,0.0,1509.4,54.0,0.0,1498.4,87681276,20260914T100551Z,3g,3g,,,,,,,,,,,,,,,,,,,,,,,,,,,,,,,,,,,,,,"no cold/warm split: each operation runs against an already-built, already-warm database by construction (DECISIONS #89)",,,,,,,,,,,,,,,,,,,,,,,,,,,,,,,,,,,,,,,,,,,,,,,,,,,,,,,,,,,,,,,,,,,,,,,,,,,,,,,,,,,,,,,,,,,,,,,,,,,,,,,,,,,,,,,,,,,,,,,,,,,,,,,,,,,,,,,,,,,,,,,,,,,,,,,,,,,,,,,,,,,,,,,,,,,,,,,,,,,,,,,,,,,,,,,,,,,,,,,,,,,,,,,,,,,,,,,,,,,,,,,,,,,,,,,,,,,,,,,,,,,,,,,,,,,,,,,,,10,,,,,,,,,,,,,,,,,,,,,,,,,,,,,,,,,,,,,,,,,,,,,,,,5000,,,,,,,,,5000,14998,64,,,,,,,,"post-filter: no scalar vector-distance function in SQL at 26.8.1, so an over-fetched global search is filtered afterwards",1000,3,50,13.812,20.855,71.106,71.106,13.761,22.508,49,0.978,fb190562d06a845b,"(1018,0) ; (1105,0) ; (1113,0)",150,1c4812911592f8ea,"(1029,3) ; (1128,3) ; (1133,3)",50,24.549,34.012,53.339,53.339,24.481,34.831,49,0.742,39,1.0,7a3ff3cbaabc1d15,"(1029,39) ; (1128,39) ; (1133,37)",50,100,34.856,45.8,56.559,36.202,,,,,,,,,,,,,,,,,,,,,,,,,,,,,,,,,,,,,,,,,,,,,,,,,,,,,,,,,,,,
e2_composed_qdrant_neo4j_atomicity_e2_r1,,laptop,2026-10,relaxed,,e2,composed_qdrant_neo4j,atomicity,e2,1,sweep,0-11,client_server,6g,2026-09-14T09:58:47.139428+00:00,full+client,8g,6.0,,6442450944,0-11,sha256:1ee8f6fa220f9a4f194d07caa82e12120ee501c06cb38eb245e530737cbdb15b,neo4j@sha256:1ee8f6fa220f9a4f194d07caa82e12120ee501c06cb38eb245e530737cbdb15b,6g,887.4,0.1,1.2,0,False,,,,qdrant-local:1.19.0+neo4j:2026.07.1,3.2,"fsync at commit, not configurable (no durability setting in SHOW SETTINGS at 2026.07.1); Qdrant WAL at its default",True,,,,,,,,,,,,,,,,,,,,,,,,,,,,,,,,,,,,,,,,,,,,,,,,,,,,,,0.001,,e2_composed_qdrant_neo4j_atomicity_e2_r1.serverlog,888.5,371.4,517.2,True,e2_composed_qdrant_neo4j_atomicity_e2_r1.clientlog,889.7,2.2,3967.3,3548.9,3548.9,0.0,378.3,0.4,1146.5,378.3,76439609,154.8,146.0,130.1,0.0,2.4,4.0,0.2,2.4,17345977,4122.0,3694.9,0.0,3694.9,1146.7,4.4,3678.9,93785586,20260914T095709Z,3g,3g,,,,,,,,,,,,,,,,,,,,,,,,,,,,,,,,,,,,,,,,,,,,,,,,,,,,,,,,,,,,,,,,,,,,,,,,,,,,,,,,,,,,,,,,,,,,,,,,,,,,,,,,,,,,,,,,,,,,,,,,,,,,,,,,2.0g,,,,,,,,,,,,,,,,,,,,,,,,,,,,,,,,,,,,,,,,,,,,,,,,,,,,,,,,,,,,,,,,,,,,,,,,,,,,,,,,,,,,,,,,,,,,,,,,,,,,,,,,,,,,,,,,,,,,,,,,,,,,,,,,,,,,,,,,,,,,,,,,,,,,,,,,,,,,,,,,,,,,,,,10,,,,,,,,,,,,,,,,,,,,,,,,,,,,,,,,,,,,,,,,,,,,,,,,,,,,,,,,,5000,14998,64,"this workload times an interrupted write, not a query; the cold column comes from the hybrid cell (DECISIONS #89)",40,31,40,True,"{'neo4j_view_sum': 1740, 'qdrant_view_sum': 1525, 'disagreeing_products': 105}","[{'trial': 0, 'pre': {'neo4j_view_sum': 330, 'qdrant_view_sum': 330, 'disagreeing_products': 0}, 'post': {'neo4j_view_sum': 336, 'qdrant_view_sum': 330, 'disagreeing_products': 6}}, {'trial': 1, 'pre': {'neo4j_view_sum': 366, 'qdrant_view_sum': 360, 'disagreeing_products': 6}, 'post': {'neo4j_view_sum': 372, 'qdrant_view_sum': 360, 'disagreeing_products': 12}}, {'trial': 2, 'pre': {'neo4j_view_sum': 402, 'qdrant_view_sum': 390, 'disagreeing_products': 12}, 'post': {'neo4j_view_sum': 408, 'qdrant_view_sum': 390, 'disagreeing_products': 18}}]",,,,,,,,,,,,,,,,,,,,,,,,,,,,,,,,,,,,,,,,,,,,,,,,,,,,,,,,,,,,,,,,,,,,,,,,,,,,,,,,,,,,,,,,,,,,,,,,
e2_composed_qdrant_neo4j_hybrid_e2_r1,,laptop,2026-10,relaxed,,e2,composed_qdrant_neo4j,hybrid,e2,1,sweep,0-11,client_server,6g,2026-09-14T10:03:10.887193+00:00,full+client,8g,6.0,,6442450944,0-11,sha256:1ee8f6fa220f9a4f194d07caa82e12120ee501c06cb38eb245e530737cbdb15b,neo4j@sha256:1ee8f6fa220f9a4f194d07caa82e12120ee501c06cb38eb245e530737cbdb15b,6g,887.3,0.1,1.2,0,False,,,,qdrant-local:1.19.0+neo4j:2026.07.1,3.47,"fsync at commit, not configurable (no durability setting in SHOW SETTINGS at 2026.07.1); Qdrant WAL at its default",True,,,,,,,,retrieval,486.1403,,,,,,,,,,,,,,,,,,,,,,,,,,,,,,,,,,,,,,,,,,,,,0.001,,e2_composed_qdrant_neo4j_hybrid_e2_r1.serverlog,888.5,371.4,517.2,True,e2_composed_qdrant_neo4j_hybrid_e2_r1.clientlog,889.7,2.3,3967.2,3545.4,3545.4,0.0,378.0,0.3,1140.7,378.0,70391254,153.0,145.1,132.0,0.0,1.1,0.0,0.2,1.1,12678168,4120.3,3690.5,0.0,3690.5,1140.8,0.3,3677.4,83069422,20260914T100143Z,3g,3g,,,,,,,,,,,,,,,,,,,,,,,,,,,,,,,,,,,,,,"no cold/warm split: each operation runs against an already-built, already-warm database by construction (DECISIONS #89)",,,,,,,,,,,,,,,,,,,,,,,,,,,,,,,,,,,,,,,,,,,,,,,,,,,,,,,,,,,,,,,,,,,,,,,,,,,,,,,,,,,,,,,,,,2.0g,,,,,,,,,,,,,,,,,,,,,,,,,,,,,,,,,,,,,,,,,,,,,,,,,,,,,,,,,,,,,,,,,,,,,,,,,,,,,,,,,,,,,,,,,,,,,,,,,,,,,,,,,,,,,,,,,,,,,,,,,,,,,,,,,,,,,,,,,,,,,,,,,,,,,,,,,,,,,,,,,,,,,,,10,,,,,,,,,,,,,,,,,,,,,,,,,,,,,,,,,,,,,,,,,,,,,,,,,,,,,,,,,5000,14998,64,,,,,,,,cross-system pre-filter: the candidate ids are read from Neo4j and sent to Qdrant as a filter,1000,3,50,21.925,36.301,486.14,486.14,21.876,44.18,49,1.0,fb190562d06a845b,"(1018,0) ; (1105,0) ; (1113,0)",150,1c4812911592f8ea,"(1029,3) ; (1128,3) ; (1133,3)",50,156.327,205.631,393.542,393.542,155.741,205.966,49,1.0,39,1.0,7a3ff3cbaabc1d15,"(1029,39) ; (1128,39) ; (1133,37)",50,100,21.764,29.02,30.253,22.493,,,,,,,,,,,,,,,,,,,,,,,,,,,,,,,,,,,,,,,,,,,,,,,,,,,,,,,,,,,,
e2_composed_qdrant_neo4j_hybrid_e2_r1_dstrict,,laptop,2026-10,strict,,e2,composed_qdrant_neo4j,hybrid,e2,1,sweep,0-11,client_server,6g,2026-09-14T10:07:19.960584+00:00,full+client,8g,6.0,,6442450944,0-11,sha256:1ee8f6fa220f9a4f194d07caa82e12120ee501c06cb38eb245e530737cbdb15b,neo4j@sha256:1ee8f6fa220f9a4f194d07caa82e12120ee501c06cb38eb245e530737cbdb15b,6g,887.3,0.1,1.2,0,False,,,,qdrant-local:1.19.0+neo4j:2026.07.1,3.41,"fsync at commit, not configurable (no durability setting in SHOW SETTINGS at 2026.07.1); Qdrant WAL at its default",True,,,,,,,,retrieval,377.9284,,,,,,,,,,,,,,,,,,,,,,,,,,,,,,,,,,,,,,,,,,,,,0.001,,e2_composed_qdrant_neo4j_hybrid_e2_r1_dstrict.serverlog,888.5,371.4,517.2,True,e2_composed_qdrant_neo4j_hybrid_e2_r1_dstrict.clientlog,889.7,2.3,4012.2,3604.4,3590.2,0.0,378.1,0.4,1140.9,378.1,71222608,153.3,144.9,132.0,0.0,1.1,0.0,0.2,1.1,12906224,4165.6,3749.4,0.0,3749.4,1141.1,0.4,3722.2,84128832,20260914T100551Z,3g,3g,,,,,,,,,,,,,,,,,,,,,,,,,,,,,,,,,,,,,,"no cold/warm split: each operation runs against an already-built, already-warm database by construction (DECISIONS #89)",,,,,,,,,,,,,,,,,,,,,,,,,,,,,,,,,,,,,,,,,,,,,,,,,,,,,,,,,,,,,,,,,,,,,,,,,,,,,,,,,,,,,,,,,,2.0g,,,,,,,,,,,,,,,,,,,,,,,,,,,,,,,,,,,,,,,,,,,,,,,,,,,,,,,,,,,,,,,,,,,,,,,,,,,,,,,,,,,,,,,,,,,,,,,,,,,,,,,,,,,,,,,,,,,,,,,,,,,,,,,,,,,,,,,,,,,,,,,,,,,,,,,,,,,,,,,,,,,,,,,10,,,,,,,,,,,,,,,,,,,,,,,,,,,,,,,,,,,,,,,,,,,,,,,,,,,,,,,,,5000,14998,64,,,,,,,,cross-system pre-filter: the candidate ids are read from Neo4j and sent to Qdrant as a filter,1000,3,50,22.486,42.062,377.928,377.928,22.392,47.052,49,1.0,fb190562d06a845b,"(1018,0) ; (1105,0) ; (1113,0)",150,1c4812911592f8ea,"(1029,3) ; (1128,3) ; (1133,3)",50,157.522,201.119,470.058,470.058,157.372,209.731,49,1.0,39,1.0,7a3ff3cbaabc1d15,"(1029,39) ; (1128,39) ; (1133,37)",50,100,21.813,26.627,30.643,22.041,,,,,,,,,,,,,,,,,,,,,,,,,,,,,,,,,,,,,,,,,,,,,,,,,,,,,,,,,,,,
e2_neo4j_e2_atomicity_e2_r1,,laptop,2026-10,relaxed,,e2,neo4j_e2,atomicity,e2,1,sweep,0-11,client_server,6g,2026-09-14T09:58:00.171820+00:00,full+client,8g,6.0,,6442450944,0-11,sha256:1ee8f6fa220f9a4f194d07caa82e12120ee501c06cb38eb245e530737cbdb15b,neo4j@sha256:1ee8f6fa220f9a4f194d07caa82e12120ee501c06cb38eb245e530737cbdb15b,6g,887.3,0.1,1.1,0,False,,,,neo4j:2026.07.1,7.43,"fsync at commit, not configurable (no durability setting in SHOW SETTINGS at 2026.07.1)",True,,,,,,,,,,,,,,,,,,,,,,,,,,,,,,,,,,,,,,,,,,,,,,,,,,,,,,0.001,,e2_neo4j_e2_atomicity_e2_r1.serverlog,889.3,371.4,517.9,True,e2_neo4j_e2_atomicity_e2_r1.clientlog,890.4,3.0,4232.0,3588.7,3588.7,0.0,601.3,652.4,1155.5,601.3,87518726,128.1,111.2,95.9,0.0,5.2,12.7,0.2,5.2,4709484,4360.0,3700.0,0.0,3700.0,1155.7,665.1,3684.6,92228210,20260914T095709Z,3g,3g,,,,,,,,,,,,,,,,,,,,,,,,,,,,,,,,,,,,,,,,,,,,,,,,,,,,,,,,,,,,,,,,,,,,,,,,,,,,,,,,,,,,,,,,,,,,,,,,,,,,,,,,,,,,,,,,,,,,,,,,,,,,,,,,2.0g,,,,,,,,,,,,,,,,,,,,,,,,,,,,,,,,,,,,,,,,,,,,,,,,,,,,,,,,,,,,,,,,,,,,,,,,,,,,,,,,,,,,,,,,,,,,,,,,,,,,,,,,,,,,,,,,,,,,,,,,,,,,,,,,,,,,,,,,,,,,,,,,,,,,,,,,,,,,,,,,,,,,,,,10,,,,,,,,,,,,,,,,,,,,,,,,,,,,,,,,,,,,,,,,,,,,,,,,,,,,,,,,,5000,14998,64,"this workload times an interrupted write, not a query; the cold column comes from the hybrid cell (DECISIONS #89)",40,0,40,False,1500,,,,,,,,,,,,,,,,,,,,,,,,,,,,,,,,,,,,,,,,,,,,,,,,,,,,,,,,,,,,,,,,,,,,,,,,,,,,,,,,,,,,,,,,,,,,,,,,,
e2_neo4j_e2_hybrid_e2_r1,,laptop,2026-10,relaxed,,e2,neo4j_e2,hybrid,e2,1,sweep,0-11,client_server,6g,2026-09-14T10:02:27.921937+00:00,full+client,8g,6.0,,6442450944,0-11,sha256:1ee8f6fa220f9a4f194d07caa82e12120ee501c06cb38eb245e530737cbdb15b,neo4j@sha256:1ee8f6fa220f9a4f194d07caa82e12120ee501c06cb38eb245e530737cbdb15b,6g,887.4,0.1,1.1,0,False,,,,neo4j:2026.07.1,6.86,"fsync at commit, not configurable (no durability setting in SHOW SETTINGS at 2026.07.1)",True,,,,,,,,retrieval,798.2291,,,,,,,,,,,,,,,,,,,,,,,,,,,,,,,,,,,,,,,,,,,,,0.001,,e2_neo4j_e2_hybrid_e2_r1.serverlog,889.3,371.4,517.9,True,e2_neo4j_e2_hybrid_e2_r1.clientlog,890.4,2.9,4023.2,3610.8,3596.6,0.0,382.8,0.2,1150.7,382.8,83428337,123.8,111.2,97.5,0.0,1.0,0.0,0.2,1.0,4530766,4146.9,3722.0,0.0,3722.0,1150.9,0.2,3694.1,87959103,20260914T100143Z,3g,3g,,,,,,,,,,,,,,,,,,,,,,,,,,,,,,,,,,,,,,"no cold/warm split: each operation runs against an already-built, already-warm database by construction (DECISIONS #89)",,,,,,,,,,,,,,,,,,,,,,,,,,,,,,,,,,,,,,,,,,,,,,,,,,,,,,,,,,,,,,,,,,,,,,,,,,,,,,,,,,,,,,,,,,2.0g,,,,,,,,,,,,,,,,,,,,,,,,,,,,,,,,,,,,,,,,,,,,,,,,,,,,,,,,,,,,,,,,,,,,,,,,,,,,,,,,,,,,,,,,,,,,,,,,,,,,,,,,,,,,,,,,,,,,,,,,,,,,,,,,,,,,,,,,,,,,,,,,,,,,,,,,,,,,,,,,,,,,,,,10,,,,,,,,,,,,,,,,,,,,,,,,,,,,,,,,,,,,,,,,,,,,,,,,,,,,,,,,,5000,14998,64,,,,,,,,pre-filter: WHERE p.pid IN $ids then ORDER BY vector.similarity.euclidean,1000,3,50,26.235,54.351,798.229,798.229,26.153,59.065,49,0.99,fb190562d06a845b,"(1018,0) ; (1105,0) ; (1113,0)",150,1c4812911592f8ea,"(1029,3) ; (1128,3) ; (1133,3)",50,28.859,37.595,437.239,437.239,28.738,40.398,49,1.0,39,1.0,7a3ff3cbaabc1d15,"(1029,39) ; (1128,39) ; (1133,37)",50,100,23.665,26.752,30.593,23.88,,,,,,,,,,,,,,,,,,,,,,,,,,,,,,,,,,,,,,,,,,,,,,,,,,,,,,,,,,,,
e2_neo4j_e2_hybrid_e2_r1_dstrict,,laptop,2026-10,strict,,e2,neo4j_e2,hybrid,e2,1,sweep,0-11,client_server,6g,2026-09-14T10:06:37.393470+00:00,full+client,8g,6.0,,6442450944,0-11,sha256:1ee8f6fa220f9a4f194d07caa82e12120ee501c06cb38eb245e530737cbdb15b,neo4j@sha256:1ee8f6fa220f9a4f194d07caa82e12120ee501c06cb38eb245e530737cbdb15b,6g,887.3,0.1,1.1,0,False,,,,neo4j:2026.07.1,6.66,"fsync at commit, not configurable (no durability setting in SHOW SETTINGS at 2026.07.1)",True,,,,,,,,retrieval,818.7933,,,,,,,,,,,,,,,,,,,,,,,,,,,,,,,,,,,,,,,,,,,,,0.001,,e2_neo4j_e2_hybrid_e2_r1_dstrict.serverlog,889.3,371.4,517.9,True,e2_neo4j_e2_hybrid_e2_r1_dstrict.clientlog,890.4,3.0,4029.4,3602.2,3602.2,0.0,382.7,0.2,1150.7,382.7,82382915,123.7,111.4,89.7,0.0,1.0,0.0,0.2,1.0,4455027,4153.1,3713.7,0.0,3713.7,1150.9,0.2,3691.9,86837942,20260914T100551Z,3g,3g,,,,,,,,,,,,,,,,,,,,,,,,,,,,,,,,,,,,,,"no cold/warm split: each operation runs against an already-built, already-warm database by construction (DECISIONS #89)",,,,,,,,,,,,,,,,,,,,,,,,,,,,,,,,,,,,,,,,,,,,,,,,,,,,,,,,,,,,,,,,,,,,,,,,,,,,,,,,,,,,,,,,,,2.0g,,,,,,,,,,,,,,,,,,,,,,,,,,,,,,,,,,,,,,,,,,,,,,,,,,,,,,,,,,,,,,,,,,,,,,,,,,,,,,,,,,,,,,,,,,,,,,,,,,,,,,,,,,,,,,,,,,,,,,,,,,,,,,,,,,,,,,,,,,,,,,,,,,,,,,,,,,,,,,,,,,,,,,,10,,,,,,,,,,,,,,,,,,,,,,,,,,,,,,,,,,,,,,,,,,,,,,,,,,,,,,,,,5000,14998,64,,,,,,,,pre-filter: WHERE p.pid IN $ids then ORDER BY vector.similarity.euclidean,1000,3,50,24.929,56.323,818.793,818.793,24.893,60.215,49,0.99,fb190562d06a845b,"(1018,0) ; (1105,0) ; (1113,0)",150,1c4812911592f8ea,"(1029,3) ; (1128,3) ; (1133,3)",50,23.874,34.451,389.825,389.825,23.872,36.567,49,1.0,39,1.0,7a3ff3cbaabc1d15,"(1029,39) ; (1128,39) ; (1133,37)",50,100,23.98,26.148,27.495,23.782,,,,,,,,,,,,,,,,,,,,,,,,,,,,,,,,,,,,,,,,,,,,,,,,,,,,,,,,,,,,
e2_pg_age_e2_atomicity_e2_r1,,laptop,2026-10,relaxed,,e2,pg_age_e2,atomicity,e2,1,sweep,0-11,client_server,6g,2026-09-14T10:00:30.098826+00:00,full+client,8g,6.0,-c synchronous_commit=off -c shared_buffers=1GB -c effective_cache_size=4GB -c maintenance_work_mem=3GB -c max_wal_size=4GB,6442450944,0-11,sha256:1e43033e0fc4637b5098b9d232deb2f3afd422047b9e3f5fa5d999b62caea76d,dbbench:pg-age,6g,45.3,0.1,0.8,0,False,,,,PostgreSQL 17.11 + pgvector:0.8.6 + age:1.7.0,5.03,synchronous_commit=off,False,,,,,,,,,,,,,,,,,,,,,,,,,,,,,,,,,,,,,,,,,,,,,,,,,,,,,,0.001,"OCI runtime exec failed: exec failed: unable to start container process: exec: ""java"": executable file not found in $PAT",e2_pg_age_e2_atomicity_e2_r1.serverlog,69.6,0.0,69.6,True,e2_pg_age_e2_atomicity_e2_r1.clientlog,70.4,25.0,155.8,26.1,4.3,55.7,124.5,2.6,252.4,124.5,7842328,41.2,36.8,36.8,0.0,1.6,2.5,0.3,1.6,2050130,197.0,62.8,55.7,118.5,252.7,5.1,41.1,9892458,20260914T095709Z,,,,,,,,,,,,,,,,,,,,,,,,,,,,,,,,,,,,,,,,,,,,,,,,,,,,,,,,,,,,,,,,,,,,,,,,,,,,,,,,,,,,,,,,,,,,,,,,,,,,,,,,,,,,,,,,,,,,,,,,,,,,,,,,,,,,,,,,,,,,,,,,,,,,,,,,,,,,,,,,,,,,,,,,,,,,,,,,,,,,,,,,,,,,,,,,,,,,,,,,,,,,,,,,,,,,,,,,,,,,,,,,,,,,,,,,,,,,,,,,,,,,,,,,,,,,,,,,,,,,,,,,,,,,,,,,,,,,,,,,,,,,,,,,,,,,,,,,,10,,,,,,,,,,,,,,,,,,,,,,,,,,,,,,,,,,,,,,,,,,,,,,,,,,,,,,,,,5000,14998,64,"this workload times an interrupted write, not a query; the cold column comes from the hybrid cell (DECISIONS #89)",40,0,40,False,1500,,,,,,,,,,,,,,,,,,,,,,,,,,,,,,,,,,,,,,,,,,,,,,,,,,,,,,,,,,,,,,,,,,,,,,,,,,,,,,,,,,,,,,,,,,,,,,,,,
e2_pg_age_e2_hybrid_e2_r1,,laptop,2026-10,relaxed,,e2,pg_age_e2,hybrid,e2,1,sweep,0-11,client_server,6g,2026-09-14T10:17:22.510459+00:00,full+client,8g,6.0,-c synchronous_commit=off -c shared_buffers=1GB -c effective_cache_size=4GB -c maintenance_work_mem=3GB -c max_wal_size=4GB,6442450944,0-11,sha256:1e43033e0fc4637b5098b9d232deb2f3afd422047b9e3f5fa5d999b62caea76d,dbbench:pg-age,6g,45.3,0.1,0.8,0,False,,,,PostgreSQL 17.11 + pgvector:0.8.6 + age:1.7.0,5.04,synchronous_commit=off,False,,,,,,,,retrieval,10.6824,,,,,,,,,,,,,,,,,,,,,,,,,,,,,,,,,,,,,,,,,,,,,0.001,"OCI runtime exec failed: exec failed: unable to start container process: exec: ""java"": executable file not found in $PAT",e2_pg_age_e2_hybrid_e2_r1.serverlog,69.6,0.0,69.6,True,e2_pg_age_e2_hybrid_e2_r1.clientlog,70.4,25.0,154.7,23.8,4.3,55.7,123.6,0.0,252.0,123.6,7540151,43.4,39.3,38.0,0.0,0.7,0.0,0.2,0.7,2052221,198.1,63.1,55.7,118.8,252.1,0.0,42.3,9592372,20260914T101722Z,,,,,,,,,,,,,,,,,,,,,,,,,,,,,,,,,,,,,,,,"no cold/warm split: each operation runs against an already-built, already-warm database by construction (DECISIONS #89)",,,,,,,,,,,,,,,,,,,,,,,,,,,,,,,,,,,,,,,,,,,,,,,,,,,,,,,,,,,,,,,,,,,,,,,,,,,,,,,,,,,,,,,,,,,,,,,,,,,,,,,,,,,,,,,,,,,,,,,,,,,,,,,,,,,,,,,,,,,,,,,,,,,,,,,,,,,,,,,,,,,,,,,,,,,,,,,,,,,,,,,,,,,,,,,,,,,,,,,,,,,,,,,,,,,,,,,,,,,,,,,,,,,,,,,,,,,,,,,,,,,,,,,,,,,,,,,,,10,,,,,,,,,,,,,,,,,,,,,,,,,,,,,,,,,,,,,,,,,,,,,,,,,,,,,,,,,5000,14998,64,,,,,,,,pre-filter: WHERE pid = ANY(...) then ORDER BY the pgvector <-> operator,1000,3,50,5.646,7.945,10.682,10.682,5.635,8.122,49,0.976,fb190562d06a845b,"(1018,0) ; (1105,0) ; (1113,0)",150,1c4812911592f8ea,"(1029,3) ; (1128,3) ; (1133,3)",50,3.462,9.384,10.477,7.759,3.444,9.952,49,1.0,39,1.0,7a3ff3cbaabc1d15,"(1029,39) ; (1128,39) ; (1133,37)",50,100,4.639,8.592,9.56,5.201,,,,,,,,,,,,,,,,,,,,,,,,,,,,,,,,,,,,,,,,,,,,,,,,,,,,,,,,,,,,
e2_pg_age_e2_hybrid_e2_r1_dstrict,,laptop,2026-10,strict,synchronous_commit=on,e2,pg_age_e2,hybrid,e2,1,sweep,0-11,client_server,6g,2026-09-14T10:17:38.750999+00:00,full+client,8g,6.0,-c synchronous_commit=on -c shared_buffers=1GB -c effective_cache_size=4GB -c maintenance_work_mem=3GB -c max_wal_size=4GB,6442450944,0-11,sha256:1e43033e0fc4637b5098b9d232deb2f3afd422047b9e3f5fa5d999b62caea76d,dbbench:pg-age,6g,45.3,0.1,0.8,0,False,,,,PostgreSQL 17.11 + pgvector:0.8.6 + age:1.7.0,5.34,synchronous_commit=on,False,,,,,,,,retrieval,10.6466,,,,,,,,,,,,,,,,,,,,,,,,,,,,,,,,,,,,,,,,,,,,,0.001,"OCI runtime exec failed: exec failed: unable to start container process: exec: ""java"": executable file not found in $PAT",e2_pg_age_e2_hybrid_e2_r1_dstrict.serverlog,69.6,0.0,69.6,True,e2_pg_age_e2_hybrid_e2_r1_dstrict.clientlog,70.4,25.0,154.5,23.8,4.3,55.7,123.6,0.0,254.8,123.6,7950531,42.6,38.8,38.8,0.0,0.7,0.0,0.2,0.7,2254757,197.1,62.7,55.7,118.3,255.0,0.0,43.1,10205288,20260914T101738Z,,,,,,,,,,,,,,,,,,,,,,,,,,,,,,,,,,,,,,,,"no cold/warm split: each operation runs against an already-built, already-warm database by construction (DECISIONS #89)",,,,,,,,,,,,,,,,,,,,,,,,,,,,,,,,,,,,,,,,,,,,,,,,,,,,,,,,,,,,,,,,,,,,,,,,,,,,,,,,,,,,,,,,,,,,,,,,,,,,,,,,,,,,,,,,,,,,,,,,,,,,,,,,,,,,,,,,,,,,,,,,,,,,,,,,,,,,,,,,,,,,,,,,,,,,,,,,,,,,,,,,,,,,,,,,,,,,,,,,,,,,,,,,,,,,,,,,,,,,,,,,,,,,,,,,,,,,,,,,,,,,,,,,,,,,,,,,,10,,,,,,,,,,,,,,,,,,,,,,,,,,,,,,,,,,,,,,,,,,,,,,,,,,,,,,,,,5000,14998,64,,,,,,,,pre-filter: WHERE pid = ANY(...) then ORDER BY the pgvector <-> operator,1000,3,50,5.901,8.803,10.647,10.647,5.886,8.944,49,0.978,fb190562d06a845b,"(1018,0) ; (1105,0) ; (1113,0)",150,1c4812911592f8ea,"(1029,3) ; (1128,3) ; (1133,3)",50,7.315,10.134,10.27,7.972,7.111,10.216,49,1.0,39,1.0,7a3ff3cbaabc1d15,"(1029,39) ; (1128,39) ; (1133,37)",50,100,7.188,10.329,11.204,7.534,,,,,,,,,,,,,,,,,,,,,,,,,,,,,,,,,,,,,,,,,,,,,,,,,,,,,,,,,,,,
e2_surrealdb_e2_atomicity_e2_r1,,laptop,2026-10,relaxed,,e2,surrealdb_e2,atomicity,e2,1,sweep,0-11,embedded,6g,2026-09-14T09:59:41.625245+00:00,,,,,,,,,,,0.1,22.4,0,False,,,,surrealdb-embedded:2.3.10 (sdk 2.0.0),31.44,"SurrealKV, SURREAL_SYNC_DATA unset (the default): no sync at commit",False,,,,,,,,,,,,,,,,,,,,,,,,,,,,,,,,,,,,,,,,,,,,,,,,,,,,,,0.001,,,,,,,e2_surrealdb_e2_atomicity_e2_r1.clientlog,22.4,22.3,,,,,,,,,,274.9,239.8,236.4,0.0,27.8,16.4,66.9,27.8,47760058,274.9,239.8,0.0,239.8,66.9,16.4,236.4,47760058,20260914T095709Z,,,,,,,,,,,,,,,,,,,,,,,,,,,,,,,,,,,,,,,,,,,,,,,,,,,,,,,,,,,,,,,,,,,,,,,,,,,,,,,,,,,,,,,,,,,,,,,,,,,,,,,,,,,,,,,,,,,,,,,,,,,,,,,,,,,,,,,,,,,,,,,,,,,,,,,,,,,,,,,,,,,,,,,,,,,,,,,,,,,,,,,,,,,,,,,,,,,,,,,,,,,,,,,,,,,,,,,,,,,,,,,,,,,,,,,,,,,,,,,,,,,,,,,,,,,,,,,,,,,,,,,,,,,,,,,,,,,,,,,,,,,,,,,,,,,,,,,,,10,,,,,,,,,,,,,,,,,,,,,,,,,,,,,,,,,,,,,,,,,,,,,,,,,,,,,,,,,5000,14998,64,"this workload times an interrupted write, not a query; the cold column comes from the hybrid cell (DECISIONS #89)",40,0,40,False,1500,,,,,,,,,,,,,,,,,,,,,,,,,,,,,,,,,,,,,,,,,,,,,,,,,,,,,,,,,,,,,,,,,,,,,,,,,,,,,,,,,,,,,,,,,,,,,,,,,
e2_surrealdb_e2_hybrid_e2_r1,,laptop,2026-10,relaxed,,e2,surrealdb_e2,hybrid,e2,1,sweep,0-11,embedded,6g,2026-09-14T10:03:57.679293+00:00,,,,,,,,,,,0.1,21.7,0,False,,,,surrealdb-embedded:2.3.10 (sdk 2.0.0),32.69,"SurrealKV, SURREAL_SYNC_DATA unset (the default): no sync at commit",False,,,,,,,,retrieval,15.5998,,,,,,,,,,,,,,,,,,,,,,,,,,,,,,,,,,,,,,,,,,,,,0.001,,,,,,,e2_surrealdb_e2_hybrid_e2_r1.clientlog,21.7,21.6,,,,,,,,,,269.4,237.3,155.4,0.0,21.6,0.0,64.9,21.6,45637556,269.4,237.3,0.0,237.3,64.9,0.0,155.4,45637556,20260914T100143Z,,,,,,,,,,,,,,,,,,,,,,,,,,,,,,,,,,,,,,,,"no cold/warm split: each operation runs against an already-built, already-warm database by construction (DECISIONS #89)",,,,,,,,,,,,,,,,,,,,,,,,,,,,,,,,,,,,,,,,,,,,,,,,,,,,,,,,,,,,,,,,,,,,,,,,,,,,,,,,,,,,,,,,,,,,,,,,,,,,,,,,,,,,,,,,,,,,,,,,,,,,,,,,,,,,,,,,,,,,,,,,,,,,,,,,,,,,,,,,,,,,,,,,,,,,,,,,,,,,,,,,,,,,,,,,,,,,,,,,,,,,,,,,,,,,,,,,,,,,,,,,,,,,,,,,,,,,,,,,,,,,,,,,,,,,,,,,,10,,,,,,,,,,,,,,,,,,,,,,,,,,,,,,,,,,,,,,,,,,,,,,,,,,,,,,,,,5000,14998,64,,,,,,,,pre-filter: the candidate set is restricted first and ranked by vector::distance::euclidean,1000,3,50,17.099,19.255,20.266,15.6,17.142,20.011,49,0.968,fb190562d06a845b,"(1018,0) ; (1105,0) ; (1113,0)",150,1c4812911592f8ea,"(1029,3) ; (1128,3) ; (1133,3)",50,161.785,183.667,211.335,159.821,162.151,198.172,49,1.0,39,1.0,7a3ff3cbaabc1d15,"(1029,39) ; (1128,39) ; (1133,37)",50,100,19.6,23.535,27.071,19.998,,,,,,,,,,,,,,,,,,,,,,,,,,,,,,,,,,,,,,,,,,,,,,,,,,,,,,,,,,,,
e2_surrealdb_e2_hybrid_e2_r1_dstrict,,laptop,2026-10,strict,,e2,surrealdb_e2,hybrid,e2,1,sweep,0-11,embedded,6g,2026-09-14T10:08:07.847358+00:00,,,,,,,,,,,0.1,21.7,0,False,,,,surrealdb-embedded:2.3.10 (sdk 2.0.0),31.76,"SurrealKV, SURREAL_SYNC_DATA=true: sync at commit",False,,,,,,,,retrieval,16.4109,,,,,,,,,,,,,,,,,,,,,,,,,,,,,,,,,,,,,,,,,,,,,0.001,,,,,,,e2_surrealdb_e2_hybrid_e2_r1_dstrict.clientlog,21.7,21.6,,,,,,,,,,269.5,237.5,235.4,0.0,21.5,0.0,66.3,21.5,44475058,269.5,237.5,0.0,237.5,66.3,0.0,235.4,44475058,20260914T100551Z,,,,,,,,,,,,,,,,,,,,,,,,,,,,,,,,,,,,,,,,"no cold/warm split: each operation runs against an already-built, already-warm database by construction (DECISIONS #89)",,,,,,,,,,,,,,,,,,,,,,,,,,,,,,,,,,,,,,,,,,,,,,,,,,,,,,,,,,,,,,,,,,,,,,,,,,,,,,,,,,,,,,,,,,,,,,,,,,,,,,,,,,,,,,,,,,,,,,,,,,,,,,,,,,,,,,,,,,,,,,,,,,,,,,,,,,,,,,,,,,,,,,,,,,,,,,,,,,,,,,,,,,,,,,,,,,,,,,,,,,,,,,,,,,,,,,,,,,,,,,,,,,,,,,,,,,,,,,,,,,,,,,,,,,,,,,,,,10,,,,,,,,,,,,,,,,,,,,,,,,,,,,,,,,,,,,,,,,,,,,,,,,,,,,,,,,,5000,14998,64,,,,,,,,pre-filter: the candidate set is restricted first and ranked by vector::distance::euclidean,1000,3,50,18.151,22.563,23.769,16.411,18.151,23.495,49,0.966,fb190562d06a845b,"(1018,0) ; (1105,0) ; (1113,0)",150,1c4812911592f8ea,"(1029,3) ; (1128,3) ; (1133,3)",50,163.825,191.039,202.783,189.294,163.773,197.703,49,1.0,39,1.0,7a3ff3cbaabc1d15,"(1029,39) ; (1128,39) ; (1133,37)",50,100,26.833,30.301,36.504,26.634,,,,,,,,,,,,,,,,,,,,,,,,,,,,,,,,,,,,,,,,,,,,,,,,,,,,,,,,,,,,
e2_surrealdb_e2_server_atomicity_e2_r1,,laptop,2026-10,relaxed,,e2,surrealdb_e2_server,atomicity,e2,1,sweep,0-11,client_server,6g,2026-09-14T09:57:10.775691+00:00,full+client,8g,6.0,start --user root --pass root --log info rocksdb:/tmp/surreal/db,6442450944,0-11,sha256:6a5002363ff5b000b72a55f985203e951e3175e578002954b0e38f113e48a698,surrealdb/surrealdb@sha256:6a5002363ff5b000b72a55f985203e951e3175e578002954b0e38f113e48a698,6g,74.4,0.1,1.0,0,False,,,,surrealdb-server:3.2.4+20260803.93ab219,3.07,RocksDB at the engine default; SurrealDB 3.2.4 exposes no sync setting and the behaviour at commit is not verified,True,,,,,,,,,,,,,,,,,,,,,,,,,,,,,,,,,,,,,,,,,,,,,,,,,,,,,,0.001,"OCI runtime exec failed: exec failed: unable to start container process: exec: ""java"": executable file not found in $PAT",e2_surrealdb_e2_server_atomicity_e2_r1.serverlog,74.4,74.4,0.0,True,e2_surrealdb_e2_server_atomicity_e2_r1.clientlog,75.4,0.9,278.8,231.5,210.9,0.0,47.3,1.0,144.5,47.3,16947993,84.0,73.4,54.7,0.0,2.7,5.5,0.2,2.7,3924359,362.8,304.9,0.0,304.9,144.7,6.5,265.5,20872352,20260914T095709Z,,,,,,,,,,,,,,,,,,,,,,,,,,,,,,,,,,,,,,,,,,,,,,,,,,,,,,,,,,,,,,,,,,,,,,,,,,,,,,,,,,,,,,,,,,,,,,,,,,,,,,,,,,,,,,,,,,,,,,,,,,,,,,,,,,,,,,,,,,,,,,,,,,,,,,,,,,,,,,,,,,,,,,,,,,,,,,,,,,,,,,,,,,,,,,,,,,,,,,,,,,,,,,,,,,,,,,,,,,,,,,,,,,,,,,,,,,,,,,,,,,,,,,,,,,,,,,,,,,,,,,,,,,,,,,,,,,,,,,,,,,,,,,,,,,,,,,,,,10,,,,,,,,,,,,,,,,,,,,,,,,,,,,,,,,,,,,,,,,,,,,,,,,,,,,,,,,,5000,14998,64,"this workload times an interrupted write, not a query; the cold column comes from the hybrid cell (DECISIONS #89)",40,0,0,False,1500,,,,,,,,,,,,,,,,,,,,,,,,,,,,,,,,,,,,,,,,,,,,,,,,,,,,,,,,,,,,,,,,,,,,,,,,,,,,,,,,,,,,,,,,,,,,,,,,,
e2_surrealdb_e2_server_hybrid_e2_r1,,laptop,2026-10,relaxed,,e2,surrealdb_e2_server,hybrid,e2,1,sweep,0-11,client_server,6g,2026-09-14T10:01:44.460080+00:00,full+client,8g,6.0,start --user root --pass root --log info rocksdb:/tmp/surreal/db,6442450944,0-11,sha256:6a5002363ff5b000b72a55f985203e951e3175e578002954b0e38f113e48a698,surrealdb/surrealdb@sha256:6a5002363ff5b000b72a55f985203e951e3175e578002954b0e38f113e48a698,6g,74.4,0.1,1.0,0,False,,,,surrealdb-server:3.2.4+20260803.93ab219,3.1,RocksDB at the engine default; SurrealDB 3.2.4 exposes no sync setting and the behaviour at commit is not verified,True,,,,,,,,retrieval,602.0145,,,,,,,,,,,,,,,,,,,,,,,,,,,,,,,,,,,,,,,,,,,,,0.001,"OCI runtime exec failed: exec failed: unable to start container process: exec: ""java"": executable file not found in $PAT",e2_surrealdb_e2_server_hybrid_e2_r1.serverlog,74.4,74.4,0.0,True,e2_surrealdb_e2_server_hybrid_e2_r1.clientlog,75.4,0.9,257.7,221.0,182.9,0.0,46.0,0.6,139.7,46.0,12033563,81.7,69.9,52.5,0.0,0.9,0.0,0.2,0.9,3591978,339.4,290.9,0.0,290.9,139.8,0.6,235.4,15625541,20260914T100143Z,,,,,,,,,,,,,,,,,,,,,,,,,,,,,,,,,,,,,,,,"no cold/warm split: each operation runs against an already-built, already-warm database by construction (DECISIONS #89)",,,,,,,,,,,,,,,,,,,,,,,,,,,,,,,,,,,,,,,,,,,,,,,,,,,,,,,,,,,,,,,,,,,,,,,,,,,,,,,,,,,,,,,,,,,,,,,,,,,,,,,,,,,,,,,,,,,,,,,,,,,,,,,,,,,,,,,,,,,,,,,,,,,,,,,,,,,,,,,,,,,,,,,,,,,,,,,,,,,,,,,,,,,,,,,,,,,,,,,,,,,,,,,,,,,,,,,,,,,,,,,,,,,,,,,,,,,,,,,,,,,,,,,,,,,,,,,,,10,,,,,,,,,,,,,,,,,,,,,,,,,,,,,,,,,,,,,,,,,,,,,,,,,,,,,,,,,5000,14998,64,,,,,,,,pre-filter: the candidate set is restricted first and ranked by vector::distance::euclidean,1000,3,50,6.76,1811.841,2201.072,602.015,6.756,2111.243,49,0.966,fb190562d06a845b,"(1018,0) ; (1105,0) ; (1113,0)",150,1c4812911592f8ea,"(1029,3) ; (1128,3) ; (1133,3)",50,9.22,10.752,19.985,19.985,9.209,10.933,49,1.0,39,1.0,7a3ff3cbaabc1d15,"(1029,39) ; (1128,39) ; (1133,37)",50,100,14.746,17.439,24.862,14.977,,,,,,,,,,,,,,,,,,,,,,,,,,,,,,,,,,,,,,,,,,,,,,,,,,,,,,,,,,,,
e2_surrealdb_e2_server_hybrid_e2_r1_dstrict,,laptop,2026-10,strict,,e2,surrealdb_e2_server,hybrid,e2,1,sweep,0-11,client_server,6g,2026-09-14T10:05:52.478164+00:00,full+client,8g,6.0,start --user root --pass root --log info rocksdb:/tmp/surreal/db,6442450944,0-11,sha256:6a5002363ff5b000b72a55f985203e951e3175e578002954b0e38f113e48a698,surrealdb/surrealdb@sha256:6a5002363ff5b000b72a55f985203e951e3175e578002954b0e38f113e48a698,6g,74.4,0.1,1.0,0,False,,,,surrealdb-server:3.2.4+20260803.93ab219,3.03,RocksDB at the engine default; SurrealDB 3.2.4 exposes no sync setting and the behaviour at commit is not verified,True,,,,,,,,retrieval,492.2893,,,,,,,,,,,,,,,,,,,,,,,,,,,,,,,,,,,,,,,,,,,,,0.001,"OCI runtime exec failed: exec failed: unable to start container process: exec: ""java"": executable file not found in $PAT",e2_surrealdb_e2_server_hybrid_e2_r1_dstrict.serverlog,74.4,74.4,0.0,True,e2_surrealdb_e2_server_hybrid_e2_r1_dstrict.clientlog,75.4,0.9,275.3,224.8,180.5,0.0,45.9,0.0,139.9,45.9,12551799,82.1,71.0,51.5,0.0,0.9,0.0,0.3,0.9,3662058,357.4,295.9,0.0,295.9,140.2,0.0,232.0,16213857,20260914T100551Z,,,,,,,,,,,,,,,,,,,,,,,,,,,,,,,,,,,,,,,,"no cold/warm split: each operation runs against an already-built, already-warm database by construction (DECISIONS #89)",,,,,,,,,,,,,,,,,,,,,,,,,,,,,,,,,,,,,,,,,,,,,,,,,,,,,,,,,,,,,,,,,,,,,,,,,,,,,,,,,,,,,,,,,,,,,,,,,,,,,,,,,,,,,,,,,,,,,,,,,,,,,,,,,,,,,,,,,,,,,,,,,,,,,,,,,,,,,,,,,,,,,,,,,,,,,,,,,,,,,,,,,,,,,,,,,,,,,,,,,,,,,,,,,,,,,,,,,,,,,,,,,,,,,,,,,,,,,,,,,,,,,,,,,,,,,,,,,10,,,,,,,,,,,,,,,,,,,,,,,,,,,,,,,,,,,,,,,,,,,,,,,,,,,,,,,,,5000,14998,64,,,,,,,,pre-filter: the candidate set is restricted first and ranked by vector::distance::euclidean,1000,3,50,6.998,2072.278,2238.677,492.289,6.981,2231.801,49,0.962,fb190562d06a845b,"(1018,0) ; (1105,0) ; (1113,0)",150,1c4812911592f8ea,"(1029,3) ; (1128,3) ; (1133,3)",50,8.66,9.886,12.059,9.197,8.653,11.027,49,1.0,39,1.0,7a3ff3cbaabc1d15,"(1029,39) ; (1128,39) ; (1133,37)",50,100,14.982,17.59,19.076,15.18,,,,,,,,,,,,,,,,,,,,,,,,,,,,,,,,,,,,,,,,,,,,,,,,,,,,,,,,,,,,
l1tpc_arangodb_tpc_olap_micro_r1,,laptop,2026-10,relaxed,,l1tpc,arangodb_tpc,olap,micro,1,sweep,0-11,client_server,8g,2026-09-14T08:26:46.825793+00:00,full+client,8g,8.0,arangod --vector-index true,8589934592,0-11,sha256:563cb2c07af0aead37fd688b58f51d6eb534a3da6163621e130e67d7a55176c4,arangodb@sha256:563cb2c07af0aead37fd688b58f51d6eb534a3da6163621e130e67d7a55176c4,8g,0.4,0.1,0.5,0,False,60175,2000,0.01,arangodb:3.12.11,1.83,waitForSync=false (default); RocksDB WAL synced every 100 ms,False,100,193.89,268.88,183.56,193.95,269.37,99,q1,183.5562,4,acd923404a215baa,"(A,F,380456,5.32348e+08,5.05822e+08,25.5752,14876) ; (N,F,8971,1.23848e+07,1.17983e+07,25.7787,348) ; (N,O,742802,1.0415e+09,9.89738e+08,25.455,29181)",4,28.34,41.03,30.67,28.27,41.08,99,1,f42b7e26868818b0,(1.19305e+06),1,38.42,47.46,38.74,38.37,47.47,99,10,39c556587717b5ef,"(1866,1.8615e+06) ; (834,1.87674e+06) ; (1788,1.88089e+06)",10,27.28,31.8,28.82,27.28,31.8,99,7,65a52adaf703e663,"(AIR,8491) ; (FOB,8641) ; (MAIL,8669)",7,38.7,45.67,45.67,38.67,44.97,99,83,524ffb5903d25541,"(1992-01,3.73157e+06) ; (1992-02,9.66795e+06) ; (1992-03,1.67017e+07)",83,0.001,"OCI runtime exec failed: exec failed: unable to start container process: exec: ""java"": executable file not found in $PAT",l1tpc_arangodb_tpc_olap_micro_r1.serverlog,17.5,0.2,17.3,True,l1tpc_arangodb_tpc_olap_micro_r1.clientlog,18.0,17.5,427.8,281.8,203.2,0.0,134.9,352.2,59.2,104.4,44346964,306.0,184.2,153.5,0.0,110.0,328.6,1.3,93.4,3957164,733.8,466.0,0.0,466.0,60.6,680.8,356.7,48304128,20260914T082645Z,,,,,,,,,,,,,,,,,,,,,,,,,,,,,,,,,,,,,,,,,,,,,,,,,,,,,,,,,,,,,,,,,,,,,,,,,,,,,,,,,,,,,,,,,,,,,,,,,,,,,,,,,,,,,,,,,,,,,,,,,,,,,,,,,,,,,,,,,,,,,,,,,,,,,,,,,,,,,,,,,,,,,,,,,,,,,,,,,,,,,,,,,,,,,,,,,,,,,,,,,,,,,,,,,,,,,,,,,,,,,,,,,,,,,,,,,,,,,,,,,,,,,,,,,,,,,,,,,,,,,,,,,,,,,,,,,,,,,,,,,,,,,,,,,,,,,,,,,,,,,,,,,,,,,,,,,,,,,,,,,,,,,,,,,,,,,,,,,,,,,,,,,,,,,,,,,,,,,,,,,,,,,,,,,,,,,,,,,,,,,,,,,,,,,,,,,,,,,,,,,,,,,,,,,,,,,,,,,,,,,,,,,,,,,,,,,,,,,,,,,,,,,,,,,,,,,,,,,,,
l1tpc_arangodb_tpc_oltp_micro_r1,,laptop,2026-10,relaxed,,l1tpc,arangodb_tpc,oltp,micro,1,sweep,0-11,client_server,8g,2026-09-14T08:56:27.193971+00:00,full+client,8g,8.0,arangod --vector-index true,8589934592,0-11,sha256:563cb2c07af0aead37fd688b58f51d6eb534a3da6163621e130e67d7a55176c4,arangodb@sha256:563cb2c07af0aead37fd688b58f51d6eb534a3da6163621e130e67d7a55176c4,8g,0.4,0.1,0.5,0,False,60175,2000,0.01,arangodb:3.12.11,1.9,waitForSync=false (default); RocksDB WAL synced every 100 ms,False,,,,,,,,new_order,13.2229,,,,,,,,,,,,,,,,,,,,,,,,,,,,,,,,,,,,,,,,,,,,,0.001,"OCI runtime exec failed: exec failed: unable to start container process: exec: ""java"": executable file not found in $PAT",l1tpc_arangodb_tpc_oltp_micro_r1.serverlog,18.6,0.2,18.3,True,l1tpc_arangodb_tpc_oltp_micro_r1.clientlog,19.1,18.6,407.5,267.7,212.3,0.0,134.7,357.2,65.6,93.3,14247597,306.7,184.2,154.0,0.0,110.9,334.1,0.9,83.6,24706101,714.1,451.8,0.0,451.8,66.5,691.3,366.3,38953698,20260914T085626Z,,,10.451,17.812,18e6b471902cb47a,"(0,1122,1,0) ; (1,1595,1,0) ; (10,1352,1,0)",1000,10.389,12.245,95.8,1960,9e94805a4fa3ed33,"(0,1122,1,0) ; (1,1595,1,1) ; (10,1352,1,0)",1000,1000,2.274,2.863,1000,506194c9154286fb,"(0,1777,1) ; (1,421,1) ; (10,695,1)",1000,1.982,2.411,1000,506194c9154286fb,"(0,1777,1) ; (1,421,1) ; (10,695,1)",1000,2.328,2.721,1000,8d2fbcdf2bbd208e,"(0,1777,2) ; (1,421,2) ; (10,695,2)",1000,2.357,3.743,1000,c66f25e87d9fcffd,,0,"no cold/warm split: each operation runs against an already-built, already-warm database by construction (DECISIONS #89)",,,,,,,,,,,,,,,,,,,,,,,,,,,,,,,,,,,,,,,,,,,,,,,,,,,,,,,,,,,,,,,,,,,,,,,,,,,,,,,,,,,,,,,,,,,,,,,,,,,,,,,,,,,,,,,,,,,,,,,,,,,,,,,,,,,,,,,,,,,,,,,,,,,,,,,,,,,,,,,,,,,,,,,,,,,,,,,,,,,,,,,,,,,,,,,,,,,,,,,,,,,,,,,,,,,,,,,,,,,,,,,,,,,,,,,,,,,,,,,,,,,,,,,,,,,,,,,,,,,,,,,,,,,,,,,,,,,,,,,,,,,,,,,,,,,,,,,,,,,,,,,,,,,,,,,,,,,,,,,,,,,,,,,,,,,,,,,,,,,,,,,,,,,,,,,,,,,,,,,,,,,,,,,,,,,,,,,,,,,,,,,,,,,,,,,,,,,,,,,,,,,,,,,,,,,,,,,,,,,
l1tpc_arangodb_tpc_oltp_micro_r1_dstrict,,laptop,2026-10,strict,,l1tpc,arangodb_tpc,oltp,micro,1,sweep,0-11,client_server,8g,2026-09-14T09:01:42.406167+00:00,full+client,8g,8.0,arangod --vector-index true,8589934592,0-11,sha256:563cb2c07af0aead37fd688b58f51d6eb534a3da6163621e130e67d7a55176c4,arangodb@sha256:563cb2c07af0aead37fd688b58f51d6eb534a3da6163621e130e67d7a55176c4,8g,0.4,0.1,0.5,0,False,60175,2000,0.01,arangodb:3.12.11,2.48,waitForSync=true: the commit waits for the WAL sync,False,,,,,,,,new_order,21.0034,,,,,,,,,,,,,,,,,,,,,,,,,,,,,,,,,,,,,,,,,,,,,0.001,"OCI runtime exec failed: exec failed: unable to start container process: exec: ""java"": executable file not found in $PAT",l1tpc_arangodb_tpc_oltp_micro_r1_dstrict.serverlog,18.6,0.2,18.4,True,l1tpc_arangodb_tpc_oltp_micro_r1_dstrict.clientlog,19.1,18.6,421.3,278.8,207.8,0.0,132.9,344.7,121.2,107.4,18678981,215.3,186.2,156.1,0.0,19.9,58.7,1.1,12.8,31964591,636.7,465.0,0.0,465.0,122.4,403.3,364.0,50643572,20260914T090141Z,,,19.544,23.695,18e6b471902cb47a,"(0,1122,1,0) ; (1,1595,1,0) ; (10,1352,1,0)",1000,19.418,24.607,51.1,1960,9e94805a4fa3ed33,"(0,1122,1,0) ; (1,1595,1,1) ; (10,1352,1,0)",1000,1000,8.929,11.927,1000,506194c9154286fb,"(0,1777,1) ; (1,421,1) ; (10,695,1)",1000,2.228,3.11,1000,506194c9154286fb,"(0,1777,1) ; (1,421,1) ; (10,695,1)",1000,9.351,12.156,1000,8d2fbcdf2bbd208e,"(0,1777,2) ; (1,421,2) ; (10,695,2)",1000,9.172,11.191,1000,c66f25e87d9fcffd,,0,"no cold/warm split: each operation runs against an already-built, already-warm database by construction (DECISIONS #89)",,,,,,,,,,,,,,,,,,,,,,,,,,,,,,,,,,,,,,,,,,,,,,,,,,,,,,,,,,,,,,,,,,,,,,,,,,,,,,,,,,,,,,,,,,,,,,,,,,,,,,,,,,,,,,,,,,,,,,,,,,,,,,,,,,,,,,,,,,,,,,,,,,,,,,,,,,,,,,,,,,,,,,,,,,,,,,,,,,,,,,,,,,,,,,,,,,,,,,,,,,,,,,,,,,,,,,,,,,,,,,,,,,,,,,,,,,,,,,,,,,,,,,,,,,,,,,,,,,,,,,,,,,,,,,,,,,,,,,,,,,,,,,,,,,,,,,,,,,,,,,,,,,,,,,,,,,,,,,,,,,,,,,,,,,,,,,,,,,,,,,,,,,,,,,,,,,,,,,,,,,,,,,,,,,,,,,,,,,,,,,,,,,,,,,,,,,,,,,,,,,,,,,,,,,,,,,,,,,,
l1tpc_arcadedb_embedded_olap_micro_r1,,laptop,2026-10,relaxed,,l1tpc,arcadedb_embedded,olap,micro,1,sweep,0-11,embedded,8g,2026-09-14T08:52:03.277797+00:00,,,,,,,,,,,0.1,8.0,0,False,60175,2000,0.01,26.8.1,3.84,txWalFlush=0 (engine default): no flush at commit,False,100,404.86,621.84,1180.76,403.67,598.05,99,q1,1180.7582,4,acd923404a215baa,"(A,F,380456,5.32348e+08,5.05822e+08,25.5752,14876) ; (N,F,8971,1.23848e+07,1.17983e+07,25.7787,348) ; (N,O,742802,1.0415e+09,9.89738e+08,25.455,29181)",4,25.65,69.05,116.13,25.61,34.46,99,1,f42b7e26868818b0,(1.19305e+06),1,201.58,285.32,304.3,201.57,277.12,99,10,39c556587717b5ef,"(1866,1.8615e+06) ; (834,1.87674e+06) ; (1788,1.88089e+06)",10,128.76,167.64,133.74,128.68,167.82,99,7,65a52adaf703e663,"(AIR,8491) ; (FOB,8641) ; (MAIL,8669)",7,205.16,270.01,263.36,205.1,270.46,99,83,524ffb5903d25541,"(1992-01,3.73157e+06) ; (1992-02,9.66795e+06) ; (1992-03,1.67017e+07)",83,0.056,,,,,,,l1tpc_arcadedb_embedded_olap_micro_r1.clientlog,8.0,7.9,,,,,,,,,,2843.8,2809.7,320.6,0.0,125.8,1080.3,51.3,22.4,124248217,2843.8,2809.7,0.0,2809.7,51.3,1080.3,320.6,124248217,20260914T082645Z,4g,,,,,,,,,,,,,,,,,,,,,,,,,,,,,,,,,,,,,,,,,,,,,,,,,,,,,,,,,,,,,,,,,,,,,,,,,,,,,,,,,,,,,,,,,,,,,,,,,,,,,,,,,,,,,,,,,,,,,,,,,,,,,,,,,,,,,,,,,,,,,,,,,,,,,,,,,,,,,,,,,,,,,,,,,,,,,,,,,,,,,,,,,,,,,,,,,,,,,,,,,,,,,,,,,,,,,,,,,,,,,,,,,,,,,,,,,,,,,,,,,,,,,,,,,,,,,,,,,,,,,,,,,,,,,,,,,,,,,,,,,,,,,,,,,,,,,,,,,,,,,,,,,,,,,,,,,,,,,,,,,,,,,,,,,,,,,,,,,,,,,,,,,,,,,,,,,,,,,,,,,,,,,,,,,,,,,,,,,,,,,,,,,,,,,,,,,,,,,,,,,,,,,,,,,,,,,,,,,,,,,,,,,,,,,,,,,,,,,,,,,,,,,,,,,,,,,,,,,,
l1tpc_arcadedb_embedded_oltp_micro_r1,,laptop,2026-10,relaxed,,l1tpc,arcadedb_embedded,oltp,micro,1,sweep,0-11,embedded,8g,2026-09-14T09:00:19.961777+00:00,,,,,,,,,,,0.1,8.2,0,False,60175,2000,0.01,26.8.1,4.25,txWalFlush=0 (engine default): no flush at commit,False,,,,,,,,new_order,450.9286,,,,,,,,,,,,,,,,,,,,,,,,,,,,,,,,,,,,,,,,,,,,,0.089,,,,,,,l1tpc_arcadedb_embedded_oltp_micro_r1.clientlog,8.2,8.1,,,,,,,,,,1605.7,1390.0,1131.1,0.0,181.7,365.2,23.2,129.9,33051784,1605.7,1390.0,0.0,1390.0,23.2,365.2,1131.1,33051784,20260914T085626Z,4g,,1.826,2.896,18e6b471902cb47a,"(0,1122,1,0) ; (1,1595,1,0) ; (10,1352,1,0)",1000,0.729,1.143,789.4,1960,9e94805a4fa3ed33,"(0,1122,1,0) ; (1,1595,1,1) ; (10,1352,1,0)",1000,1000,0.226,0.833,1000,506194c9154286fb,"(0,1777,1) ; (1,421,1) ; (10,695,1)",1000,0.094,0.149,1000,506194c9154286fb,"(0,1777,1) ; (1,421,1) ; (10,695,1)",1000,0.406,1.03,1000,8d2fbcdf2bbd208e,"(0,1777,2) ; (1,421,2) ; (10,695,2)",1000,0.525,0.878,1000,c66f25e87d9fcffd,,0,"no cold/warm split: each operation runs against an already-built, already-warm database by construction (DECISIONS #89)",,,,,,,,,,,,,,,,,,,,,,,,,,,,,,,,,,,,,,,,,,,,,,,,,,,,,,,,,,,,,,,,,,,,,,,,,,,,,,,,,,,,,,,,,,,,,,,,,,,,,,,,,,,,,,,,,,,,,,,,,,,,,,,,,,,,,,,,,,,,,,,,,,,,,,,,,,,,,,,,,,,,,,,,,,,,,,,,,,,,,,,,,,,,,,,,,,,,,,,,,,,,,,,,,,,,,,,,,,,,,,,,,,,,,,,,,,,,,,,,,,,,,,,,,,,,,,,,,,,,,,,,,,,,,,,,,,,,,,,,,,,,,,,,,,,,,,,,,,,,,,,,,,,,,,,,,,,,,,,,,,,,,,,,,,,,,,,,,,,,,,,,,,,,,,,,,,,,,,,,,,,,,,,,,,,,,,,,,,,,,,,,,,,,,,,,,,,,,,,,,,,,,,,,,,,,,,,,,,,
l1tpc_arcadedb_embedded_oltp_micro_r1_dstrict,,laptop,2026-10,strict,,l1tpc,arcadedb_embedded,oltp,micro,1,sweep,0-11,embedded,8g,2026-09-14T09:07:36.912133+00:00,,,,,,,,,,,0.1,8.2,0,False,60175,2000,0.01,26.8.1,3.87,txWalFlush=2: the WAL is flushed and synced at every commit,False,,,,,,,,new_order,475.2711,,,,,,,,,,,,,,,,,,,,,,,,,,,,,,,,,,,,,,,,,,,,,0.055,,,,,,,l1tpc_arcadedb_embedded_oltp_micro_r1_dstrict.clientlog,8.2,8.1,,,,,,,,,,3053.3,2837.1,1703.0,0.0,200.8,364.6,299.8,129.8,35334486,3053.3,2837.1,0.0,2837.1,299.8,364.6,1703.0,35334486,20260914T090141Z,4g,,8.488,10.367,18e6b471902cb47a,"(0,1122,1,0) ; (1,1595,1,0) ; (10,1352,1,0)",1000,7.491,9.351,125.2,1960,9e94805a4fa3ed33,"(0,1122,1,0) ; (1,1595,1,1) ; (10,1352,1,0)",1000,1000,7.146,8.563,1000,506194c9154286fb,"(0,1777,1) ; (1,421,1) ; (10,695,1)",1000,0.118,0.163,1000,506194c9154286fb,"(0,1777,1) ; (1,421,1) ; (10,695,1)",1000,7.02,8.316,1000,8d2fbcdf2bbd208e,"(0,1777,2) ; (1,421,2) ; (10,695,2)",1000,7.373,17.336,1000,c66f25e87d9fcffd,,0,"no cold/warm split: each operation runs against an already-built, already-warm database by construction (DECISIONS #89)",,,,,,,,,,,,,,,,,,,,,,,,,,,,,,,,,,,,,,,,,,,,,,,,,,,,,,,,,,,,,,,,,,,,,,,,,,,,,,,,,,,,,,,,,,,,,,,,,,,,,,,,,,,,,,,,,,,,,,,,,,,,,,,,,,,,,,,,,,,,,,,,,,,,,,,,,,,,,,,,,,,,,,,,,,,,,,,,,,,,,,,,,,,,,,,,,,,,,,,,,,,,,,,,,,,,,,,,,,,,,,,,,,,,,,,,,,,,,,,,,,,,,,,,,,,,,,,,,,,,,,,,,,,,,,,,,,,,,,,,,,,,,,,,,,,,,,,,,,,,,,,,,,,,,,,,,,,,,,,,,,,,,,,,,,,,,,,,,,,,,,,,,,,,,,,,,,,,,,,,,,,,,,,,,,,,,,,,,,,,,,,,,,,,,,,,,,,,,,,,,,,,,,,,,,,,,,,,,,,
l1tpc_arcadedb_server_olap_micro_r1,,laptop,2026-10,relaxed,,l1tpc,arcadedb_server,olap,micro,1,sweep,0-11,client_server,8g,2026-09-14T08:53:52.979377+00:00,full+client,8g,8.0,,8589934592,0-11,sha256:49036720b1678b9c7a6dbf22fc34a812c8d7bed15508c22cbb02c0dddc0ca16a,arcadedata/arcadedb:26.8.1@sha256:49036720b1678b9c7a6dbf22fc34a812c8d7bed15508c22cbb02c0dddc0ca16a,8g,0.3,0.1,0.5,0,False,60175,2000,0.01,server:26.8.1 (build 727aa4568cdface314ee15cd242f71d6299b2b0c/1785790932717/main),6.75,txWalFlush=0 (engine default): no flush at commit (set on the server's JAVA_OPTS by runner.py and recorded as durability_server_flags; the server exposes no read-back),False,100,401.74,703.98,1369.0,401.71,568.38,99,q1,1369.0017,4,acd923404a215baa,"(A,F,380456,5.32348e+08,5.05822e+08,25.5752,14876) ; (N,F,8971,1.23848e+07,1.17983e+07,25.7787,348) ; (N,O,742802,1.0415e+09,9.89738e+08,25.455,29181)",4,32.86,44.34,68.55,32.85,37.77,99,1,f42b7e26868818b0,(1.19305e+06),1,225.35,308.77,323.63,225.15,286.22,99,10,39c556587717b5ef,"(1866,1.8615e+06) ; (834,1.87674e+06) ; (1788,1.88089e+06)",10,154.33,190.78,154.09,154.35,190.88,99,7,65a52adaf703e663,"(AIR,8491) ; (FOB,8641) ; (MAIL,8669)",7,227.49,288.31,285.58,227.42,288.38,99,83,524ffb5903d25541,"(1992-01,3.73157e+06) ; (1992-02,9.66795e+06) ; (1992-03,1.67017e+07)",83,0.002,,l1tpc_arcadedb_server_olap_micro_r1.serverlog,16.8,0.2,16.6,True,l1tpc_arcadedb_server_olap_micro_r1.clientlog,17.3,16.9,2777.6,2722.9,2717.6,0.0,76.9,842.5,52.3,29.4,172505857,258.9,142.2,142.2,0.0,95.7,379.1,1.1,1.2,4221133,3036.5,2865.1,0.0,2865.1,53.4,1221.6,2859.9,176726990,20260914T082645Z,4g,4g,,,,,,,,,,,,,,,,,,,,,,,,,,,,,,,,,,,,,,,,,,,,,,,,,,,,,,,,,,,,,,,,,,,,,,,,,,,,,,,,,,,,,,,,,,,,,,,,,,,,,,,,,,,,,,,,,,,,,,,,,,,,,,,,,,,,,,,,,,,,,,,,,,,,,,,,,,,,,,,,,,,,,,,,,,,,,,,,,,,,,,,,,,,,,,,,,,,,,,,,,,,,,,,,,,,,,,,,,,,,,,,,,,,,,,,,,,,,,,,,,,,,,,,,,,,,,,,,,,,,,,,,,,,,,,,,,,,,,,,,,,,,,,,,,,,,,,,,,,,,,,,,,,,,,,,,,,,,,,,,,,,,,,,,,,,,,,,,,,,,,,,,,,,,,,,,,,,,,,,,,,,,,,,,,,,,,,,,,,,,,,,,,,,,,,,,,,,,,,,,,,,,,,,,,,,,,,,,,,,,,,,,,,,,,,,,,,,,,,,,,,,,,,,,,,,,,,,,,
l1tpc_arcadedb_server_oltp_micro_r1,,laptop,2026-10,relaxed,,l1tpc,arcadedb_server,oltp,micro,1,sweep,0-11,client_server,8g,2026-09-14T09:00:33.180772+00:00,full+client,8g,8.0,,8589934592,0-11,sha256:49036720b1678b9c7a6dbf22fc34a812c8d7bed15508c22cbb02c0dddc0ca16a,arcadedata/arcadedb:26.8.1@sha256:49036720b1678b9c7a6dbf22fc34a812c8d7bed15508c22cbb02c0dddc0ca16a,8g,0.3,0.1,0.5,0,False,60175,2000,0.01,server:26.8.1 (build 727aa4568cdface314ee15cd242f71d6299b2b0c/1785790932717/main),6.26,txWalFlush=0 (engine default): no flush at commit (set on the server's JAVA_OPTS by runner.py and recorded as durability_server_flags; the server exposes no read-back),False,,,,,,,,new_order,134.9451,,,,,,,,,,,,,,,,,,,,,,,,,,,,,,,,,,,,,,,,,,,,,0.001,,l1tpc_arcadedb_server_oltp_micro_r1.serverlog,10.9,0.2,10.8,True,l1tpc_arcadedb_server_oltp_micro_r1.clientlog,11.4,11.0,2901.3,2746.7,2715.6,0.0,153.5,248.8,155.1,87.5,95528670,167.3,138.9,138.9,0.0,12.3,35.9,1.1,11.4,13641514,3068.6,2885.6,0.0,2885.6,156.2,284.7,2854.5,109170184,20260914T085626Z,4g,4g,6.102,8.926,18e6b471902cb47a,"(0,1122,1,0) ; (1,1595,1,0) ; (10,1352,1,0)",1000,3.881,4.753,198.0,1960,9e94805a4fa3ed33,"(0,1122,1,0) ; (1,1595,1,1) ; (10,1352,1,0)",1000,1000,3.02,4.604,1000,506194c9154286fb,"(0,1777,1) ; (1,421,1) ; (10,695,1)",1000,2.807,5.114,1000,506194c9154286fb,"(0,1777,1) ; (1,421,1) ; (10,695,1)",1000,2.734,3.77,1000,8d2fbcdf2bbd208e,"(0,1777,2) ; (1,421,2) ; (10,695,2)",1000,3.183,4.103,1000,c66f25e87d9fcffd,,0,"no cold/warm split: each operation runs against an already-built, already-warm database by construction (DECISIONS #89)",,,,,,,,,,,,,,,,,,,,,,,,,,,,,,,,,,,,,,,,,,,,,,,,,,,,,,,,,,,,,,,,,,,,,,,,,,,,,,,,,,,,,,,,,,,,,,,,,,,,,,,,,,,,,,,,,,,,,,,,,,,,,,,,,,,,,,,,,,,,,,,,,,,,,,,,,,,,,,,,,,,,,,,,,,,,,,,,,,,,,,,,,,,,,,,,,,,,,,,,,,,,,,,,,,,,,,,,,,,,,,,,,,,,,,,,,,,,,,,,,,,,,,,,,,,,,,,,,,,,,,,,,,,,,,,,,,,,,,,,,,,,,,,,,,,,,,,,,,,,,,,,,,,,,,,,,,,,,,,,,,,,,,,,,,,,,,,,,,,,,,,,,,,,,,,,,,,,,,,,,,,,,,,,,,,,,,,,,,,,,,,,,,,,,,,,,,,,,,,,,,,,,,,,,,,,,,,,,,,
l1tpc_arcadedb_server_oltp_micro_r1_dstrict,,laptop,2026-10,strict,txWalFlush=2,l1tpc,arcadedb_server,oltp,micro,1,sweep,0-11,client_server,8g,2026-09-14T09:08:23.154868+00:00,full+client,8g,8.0,,8589934592,0-11,sha256:49036720b1678b9c7a6dbf22fc34a812c8d7bed15508c22cbb02c0dddc0ca16a,arcadedata/arcadedb:26.8.1@sha256:49036720b1678b9c7a6dbf22fc34a812c8d7bed15508c22cbb02c0dddc0ca16a,8g,0.3,0.1,0.5,0,False,60175,2000,0.01,server:26.8.1 (build 727aa4568cdface314ee15cd242f71d6299b2b0c/1785790932717/main),6.72,txWalFlush=2: the WAL is flushed and synced at every commit (set on the server's JAVA_OPTS by runner.py and recorded as durability_server_flags; the server exposes no read-back),False,,,,,,,,new_order,119.243,,,,,,,,,,,,,,,,,,,,,,,,,,,,,,,,,,,,,,,,,,,,,0.001,,l1tpc_arcadedb_server_oltp_micro_r1_dstrict.serverlog,10.0,0.2,9.9,True,l1tpc_arcadedb_server_oltp_micro_r1_dstrict.clientlog,10.5,10.1,2888.4,2731.3,2717.4,0.0,159.8,247.1,302.6,92.4,82324572,169.1,146.9,136.8,0.0,15.2,44.5,1.1,15.2,12607790,3057.5,2878.2,0.0,2878.2,303.7,291.6,2854.1,94932362,20260914T090141Z,4g,4g,11.831,14.669,18e6b471902cb47a,"(0,1122,1,0) ; (1,1595,1,0) ; (10,1352,1,0)",1000,9.942,12.364,91.2,1960,9e94805a4fa3ed33,"(0,1122,1,0) ; (1,1595,1,1) ; (10,1352,1,0)",1000,1000,9.309,11.117,1000,506194c9154286fb,"(0,1777,1) ; (1,421,1) ; (10,695,1)",1000,2.256,2.592,1000,506194c9154286fb,"(0,1777,1) ; (1,421,1) ; (10,695,1)",1000,8.774,10.614,1000,8d2fbcdf2bbd208e,"(0,1777,2) ; (1,421,2) ; (10,695,2)",1000,9.452,12.239,1000,c66f25e87d9fcffd,,0,"no cold/warm split: each operation runs against an already-built, already-warm database by construction (DECISIONS #89)",,,,,,,,,,,,,,,,,,,,,,,,,,,,,,,,,,,,,,,,,,,,,,,,,,,,,,,,,,,,,,,,,,,,,,,,,,,,,,,,,,,,,,,,,,,,,,,,,,,,,,,,,,,,,,,,,,,,,,,,,,,,,,,,,,,,,,,,,,,,,,,,,,,,,,,,,,,,,,,,,,,,,,,,,,,,,,,,,,,,,,,,,,,,,,,,,,,,,,,,,,,,,,,,,,,,,,,,,,,,,,,,,,,,,,,,,,,,,,,,,,,,,,,,,,,,,,,,,,,,,,,,,,,,,,,,,,,,,,,,,,,,,,,,,,,,,,,,,,,,,,,,,,,,,,,,,,,,,,,,,,,,,,,,,,,,,,,,,,,,,,,,,,,,,,,,,,,,,,,,,,,,,,,,,,,,,,,,,,,,,,,,,,,,,,,,,,,,,,,,,,,,,,,,,,,,,,,,,,,
l1tpc_duckdb_olap_micro_r1,,laptop,2026-10,relaxed,,l1tpc,duckdb,olap,micro,1,sweep,0-11,embedded,8g,2026-09-14T08:28:04.146204+00:00,,,,,,,,,,,0.1,1.7,0,False,60175,2000,0.01,1.5.5,0.22,"fsync at commit, not configurable (DuckDB WAL)",True,100,6.19,7.52,15.37,6.18,7.3,99,q1,15.3665,4,acd923404a215baa,"(A,F,380456,5.32348e+08,5.05822e+08,25.5752,14876) ; (N,F,8971,1.23848e+07,1.17983e+07,25.7787,348) ; (N,O,742802,1.0415e+09,9.89738e+08,25.455,29181)",4,1.77,2.21,11.85,1.77,2.05,99,1,f42b7e26868818b0,(1.19305e+06),1,1.95,2.68,12.4,1.95,2.32,99,10,39c556587717b5ef,"(1866,1.8615e+06) ; (834,1.87674e+06) ; (1788,1.88089e+06)",10,7.35,8.33,17.39,7.35,8.31,99,7,65a52adaf703e663,"(AIR,8491) ; (FOB,8641) ; (MAIL,8669)",7,9.59,11.79,24.29,9.57,11.09,99,83,524ffb5903d25541,"(1992-01,3.73157e+06) ; (1992-02,9.66795e+06) ; (1992-03,1.67017e+07)",83,0.107,,,,,,,l1tpc_duckdb_olap_micro_r1.clientlog,1.7,1.6,,,,,,,,,,308.0,177.5,177.5,0.0,121.8,353.6,10.8,121.8,7428906,308.0,177.5,0.0,177.5,10.8,353.6,177.5,7428906,20260914T082645Z,,,,,,,,,,,,,,,,,,,,,,,,,,,,,,,,,,,,,,,,,,,,,,,,,,,,,,,,,,,,,,,,,,,,,,,,,,,,,,,,,,,,,,,,,,,,,,,,,,,,,,,,,,,,,,,,,,,,,,,,,,,,,,,,,,,,,,,,,,,,,,,,,,,,,,,,,,,,,,,,,,,,,,,,,,,,,,,,,,,,,,,,,,,,,,,,,,,,,,,,,,,,,,,,,,,,,,,,,,,,,,,,,,,,,,,,,,,,,,,,,,,,,,,,,,,,,,,,,,,,,,,,,,,,,,,,,,,,,,,,,,,,,,,,,,,,,,,,,,,,,,,,,,,,,,,,,,,,,,,,,,,,,,,,,,,,,,,,,,,,,,,,,,,,,,,,,,,,,,,,,,,,,,,,,,,,,,,,,,,,,,,,,,,,,,,,,,,,,,,,,,,,,,,,,,,,,,,,,,,,,,,,,,,,,,,,,,,,,,,,,,,,,,,,,,,,,,,,,,,
l1tpc_duckdb_oltp_micro_r1,,laptop,2026-10,relaxed,,l1tpc,duckdb,oltp,micro,1,sweep,0-11,embedded,8g,2026-09-14T08:57:17.446629+00:00,,,,,,,,,,,0.1,2.5,0,False,60175,2000,0.01,1.5.5,0.24,"fsync at commit, not configurable (DuckDB WAL)",True,,,,,,,,new_order,20.0834,,,,,,,,,,,,,,,,,,,,,,,,,,,,,,,,,,,,,,,,,,,,,0.103,,,,,,,l1tpc_duckdb_oltp_micro_r1.clientlog,2.5,2.4,,,,,,,,,,298.9,170.9,147.1,0.0,120.3,353.0,79.1,111.5,22377982,298.9,170.9,0.0,170.9,79.1,353.0,147.1,22377982,20260914T085626Z,,,9.937,12.454,18e6b471902cb47a,"(0,1122,1,0) ; (1,1595,1,0) ; (10,1352,1,0)",1000,9.774,12.65,101.1,1960,9e94805a4fa3ed33,"(0,1122,1,0) ; (1,1595,1,1) ; (10,1352,1,0)",1000,1000,7.961,11.035,1000,506194c9154286fb,"(0,1777,1) ; (1,421,1) ; (10,695,1)",1000,0.515,0.903,1000,506194c9154286fb,"(0,1777,1) ; (1,421,1) ; (10,695,1)",1000,7.654,9.9,1000,8d2fbcdf2bbd208e,"(0,1777,2) ; (1,421,2) ; (10,695,2)",1000,7.796,10.629,1000,c66f25e87d9fcffd,,0,"no cold/warm split: each operation runs against an already-built, already-warm database by construction (DECISIONS #89)",,,,,,,,,,,,,,,,,,,,,,,,,,,,,,,,,,,,,,,,,,,,,,,,,,,,,,,,,,,,,,,,,,,,,,,,,,,,,,,,,,,,,,,,,,,,,,,,,,,,,,,,,,,,,,,,,,,,,,,,,,,,,,,,,,,,,,,,,,,,,,,,,,,,,,,,,,,,,,,,,,,,,,,,,,,,,,,,,,,,,,,,,,,,,,,,,,,,,,,,,,,,,,,,,,,,,,,,,,,,,,,,,,,,,,,,,,,,,,,,,,,,,,,,,,,,,,,,,,,,,,,,,,,,,,,,,,,,,,,,,,,,,,,,,,,,,,,,,,,,,,,,,,,,,,,,,,,,,,,,,,,,,,,,,,,,,,,,,,,,,,,,,,,,,,,,,,,,,,,,,,,,,,,,,,,,,,,,,,,,,,,,,,,,,,,,,,,,,,,,,,,,,,,,,,,,,,,,,,,
l1tpc_duckdb_oltp_micro_r1_dstrict,,laptop,2026-10,strict,,l1tpc,duckdb,oltp,micro,1,sweep,0-11,embedded,8g,2026-09-14T09:03:23.436296+00:00,,,,,,,,,,,0.1,2.5,0,False,60175,2000,0.01,1.5.5,0.24,"fsync at commit, not configurable (DuckDB WAL)",True,,,,,,,,new_order,15.8098,,,,,,,,,,,,,,,,,,,,,,,,,,,,,,,,,,,,,,,,,,,,,0.115,,,,,,,l1tpc_duckdb_oltp_micro_r1_dstrict.clientlog,2.5,2.4,,,,,,,,,,303.0,171.4,10.0,0.0,119.2,344.5,79.1,117.2,23902019,303.0,171.4,0.0,171.4,79.1,344.5,10.0,23902019,20260914T090141Z,,,10.311,12.701,18e6b471902cb47a,"(0,1122,1,0) ; (1,1595,1,0) ; (10,1352,1,0)",1000,10.061,13.958,97.5,1960,9e94805a4fa3ed33,"(0,1122,1,0) ; (1,1595,1,1) ; (10,1352,1,0)",1000,1000,8.151,9.909,1000,506194c9154286fb,"(0,1777,1) ; (1,421,1) ; (10,695,1)",1000,0.557,0.852,1000,506194c9154286fb,"(0,1777,1) ; (1,421,1) ; (10,695,1)",1000,7.825,10.34,1000,8d2fbcdf2bbd208e,"(0,1777,2) ; (1,421,2) ; (10,695,2)",1000,7.736,10.006,1000,c66f25e87d9fcffd,,0,"no cold/warm split: each operation runs against an already-built, already-warm database by construction (DECISIONS #89)",,,,,,,,,,,,,,,,,,,,,,,,,,,,,,,,,,,,,,,,,,,,,,,,,,,,,,,,,,,,,,,,,,,,,,,,,,,,,,,,,,,,,,,,,,,,,,,,,,,,,,,,,,,,,,,,,,,,,,,,,,,,,,,,,,,,,,,,,,,,,,,,,,,,,,,,,,,,,,,,,,,,,,,,,,,,,,,,,,,,,,,,,,,,,,,,,,,,,,,,,,,,,,,,,,,,,,,,,,,,,,,,,,,,,,,,,,,,,,,,,,,,,,,,,,,,,,,,,,,,,,,,,,,,,,,,,,,,,,,,,,,,,,,,,,,,,,,,,,,,,,,,,,,,,,,,,,,,,,,,,,,,,,,,,,,,,,,,,,,,,,,,,,,,,,,,,,,,,,,,,,,,,,,,,,,,,,,,,,,,,,,,,,,,,,,,,,,,,,,,,,,,,,,,,,,,,,,,,,,
l1tpc_mongodb_olap_micro_r1,,laptop,2026-10,relaxed,,l1tpc,mongodb,olap,micro,1,sweep,0-11,client_server,8g,2026-09-14T08:51:14.902576+00:00,full+client,8g,8.0,--replSet rs0 --bind_ip_all,8589934592,0-11,sha256:41afd6e1183f57e4e4d03ab733070671fca8553da2b36f15d6e3fc9760494d17,mongo@sha256:41afd6e1183f57e4e4d03ab733070671fca8553da2b36f15d6e3fc9760494d17,8g,200.1,0.1,1.1,0,False,60175,2000,0.01,mongodb 8.2.12,2.06,"write concern w=1, j=false (journal flushed every 100 ms)",False,100,153.95,214.7,209.7,153.85,214.79,99,q1,209.6972,4,acd923404a215baa,"(A,F,380456,5.32348e+08,5.05822e+08,25.5752,14876) ; (N,F,8971,1.23848e+07,1.17983e+07,25.7787,348) ; (N,O,742802,1.0415e+09,9.89738e+08,25.455,29181)",4,27.05,31.1,31.1,27.02,31.15,99,1,f42b7e26868818b0,(1.19305e+06),1,59.69,70.07,78.51,59.66,69.44,99,10,39c556587717b5ef,"(1866,1.8615e+06) ; (834,1.87674e+06) ; (1788,1.88089e+06)",10,40.11,44.18,38.04,40.12,44.24,99,7,65a52adaf703e663,"(AIR,8491) ; (FOB,8641) ; (MAIL,8669)",7,67.61,87.99,62.95,67.64,88.02,99,83,524ffb5903d25541,"(1992-01,3.73157e+06) ; (1992-02,9.66795e+06) ; (1992-03,1.67017e+07)",83,0.006,"OCI runtime exec failed: exec failed: unable to start container process: exec: ""java"": executable file not found in $PAT",l1tpc_mongodb_olap_micro_r1.serverlog,201.4,0.0,201.4,True,l1tpc_mongodb_olap_micro_r1.clientlog,202.5,2.3,317.6,178.4,175.7,0.0,139.4,648.9,16.6,21.9,37787602,262.6,175.1,144.3,0.0,96.2,388.5,3.1,1.0,4210163,580.2,353.5,0.0,353.5,19.7,1037.5,320.0,41997765,20260914T082645Z,,,,,,,,,,,,,,,,,,,,,,,,,,,,,,,,,,,,,,,,,,,,,,,,,,,,,,,,,,,,,,,,,,,,,,,,,,,,,,,,,,,,,,,,,,,,,,,,,,,,,,,,,,,,,,,,,,,,,,,,,,,,,,,,,,,,,,,,,,,,,,,,,,,,,,,,,,,,,,,,,,,,,,,,,,,,,,,,,,,,,,,,,,,,,,,,,,,,,,,,,,,,,,,,,,,,,,,,,,,,,,,,,,,,,,,,,,,,,,,,,,,,,,,,,,,,,,,,,,,,,,,,,,,,,,,,,,,,,,,,,,,,,,,,,,,,,,,,,,,,,,,,,,,,,,,,,,,,,,,,,,,,,,,,,,,,,,,,,,,,,,,,,,,,,,,,,,,,,,,,,,,,,,,,,,,,,,,,,,,,,,,,,,,,,,,,,,,,,,,,,,,,,,,,,,,,,,,,,,,,,,,,,,,,,,,,,,,,,,,,,,,,,,,,,,,,,,,,,,,
l1tpc_mongodb_oltp_micro_r1,,laptop,2026-10,relaxed,,l1tpc,mongodb,oltp,micro,1,sweep,0-11,client_server,8g,2026-09-14T08:59:55.799424+00:00,full+client,8g,8.0,--replSet rs0 --bind_ip_all,8589934592,0-11,sha256:41afd6e1183f57e4e4d03ab733070671fca8553da2b36f15d6e3fc9760494d17,mongo@sha256:41afd6e1183f57e4e4d03ab733070671fca8553da2b36f15d6e3fc9760494d17,8g,200.1,0.1,1.1,0,False,60175,2000,0.01,mongodb 8.2.12,2.03,"write concern w=1, j=false (journal flushed every 100 ms)",False,,,,,,,,new_order,7.2966,,,,,,,,,,,,,,,,,,,,,,,,,,,,,,,,,,,,,,,,,,,,,0.002,"OCI runtime exec failed: exec failed: unable to start container process: exec: ""java"": executable file not found in $PAT",l1tpc_mongodb_oltp_micro_r1.serverlog,201.5,0.0,201.5,True,l1tpc_mongodb_oltp_micro_r1.clientlog,202.6,2.4,331.3,175.8,175.8,0.0,145.0,413.3,24.4,145.0,7507622,209.5,190.5,154.1,0.0,4.3,9.9,0.2,4.3,9127175,540.9,366.3,0.0,366.3,24.6,423.2,329.8,16634797,20260914T085626Z,,,3.447,4.828,18e6b471902cb47a,"(0,1122,1,0) ; (1,1595,1,0) ; (10,1352,1,0)",1000,3.928,6.418,269.4,1960,9e94805a4fa3ed33,"(0,1122,1,0) ; (1,1595,1,1) ; (10,1352,1,0)",1000,1000,0.832,1.263,1000,506194c9154286fb,"(0,1777,1) ; (1,421,1) ; (10,695,1)",1000,0.959,1.496,1000,506194c9154286fb,"(0,1777,1) ; (1,421,1) ; (10,695,1)",1000,1.079,1.692,1000,8d2fbcdf2bbd208e,"(0,1777,2) ; (1,421,2) ; (10,695,2)",1000,0.989,1.467,1000,c66f25e87d9fcffd,,0,"no cold/warm split: each operation runs against an already-built, already-warm database by construction (DECISIONS #89)",,,,,,,,,,,,,,,,,,,,,,,,,,,,,,,,,,,,,,,,,,,,,,,,,,,,,,,,,,,,,,,,,,,,,,,,,,,,,,,,,,,,,,,,,,,,,,,,,,,,,,,,,,,,,,,,,,,,,,,,,,,,,,,,,,,,,,,,,,,,,,,,,,,,,,,,,,,,,,,,,,,,,,,,,,,,,,,,,,,,,,,,,,,,,,,,,,,,,,,,,,,,,,,,,,,,,,,,,,,,,,,,,,,,,,,,,,,,,,,,,,,,,,,,,,,,,,,,,,,,,,,,,,,,,,,,,,,,,,,,,,,,,,,,,,,,,,,,,,,,,,,,,,,,,,,,,,,,,,,,,,,,,,,,,,,,,,,,,,,,,,,,,,,,,,,,,,,,,,,,,,,,,,,,,,,,,,,,,,,,,,,,,,,,,,,,,,,,,,,,,,,,,,,,,,,,,,,,,,,
l1tpc_mongodb_oltp_micro_r1_dstrict,,laptop,2026-10,strict,,l1tpc,mongodb,oltp,micro,1,sweep,0-11,client_server,8g,2026-09-14T09:06:59.134755+00:00,full+client,8g,8.0,--replSet rs0 --bind_ip_all,8589934592,0-11,sha256:41afd6e1183f57e4e4d03ab733070671fca8553da2b36f15d6e3fc9760494d17,mongo@sha256:41afd6e1183f57e4e4d03ab733070671fca8553da2b36f15d6e3fc9760494d17,8g,200.1,0.1,1.1,0,False,60175,2000,0.01,mongodb 8.2.12,2.15,"write concern w=1, j=true (the journal is synced before the ack)",False,,,,,,,,new_order,8.6337,,,,,,,,,,,,,,,,,,,,,,,,,,,,,,,,,,,,,,,,,,,,,0.002,"OCI runtime exec failed: exec failed: unable to start container process: exec: ""java"": executable file not found in $PAT",l1tpc_mongodb_oltp_micro_r1_dstrict.serverlog,201.5,0.0,201.5,True,l1tpc_mongodb_oltp_micro_r1_dstrict.clientlog,202.6,2.4,330.7,177.3,177.3,0.0,145.1,411.6,82.8,145.1,9201068,206.4,187.5,150.9,0.0,4.4,10.3,0.2,4.4,9002661,537.1,364.8,0.0,364.8,83.0,421.9,328.3,18203729,20260914T090141Z,,,5.767,11.633,18e6b471902cb47a,"(0,1122,1,0) ; (1,1595,1,0) ; (10,1352,1,0)",1000,5.787,11.718,154.2,1960,9e94805a4fa3ed33,"(0,1122,1,0) ; (1,1595,1,1) ; (10,1352,1,0)",1000,1000,2.866,8.674,1000,506194c9154286fb,"(0,1777,1) ; (1,421,1) ; (10,695,1)",1000,0.933,1.27,1000,506194c9154286fb,"(0,1777,1) ; (1,421,1) ; (10,695,1)",1000,3.152,9.008,1000,8d2fbcdf2bbd208e,"(0,1777,2) ; (1,421,2) ; (10,695,2)",1000,3.241,9.127,1000,c66f25e87d9fcffd,,0,"no cold/warm split: each operation runs against an already-built, already-warm database by construction (DECISIONS #89)",,,,,,,,,,,,,,,,,,,,,,,,,,,,,,,,,,,,,,,,,,,,,,,,,,,,,,,,,,,,,,,,,,,,,,,,,,,,,,,,,,,,,,,,,,,,,,,,,,,,,,,,,,,,,,,,,,,,,,,,,,,,,,,,,,,,,,,,,,,,,,,,,,,,,,,,,,,,,,,,,,,,,,,,,,,,,,,,,,,,,,,,,,,,,,,,,,,,,,,,,,,,,,,,,,,,,,,,,,,,,,,,,,,,,,,,,,,,,,,,,,,,,,,,,,,,,,,,,,,,,,,,,,,,,,,,,,,,,,,,,,,,,,,,,,,,,,,,,,,,,,,,,,,,,,,,,,,,,,,,,,,,,,,,,,,,,,,,,,,,,,,,,,,,,,,,,,,,,,,,,,,,,,,,,,,,,,,,,,,,,,,,,,,,,,,,,,,,,,,,,,,,,,,,,,,,,,,,,,,
l1tpc_postgres_olap_micro_r1,,laptop,2026-10,relaxed,,l1tpc,postgres,olap,micro,1,sweep,0-11,client_server,8g,2026-09-14T08:28:10.060533+00:00,full+client,8g,8.0,-c synchronous_commit=off,8589934592,0-11,sha256:de1e13ca94377fa5a27aafd0e9fc200df9692b15152f0090fdf074074ea5e397,postgres@sha256:de1e13ca94377fa5a27aafd0e9fc200df9692b15152f0090fdf074074ea5e397,8g,45.3,0.1,1.1,0,False,60175,2000,0.01,PostgreSQL 17.10,0.5,synchronous_commit=off,False,100,19.79,31.46,35.87,19.77,30.98,99,q1,35.8679,4,acd923404a215baa,"(A,F,380456,5.32348e+08,5.05822e+08,25.5752,14876) ; (N,F,8971,1.23848e+07,1.17983e+07,25.7787,348) ; (N,O,742802,1.0415e+09,9.89738e+08,25.455,29181)",4,6.43,7.99,6.86,6.43,7.99,99,1,f42b7e26868818b0,(1.19305e+06),1,14.42,17.54,16.6,14.39,17.54,99,10,39c556587717b5ef,"(1866,1.8615e+06) ; (834,1.87674e+06) ; (1788,1.88089e+06)",10,15.4,19.18,16.79,15.33,19.19,99,7,65a52adaf703e663,"(AIR,8491) ; (FOB,8641) ; (MAIL,8669)",7,32.12,44.91,39.03,32.02,45.0,99,83,524ffb5903d25541,"(1992-01,3.73157e+06) ; (1992-02,9.66795e+06) ; (1992-03,1.67017e+07)",83,0.001,"OCI runtime exec failed: exec failed: unable to start container process: exec: ""java"": executable file not found in $PAT",l1tpc_postgres_olap_micro_r1.serverlog,50.9,0.0,50.9,True,l1tpc_postgres_olap_micro_r1.clientlog,52.0,6.6,127.7,6.5,4.1,19.2,109.9,132.8,162.6,101.4,10573110,159.9,145.6,140.1,0.0,14.2,39.8,0.2,12.9,2794993,287.5,152.1,19.2,171.3,162.7,172.5,144.1,13368103,20260914T082645Z,,,,,,,,,,,,,,,,,,,,,,,,,,,,,,,,,,,,,,,,,,,,,,,,,,,,,,,,,,,,,,,,,,,,,,,,,,,,,,,,,,,,,,,,,,,,,,,,,,,,,,,,,,,,,,,,,,,,,,,,,,,,,,,,,,,,,,,,,,,,,,,,,,,,,,,,,,,,,,,,,,,,,,,,,,,,,,,,,,,,,,,,,,,,,,,,,,,,,,,,,,,,,,,,,,,,,,,,,,,,,,,,,,,,,,,,,,,,,,,,,,,,,,,,,,,,,,,,,,,,,,,,,,,,,,,,,,,,,,,,,,,,,,,,,,,,,,,,,,,,,,,,,,,,,,,,,,,,,,,,,,,,,,,,,,,,,,,,,,,,,,,,,,,,,,,,,,,,,,,,,,,,,,,,,,,,,,,,,,,,,,,,,,,,,,,,,,,,,,,,,,,,,,,,,,,,,,,,,,,,,,,,,,,,,,,,,,,,,,,,,,,,,,,,,,,,,,,,,,,
l1tpc_postgres_oltp_micro_r1,,laptop,2026-10,relaxed,,l1tpc,postgres,oltp,micro,1,sweep,0-11,client_server,8g,2026-09-14T08:58:04.490603+00:00,full+client,8g,8.0,-c synchronous_commit=off,8589934592,0-11,sha256:de1e13ca94377fa5a27aafd0e9fc200df9692b15152f0090fdf074074ea5e397,postgres@sha256:de1e13ca94377fa5a27aafd0e9fc200df9692b15152f0090fdf074074ea5e397,8g,45.3,0.1,1.1,0,False,60175,2000,0.01,PostgreSQL 17.10,0.58,synchronous_commit=off,False,,,,,,,,new_order,3.8922,,,,,,,,,,,,,,,,,,,,,,,,,,,,,,,,,,,,,,,,,,,,,0.001,"OCI runtime exec failed: exec failed: unable to start container process: exec: ""java"": executable file not found in $PAT",l1tpc_postgres_oltp_micro_r1.serverlog,51.2,0.0,51.2,True,l1tpc_postgres_oltp_micro_r1.clientlog,52.3,6.9,127.8,6.4,6.4,19.3,110.5,132.9,166.5,110.5,2974429,246.7,140.8,140.8,0.0,100.6,298.9,0.2,100.6,4145664,374.5,147.2,19.3,166.5,166.7,431.8,147.2,7120093,20260914T085626Z,,,0.407,2.034,18e6b471902cb47a,"(0,1122,1,0) ; (1,1595,1,0) ; (10,1352,1,0)",1000,0.374,1.932,1860.6,1960,9e94805a4fa3ed33,"(0,1122,1,0) ; (1,1595,1,1) ; (10,1352,1,0)",1000,1000,0.176,0.527,1000,506194c9154286fb,"(0,1777,1) ; (1,421,1) ; (10,695,1)",1000,0.144,0.656,1000,506194c9154286fb,"(0,1777,1) ; (1,421,1) ; (10,695,1)",1000,0.196,0.75,1000,8d2fbcdf2bbd208e,"(0,1777,2) ; (1,421,2) ; (10,695,2)",1000,0.14,0.511,1000,c66f25e87d9fcffd,,0,"no cold/warm split: each operation runs against an already-built, already-warm database by construction (DECISIONS #89)",,,,,,,,,,,,,,,,,,,,,,,,,,,,,,,,,,,,,,,,,,,,,,,,,,,,,,,,,,,,,,,,,,,,,,,,,,,,,,,,,,,,,,,,,,,,,,,,,,,,,,,,,,,,,,,,,,,,,,,,,,,,,,,,,,,,,,,,,,,,,,,,,,,,,,,,,,,,,,,,,,,,,,,,,,,,,,,,,,,,,,,,,,,,,,,,,,,,,,,,,,,,,,,,,,,,,,,,,,,,,,,,,,,,,,,,,,,,,,,,,,,,,,,,,,,,,,,,,,,,,,,,,,,,,,,,,,,,,,,,,,,,,,,,,,,,,,,,,,,,,,,,,,,,,,,,,,,,,,,,,,,,,,,,,,,,,,,,,,,,,,,,,,,,,,,,,,,,,,,,,,,,,,,,,,,,,,,,,,,,,,,,,,,,,,,,,,,,,,,,,,,,,,,,,,,,,,,,,,,
l1tpc_postgres_oltp_micro_r1_dstrict,,laptop,2026-10,strict,synchronous_commit=on,l1tpc,postgres,oltp,micro,1,sweep,0-11,client_server,8g,2026-09-14T09:04:11.743334+00:00,full+client,8g,8.0,-c synchronous_commit=on,8589934592,0-11,sha256:de1e13ca94377fa5a27aafd0e9fc200df9692b15152f0090fdf074074ea5e397,postgres@sha256:de1e13ca94377fa5a27aafd0e9fc200df9692b15152f0090fdf074074ea5e397,8g,45.3,0.1,1.1,0,False,60175,2000,0.01,PostgreSQL 17.10,0.66,synchronous_commit=on,False,,,,,,,,new_order,4.6781,,,,,,,,,,,,,,,,,,,,,,,,,,,,,,,,,,,,,,,,,,,,,0.001,"OCI runtime exec failed: exec failed: unable to start container process: exec: ""java"": executable file not found in $PAT",l1tpc_postgres_oltp_micro_r1_dstrict.serverlog,51.2,0.0,51.2,True,l1tpc_postgres_oltp_micro_r1_dstrict.clientlog,52.3,6.9,102.5,6.9,6.9,19.3,86.0,59.9,283.7,86.0,5384925,155.6,145.9,136.8,0.0,11.8,32.4,0.2,11.8,6375972,258.1,152.8,19.3,172.1,283.8,92.3,143.7,11760897,20260914T090141Z,,,3.123,5.019,18e6b471902cb47a,"(0,1122,1,0) ; (1,1595,1,0) ; (10,1352,1,0)",1000,3.271,4.932,304.0,1960,9e94805a4fa3ed33,"(0,1122,1,0) ; (1,1595,1,1) ; (10,1352,1,0)",1000,1000,2.509,3.979,1000,506194c9154286fb,"(0,1777,1) ; (1,421,1) ; (10,695,1)",1000,0.18,0.995,1000,506194c9154286fb,"(0,1777,1) ; (1,421,1) ; (10,695,1)",1000,2.646,5.778,1000,8d2fbcdf2bbd208e,"(0,1777,2) ; (1,421,2) ; (10,695,2)",1000,2.424,3.888,1000,c66f25e87d9fcffd,,0,"no cold/warm split: each operation runs against an already-built, already-warm database by construction (DECISIONS #89)",,,,,,,,,,,,,,,,,,,,,,,,,,,,,,,,,,,,,,,,,,,,,,,,,,,,,,,,,,,,,,,,,,,,,,,,,,,,,,,,,,,,,,,,,,,,,,,,,,,,,,,,,,,,,,,,,,,,,,,,,,,,,,,,,,,,,,,,,,,,,,,,,,,,,,,,,,,,,,,,,,,,,,,,,,,,,,,,,,,,,,,,,,,,,,,,,,,,,,,,,,,,,,,,,,,,,,,,,,,,,,,,,,,,,,,,,,,,,,,,,,,,,,,,,,,,,,,,,,,,,,,,,,,,,,,,,,,,,,,,,,,,,,,,,,,,,,,,,,,,,,,,,,,,,,,,,,,,,,,,,,,,,,,,,,,,,,,,,,,,,,,,,,,,,,,,,,,,,,,,,,,,,,,,,,,,,,,,,,,,,,,,,,,,,,,,,,,,,,,,,,,,,,,,,,,,,,,,,,,
l1tpc_postgres_tuned_olap_micro_r1,,laptop,2026-10,relaxed,,l1tpc,postgres_tuned,olap,micro,1,sweep,0-11,client_server,8g,2026-09-14T08:50:51.298377+00:00,full+client,8g,8.0,-c synchronous_commit=off -c shared_buffers=2GB -c effective_cache_size=6GB -c work_mem=64MB -c maintenance_work_mem=1GB -c max_wal_size=4GB,8589934592,0-11,sha256:de1e13ca94377fa5a27aafd0e9fc200df9692b15152f0090fdf074074ea5e397,postgres@sha256:de1e13ca94377fa5a27aafd0e9fc200df9692b15152f0090fdf074074ea5e397,8g,45.3,0.1,1.1,0,False,60175,2000,0.01,PostgreSQL 17.10,0.68,synchronous_commit=off,False,100,28.25,34.16,34.59,28.2,33.73,99,q1,34.5899,4,acd923404a215baa,"(A,F,380456,5.32348e+08,5.05822e+08,25.5752,14876) ; (N,F,8971,1.23848e+07,1.17983e+07,25.7787,348) ; (N,O,742802,1.0415e+09,9.89738e+08,25.455,29181)",4,9.23,12.76,12.76,9.23,12.15,99,1,f42b7e26868818b0,(1.19305e+06),1,19.64,26.68,28.66,19.63,26.65,99,10,39c556587717b5ef,"(1866,1.8615e+06) ; (834,1.87674e+06) ; (1788,1.88089e+06)",10,18.37,21.95,22.45,18.37,21.89,99,7,65a52adaf703e663,"(AIR,8491) ; (FOB,8641) ; (MAIL,8669)",7,37.16,42.34,43.6,37.15,42.22,99,83,524ffb5903d25541,"(1992-01,3.73157e+06) ; (1992-02,9.66795e+06) ; (1992-03,1.67017e+07)",83,0.003,"OCI runtime exec failed: exec failed: unable to start container process: exec: ""java"": executable file not found in $PAT",l1tpc_postgres_tuned_olap_micro_r1.serverlog,50.9,0.0,50.9,True,l1tpc_postgres_tuned_olap_micro_r1.clientlog,52.0,6.6,175.6,6.8,4.1,70.8,134.2,182.2,162.6,83.1,13013661,252.8,142.1,142.1,0.0,91.5,368.7,2.9,1.1,3452197,428.4,148.8,70.8,219.6,165.5,550.9,146.2,16465858,20260914T082645Z,,,,,,,,,,,,,,,,,,,,,,,,,,,,,,,,,,,,,,,,,,,,,,,,,,,,,,,,,,,,,,,,,,,,,,,,,,,,,,,,,,,,,,,,,,,,,,,,,,,,,,,,,,,,,,,,,,,,,,,,,,,,,,,,,,,,,,,,,,,,,,,,,,,,,,,,,,,,,,,,,,,,,,,,,,,,,,,,,,,,,,,,,,,,,,,,,,,,,,,,,,,,,,,,,,,,,,,,,,,,,,,,,,,,,,,,,,,,,,,,,,,,,,,,,,,,,,,,,,,,,,,,,,,,,,,,,,,,,,,,,,,,,,,,,,,,,,,,,,,,,,,,,,,,,,,,,,,,,,,,,,,,,,,,,,,,,,,,,,,,,,,,,,,,,,,,,,,,,,,,,,,,,,,,,,,,,,,,,,,,,,,,,,,,,,,,,,,,,,,,,,,,,,,,,,,,,,,,,,,,,,,,,,,,,,,,,,,,,,,,,,,,,,,,,,,,,,,,,,,
l1tpc_postgres_tuned_oltp_micro_r1,,laptop,2026-10,relaxed,,l1tpc,postgres_tuned,oltp,micro,1,sweep,0-11,client_server,8g,2026-09-14T08:59:42.721553+00:00,full+client,8g,8.0,-c synchronous_commit=off -c shared_buffers=2GB -c effective_cache_size=6GB -c work_mem=64MB -c maintenance_work_mem=1GB -c max_wal_size=4GB,8589934592,0-11,sha256:de1e13ca94377fa5a27aafd0e9fc200df9692b15152f0090fdf074074ea5e397,postgres@sha256:de1e13ca94377fa5a27aafd0e9fc200df9692b15152f0090fdf074074ea5e397,8g,45.3,0.1,1.1,0,False,60175,2000,0.01,PostgreSQL 17.10,0.6,synchronous_commit=off,False,,,,,,,,new_order,4.2831,,,,,,,,,,,,,,,,,,,,,,,,,,,,,,,,,,,,,,,,,,,,,0.001,"OCI runtime exec failed: exec failed: unable to start container process: exec: ""java"": executable file not found in $PAT",l1tpc_postgres_tuned_oltp_micro_r1.serverlog,51.2,0.0,51.2,True,l1tpc_postgres_tuned_oltp_micro_r1.clientlog,52.3,6.9,134.9,6.3,4.1,70.9,117.2,0.1,166.5,117.2,3180858,157.7,147.9,140.9,0.0,1.0,0.0,0.2,1.0,3776694,292.6,154.3,70.9,225.2,166.7,0.1,145.0,6957552,20260914T085626Z,,,0.394,2.215,18e6b471902cb47a,"(0,1122,1,0) ; (1,1595,1,0) ; (10,1352,1,0)",1000,0.36,1.391,1987.3,1960,9e94805a4fa3ed33,"(0,1122,1,0) ; (1,1595,1,1) ; (10,1352,1,0)",1000,1000,0.18,0.568,1000,506194c9154286fb,"(0,1777,1) ; (1,421,1) ; (10,695,1)",1000,0.188,0.598,1000,506194c9154286fb,"(0,1777,1) ; (1,421,1) ; (10,695,1)",1000,0.205,0.79,1000,8d2fbcdf2bbd208e,"(0,1777,2) ; (1,421,2) ; (10,695,2)",1000,0.135,0.505,1000,c66f25e87d9fcffd,,0,"no cold/warm split: each operation runs against an already-built, already-warm database by construction (DECISIONS #89)",,,,,,,,,,,,,,,,,,,,,,,,,,,,,,,,,,,,,,,,,,,,,,,,,,,,,,,,,,,,,,,,,,,,,,,,,,,,,,,,,,,,,,,,,,,,,,,,,,,,,,,,,,,,,,,,,,,,,,,,,,,,,,,,,,,,,,,,,,,,,,,,,,,,,,,,,,,,,,,,,,,,,,,,,,,,,,,,,,,,,,,,,,,,,,,,,,,,,,,,,,,,,,,,,,,,,,,,,,,,,,,,,,,,,,,,,,,,,,,,,,,,,,,,,,,,,,,,,,,,,,,,,,,,,,,,,,,,,,,,,,,,,,,,,,,,,,,,,,,,,,,,,,,,,,,,,,,,,,,,,,,,,,,,,,,,,,,,,,,,,,,,,,,,,,,,,,,,,,,,,,,,,,,,,,,,,,,,,,,,,,,,,,,,,,,,,,,,,,,,,,,,,,,,,,,,,,,,,,,
l1tpc_postgres_tuned_oltp_micro_r1_dstrict,,laptop,2026-10,strict,synchronous_commit=on,l1tpc,postgres_tuned,oltp,micro,1,sweep,0-11,client_server,8g,2026-09-14T09:06:33.226063+00:00,full+client,8g,8.0,-c synchronous_commit=on -c shared_buffers=2GB -c effective_cache_size=6GB -c work_mem=64MB -c maintenance_work_mem=1GB -c max_wal_size=4GB,8589934592,0-11,sha256:de1e13ca94377fa5a27aafd0e9fc200df9692b15152f0090fdf074074ea5e397,postgres@sha256:de1e13ca94377fa5a27aafd0e9fc200df9692b15152f0090fdf074074ea5e397,8g,45.3,0.1,1.1,0,False,60175,2000,0.01,PostgreSQL 17.10,0.62,synchronous_commit=on,False,,,,,,,,new_order,4.4489,,,,,,,,,,,,,,,,,,,,,,,,,,,,,,,,,,,,,,,,,,,,,0.001,"OCI runtime exec failed: exec failed: unable to start container process: exec: ""java"": executable file not found in $PAT",l1tpc_postgres_tuned_oltp_micro_r1_dstrict.serverlog,51.2,0.0,51.2,True,l1tpc_postgres_tuned_oltp_micro_r1_dstrict.clientlog,52.3,6.9,177.7,6.3,4.1,70.9,160.2,127.3,283.6,160.2,4882720,254.9,148.4,144.9,0.0,105.1,312.3,0.2,105.1,6242083,432.6,154.7,70.9,225.6,283.8,439.6,149.0,11124803,20260914T090141Z,,,2.895,4.652,18e6b471902cb47a,"(0,1122,1,0) ; (1,1595,1,0) ; (10,1352,1,0)",1000,3.148,4.696,320.6,1960,9e94805a4fa3ed33,"(0,1122,1,0) ; (1,1595,1,1) ; (10,1352,1,0)",1000,1000,2.386,3.669,1000,506194c9154286fb,"(0,1777,1) ; (1,421,1) ; (10,695,1)",1000,0.182,0.675,1000,506194c9154286fb,"(0,1777,1) ; (1,421,1) ; (10,695,1)",1000,2.588,4.05,1000,8d2fbcdf2bbd208e,"(0,1777,2) ; (1,421,2) ; (10,695,2)",1000,2.564,4.205,1000,c66f25e87d9fcffd,,0,"no cold/warm split: each operation runs against an already-built, already-warm database by construction (DECISIONS #89)",,,,,,,,,,,,,,,,,,,,,,,,,,,,,,,,,,,,,,,,,,,,,,,,,,,,,,,,,,,,,,,,,,,,,,,,,,,,,,,,,,,,,,,,,,,,,,,,,,,,,,,,,,,,,,,,,,,,,,,,,,,,,,,,,,,,,,,,,,,,,,,,,,,,,,,,,,,,,,,,,,,,,,,,,,,,,,,,,,,,,,,,,,,,,,,,,,,,,,,,,,,,,,,,,,,,,,,,,,,,,,,,,,,,,,,,,,,,,,,,,,,,,,,,,,,,,,,,,,,,,,,,,,,,,,,,,,,,,,,,,,,,,,,,,,,,,,,,,,,,,,,,,,,,,,,,,,,,,,,,,,,,,,,,,,,,,,,,,,,,,,,,,,,,,,,,,,,,,,,,,,,,,,,,,,,,,,,,,,,,,,,,,,,,,,,,,,,,,,,,,,,,,,,,,,,,,,,,,,,
l1tpc_sqlite_olap_micro_r1,,laptop,2026-10,relaxed,,l1tpc,sqlite,olap,micro,1,sweep,0-11,embedded,8g,2026-09-14T08:27:37.873577+00:00,,,,,,,,,,,0.1,4.7,0,False,60175,2000,0.01,sqlite 3.46.1,0.58,"WAL, synchronous=NORMAL: synced at checkpoint, not at commit",False,100,96.65,115.0,112.1,96.54,115.15,99,q1,112.1019,4,acd923404a215baa,"(A,F,380456,5.32348e+08,5.05822e+08,25.5752,14876) ; (N,F,8971,1.23848e+07,1.17983e+07,25.7787,348) ; (N,O,742802,1.0415e+09,9.89738e+08,25.455,29181)",4,7.97,9.39,8.09,7.97,9.4,99,1,f42b7e26868818b0,(1.19305e+06),1,44.85,57.9,38.86,44.87,58.01,99,10,39c556587717b5ef,"(1866,1.8615e+06) ; (834,1.87674e+06) ; (1788,1.88089e+06)",10,28.23,34.2,32.96,28.2,34.2,99,7,65a52adaf703e663,"(AIR,8491) ; (FOB,8641) ; (MAIL,8669)",7,49.86,60.09,51.72,49.74,60.13,99,83,524ffb5903d25541,"(1992-01,3.73157e+06) ; (1992-02,9.66795e+06) ; (1992-03,1.67017e+07)",83,0.012,,,,,,,l1tpc_sqlite_olap_micro_r1.clientlog,4.7,4.6,,,,,,,,,,261.5,144.3,0.0,0.0,111.9,303.6,25.5,104.0,25774266,261.5,144.3,0.0,144.3,25.5,303.6,0.0,25774266,20260914T082645Z,,,,,,,,,,,,,,,,,,,,,,,,,,,,,,,,,,,,,,,,,,,,,,,,,,,,,,,,,,,,,,,,,,,,,,,,,,,,,,,,,,,,,,,,,,,,,,,,,,,,,,,,,,,,,,,,,,,,,,,,,,,,,,,,,,,,,,,,,,,,,,,,,,,,,,,,,,,,,,,,,,,,,,,,,,,,,,,,,,,,,,,,,,,,,,,,,,,,,,,,,,,,,,,,,,,,,,,,,,,,,,,,,,,,,,,,,,,,,,,,,,,,,,,,,,,,,,,,,,,,,,,,,,,,,,,,,,,,,,,,,,,,,,,,,,,,,,,,,,,,,,,,,,,,,,,,,,,,,,,,,,,,,,,,,,,,,,,,,,,,,,,,,,,,,,,,,,,,,,,,,,,,,,,,,,,,,,,,,,,,,,,,,,,,,,,,,,,,,,,,,,,,,,,,,,,,,,,,,,,,,,,,,,,,,,,,,,,,,,,,,,,,,,,,,,,,,,,,,,,
l1tpc_sqlite_oltp_micro_r1,,laptop,2026-10,relaxed,,l1tpc,sqlite,oltp,micro,1,sweep,0-11,embedded,8g,2026-09-14T08:57:14.298860+00:00,,,,,,,,,,,0.1,4.7,0,False,60175,2000,0.01,sqlite 3.46.1,0.62,"WAL, synchronous=NORMAL: synced at checkpoint, not at commit",False,,,,,,,,new_order,1.4427,,,,,,,,,,,,,,,,,,,,,,,,,,,,,,,,,,,,,,,,,,,,,0.007,,,,,,,l1tpc_sqlite_oltp_micro_r1.clientlog,4.7,4.6,,,,,,,,,,181.7,150.3,140.2,0.0,30.3,64.2,73.2,30.3,2830633,181.7,150.3,0.0,150.3,73.2,64.2,140.2,2830633,20260914T085626Z,,,0.04,0.066,18e6b471902cb47a,"(0,1122,1,0) ; (1,1595,1,0) ; (10,1352,1,0)",1000,0.032,0.053,18626.8,1960,9e94805a4fa3ed33,"(0,1122,1,0) ; (1,1595,1,1) ; (10,1352,1,0)",1000,1000,0.018,0.037,1000,506194c9154286fb,"(0,1777,1) ; (1,421,1) ; (10,695,1)",1000,0.007,0.01,1000,506194c9154286fb,"(0,1777,1) ; (1,421,1) ; (10,695,1)",1000,0.017,0.027,1000,8d2fbcdf2bbd208e,"(0,1777,2) ; (1,421,2) ; (10,695,2)",1000,0.022,0.05,1000,c66f25e87d9fcffd,,0,"no cold/warm split: each operation runs against an already-built, already-warm database by construction (DECISIONS #89)",,,,,,,,,,,,,,,,,,,,,,,,,,,,,,,,,,,,,,,,,,,,,,,,,,,,,,,,,,,,,,,,,,,,,,,,,,,,,,,,,,,,,,,,,,,,,,,,,,,,,,,,,,,,,,,,,,,,,,,,,,,,,,,,,,,,,,,,,,,,,,,,,,,,,,,,,,,,,,,,,,,,,,,,,,,,,,,,,,,,,,,,,,,,,,,,,,,,,,,,,,,,,,,,,,,,,,,,,,,,,,,,,,,,,,,,,,,,,,,,,,,,,,,,,,,,,,,,,,,,,,,,,,,,,,,,,,,,,,,,,,,,,,,,,,,,,,,,,,,,,,,,,,,,,,,,,,,,,,,,,,,,,,,,,,,,,,,,,,,,,,,,,,,,,,,,,,,,,,,,,,,,,,,,,,,,,,,,,,,,,,,,,,,,,,,,,,,,,,,,,,,,,,,,,,,,,,,,,,,
l1tpc_sqlite_oltp_micro_r1_dstrict,,laptop,2026-10,strict,,l1tpc,sqlite,oltp,micro,1,sweep,0-11,embedded,8g,2026-09-14T09:03:11.746781+00:00,,,,,,,,,,,0.1,4.7,0,False,60175,2000,0.01,sqlite 3.46.1,0.68,"WAL, synchronous=FULL: synced at every commit",False,,,,,,,,new_order,3.9039,,,,,,,,,,,,,,,,,,,,,,,,,,,,,,,,,,,,,,,,,,,,,0.005,,,,,,,l1tpc_sqlite_oltp_micro_r1_dstrict.clientlog,4.7,4.6,,,,,,,,,,172.2,139.8,134.3,0.0,25.9,51.0,161.6,25.9,3933006,172.2,139.8,0.0,139.8,161.6,51.0,134.3,3933006,20260914T090141Z,,,1.493,2.718,18e6b471902cb47a,"(0,1122,1,0) ; (1,1595,1,0) ; (10,1352,1,0)",1000,1.478,2.806,586.2,1960,9e94805a4fa3ed33,"(0,1122,1,0) ; (1,1595,1,1) ; (10,1352,1,0)",1000,1000,1.406,2.652,1000,506194c9154286fb,"(0,1777,1) ; (1,421,1) ; (10,695,1)",1000,0.008,0.018,1000,506194c9154286fb,"(0,1777,1) ; (1,421,1) ; (10,695,1)",1000,1.401,7.606,1000,8d2fbcdf2bbd208e,"(0,1777,2) ; (1,421,2) ; (10,695,2)",1000,1.426,2.634,1000,c66f25e87d9fcffd,,0,"no cold/warm split: each operation runs against an already-built, already-warm database by construction (DECISIONS #89)",,,,,,,,,,,,,,,,,,,,,,,,,,,,,,,,,,,,,,,,,,,,,,,,,,,,,,,,,,,,,,,,,,,,,,,,,,,,,,,,,,,,,,,,,,,,,,,,,,,,,,,,,,,,,,,,,,,,,,,,,,,,,,,,,,,,,,,,,,,,,,,,,,,,,,,,,,,,,,,,,,,,,,,,,,,,,,,,,,,,,,,,,,,,,,,,,,,,,,,,,,,,,,,,,,,,,,,,,,,,,,,,,,,,,,,,,,,,,,,,,,,,,,,,,,,,,,,,,,,,,,,,,,,,,,,,,,,,,,,,,,,,,,,,,,,,,,,,,,,,,,,,,,,,,,,,,,,,,,,,,,,,,,,,,,,,,,,,,,,,,,,,,,,,,,,,,,,,,,,,,,,,,,,,,,,,,,,,,,,,,,,,,,,,,,,,,,,,,,,,,,,,,,,,,,,,,,,,,,,
l1tpc_surrealdb_tpc_olap_micro_r1,,laptop,2026-10,relaxed,,l1tpc,surrealdb_tpc,olap,micro,1,sweep,0-11,embedded,8g,2026-09-14T08:28:29.715078+00:00,,,,,,,,,,,0.1,28.0,0,False,60175,2000,0.01,surrealdb-embedded:2.3.10 (sdk 2.0.0),10.83,"SurrealKV, SURREAL_SYNC_DATA unset (the default): no sync at commit",False,100,4411.22,4984.68,4485.4,4405.3,4986.59,99,q1,4485.4021,4,acd923404a215baa,"(A,F,380456,5.32348e+08,5.05822e+08,25.5752,14876) ; (N,F,8971,1.23848e+07,1.17983e+07,25.7787,348) ; (N,O,742802,1.0415e+09,9.89738e+08,25.455,29181)",4,486.42,592.47,378.31,486.43,592.6,99,1,f42b7e26868818b0,(1.19305e+06),1,2498.57,2825.2,2796.01,2496.55,2825.2,99,10,39c556587717b5ef,"(1866,1.8615e+06) ; (834,1.87674e+06) ; (1788,1.88089e+06)",10,1566.24,1760.94,1492.8,1567.75,1762.07,99,7,65a52adaf703e663,"(AIR,8491) ; (FOB,8641) ; (MAIL,8669)",7,2925.79,3266.4,2724.9,2929.05,3270.34,99,83,524ffb5903d25541,"(1992-01,3.73157e+06) ; (1992-02,9.66795e+06) ; (1992-03,1.67017e+07)",83,0.003,,,,,,,l1tpc_surrealdb_tpc_olap_micro_r1.clientlog,28.0,27.9,,,,,,,,,,395.4,351.0,351.0,0.0,80.6,3988.6,83.6,2.8,1182008598,395.4,351.0,0.0,351.0,83.6,3988.6,351.0,1182008598,20260914T082645Z,,,,,,,,,,,,,,,,,,,,,,,,,,,,,,,,,,,,,,,,,,,,,,,,,,,,,,,,,,,,,,,,,,,,,,,,,,,,,,,,,,,,,,,,,,,,,,,,,,,,,,,,,,,,,,,,,,,,,,,,,,,,,,,,,,,,,,,,,,,,,,,,,,,,,,,,,,,,,,,,,,,,,,,,,,,,,,,,,,,,,,,,,,,,,,,,,,,,,,,,,,,,,,,,,,,,,,,,,,,,,,,,,,,,,,,,,,,,,,,,,,,,,,,,,,,,,,,,,,,,,,,,,,,,,,,,,,,,,,,,,,,,,,,,,,,,,,,,,,,,,,,,,,,,,,,,,,,,,,,,,,,,,,,,,,,,,,,,,,,,,,,,,,,,,,,,,,,,,,,,,,,,,,,,,,,,,,,,,,,,,,,,,,,,,,,,,,,,,,,,,,,,,,,,,,,,,,,,,,,,,,,,,,,,,,,,,,,,,,,,,,,,,,,,,,,,,,,,,,,
l1tpc_surrealdb_tpc_oltp_micro_r1,,laptop,2026-10,relaxed,,l1tpc,surrealdb_tpc,oltp,micro,1,sweep,0-11,embedded,8g,2026-09-14T08:58:18.287408+00:00,,,,,,,,,,,0.1,28.8,0,False,60175,2000,0.01,surrealdb-embedded:2.3.10 (sdk 2.0.0),12.41,"SurrealKV, SURREAL_SYNC_DATA unset (the default): no sync at commit",False,,,,,,,,new_order,2.8921,,,,,,,,,,,,,,,,,,,,,,,,,,,,,,,,,,,,,,,,,,,,,0.001,,,,,,,l1tpc_surrealdb_tpc_oltp_micro_r1.clientlog,28.8,28.7,,,,,,,,,,369.3,298.3,295.9,0.0,55.3,80.3,0.2,55.3,18721213,369.3,298.3,0.0,298.3,0.2,80.3,295.9,18721213,20260914T085626Z,,,0.98,1.397,18e6b471902cb47a,"(0,1122,1,0) ; (1,1595,1,0) ; (10,1352,1,0)",1000,0.947,1.297,1039.4,1960,9e94805a4fa3ed33,"(0,1122,1,0) ; (1,1595,1,1) ; (10,1352,1,0)",1000,1000,0.633,0.963,1000,506194c9154286fb,"(0,1777,1) ; (1,421,1) ; (10,695,1)",1000,0.209,0.303,1000,506194c9154286fb,"(0,1777,1) ; (1,421,1) ; (10,695,1)",1000,0.673,1.004,1000,8d2fbcdf2bbd208e,"(0,1777,2) ; (1,421,2) ; (10,695,2)",1000,0.756,1.215,1000,c66f25e87d9fcffd,,0,"no cold/warm split: each operation runs against an already-built, already-warm database by construction (DECISIONS #89)",,,,,,,,,,,,,,,,,,,,,,,,,,,,,,,,,,,,,,,,,,,,,,,,,,,,,,,,,,,,,,,,,,,,,,,,,,,,,,,,,,,,,,,,,,,,,,,,,,,,,,,,,,,,,,,,,,,,,,,,,,,,,,,,,,,,,,,,,,,,,,,,,,,,,,,,,,,,,,,,,,,,,,,,,,,,,,,,,,,,,,,,,,,,,,,,,,,,,,,,,,,,,,,,,,,,,,,,,,,,,,,,,,,,,,,,,,,,,,,,,,,,,,,,,,,,,,,,,,,,,,,,,,,,,,,,,,,,,,,,,,,,,,,,,,,,,,,,,,,,,,,,,,,,,,,,,,,,,,,,,,,,,,,,,,,,,,,,,,,,,,,,,,,,,,,,,,,,,,,,,,,,,,,,,,,,,,,,,,,,,,,,,,,,,,,,,,,,,,,,,,,,,,,,,,,,,,,,,,,
l1tpc_surrealdb_tpc_oltp_micro_r1_dstrict,,laptop,2026-10,strict,,l1tpc,surrealdb_tpc,oltp,micro,1,sweep,0-11,embedded,8g,2026-09-14T09:04:38.139414+00:00,,,,,,,,,,,0.1,28.8,0,False,60175,2000,0.01,surrealdb-embedded:2.3.10 (sdk 2.0.0),12.83,"SurrealKV, SURREAL_SYNC_DATA=true: sync at commit",False,,,,,,,,new_order,10.6239,,,,,,,,,,,,,,,,,,,,,,,,,,,,,,,,,,,,,,,,,,,,,0.001,,,,,,,l1tpc_surrealdb_tpc_oltp_micro_r1_dstrict.clientlog,28.8,28.7,,,,,,,,,,361.4,297.3,291.8,0.0,51.1,68.4,144.6,16.2,21518257,361.4,297.3,0.0,297.3,144.6,68.4,291.8,21518257,20260914T090141Z,,,7.507,9.504,18e6b471902cb47a,"(0,1122,1,0) ; (1,1595,1,0) ; (10,1352,1,0)",1000,7.345,9.458,134.7,1960,9e94805a4fa3ed33,"(0,1122,1,0) ; (1,1595,1,1) ; (10,1352,1,0)",1000,1000,7.064,10.259,1000,506194c9154286fb,"(0,1777,1) ; (1,421,1) ; (10,695,1)",1000,0.156,0.189,1000,506194c9154286fb,"(0,1777,1) ; (1,421,1) ; (10,695,1)",1000,7.078,9.008,1000,8d2fbcdf2bbd208e,"(0,1777,2) ; (1,421,2) ; (10,695,2)",1000,7.067,10.415,1000,c66f25e87d9fcffd,,0,"no cold/warm split: each operation runs against an already-built, already-warm database by construction (DECISIONS #89)",,,,,,,,,,,,,,,,,,,,,,,,,,,,,,,,,,,,,,,,,,,,,,,,,,,,,,,,,,,,,,,,,,,,,,,,,,,,,,,,,,,,,,,,,,,,,,,,,,,,,,,,,,,,,,,,,,,,,,,,,,,,,,,,,,,,,,,,,,,,,,,,,,,,,,,,,,,,,,,,,,,,,,,,,,,,,,,,,,,,,,,,,,,,,,,,,,,,,,,,,,,,,,,,,,,,,,,,,,,,,,,,,,,,,,,,,,,,,,,,,,,,,,,,,,,,,,,,,,,,,,,,,,,,,,,,,,,,,,,,,,,,,,,,,,,,,,,,,,,,,,,,,,,,,,,,,,,,,,,,,,,,,,,,,,,,,,,,,,,,,,,,,,,,,,,,,,,,,,,,,,,,,,,,,,,,,,,,,,,,,,,,,,,,,,,,,,,,,,,,,,,,,,,,,,,,,,,,,,,
l1tpc_surrealdb_tpc_server_olap_micro_r1,,laptop,2026-10,relaxed,,l1tpc,surrealdb_tpc_server,olap,micro,1,sweep,0-11,client_server,8g,2026-09-14T08:48:24.228504+00:00,full+client,8g,8.0,start --user root --pass root --log info rocksdb:/tmp/surreal/db,8589934592,0-11,sha256:6a5002363ff5b000b72a55f985203e951e3175e578002954b0e38f113e48a698,surrealdb/surrealdb@sha256:6a5002363ff5b000b72a55f985203e951e3175e578002954b0e38f113e48a698,8g,74.4,0.1,1.2,0,False,60175,2000,0.01,surrealdb-server:3.2.4+20260803.93ab219,8.92,RocksDB at the engine default; SurrealDB 3.2.4 exposes no sync setting and the behaviour at commit is not verified,True,100,534.39,630.51,620.29,534.19,630.57,99,q1,620.2943,4,acd923404a215baa,"(A,F,380456,5.32348e+08,5.05822e+08,25.5752,14876) ; (N,F,8971,1.23848e+07,1.17983e+07,25.7787,348) ; (N,O,742802,1.0415e+09,9.89738e+08,25.455,29181)",4,80.11,91.72,75.45,80.26,91.8,99,1,f42b7e26868818b0,(1.19305e+06),1,211.6,273.95,229.45,211.54,274.07,99,10,39c556587717b5ef,"(1866,1.8615e+06) ; (834,1.87674e+06) ; (1788,1.88089e+06)",10,190.68,238.18,198.02,190.59,238.46,99,7,65a52adaf703e663,"(AIR,8491) ; (FOB,8641) ; (MAIL,8669)",7,210.04,258.63,230.0,210.02,259.17,99,83,524ffb5903d25541,"(1992-01,3.73157e+06) ; (1992-02,9.66795e+06) ; (1992-03,1.67017e+07)",83,0.005,"OCI runtime exec failed: exec failed: unable to start container process: exec: ""java"": executable file not found in $PAT",l1tpc_surrealdb_tpc_server_olap_micro_r1.serverlog,74.4,74.4,0.0,True,l1tpc_surrealdb_tpc_server_olap_micro_r1.clientlog,75.6,1.1,359.7,323.0,190.7,0.0,73.4,1259.3,93.0,7.5,153980815,262.4,173.2,157.6,0.0,103.7,461.2,3.4,1.0,7156775,622.1,496.3,0.0,496.3,96.4,1720.5,348.2,161137590,20260914T082645Z,,,,,,,,,,,,,,,,,,,,,,,,,,,,,,,,,,,,,,,,,,,,,,,,,,,,,,,,,,,,,,,,,,,,,,,,,,,,,,,,,,,,,,,,,,,,,,,,,,,,,,,,,,,,,,,,,,,,,,,,,,,,,,,,,,,,,,,,,,,,,,,,,,,,,,,,,,,,,,,,,,,,,,,,,,,,,,,,,,,,,,,,,,,,,,,,,,,,,,,,,,,,,,,,,,,,,,,,,,,,,,,,,,,,,,,,,,,,,,,,,,,,,,,,,,,,,,,,,,,,,,,,,,,,,,,,,,,,,,,,,,,,,,,,,,,,,,,,,,,,,,,,,,,,,,,,,,,,,,,,,,,,,,,,,,,,,,,,,,,,,,,,,,,,,,,,,,,,,,,,,,,,,,,,,,,,,,,,,,,,,,,,,,,,,,,,,,,,,,,,,,,,,,,,,,,,,,,,,,,,,,,,,,,,,,,,,,,,,,,,,,,,,,,,,,,,,,,,,,,
l1tpc_surrealdb_tpc_server_oltp_micro_r1,,laptop,2026-10,relaxed,,l1tpc,surrealdb_tpc_server,oltp,micro,1,sweep,0-11,client_server,8g,2026-09-14T08:58:38.019323+00:00,full+client,8g,8.0,start --user root --pass root --log info rocksdb:/tmp/surreal/db,8589934592,0-11,sha256:6a5002363ff5b000b72a55f985203e951e3175e578002954b0e38f113e48a698,surrealdb/surrealdb@sha256:6a5002363ff5b000b72a55f985203e951e3175e578002954b0e38f113e48a698,8g,74.4,0.1,1.2,0,False,60175,2000,0.01,surrealdb-server:3.2.4+20260803.93ab219,8.5,RocksDB at the engine default; SurrealDB 3.2.4 exposes no sync setting and the behaviour at commit is not verified,True,,,,,,,,new_order,27.2125,,,,,,,,,,,,,,,,,,,,,,,,,,,,,,,,,,,,,,,,,,,,,0.002,"OCI runtime exec failed: exec failed: unable to start container process: exec: ""java"": executable file not found in $PAT",l1tpc_surrealdb_tpc_server_oltp_micro_r1.serverlog,74.4,74.4,0.0,True,l1tpc_surrealdb_tpc_server_oltp_micro_r1.clientlog,75.6,1.1,415.0,304.1,158.4,0.0,108.0,229.6,153.8,108.0,15766466,179.4,173.1,154.6,0.0,1.2,0.1,3.4,1.2,10822479,594.4,477.2,0.0,477.2,157.2,229.6,313.0,26588945,20260914T085626Z,,,8.693,11.128,18e6b471902cb47a,"(0,1122,1,0) ; (1,1595,1,0) ; (10,1352,1,0)",1000,8.704,11.887,114.5,1960,9e94805a4fa3ed33,"(0,1122,1,0) ; (1,1595,1,1) ; (10,1352,1,0)",1000,1000,7.901,10.98,1000,506194c9154286fb,"(0,1777,1) ; (1,421,1) ; (10,695,1)",1000,1.18,1.778,1000,506194c9154286fb,"(0,1777,1) ; (1,421,1) ; (10,695,1)",1000,7.945,9.642,1000,8d2fbcdf2bbd208e,"(0,1777,2) ; (1,421,2) ; (10,695,2)",1000,8.908,11.094,1000,c66f25e87d9fcffd,,0,"no cold/warm split: each operation runs against an already-built, already-warm database by construction (DECISIONS #89)",,,,,,,,,,,,,,,,,,,,,,,,,,,,,,,,,,,,,,,,,,,,,,,,,,,,,,,,,,,,,,,,,,,,,,,,,,,,,,,,,,,,,,,,,,,,,,,,,,,,,,,,,,,,,,,,,,,,,,,,,,,,,,,,,,,,,,,,,,,,,,,,,,,,,,,,,,,,,,,,,,,,,,,,,,,,,,,,,,,,,,,,,,,,,,,,,,,,,,,,,,,,,,,,,,,,,,,,,,,,,,,,,,,,,,,,,,,,,,,,,,,,,,,,,,,,,,,,,,,,,,,,,,,,,,,,,,,,,,,,,,,,,,,,,,,,,,,,,,,,,,,,,,,,,,,,,,,,,,,,,,,,,,,,,,,,,,,,,,,,,,,,,,,,,,,,,,,,,,,,,,,,,,,,,,,,,,,,,,,,,,,,,,,,,,,,,,,,,,,,,,,,,,,,,,,,,,,,,,,
l1tpc_surrealdb_tpc_server_oltp_micro_r1_dstrict,,laptop,2026-10,strict,,l1tpc,surrealdb_tpc_server,oltp,micro,1,sweep,0-11,client_server,8g,2026-09-14T09:05:30.460146+00:00,full+client,8g,8.0,start --user root --pass root --log info rocksdb:/tmp/surreal/db,8589934592,0-11,sha256:6a5002363ff5b000b72a55f985203e951e3175e578002954b0e38f113e48a698,surrealdb/surrealdb@sha256:6a5002363ff5b000b72a55f985203e951e3175e578002954b0e38f113e48a698,8g,74.4,0.1,1.2,0,False,60175,2000,0.01,surrealdb-server:3.2.4+20260803.93ab219,8.15,RocksDB at the engine default; SurrealDB 3.2.4 exposes no sync setting and the behaviour at commit is not verified,True,,,,,,,,new_order,25.9874,,,,,,,,,,,,,,,,,,,,,,,,,,,,,,,,,,,,,,,,,,,,,0.002,"OCI runtime exec failed: exec failed: unable to start container process: exec: ""java"": executable file not found in $PAT",l1tpc_surrealdb_tpc_server_oltp_micro_r1_dstrict.serverlog,74.4,74.4,0.0,True,l1tpc_surrealdb_tpc_server_oltp_micro_r1_dstrict.clientlog,75.6,1.1,369.3,271.4,181.5,0.0,93.3,296.7,153.7,54.2,13501120,241.1,145.5,138.0,0.0,87.0,257.5,3.4,65.7,10211460,610.4,417.0,0.0,417.0,157.1,554.2,319.5,23712580,20260914T090141Z,,,8.171,11.091,18e6b471902cb47a,"(0,1122,1,0) ; (1,1595,1,0) ; (10,1352,1,0)",1000,8.252,18.687,119.9,1960,9e94805a4fa3ed33,"(0,1122,1,0) ; (1,1595,1,1) ; (10,1352,1,0)",1000,1000,7.752,11.1,1000,506194c9154286fb,"(0,1777,1) ; (1,421,1) ; (10,695,1)",1000,0.73,1.048,1000,506194c9154286fb,"(0,1777,1) ; (1,421,1) ; (10,695,1)",1000,7.505,10.363,1000,8d2fbcdf2bbd208e,"(0,1777,2) ; (1,421,2) ; (10,695,2)",1000,8.381,11.046,1000,c66f25e87d9fcffd,,0,"no cold/warm split: each operation runs against an already-built, already-warm database by construction (DECISIONS #89)",,,,,,,,,,,,,,,,,,,,,,,,,,,,,,,,,,,,,,,,,,,,,,,,,,,,,,,,,,,,,,,,,,,,,,,,,,,,,,,,,,,,,,,,,,,,,,,,,,,,,,,,,,,,,,,,,,,,,,,,,,,,,,,,,,,,,,,,,,,,,,,,,,,,,,,,,,,,,,,,,,,,,,,,,,,,,,,,,,,,,,,,,,,,,,,,,,,,,,,,,,,,,,,,,,,,,,,,,,,,,,,,,,,,,,,,,,,,,,,,,,,,,,,,,,,,,,,,,,,,,,,,,,,,,,,,,,,,,,,,,,,,,,,,,,,,,,,,,,,,,,,,,,,,,,,,,,,,,,,,,,,,,,,,,,,,,,,,,,,,,,,,,,,,,,,,,,,,,,,,,,,,,,,,,,,,,,,,,,,,,,,,,,,,,,,,,,,,,,,,,,,,,,,,,,,,,,,,,,,
l2_arangodb_graph_olap_micro_r1,,laptop,2026-10,relaxed,,l2,arangodb_graph,olap,micro,1,sweep,0-11,client_server,8g,2026-09-14T09:16:39.993759+00:00,full+client,8g,8.0,arangod --vector-index true,8589934592,0-11,sha256:563cb2c07af0aead37fd688b58f51d6eb534a3da6163621e130e67d7a55176c4,arangodb@sha256:563cb2c07af0aead37fd688b58f51d6eb534a3da6163621e130e67d7a55176c4,8g,0.4,0.1,0.2,0,False,,,,arangodb:3.12.11,1.25,waitForSync=false (default); RocksDB WAL synced every 100 ms,False,,,,,,,,top_degree,48.95,,,,,,,,,,,,,,,,,,,,,,,,,,,,,,,,,,,,,,,,,,,,,0.001,"OCI runtime exec failed: exec failed: unable to start container process: exec: ""java"": executable file not found in $PAT",l2_arangodb_graph_olap_micro_r1.serverlog,9.0,0.2,8.8,True,l2_arangodb_graph_olap_micro_r1.clientlog,9.2,8.7,397.6,263.0,210.9,0.0,125.1,348.2,34.1,125.1,135545150,28.0,24.4,24.0,0.0,1.1,3.1,0.3,1.1,1426137,425.5,287.4,0.0,287.4,34.4,351.2,234.9,136971287,20260914T090952Z,,,,,,,,,,,,,,,,,,,,,,,,,,,,,,,,,,,,,,,,,2000,ldbc-micro,0.299,48.95,45.0,False,28.06,34.97,35.57,29.31,26.51,100,10,28.06,35.58,100,db440b81221d1f93,"(1167,102) ; (1759,107) ; (926,122)",10,342.95,45.0,False,334.89,392.81,411.39,340.3,308.01,100,10,334.89,412.46,100,c69fae8ad15b598b,"(city_25,10) ; (city_4,10) ; (city_95,10)",10,305.47,45.0,False,319.21,391.28,452.76,329.8,291.93,100,10,319.21,453.31,100,6c34fe15e8124e86,"(city_60,55.1363,543) ; (city_32,53.6408,554) ; (city_51,53.0991,555)",10,30.85,45.0,False,30.19,37.51,39.17,31.41,28.37,100,61,30.19,39.28,100,f73f26a4c76328ca,"(1,51) ; (10,51) ; (102,1)",61,52511.03,45.0,True,52511.03,52511.03,52511.03,52511.03,52511.03,0,1,,,,df1608993cab5d29,(2776),1,True,,2000,40833,2000,,,True,no warm pass: the cold one alone exceeded the 45s budget (DECISIONS #82b),,,,,,,,,,,,,,,,,,,,,,,,,,,,,,,,,,,,,,,,,,,,,,,,,,,,,,,,,,,,,,,,,,,,,,,,,,,,,,,,,,,,,,,,,,,,,,,,,,,,,,,,,,,,,,,,,,,,,,,,,,,,,,,,,,,,,,,,,,,,,,,,,,,,,,,,,,,,,,,,,,,,,,,,,,,,,,,,,,,,,,,,,,,,,,,,,,,,,,,,,,,,,,,,,,,,,,,,,,,,,,,,,,,,,,,,,,,,,,,,,,,,,,,,,,,,,,,,,,,,,,,,,,,,,,,,,,,,,,,,,,,,,,,,,,,,,,,,,,,,,,,,,,,,,,,,,,,,,,,,,,,,,,,
l2_arangodb_graph_oltp_micro_r1,,laptop,2026-10,relaxed,,l2,arangodb_graph,oltp,micro,1,sweep,0-11,client_server,8g,2026-09-14T09:28:54.448319+00:00,full+client,8g,8.0,arangod --vector-index true,8589934592,0-11,sha256:563cb2c07af0aead37fd688b58f51d6eb534a3da6163621e130e67d7a55176c4,arangodb@sha256:563cb2c07af0aead37fd688b58f51d6eb534a3da6163621e130e67d7a55176c4,8g,0.4,0.1,0.2,0,False,,,,arangodb:3.12.11,1.19,waitForSync=false (default); RocksDB WAL synced every 100 ms,False,,,,,,,,point,3.085,,,,,,,,,,,,,,,,,,,,,,,,,,,,,,,,,,,,,,,,,,,,,0.001,"OCI runtime exec failed: exec failed: unable to start container process: exec: ""java"": executable file not found in $PAT",l2_arangodb_graph_oltp_micro_r1.serverlog,9.9,0.2,9.7,True,l2_arangodb_graph_oltp_micro_r1.clientlog,10.1,9.6,261.4,243.0,205.1,0.0,10.0,0.2,37.4,10.0,23189262,28.3,25.2,24.8,0.0,0.1,0.0,0.2,0.1,5840135,289.7,268.2,0.0,268.2,37.6,0.2,229.9,29029397,20260914T092155Z,,,,,,,,,,,,,,,,,,,,,,,,,,,,,,,,,,,,,,,,"no cold/warm split: each operation runs against an already-built, already-warm database by construction (DECISIONS #89)",2000,ldbc-micro,0.292,,,,,,,,,,,,,,,,,,,,,,,,,,,,,,,,,,,,,,,,,,,,,,,,,,,,,,,,,,,,,,,,,,,,,,,,,,,,,,,,,,,2000,40833,2000,,,,,2.619,2.896,2.952,2.644,2.899,3.015,5.77,9.173,9.899,102.293,218.537,224.253,2.647,2.805,2.821,3.47,4.745,5.136,9.914,16.179,16.696,110.558,226.889,239.123,2.619,2.952,2.644,3.015,5.77,9.899,102.293,224.253,5bac40d8b3edc792,"(person_1026,81) ; (person_1101,42) ; (person_1120,29)",50,18a8b0ebf7ac0013,"(10,58.5) ; (13,52.3846) ; (13,55.4615)",50,96ce103c94e15139,(105) ; (106) ; (14),50,c7c9983665356a0a,(1087) ; (1092) ; (1261),50,1897,1999,20,0.9485,ecf93e1780f174a9,"(1101,1925) ; (1120,1540) ; (1178,1914)",20,2.567,2.93,3.254,1000,8ac461268db63018,"(10000000,w10000000,33,city_0) ; (10000001,w10000001,33,city_0) ; (10000002,w10000002,33,city_0)",1000,2.444,2.836,3.286,1000,44c66679a82ead39,"(10000000,w10000000,44,city_0) ; (10000001,w10000001,44,city_0) ; (10000002,w10000002,44,city_0)",1000,2.772,3.141,3.456,1000,1c61013c3df4605c,,0,22.05,,,,,,,,,,,,,,,,,,,,,,,,,,,,,,,,,,,,,,,,,,,,,,,,,,,,,,,,,,,,,,,,,,,,,,,,,,,,,,,,,,,,,,,,,,,,,,,,,,,,,,,,,,,,,,,,,,,,,,,,,,,,,,,,,,,,,,,,,,,,,,,,,,,,,,,,,,,,,,,,,,,,,,,,,,,,,,,,,,,,,,,,,,,,,,,,,,,,,,,,,,,,,,,,,,,,,,,,,,,,,,,,,,,,,,,,,,,,,,,,,,,,,,,,,,,,,,
l2_arangodb_graph_oltp_micro_r1_dstrict,,laptop,2026-10,strict,,l2,arangodb_graph,oltp,micro,1,sweep,0-11,client_server,8g,2026-09-14T09:38:35.580740+00:00,full+client,8g,8.0,arangod --vector-index true,8589934592,0-11,sha256:563cb2c07af0aead37fd688b58f51d6eb534a3da6163621e130e67d7a55176c4,arangodb@sha256:563cb2c07af0aead37fd688b58f51d6eb534a3da6163621e130e67d7a55176c4,8g,0.4,0.1,0.2,0,False,,,,arangodb:3.12.11,1.34,waitForSync=true: the commit waits for the WAL sync,False,,,,,,,,point,2.9819,,,,,,,,,,,,,,,,,,,,,,,,,,,,,,,,,,,,,,,,,,,,,0.002,"OCI runtime exec failed: exec failed: unable to start container process: exec: ""java"": executable file not found in $PAT",l2_arangodb_graph_oltp_micro_r1_dstrict.serverlog,10.1,0.2,9.9,True,l2_arangodb_graph_oltp_micro_r1_dstrict.clientlog,10.3,9.8,259.0,240.9,198.2,0.0,10.5,1.1,72.3,10.5,25098410,28.2,25.2,24.8,0.0,0.1,0.0,0.3,0.1,6945867,287.2,266.1,0.0,266.1,72.6,1.1,223.0,32044277,20260914T093046Z,,,,,,,,,,,,,,,,,,,,,,,,,,,,,,,,,,,,,,,,"no cold/warm split: each operation runs against an already-built, already-warm database by construction (DECISIONS #89)",2000,ldbc-micro,0.282,,,,,,,,,,,,,,,,,,,,,,,,,,,,,,,,,,,,,,,,,,,,,,,,,,,,,,,,,,,,,,,,,,,,,,,,,,,,,,,,,,,2000,40833,2000,,,,,2.571,2.743,2.817,2.887,3.104,3.185,5.767,9.038,13.268,107.406,238.031,257.165,2.33,2.546,4.669,3.235,3.489,3.797,5.997,9.72,10.288,112.876,240.602,264.262,2.571,2.817,2.887,3.185,5.767,13.268,107.406,257.165,5bac40d8b3edc792,"(person_1026,81) ; (person_1101,42) ; (person_1120,29)",50,18a8b0ebf7ac0013,"(10,58.5) ; (13,52.3846) ; (13,55.4615)",50,96ce103c94e15139,(105) ; (106) ; (14),50,c7c9983665356a0a,(1087) ; (1092) ; (1261),50,1897,1999,20,0.9485,ecf93e1780f174a9,"(1101,1925) ; (1120,1540) ; (1178,1914)",20,9.387,11.03,12.234,1000,8ac461268db63018,"(10000000,w10000000,33,city_0) ; (10000001,w10000001,33,city_0) ; (10000002,w10000002,33,city_0)",1000,9.02,10.447,11.344,1000,44c66679a82ead39,"(10000000,w10000000,44,city_0) ; (10000001,w10000001,44,city_0) ; (10000002,w10000002,44,city_0)",1000,9.62,11.542,12.91,1000,1c61013c3df4605c,,0,42.51,,,,,,,,,,,,,,,,,,,,,,,,,,,,,,,,,,,,,,,,,,,,,,,,,,,,,,,,,,,,,,,,,,,,,,,,,,,,,,,,,,,,,,,,,,,,,,,,,,,,,,,,,,,,,,,,,,,,,,,,,,,,,,,,,,,,,,,,,,,,,,,,,,,,,,,,,,,,,,,,,,,,,,,,,,,,,,,,,,,,,,,,,,,,,,,,,,,,,,,,,,,,,,,,,,,,,,,,,,,,,,,,,,,,,,,,,,,,,,,,,,,,,,,,,,,,,,
l2_arcadedb_graph_embedded_olap_micro_r1,,laptop,2026-10,relaxed,,l2,arcadedb_graph_embedded,olap,micro,1,sweep,0-11,embedded,8g,2026-09-14T09:19:01.084273+00:00,,,,,,,,,,,0.1,3.2,0,False,,,,26.8.1,2.88,txWalFlush=0 (engine default): no flush at commit,False,,,,,,,,top_degree,340.68,,,,,,,,,,,,,,,,,,,,,,,,,,,,,,,,,,,,,,,,,,,,,0.03,,,,,,,l2_arcadedb_graph_embedded_olap_micro_r1.clientlog,3.2,3.1,,,,,,,,,,2747.3,2724.7,2724.7,0.0,12.4,9.0,28.8,6.2,81365447,2747.3,2724.7,0.0,2724.7,28.8,9.0,2724.7,81365447,20260914T090952Z,4g,,,,,,,,,,,,,,,,,,,,,,,,,,,,,,,,,,,,,,,,2000,ldbc-micro,1.7,340.68,45.0,False,6.27,10.7,12.32,6.41,3.93,100,10,6.27,12.33,100,db440b81221d1f93,"(1167,102) ; (1759,107) ; (926,122)",10,113.15,45.0,False,24.0,44.45,46.79,28.86,20.63,100,10,24.0,46.92,100,c69fae8ad15b598b,"(city_25,10) ; (city_4,10) ; (city_95,10)",10,58.79,45.0,False,25.04,59.2,67.24,32.37,21.72,100,10,25.04,67.3,100,6c34fe15e8124e86,"(city_60,55.1363,543) ; (city_32,53.6408,554) ; (city_51,53.0991,555)",10,70.28,45.0,False,16.12,33.56,50.62,19.9,13.12,100,61,16.12,50.72,100,f73f26a4c76328ca,"(1,51) ; (10,51) ; (102,1)",61,16407.37,45.0,True,16953.0,16735.87,16735.87,16953.0,16735.87,2,1,16953.0,17165.8,2,df1608993cab5d29,(2776),1,True,1.102,2000,40833,2000,,,,,,,,,,,,,,,,,,,,,,,,,,,,,,,,,,,,,,,,,,,,,,,,,,,,,,,,,,,,,,,,,,,,,,,,,,,,,,,,,,,,,,,,,,,,,,,,,,,,,,,,,,,,,,,,,,,,,,,,,,,,,,,,,,,,,,,,,,,,,,,,,,,,,,,,,,,,,,,,,,,,,,,,,,,,,,,,,,,,,,,,,,,,,,,,,,,,,,,,,,,,,,,,,,,,,,,,,,,,,,,,,,,,,,,,,,,,,,,,,,,,,,,,,,,,,,,,,,,,,,,,,,,,,,,,,,,,,,,,,,,,,,,,,,,,,,,,,,,,,,,,,,,,,,,,,,,,,,,,,,,,,,,,,,,
l2_arcadedb_graph_embedded_oltp_micro_r1,,laptop,2026-10,relaxed,,l2,arcadedb_graph_embedded,oltp,micro,1,sweep,0-11,embedded,8g,2026-09-14T09:29:31.362022+00:00,,,,,,,,,,,0.1,3.4,0,False,,,,26.8.1,1.82,txWalFlush=0 (engine default): no flush at commit,False,,,,,,,,point,228.6685,,,,,,,,,,,,,,,,,,,,,,,,,,,,,,,,,,,,,,,,,,,,,0.08,,,,,,,l2_arcadedb_graph_embedded_oltp_micro_r1.clientlog,3.4,3.3,,,,,,,,,,2069.6,1892.7,792.4,0.0,162.2,0.0,9.9,3.4,39116803,2069.6,1892.7,0.0,1892.7,9.9,0.0,792.4,39116803,20260914T092155Z,4g,,,,,,,,,,,,,,,,,,,,,,,,,,,,,,,,,,,,,,,"no cold/warm split: each operation runs against an already-built, already-warm database by construction (DECISIONS #89)",2000,ldbc-micro,1.561,,,,,,,,,,,,,,,,,,,,,,,,,,,,,,,,,,,,,,,,,,,,,,,,,,,,,,,,,,,,,,,,,,,,,,,,,,,,,,,,,,,2000,40833,2000,,,,,1.907,2.611,2.894,2.325,2.938,3.051,5.746,8.97,48.221,31.972,83.392,104.568,0.172,0.28,0.501,0.288,0.383,0.639,1.176,2.388,2.51,40.159,81.44,89.747,1.907,2.894,2.325,3.051,5.746,48.221,31.972,104.568,5bac40d8b3edc792,"(person_1026,81) ; (person_1101,42) ; (person_1120,29)",50,18a8b0ebf7ac0013,"(10,58.5) ; (13,52.3846) ; (13,55.4615)",50,96ce103c94e15139,(105) ; (106) ; (14),50,c7c9983665356a0a,(1087) ; (1092) ; (1261),50,1897,1999,20,0.9485,ecf93e1780f174a9,"(1101,1925) ; (1120,1540) ; (1178,1914)",20,1.759,2.473,2.76,1000,8ac461268db63018,"(10000000,w10000000,33,city_0) ; (10000001,w10000001,33,city_0) ; (10000002,w10000002,33,city_0)",1000,0.559,0.747,0.912,1000,44c66679a82ead39,"(10000000,w10000000,44,city_0) ; (10000001,w10000001,44,city_0) ; (10000002,w10000002,44,city_0)",1000,1.269,1.941,2.497,1000,1c61013c3df4605c,,0,9.28,,,,,,,,,,,,,,,,,,,,,,,,,,,,,,,,,,,,,,,,,,,,,,,,,,,,,,,,,,,,,,,,,,,,,,,,,,,,,,,,,,,,,,,,,,,,,,,,,,,,,,,,,,,,,,,,,,,,,,,,,,,,,,,,,,,,,,,,,,,,,,,,,,,,,,,,,,,,,,,,,,,,,,,,,,,,,,,,,,,,,,,,,,,,,,,,,,,,,,,,,,,,,,,,,,,,,,,,,,,,,,,,,,,,,,,,,,,,,,,,,,,,,,,,,,,,,,
l2_arcadedb_graph_embedded_oltp_micro_r1_dstrict,,laptop,2026-10,strict,,l2,arcadedb_graph_embedded,oltp,micro,1,sweep,0-11,embedded,8g,2026-09-14T09:39:40.538324+00:00,,,,,,,,,,,0.1,3.4,0,False,,,,26.8.1,1.91,txWalFlush=2: the WAL is flushed and synced at every commit,False,,,,,,,,point,242.6547,,,,,,,,,,,,,,,,,,,,,,,,,,,,,,,,,,,,,,,,,,,,,0.038,,,,,,,l2_arcadedb_graph_embedded_oltp_micro_r1_dstrict.clientlog,3.4,3.3,,,,,,,,,,2840.4,2729.6,1851.7,0.0,93.5,0.1,530.1,3.5,42459195,2840.4,2729.6,0.0,2729.6,530.1,0.1,1851.7,42459195,20260914T093046Z,4g,,,,,,,,,,,,,,,,,,,,,,,,,,,,,,,,,,,,,,,"no cold/warm split: each operation runs against an already-built, already-warm database by construction (DECISIONS #89)",2000,ldbc-micro,1.77,,,,,,,,,,,,,,,,,,,,,,,,,,,,,,,,,,,,,,,,,,,,,,,,,,,,,,,,,,,,,,,,,,,,,,,,,,,,,,,,,,,2000,40833,2000,,,,,1.666,2.117,2.141,2.203,2.657,2.883,3.755,8.749,47.383,32.743,75.394,91.743,0.127,0.166,0.233,0.223,0.307,0.36,1.214,2.268,2.347,38.214,73.8,105.405,1.666,2.141,2.203,2.883,3.755,47.383,32.743,91.743,5bac40d8b3edc792,"(person_1026,81) ; (person_1101,42) ; (person_1120,29)",50,18a8b0ebf7ac0013,"(10,58.5) ; (13,52.3846) ; (13,55.4615)",50,96ce103c94e15139,(105) ; (106) ; (14),50,c7c9983665356a0a,(1087) ; (1092) ; (1261),50,1897,1999,20,0.9485,ecf93e1780f174a9,"(1101,1925) ; (1120,1540) ; (1178,1914)",20,8.06,9.606,10.396,1000,8ac461268db63018,"(10000000,w10000000,33,city_0) ; (10000001,w10000001,33,city_0) ; (10000002,w10000002,33,city_0)",1000,7.19,8.421,9.226,1000,44c66679a82ead39,"(10000000,w10000000,44,city_0) ; (10000001,w10000001,44,city_0) ; (10000002,w10000002,44,city_0)",1000,8.671,10.343,11.133,1000,1c61013c3df4605c,,0,29.35,,,,,,,,,,,,,,,,,,,,,,,,,,,,,,,,,,,,,,,,,,,,,,,,,,,,,,,,,,,,,,,,,,,,,,,,,,,,,,,,,,,,,,,,,,,,,,,,,,,,,,,,,,,,,,,,,,,,,,,,,,,,,,,,,,,,,,,,,,,,,,,,,,,,,,,,,,,,,,,,,,,,,,,,,,,,,,,,,,,,,,,,,,,,,,,,,,,,,,,,,,,,,,,,,,,,,,,,,,,,,,,,,,,,,,,,,,,,,,,,,,,,,,,,,,,,,,
l2_arcadedb_graph_server_olap_micro_r1,,laptop,2026-10,relaxed,,l2,arcadedb_graph_server,olap,micro,1,sweep,0-11,client_server,8g,2026-09-14T09:09:53.299438+00:00,full+client,8g,8.0,,8589934592,0-11,sha256:49036720b1678b9c7a6dbf22fc34a812c8d7bed15508c22cbb02c0dddc0ca16a,arcadedata/arcadedb:26.8.1@sha256:49036720b1678b9c7a6dbf22fc34a812c8d7bed15508c22cbb02c0dddc0ca16a,8g,0.3,0.1,0.1,0,False,,,,server:26.8.1 (build 727aa4568cdface314ee15cd242f71d6299b2b0c/1785790932717/main),6.93,txWalFlush=0 (engine default): no flush at commit (set on the server's JAVA_OPTS by runner.py and recorded as durability_server_flags; the server exposes no read-back),False,,,,,,,,top_degree,516.78,,,,,,,,,,,,,,,,,,,,,,,,,,,,,,,,,,,,,,,,,,,,,0.001,,l2_arcadedb_graph_server_olap_micro_r1.serverlog,9.6,0.2,9.5,True,l2_arcadedb_graph_server_olap_micro_r1.clientlog,9.7,9.3,3055.2,3024.6,3009.0,0.0,17.9,24.9,29.3,17.9,135654969,23.5,21.1,20.3,0.0,0.1,0.2,0.2,0.1,1313702,3078.7,3045.6,0.0,3045.6,29.5,25.1,3029.4,136968671,20260914T090952Z,4g,4g,,,,,,,,,,,,,,,,,,,,,,,,,,,,,,,,,,,,,,,2000,ldbc-micro,21.055,516.78,45.0,False,9.63,24.57,29.13,11.71,7.24,100,10,9.63,29.14,100,db440b81221d1f93,"(1167,102) ; (1759,107) ; (926,122)",10,157.14,45.0,False,48.87,70.08,73.49,45.33,26.28,100,10,48.87,73.59,100,c69fae8ad15b598b,"(city_25,10) ; (city_4,10) ; (city_95,10)",10,53.18,45.0,False,33.0,55.63,72.21,35.09,26.32,100,10,33.0,73.02,100,6c34fe15e8124e86,"(city_60,55.1363,543) ; (city_32,53.6408,554) ; (city_51,53.0991,555)",10,34.43,45.0,False,21.08,27.0,29.19,21.41,18.05,100,61,21.08,29.2,100,f73f26a4c76328ca,"(1,51) ; (10,51) ; (102,1)",61,17617.9,45.0,True,18060.03,18040.36,18040.36,18060.03,18040.36,2,1,18060.03,18079.31,2,df1608993cab5d29,(2776),1,True,1.065,2000,40833,2000,,,,,,,,,,,,,,,,,,,,,,,,,,,,,,,,,,,,,,,,,,,,,,,,,,,,,,,,,,,,,,,,,,,,,,,,,,,,,,,,,,,,,,,,,,,,,,,,,,,,,,,,,,,,,,,,,,,,,,,,,,,,,,,,,,,,,,,,,,,,,,,,,,,,,,,,,,,,,,,,,,,,,,,,,,,,,,,,,,,,,,,,,,,,,,,,,,,,,,,,,,,,,,,,,,,,,,,,,,,,,,,,,,,,,,,,,,,,,,,,,,,,,,,,,,,,,,,,,,,,,,,,,,,,,,,,,,,,,,,,,,,,,,,,,,,,,,,,,,,,,,,,,,,,,,,,,,,,,,,,,,,,,,,,,,,
l2_arcadedb_graph_server_oltp_micro_r1,,laptop,2026-10,relaxed,,l2,arcadedb_graph_server,oltp,micro,1,sweep,0-11,client_server,8g,2026-09-14T09:21:56.223594+00:00,full+client,8g,8.0,,8589934592,0-11,sha256:49036720b1678b9c7a6dbf22fc34a812c8d7bed15508c22cbb02c0dddc0ca16a,arcadedata/arcadedb:26.8.1@sha256:49036720b1678b9c7a6dbf22fc34a812c8d7bed15508c22cbb02c0dddc0ca16a,8g,0.3,0.1,0.1,0,False,,,,server:26.8.1 (build 727aa4568cdface314ee15cd242f71d6299b2b0c/1785790932717/main),6.52,txWalFlush=0 (engine default): no flush at commit (set on the server's JAVA_OPTS by runner.py and recorded as durability_server_flags; the server exposes no read-back),False,,,,,,,,point,424.1373,,,,,,,,,,,,,,,,,,,,,,,,,,,,,,,,,,,,,,,,,,,,,0.001,,l2_arcadedb_graph_server_oltp_micro_r1.serverlog,3.5,0.2,3.3,True,l2_arcadedb_graph_server_oltp_micro_r1.clientlog,3.6,3.2,3131.3,3007.0,2973.9,0.0,117.2,104.6,251.0,38.3,97073332,23.7,21.1,20.3,0.0,0.1,0.0,0.2,0.1,5987793,3155.0,3028.1,0.0,3028.1,251.2,104.6,2994.3,103061125,20260914T092155Z,4g,4g,,,,,,,,,,,,,,,,,,,,,,,,,,,,,,,,,,,,,,"no cold/warm split: each operation runs against an already-built, already-warm database by construction (DECISIONS #89)",2000,ldbc-micro,20.513,,,,,,,,,,,,,,,,,,,,,,,,,,,,,,,,,,,,,,,,,,,,,,,,,,,,,,,,,,,,,,,,,,,,,,,,,,,,,,,,,,,2000,40833,2000,,,,,4.64,5.244,5.669,5.018,5.587,5.844,8.009,12.563,13.449,40.602,91.711,96.278,2.601,2.964,3.472,3.033,3.185,3.377,4.521,6.347,6.943,45.448,87.894,92.414,4.64,5.669,5.018,5.844,8.009,13.449,40.602,96.278,5bac40d8b3edc792,"(person_1026,81) ; (person_1101,42) ; (person_1120,29)",50,18a8b0ebf7ac0013,"(10,58.5) ; (13,52.3846) ; (13,55.4615)",50,96ce103c94e15139,(105) ; (106) ; (14),50,c7c9983665356a0a,(1087) ; (1092) ; (1261),50,1897,1999,20,0.9485,ecf93e1780f174a9,"(1101,1925) ; (1120,1540) ; (1178,1914)",20,4.155,6.181,6.847,1000,8ac461268db63018,"(10000000,w10000000,33,city_0) ; (10000001,w10000001,33,city_0) ; (10000002,w10000002,33,city_0)",1000,3.069,4.389,5.791,1000,44c66679a82ead39,"(10000000,w10000000,44,city_0) ; (10000001,w10000001,44,city_0) ; (10000002,w10000002,44,city_0)",1000,3.593,4.179,5.161,1000,1c61013c3df4605c,,0,18.51,,,,,,,,,,,,,,,,,,,,,,,,,,,,,,,,,,,,,,,,,,,,,,,,,,,,,,,,,,,,,,,,,,,,,,,,,,,,,,,,,,,,,,,,,,,,,,,,,,,,,,,,,,,,,,,,,,,,,,,,,,,,,,,,,,,,,,,,,,,,,,,,,,,,,,,,,,,,,,,,,,,,,,,,,,,,,,,,,,,,,,,,,,,,,,,,,,,,,,,,,,,,,,,,,,,,,,,,,,,,,,,,,,,,,,,,,,,,,,,,,,,,,,,,,,,,,,
l2_arcadedb_graph_server_oltp_micro_r1_dstrict,,laptop,2026-10,strict,txWalFlush=2,l2,arcadedb_graph_server,oltp,micro,1,sweep,0-11,client_server,8g,2026-09-14T09:30:47.276232+00:00,full+client,8g,8.0,,8589934592,0-11,sha256:49036720b1678b9c7a6dbf22fc34a812c8d7bed15508c22cbb02c0dddc0ca16a,arcadedata/arcadedb:26.8.1@sha256:49036720b1678b9c7a6dbf22fc34a812c8d7bed15508c22cbb02c0dddc0ca16a,8g,0.3,0.1,0.1,0,False,,,,server:26.8.1 (build 727aa4568cdface314ee15cd242f71d6299b2b0c/1785790932717/main),6.22,txWalFlush=2: the WAL is flushed and synced at every commit (set on the server's JAVA_OPTS by runner.py and recorded as durability_server_flags; the server exposes no read-back),False,,,,,,,,point,412.6815,,,,,,,,,,,,,,,,,,,,,,,,,,,,,,,,,,,,,,,,,,,,,0.001,,l2_arcadedb_graph_server_oltp_micro_r1_dstrict.serverlog,17.8,0.2,17.6,True,l2_arcadedb_graph_server_oltp_micro_r1_dstrict.clientlog,17.9,17.5,3146.6,3061.1,3047.7,0.0,87.1,0.1,535.2,17.8,99753825,24.0,21.1,20.3,0.0,0.1,0.0,0.2,0.1,6677954,3170.6,3082.1,0.0,3082.1,535.3,0.1,3068.0,106431779,20260914T093046Z,4g,4g,,,,,,,,,,,,,,,,,,,,,,,,,,,,,,,,,,,,,,"no cold/warm split: each operation runs against an already-built, already-warm database by construction (DECISIONS #89)",2000,ldbc-micro,20.383,,,,,,,,,,,,,,,,,,,,,,,,,,,,,,,,,,,,,,,,,,,,,,,,,,,,,,,,,,,,,,,,,,,,,,,,,,,,,,,,,,,2000,40833,2000,,,,,6.17,7.323,7.362,5.564,6.666,6.94,8.85,15.133,18.186,51.355,112.527,149.383,3.109,3.414,3.831,2.946,3.191,3.215,4.288,6.54,6.866,47.592,108.58,128.979,6.17,7.362,5.564,6.94,8.85,18.186,51.355,149.383,5bac40d8b3edc792,"(person_1026,81) ; (person_1101,42) ; (person_1120,29)",50,18a8b0ebf7ac0013,"(10,58.5) ; (13,52.3846) ; (13,55.4615)",50,96ce103c94e15139,(105) ; (106) ; (14),50,c7c9983665356a0a,(1087) ; (1092) ; (1261),50,1897,1999,20,0.9485,ecf93e1780f174a9,"(1101,1925) ; (1120,1540) ; (1178,1914)",20,11.291,13.738,14.783,1000,8ac461268db63018,"(10000000,w10000000,33,city_0) ; (10000001,w10000001,33,city_0) ; (10000002,w10000002,33,city_0)",1000,9.498,10.822,11.811,1000,44c66679a82ead39,"(10000000,w10000000,44,city_0) ; (10000001,w10000001,44,city_0) ; (10000002,w10000002,44,city_0)",1000,10.599,12.399,13.668,1000,1c61013c3df4605c,,0,40.0,,,,,,,,,,,,,,,,,,,,,,,,,,,,,,,,,,,,,,,,,,,,,,,,,,,,,,,,,,,,,,,,,,,,,,,,,,,,,,,,,,,,,,,,,,,,,,,,,,,,,,,,,,,,,,,,,,,,,,,,,,,,,,,,,,,,,,,,,,,,,,,,,,,,,,,,,,,,,,,,,,,,,,,,,,,,,,,,,,,,,,,,,,,,,,,,,,,,,,,,,,,,,,,,,,,,,,,,,,,,,,,,,,,,,,,,,,,,,,,,,,,,,,,,,,,,,,
l2_ladybug_graph_olap_micro_r1,,laptop,2026-10,relaxed,,l2,ladybug_graph,olap,micro,1,sweep,0-11,embedded,8g,2026-09-14T09:11:37.771358+00:00,,,,,,,,,,,0.3,3.3,0,False,,,,ladybug:0.19.1,0.34,"fsync at commit, not configurable (LadybugDB WAL)",True,,,,,,,,top_degree,46.79,,,,,,,,,,,,,,,,,,,,,,,,,,,,,,,,,,,,,,,,,,,,,0.042,,,,,,,l2_ladybug_graph_olap_micro_r1.clientlog,3.3,3.0,,,,,,,,,,212.1,186.8,179.1,0.0,21.7,55.5,11.2,21.7,19710925,212.1,186.8,0.0,186.8,11.2,55.5,179.1,19710925,20260914T090952Z,,,,,,,,,,,,,,,,,,,,,,,,,,,,,,,,,,,,,,,,,2000,ldbc-micro,0.392,46.79,45.0,False,4.63,5.48,6.93,4.74,3.9,100,10,4.63,6.94,100,db440b81221d1f93,"(1167,102) ; (1759,107) ; (926,122)",10,27.45,45.0,False,8.79,10.16,10.42,8.88,7.82,100,10,8.79,10.42,100,c69fae8ad15b598b,"(city_25,10) ; (city_4,10) ; (city_95,10)",10,14.44,45.0,False,8.5,10.24,10.56,8.73,7.61,100,10,8.5,10.59,100,6c34fe15e8124e86,"(city_60,55.1363,543) ; (city_32,53.6408,554) ; (city_51,53.0991,555)",10,9.99,45.0,False,6.57,7.44,7.75,6.6,5.38,100,61,6.57,7.75,100,f73f26a4c76328ca,"(1,51) ; (10,51) ; (102,1)",61,65.69,45.0,False,50.14,56.04,57.79,50.42,44.08,100,1,50.14,57.79,100,df1608993cab5d29,(2776),1,True,,2000,40833,2000,,,,,,,,,,,,,,,,,,,,,,,,,,,,,,,,,,,,,,,,,,,,,,,,,,,,,,,,,,,,,,,,,,,,,,,,,,,,,,,,,,,,,,,,,,,,,,,,,,,,,,,,,,,,,,,,,,,,,,,,,,,,,,,,,,,,,,,,,,,,,,,,,,,,,,,,,,,,,,,,,,,,,,,,,,,,,,,,,,,,,,,,,,,,,,,,,,,,,,,,,,,,,,,,,,,,,,,,,,,,,,,,,,,,,,,,,,,,,,,,,,,,,,,,,,,,,,,,,,,,,,,,,,,,,,,,,,,,,,,,,,,,,,,,,,,,,,,,,,,,,,,,,,,,,,,,,,,,,,,,,,,,,,,,,,,
l2_ladybug_graph_oltp_micro_r1,,laptop,2026-10,relaxed,,l2,ladybug_graph,oltp,micro,1,sweep,0-11,embedded,8g,2026-09-14T09:22:52.069854+00:00,,,,,,,,,,,0.3,3.4,0,False,,,,ladybug:0.19.1,0.33,"fsync at commit, not configurable (LadybugDB WAL)",True,,,,,,,,point,22.2695,,,,,,,,,,,,,,,,,,,,,,,,,,,,,,,,,,,,,,,,,,,,,0.081,,,,,,,l2_ladybug_graph_oltp_micro_r1.clientlog,3.4,3.1,,,,,,,,,,183.1,171.9,96.8,0.0,3.9,0.3,52.0,3.4,14720899,183.1,171.9,0.0,171.9,52.0,0.3,96.8,14720899,20260914T092155Z,,,,,,,,,,,,,,,,,,,,,,,,,,,,,,,,,,,,,,,,"no cold/warm split: each operation runs against an already-built, already-warm database by construction (DECISIONS #89)",2000,ldbc-micro,0.324,,,,,,,,,,,,,,,,,,,,,,,,,,,,,,,,,,,,,,,,,,,,,,,,,,,,,,,,,,,,,,,,,,,,,,,,,,,,,,,,,,,2000,40833,2000,,,,,0.682,0.794,0.843,3.183,4.201,6.848,5.716,7.027,7.633,13.696,14.853,15.314,0.64,0.745,0.755,3.453,4.721,4.831,5.744,6.343,6.655,13.624,14.411,14.67,0.682,0.843,3.183,6.848,5.716,7.633,13.696,15.314,5bac40d8b3edc792,"(person_1026,81) ; (person_1101,42) ; (person_1120,29)",50,18a8b0ebf7ac0013,"(10,58.5) ; (13,52.3846) ; (13,55.4615)",50,96ce103c94e15139,(105) ; (106) ; (14),50,c7c9983665356a0a,(1087) ; (1092) ; (1261),50,1897,1999,20,0.9485,ecf93e1780f174a9,"(1101,1925) ; (1120,1540) ; (1178,1914)",20,8.323,9.883,10.568,1000,8ac461268db63018,"(10000000,w10000000,33,city_0) ; (10000001,w10000001,33,city_0) ; (10000002,w10000002,33,city_0)",1000,7.393,8.921,9.821,1000,44c66679a82ead39,"(10000000,w10000000,44,city_0) ; (10000001,w10000001,44,city_0) ; (10000002,w10000002,44,city_0)",1000,7.783,9.167,9.681,1000,1c61013c3df4605c,,0,26.23,,,,,,,,,,,,,,,,,,,,,,,,,,,,,,,,,,,,,,,,,,,,,,,,,,,,,,,,,,,,,,,,,,,,,,,,,,,,,,,,,,,,,,,,,,,,,,,,,,,,,,,,,,,,,,,,,,,,,,,,,,,,,,,,,,,,,,,,,,,,,,,,,,,,,,,,,,,,,,,,,,,,,,,,,,,,,,,,,,,,,,,,,,,,,,,,,,,,,,,,,,,,,,,,,,,,,,,,,,,,,,,,,,,,,,,,,,,,,,,,,,,,,,,,,,,,,,
l2_ladybug_graph_oltp_micro_r1_dstrict,,laptop,2026-10,strict,,l2,ladybug_graph,oltp,micro,1,sweep,0-11,embedded,8g,2026-09-14T09:32:03.173771+00:00,,,,,,,,,,,0.3,3.4,0,False,,,,ladybug:0.19.1,0.32,"fsync at commit, not configurable (LadybugDB WAL)",True,,,,,,,,point,20.8489,,,,,,,,,,,,,,,,,,,,,,,,,,,,,,,,,,,,,,,,,,,,,0.086,,,,,,,l2_ladybug_graph_oltp_micro_r1_dstrict.clientlog,3.4,3.1,,,,,,,,,,168.6,156.9,93.6,0.0,3.9,0.0,52.1,3.3,14949579,168.6,156.9,0.0,156.9,52.1,0.0,93.6,14949579,20260914T093046Z,,,,,,,,,,,,,,,,,,,,,,,,,,,,,,,,,,,,,,,,"no cold/warm split: each operation runs against an already-built, already-warm database by construction (DECISIONS #89)",2000,ldbc-micro,0.351,,,,,,,,,,,,,,,,,,,,,,,,,,,,,,,,,,,,,,,,,,,,,,,,,,,,,,,,,,,,,,,,,,,,,,,,,,,,,,,,,,,2000,40833,2000,,,,,0.869,1.618,2.964,3.225,4.955,5.485,5.899,6.84,7.429,13.491,15.104,15.409,0.688,0.82,1.246,3.281,4.581,4.907,5.826,6.51,6.797,13.941,14.958,16.657,0.869,2.964,3.225,5.485,5.899,7.429,13.491,15.409,5bac40d8b3edc792,"(person_1026,81) ; (person_1101,42) ; (person_1120,29)",50,18a8b0ebf7ac0013,"(10,58.5) ; (13,52.3846) ; (13,55.4615)",50,96ce103c94e15139,(105) ; (106) ; (14),50,c7c9983665356a0a,(1087) ; (1092) ; (1261),50,1897,1999,20,0.9485,ecf93e1780f174a9,"(1101,1925) ; (1120,1540) ; (1178,1914)",20,8.472,10.2,11.318,1000,8ac461268db63018,"(10000000,w10000000,33,city_0) ; (10000001,w10000001,33,city_0) ; (10000002,w10000002,33,city_0)",1000,7.551,9.126,9.696,1000,44c66679a82ead39,"(10000000,w10000000,44,city_0) ; (10000001,w10000001,44,city_0) ; (10000002,w10000002,44,city_0)",1000,7.65,9.049,9.853,1000,1c61013c3df4605c,,0,26.46,,,,,,,,,,,,,,,,,,,,,,,,,,,,,,,,,,,,,,,,,,,,,,,,,,,,,,,,,,,,,,,,,,,,,,,,,,,,,,,,,,,,,,,,,,,,,,,,,,,,,,,,,,,,,,,,,,,,,,,,,,,,,,,,,,,,,,,,,,,,,,,,,,,,,,,,,,,,,,,,,,,,,,,,,,,,,,,,,,,,,,,,,,,,,,,,,,,,,,,,,,,,,,,,,,,,,,,,,,,,,,,,,,,,,,,,,,,,,,,,,,,,,,,,,,,,,,
l2_neo4j_graph_olap_micro_r1,,laptop,2026-10,relaxed,,l2,neo4j_graph,olap,micro,1,sweep,0-11,client_server,8g,2026-09-14T09:15:03.324330+00:00,full+client,8g,8.0,,8589934592,0-11,sha256:1ee8f6fa220f9a4f194d07caa82e12120ee501c06cb38eb245e530737cbdb15b,neo4j@sha256:1ee8f6fa220f9a4f194d07caa82e12120ee501c06cb38eb245e530737cbdb15b,8g,887.3,0.2,1.1,0,False,,,,neo4j:2026.07.1,5.2,"fsync at commit, not configurable (no durability setting in SHOW SETTINGS at 2026.07.1)",True,,,,,,,,top_degree,663.09,,,,,,,,,,,,,,,,,,,,,,,,,,,,,,,,,,,,,,,,,,,,,0.001,,l2_neo4j_graph_olap_micro_r1.serverlog,890.8,371.4,519.5,True,l2_neo4j_graph_olap_micro_r1.clientlog,891.9,4.4,5399.1,4633.7,4633.5,0.0,717.6,987.1,1172.0,717.6,144121335,103.4,86.9,67.5,0.0,11.0,30.0,2.8,11.0,4087402,5502.4,4720.6,0.0,4720.6,1174.8,1017.0,4701.0,148208737,20260914T090952Z,4g,4g,,,,,,,,,,,,,,,,,,,,,,,,,,,,,,,,,,,,,,,2000,ldbc-micro,4.186,663.09,45.0,False,23.89,41.52,76.69,26.0,20.17,100,10,23.89,76.77,100,db440b81221d1f93,"(1167,102) ; (1759,107) ; (926,122)",10,238.3,45.0,False,37.57,46.36,49.84,38.2,29.51,100,10,37.57,50.06,100,c69fae8ad15b598b,"(city_25,10) ; (city_4,10) ; (city_95,10)",10,368.54,45.0,False,45.35,70.14,79.51,47.03,31.31,100,10,45.35,79.76,100,6c34fe15e8124e86,"(city_60,55.1363,543) ; (city_32,53.6408,554) ; (city_51,53.0991,555)",10,218.62,45.0,False,26.98,31.5,36.07,27.09,21.4,100,61,26.98,36.1,100,f73f26a4c76328ca,"(1,51) ; (10,51) ; (102,1)",61,1838.15,45.0,True,1249.75,1319.86,1386.74,1259.79,1186.87,35,1,1249.75,1473.3,35,df1608993cab5d29,(2776),1,True,,2000,40833,2000,,3.0g,,,,,,,,,,,,,,,,,,,,,,,,,,,,,,,,,,,,,,,,,,,,,,,,,,,,,,,,,,,,,,,,,,,,,,,,,,,,,,,,,,,,,,,,,,,,,,,,,,,,,,,,,,,,,,,,,,,,,,,,,,,,,,,,,,,,,,,,,,,,,,,,,,,,,,,,,,,,,,,,,,,,,,,,,,,,,,,,,,,,,,,,,,,,,,,,,,,,,,,,,,,,,,,,,,,,,,,,,,,,,,,,,,,,,,,,,,,,,,,,,,,,,,,,,,,,,,,,,,,,,,,,,,,,,,,,,,,,,,,,,,,,,,,,,,,,,,,,,,,,,,,,,,,,,,,,,,,,,,,,,,,,,,,,,
l2_neo4j_graph_oltp_micro_r1,,laptop,2026-10,relaxed,,l2,neo4j_graph,oltp,micro,1,sweep,0-11,client_server,8g,2026-09-14T09:27:26.445525+00:00,full+client,8g,8.0,,8589934592,0-11,sha256:1ee8f6fa220f9a4f194d07caa82e12120ee501c06cb38eb245e530737cbdb15b,neo4j@sha256:1ee8f6fa220f9a4f194d07caa82e12120ee501c06cb38eb245e530737cbdb15b,8g,887.3,0.3,1.1,0,False,,,,neo4j:2026.07.1,5.31,"fsync at commit, not configurable (no durability setting in SHOW SETTINGS at 2026.07.1)",True,,,,,,,,point,162.7851,,,,,,,,,,,,,,,,,,,,,,,,,,,,,,,,,,,,,,,,,,,,,0.001,,l2_neo4j_graph_oltp_micro_r1.serverlog,891.2,371.4,519.8,True,l2_neo4j_graph_oltp_micro_r1.clientlog,892.3,4.7,5198.9,4768.5,4768.0,0.0,390.3,0.8,1235.5,390.3,157151672,93.4,86.9,80.1,0.0,1.0,0.0,2.8,1.0,7472358,5292.3,4855.5,0.0,4855.5,1238.3,0.8,4848.1,164624030,20260914T092155Z,4g,4g,,,,,,,,,,,,,,,,,,,,,,,,,,,,,,,,,,,,,,"no cold/warm split: each operation runs against an already-built, already-warm database by construction (DECISIONS #89)",2000,ldbc-micro,4.15,,,,,,,,,,,,,,,,,,,,,,,,,,,,,,,,,,,,,,,,,,,,,,,,,,,,,,,,,,,,,,,,,,,,,,,,,,,,,,,,,,,2000,40833,2000,,3.0g,,,30.306,39.065,54.277,30.725,36.544,36.888,29.277,32.25,34.121,37.47,46.727,47.657,4.516,5.106,5.184,3.977,4.749,5.322,4.709,5.226,5.524,13.323,21.722,22.219,30.306,54.277,30.725,36.888,29.277,34.121,37.47,47.657,5bac40d8b3edc792,"(person_1026,81) ; (person_1101,42) ; (person_1120,29)",50,18a8b0ebf7ac0013,"(10,58.5) ; (13,52.3846) ; (13,55.4615)",50,96ce103c94e15139,(105) ; (106) ; (14),50,c7c9983665356a0a,(1087) ; (1092) ; (1261),50,1897,1999,20,0.9485,ecf93e1780f174a9,"(1101,1925) ; (1120,1540) ; (1178,1914)",20,18.599,25.678,29.525,1000,8ac461268db63018,"(10000000,w10000000,33,city_0) ; (10000001,w10000001,33,city_0) ; (10000002,w10000002,33,city_0)",1000,11.01,14.765,17.092,1000,44c66679a82ead39,"(10000000,w10000000,44,city_0) ; (10000001,w10000001,44,city_0) ; (10000002,w10000002,44,city_0)",1000,11.088,16.186,17.898,1000,1c61013c3df4605c,,0,52.27,,,,,,,,,,,,,,,,,,,,,,,,,,,,,,,,,,,,,,,,,,,,,,,,,,,,,,,,,,,,,,,,,,,,,,,,,,,,,,,,,,,,,,,,,,,,,,,,,,,,,,,,,,,,,,,,,,,,,,,,,,,,,,,,,,,,,,,,,,,,,,,,,,,,,,,,,,,,,,,,,,,,,,,,,,,,,,,,,,,,,,,,,,,,,,,,,,,,,,,,,,,,,,,,,,,,,,,,,,,,,,,,,,,,,,,,,,,,,,,,,,,,,,,,,,,,,,
l2_neo4j_graph_oltp_micro_r1_dstrict,,laptop,2026-10,strict,,l2,neo4j_graph,oltp,micro,1,sweep,0-11,client_server,8g,2026-09-14T09:37:08.906809+00:00,full+client,8g,8.0,,8589934592,0-11,sha256:1ee8f6fa220f9a4f194d07caa82e12120ee501c06cb38eb245e530737cbdb15b,neo4j@sha256:1ee8f6fa220f9a4f194d07caa82e12120ee501c06cb38eb245e530737cbdb15b,8g,887.3,0.2,1.1,0,False,,,,neo4j:2026.07.1,4.59,"fsync at commit, not configurable (no durability setting in SHOW SETTINGS at 2026.07.1)",True,,,,,,,,point,160.6064,,,,,,,,,,,,,,,,,,,,,,,,,,,,,,,,,,,,,,,,,,,,,0.002,,l2_neo4j_graph_oltp_micro_r1_dstrict.serverlog,891.2,371.4,519.8,True,l2_neo4j_graph_oltp_micro_r1_dstrict.clientlog,892.3,4.8,5172.6,4736.1,4736.0,0.0,389.7,0.3,1235.3,389.7,155515146,93.4,86.9,86.9,0.0,1.0,0.0,2.8,1.0,7266847,5266.0,4823.0,0.0,4823.0,1238.1,0.3,4822.9,162781993,20260914T093046Z,4g,4g,,,,,,,,,,,,,,,,,,,,,,,,,,,,,,,,,,,,,,"no cold/warm split: each operation runs against an already-built, already-warm database by construction (DECISIONS #89)",2000,ldbc-micro,3.895,,,,,,,,,,,,,,,,,,,,,,,,,,,,,,,,,,,,,,,,,,,,,,,,,,,,,,,,,,,,,,,,,,,,,,,,,,,,,,,,,,,2000,40833,2000,,3.0g,,,30.758,39.377,54.316,32.635,36.722,39.093,22.975,32.504,34.119,29.44,35.69,39.526,4.207,4.71,4.897,4.161,4.724,4.905,4.229,4.928,5.374,10.105,18.984,20.392,30.758,54.316,32.635,39.093,22.975,34.119,29.44,39.526,5bac40d8b3edc792,"(person_1026,81) ; (person_1101,42) ; (person_1120,29)",50,18a8b0ebf7ac0013,"(10,58.5) ; (13,52.3846) ; (13,55.4615)",50,96ce103c94e15139,(105) ; (106) ; (14),50,c7c9983665356a0a,(1087) ; (1092) ; (1261),50,1897,1999,20,0.9485,ecf93e1780f174a9,"(1101,1925) ; (1120,1540) ; (1178,1914)",20,19.068,26.789,30.046,1000,8ac461268db63018,"(10000000,w10000000,33,city_0) ; (10000001,w10000001,33,city_0) ; (10000002,w10000002,33,city_0)",1000,11.44,15.055,17.955,1000,44c66679a82ead39,"(10000000,w10000000,44,city_0) ; (10000001,w10000001,44,city_0) ; (10000002,w10000002,44,city_0)",1000,11.217,16.487,17.842,1000,1c61013c3df4605c,,0,52.99,,,,,,,,,,,,,,,,,,,,,,,,,,,,,,,,,,,,,,,,,,,,,,,,,,,,,,,,,,,,,,,,,,,,,,,,,,,,,,,,,,,,,,,,,,,,,,,,,,,,,,,,,,,,,,,,,,,,,,,,,,,,,,,,,,,,,,,,,,,,,,,,,,,,,,,,,,,,,,,,,,,,,,,,,,,,,,,,,,,,,,,,,,,,,,,,,,,,,,,,,,,,,,,,,,,,,,,,,,,,,,,,,,,,,,,,,,,,,,,,,,,,,,,,,,,,,,
l2_surrealdb_graph_olap_micro_r1,,laptop,2026-10,relaxed,,l2,surrealdb_graph,olap,micro,1,sweep,0-11,embedded,8g,2026-09-14T09:11:47.639965+00:00,,,,,,,,,,,0.3,24.1,0,False,,,,surrealdb-embedded:2.3.10 (sdk 2.0.0),8.18,"SurrealKV, SURREAL_SYNC_DATA unset (the default): no sync at commit",False,,,,,,,,top_degree,1578.04,,,,,,,,,,,,,,,,,,,,,,,,,,,,,,,,,,,,,,,,,,,,,0.001,,,,,,,l2_surrealdb_graph_olap_micro_r1.clientlog,24.1,23.8,,,,,,,,,,243.4,192.2,190.2,0.0,46.4,67.2,72.0,46.4,182699388,243.4,192.2,0.0,192.2,72.0,67.2,190.2,182699388,20260914T090952Z,,,,,,,,,,,,,,,,,,,,,,,,,,,,,,,,,,,,,,,,,2000,ldbc-micro,0.749,1578.04,45.0,True,1645.39,1766.39,1862.74,1674.09,1555.67,27,10,1645.39,1917.12,27,db440b81221d1f93,"(1167,102) ; (1759,107) ; (926,122)",10,1708.6,45.0,True,1463.24,2035.42,2041.76,1630.68,1410.96,27,10,1463.24,2392.77,27,c69fae8ad15b598b,"(city_25,10) ; (city_4,10) ; (city_95,10)",10,1681.64,45.0,True,2324.35,2495.03,2495.03,2257.56,1599.62,20,10,2324.35,2520.62,20,6c34fe15e8124e86,"(city_60,55.1363,543) ; (city_32,53.6408,554) ; (city_51,53.0991,555)",10,1599.93,45.0,True,1695.04,1762.5,1905.78,1700.4,1577.79,26,61,1695.04,1985.65,26,f73f26a4c76328ca,"(1,51) ; (10,51) ; (102,1)",61,,,,,,,,,,,,,,"unexpressible: SurrealQL arrow traversal returns a path's endpoint set and names no intermediate vertex, so the per-path id ordering that counts each triangle once cannot be written","unexpressible: SurrealQL arrow traversal returns a path's endpoint set and names no intermediate vertex, so the per-path id ordering that counts each triangle once cannot be written",,True,,2000,40833,2000,"SurrealQL arrow traversal returns a path's endpoint set and names no intermediate vertex, so the per-path id ordering that counts each triangle once cannot be written",,,,,,,,,,,,,,,,,,,,,,,,,,,,,,,,,,,,,,,,,,,,,,,,,,,,,,,,,,,,,,,,,,,,,,,,,,,,,,,,,,,,,,,,,,,,,,,,,,,,,,,,,,,,,,,,,,,,,,,,,,,,,,,,,,,,,,,,,,,,,,,,,,,,,,,,,,,,,,,,,,,,,,,,,,,,,,,,,,,,,,,,,,,,,,,,,,,,,,,,,,,,,,,,,,,,,,,,,,,,,,,,,,,,,,,,,,,,,,,,,,,,,,,,,,,,,,,,,,,,,,,,,,,,,,,,,,,,,,,,,,,,,,,,,,,,,,,,,,,,,,,,,,,,,,,,,,,,,,,,,,,,,,,,,,
l2_surrealdb_graph_oltp_micro_r1,,laptop,2026-10,relaxed,,l2,surrealdb_graph,oltp,micro,1,sweep,0-11,embedded,8g,2026-09-14T09:23:20.021221+00:00,,,,,,,,,,,0.3,25.5,0,False,,,,surrealdb-embedded:2.3.10 (sdk 2.0.0),7.7,"SurrealKV, SURREAL_SYNC_DATA unset (the default): no sync at commit",False,,,,,,,,point,0.6744,,,,,,,,,,,,,,,,,,,,,,,,,,,,,,,,,,,,,,,,,,,,,0.001,,,,,,,l2_surrealdb_graph_oltp_micro_r1.clientlog,25.5,25.2,,,,,,,,,,220.9,189.8,189.8,0.0,25.4,0.0,76.2,25.4,194335020,220.9,189.8,0.0,189.8,76.2,0.0,189.8,194335020,20260914T092155Z,,,,,,,,,,,,,,,,,,,,,,,,,,,,,,,,,,,,,,,,"no cold/warm split: each operation runs against an already-built, already-warm database by construction (DECISIONS #89)",2000,ldbc-micro,0.622,,,,,,,,,,,,,,,,,,,,,,,,,,,,,,,,,,,,,,,,,,,,,,,,,,,,,,,,,,,,,,,,,,,,,,,,,,,,,,,,,,,2000,40833,2000,,,,,0.144,0.167,0.187,6.824,12.039,15.574,107.117,227.716,253.015,1737.838,4069.008,4348.746,0.286,0.301,0.312,10.272,22.019,23.617,113.124,232.277,246.702,1667.158,4160.666,4277.382,0.144,0.187,6.824,15.574,107.117,253.015,1737.838,4348.746,5bac40d8b3edc792,"(person_1026,81) ; (person_1101,42) ; (person_1120,29)",50,18a8b0ebf7ac0013,"(10,58.5) ; (13,52.3846) ; (13,55.4615)",50,96ce103c94e15139,(105) ; (106) ; (14),50,c7c9983665356a0a,(1087) ; (1092) ; (1261),50,1897,1999,20,0.9485,ecf93e1780f174a9,"(1101,1925) ; (1120,1540) ; (1178,1914)",20,1.352,1.496,1.589,1000,8ac461268db63018,"(10000000,w10000000,33,city_0) ; (10000001,w10000001,33,city_0) ; (10000002,w10000002,33,city_0)",1000,0.628,0.824,0.899,1000,44c66679a82ead39,"(10000000,w10000000,44,city_0) ; (10000001,w10000001,44,city_0) ; (10000002,w10000002,44,city_0)",1000,1.44,1.813,2.33,1000,1c61013c3df4605c,,0,236.47,,,,,,,,,,,,,,,,,,,,,,,,,,,,,,,,,,,,,,,,,,,,,,,,,,,,,,,,,,,,,,,,,,,,,,,,,,,,,,,,,,,,,,,,,,,,,,,,,,,,,,,,,,,,,,,,,,,,,,,,,,,,,,,,,,,,,,,,,,,,,,,,,,,,,,,,,,,,,,,,,,,,,,,,,,,,,,,,,,,,,,,,,,,,,,,,,,,,,,,,,,,,,,,,,,,,,,,,,,,,,,,,,,,,,,,,,,,,,,,,,,,,,,,,,,,,,,
l2_surrealdb_graph_oltp_micro_r1_dstrict,,laptop,2026-10,strict,,l2,surrealdb_graph,oltp,micro,1,sweep,0-11,embedded,8g,2026-09-14T09:32:31.371083+00:00,,,,,,,,,,,0.3,25.5,0,False,,,,surrealdb-embedded:2.3.10 (sdk 2.0.0),8.31,"SurrealKV, SURREAL_SYNC_DATA=true: sync at commit",False,,,,,,,,point,0.6182,,,,,,,,,,,,,,,,,,,,,,,,,,,,,,,,,,,,,,,,,,,,,0.001,,,,,,,l2_surrealdb_graph_oltp_micro_r1_dstrict.clientlog,25.5,25.2,,,,,,,,,,221.6,190.6,75.0,0.0,25.4,0.0,123.2,25.4,200104187,221.6,190.6,0.0,190.6,123.2,0.0,75.0,200104187,20260914T093046Z,,,,,,,,,,,,,,,,,,,,,,,,,,,,,,,,,,,,,,,,"no cold/warm split: each operation runs against an already-built, already-warm database by construction (DECISIONS #89)",2000,ldbc-micro,0.65,,,,,,,,,,,,,,,,,,,,,,,,,,,,,,,,,,,,,,,,,,,,,,,,,,,,,,,,,,,,,,,,,,,,,,,,,,,,,,,,,,,2000,40833,2000,,,,,0.15,0.164,0.183,7.803,16.71,24.398,98.552,205.171,243.816,1814.642,3566.597,3769.785,0.161,0.198,0.204,16.816,29.117,33.245,112.402,213.101,233.491,1777.482,3835.943,4263.573,0.15,0.183,7.803,24.398,98.552,243.816,1814.642,3769.785,5bac40d8b3edc792,"(person_1026,81) ; (person_1101,42) ; (person_1120,29)",50,18a8b0ebf7ac0013,"(10,58.5) ; (13,52.3846) ; (13,55.4615)",50,96ce103c94e15139,(105) ; (106) ; (14),50,c7c9983665356a0a,(1087) ; (1092) ; (1261),50,1897,1999,20,0.9485,ecf93e1780f174a9,"(1101,1925) ; (1120,1540) ; (1178,1914)",20,13.97,15.451,16.148,1000,8ac461268db63018,"(10000000,w10000000,33,city_0) ; (10000001,w10000001,33,city_0) ; (10000002,w10000002,33,city_0)",1000,6.99,8.201,17.582,1000,44c66679a82ead39,"(10000000,w10000000,44,city_0) ; (10000001,w10000001,44,city_0) ; (10000002,w10000002,44,city_0)",1000,7.881,9.019,9.938,1000,1c61013c3df4605c,,0,267.17,,,,,,,,,,,,,,,,,,,,,,,,,,,,,,,,,,,,,,,,,,,,,,,,,,,,,,,,,,,,,,,,,,,,,,,,,,,,,,,,,,,,,,,,,,,,,,,,,,,,,,,,,,,,,,,,,,,,,,,,,,,,,,,,,,,,,,,,,,,,,,,,,,,,,,,,,,,,,,,,,,,,,,,,,,,,,,,,,,,,,,,,,,,,,,,,,,,,,,,,,,,,,,,,,,,,,,,,,,,,,,,,,,,,,,,,,,,,,,,,,,,,,,,,,,,,,,
l2_surrealdb_graph_server_olap_micro_r1,,laptop,2026-10,relaxed,,l2,surrealdb_graph_server,olap,micro,1,sweep,0-11,client_server,8g,2026-09-14T09:20:06.637497+00:00,full+client,8g,8.0,start --user root --pass root --log info rocksdb:/tmp/surreal/db,8589934592,0-11,sha256:6a5002363ff5b000b72a55f985203e951e3175e578002954b0e38f113e48a698,surrealdb/surrealdb@sha256:6a5002363ff5b000b72a55f985203e951e3175e578002954b0e38f113e48a698,8g,74.4,0.3,0.9,0,False,,,,surrealdb-server:3.2.4+20260803.93ab219,5.15,RocksDB at the engine default; SurrealDB 3.2.4 exposes no sync setting and the behaviour at commit is not verified,True,,,,,,,,top_degree,81.05,,,,,,,,,,,,,,,,,,,,,,,,,,,,,,,,,,,,,,,,,,,,,0.002,"OCI runtime exec failed: exec failed: unable to start container process: exec: ""java"": executable file not found in $PAT",l2_surrealdb_graph_server_olap_micro_r1.serverlog,74.4,74.4,0.0,True,l2_surrealdb_graph_server_olap_micro_r1.clientlog,75.3,0.6,281.1,205.7,169.8,0.0,72.4,163.3,55.0,72.4,99819595,44.0,39.8,38.4,0.0,0.9,0.1,2.6,0.9,3612250,325.1,245.5,0.0,245.5,57.6,163.3,208.1,103431845,20260914T090952Z,,,,,,,,,,,,,,,,,,,,,,,,,,,,,,,,,,,,,,,,,2000,ldbc-micro,0.69,81.05,45.0,False,62.51,68.74,72.69,62.72,53.9,100,10,62.51,72.71,100,db440b81221d1f93,"(1167,102) ; (1759,107) ; (926,122)",10,374.62,45.0,False,383.15,476.55,522.53,393.06,346.7,100,10,383.15,523.04,100,c69fae8ad15b598b,"(city_25,10) ; (city_4,10) ; (city_95,10)",10,366.55,45.0,False,379.44,442.35,515.02,386.41,347.96,100,10,379.44,515.16,100,6c34fe15e8124e86,"(city_60,55.1363,543) ; (city_32,53.6408,554) ; (city_51,53.0991,555)",10,70.75,45.0,False,71.18,77.37,78.39,70.79,58.29,100,61,71.18,78.43,100,f73f26a4c76328ca,"(1,51) ; (10,51) ; (102,1)",61,,,,,,,,,,,,,,"unexpressible: SurrealQL arrow traversal returns a path's endpoint set and names no intermediate vertex, so the per-path id ordering that counts each triangle once cannot be written","unexpressible: SurrealQL arrow traversal returns a path's endpoint set and names no intermediate vertex, so the per-path id ordering that counts each triangle once cannot be written",,True,,2000,40833,2000,"SurrealQL arrow traversal returns a path's endpoint set and names no intermediate vertex, so the per-path id ordering that counts each triangle once cannot be written",,,,,,,,,,,,,,,,,,,,,,,,,,,,,,,,,,,,,,,,,,,,,,,,,,,,,,,,,,,,,,,,,,,,,,,,,,,,,,,,,,,,,,,,,,,,,,,,,,,,,,,,,,,,,,,,,,,,,,,,,,,,,,,,,,,,,,,,,,,,,,,,,,,,,,,,,,,,,,,,,,,,,,,,,,,,,,,,,,,,,,,,,,,,,,,,,,,,,,,,,,,,,,,,,,,,,,,,,,,,,,,,,,,,,,,,,,,,,,,,,,,,,,,,,,,,,,,,,,,,,,,,,,,,,,,,,,,,,,,,,,,,,,,,,,,,,,,,,,,,,,,,,,,,,,,,,,,,,,,,,,,,,,,,,,
l2_surrealdb_graph_server_oltp_micro_r1,,laptop,2026-10,relaxed,,l2,surrealdb_graph_server,oltp,micro,1,sweep,0-11,client_server,8g,2026-09-14T09:29:45.242747+00:00,full+client,8g,8.0,start --user root --pass root --log info rocksdb:/tmp/surreal/db,8589934592,0-11,sha256:6a5002363ff5b000b72a55f985203e951e3175e578002954b0e38f113e48a698,surrealdb/surrealdb@sha256:6a5002363ff5b000b72a55f985203e951e3175e578002954b0e38f113e48a698,8g,74.4,0.4,0.9,0,False,,,,surrealdb-server:3.2.4+20260803.93ab219,5.07,RocksDB at the engine default; SurrealDB 3.2.4 exposes no sync setting and the behaviour at commit is not verified,True,,,,,,,,point,1.7187,,,,,,,,,,,,,,,,,,,,,,,,,,,,,,,,,,,,,,,,,,,,,0.002,"OCI runtime exec failed: exec failed: unable to start container process: exec: ""java"": executable file not found in $PAT",l2_surrealdb_graph_server_oltp_micro_r1.serverlog,74.4,74.4,0.0,True,l2_surrealdb_graph_server_oltp_micro_r1.clientlog,75.3,0.5,199.6,175.9,152.7,0.0,19.8,2.1,105.0,19.8,22359589,44.2,40.3,38.8,0.0,0.9,0.0,2.6,0.9,5472974,243.8,216.1,0.0,216.1,107.5,2.1,191.5,27832563,20260914T092155Z,,,,,,,,,,,,,,,,,,,,,,,,,,,,,,,,,,,,,,,,"no cold/warm split: each operation runs against an already-built, already-warm database by construction (DECISIONS #89)",2000,ldbc-micro,0.673,,,,,,,,,,,,,,,,,,,,,,,,,,,,,,,,,,,,,,,,,,,,,,,,,,,,,,,,,,,,,,,,,,,,,,,,,,,,,,,,,,,2000,40833,2000,,,,,0.843,1.122,1.208,1.119,1.312,1.338,1.602,2.261,2.446,125.834,224.821,247.096,0.782,0.891,0.979,1.073,1.273,1.389,1.695,2.295,2.871,114.209,256.853,329.578,0.843,1.208,1.119,1.338,1.602,2.446,125.834,247.096,5bac40d8b3edc792,"(person_1026,81) ; (person_1101,42) ; (person_1120,29)",50,18a8b0ebf7ac0013,"(10,58.5) ; (13,52.3846) ; (13,55.4615)",50,96ce103c94e15139,(105) ; (106) ; (14),50,c7c9983665356a0a,(1087) ; (1092) ; (1261),50,1897,1999,20,0.9485,ecf93e1780f174a9,"(1101,1925) ; (1120,1540) ; (1178,1914)",20,14.718,16.611,25.033,1000,8ac461268db63018,"(10000000,w10000000,33,city_0) ; (10000001,w10000001,33,city_0) ; (10000002,w10000002,33,city_0)",1000,7.77,9.215,9.968,1000,44c66679a82ead39,"(10000000,w10000000,44,city_0) ; (10000001,w10000001,44,city_0) ; (10000002,w10000002,44,city_0)",1000,8.959,10.54,11.276,1000,1c61013c3df4605c,,0,44.6,,,,,,,,,,,,,,,,,,,,,,,,,,,,,,,,,,,,,,,,,,,,,,,,,,,,,,,,,,,,,,,,,,,,,,,,,,,,,,,,,,,,,,,,,,,,,,,,,,,,,,,,,,,,,,,,,,,,,,,,,,,,,,,,,,,,,,,,,,,,,,,,,,,,,,,,,,,,,,,,,,,,,,,,,,,,,,,,,,,,,,,,,,,,,,,,,,,,,,,,,,,,,,,,,,,,,,,,,,,,,,,,,,,,,,,,,,,,,,,,,,,,,,,,,,,,,,
l2_surrealdb_graph_server_oltp_micro_r1_dstrict,,laptop,2026-10,strict,,l2,surrealdb_graph_server,oltp,micro,1,sweep,0-11,client_server,8g,2026-09-14T09:40:15.012924+00:00,full+client,8g,8.0,start --user root --pass root --log info rocksdb:/tmp/surreal/db,8589934592,0-11,sha256:6a5002363ff5b000b72a55f985203e951e3175e578002954b0e38f113e48a698,surrealdb/surrealdb@sha256:6a5002363ff5b000b72a55f985203e951e3175e578002954b0e38f113e48a698,8g,74.4,0.3,0.9,0,False,,,,surrealdb-server:3.2.4+20260803.93ab219,5.16,RocksDB at the engine default; SurrealDB 3.2.4 exposes no sync setting and the behaviour at commit is not verified,True,,,,,,,,point,1.6593,,,,,,,,,,,,,,,,,,,,,,,,,,,,,,,,,,,,,,,,,,,,,0.002,"OCI runtime exec failed: exec failed: unable to start container process: exec: ""java"": executable file not found in $PAT",l2_surrealdb_graph_server_oltp_micro_r1_dstrict.serverlog,74.4,74.4,0.0,True,l2_surrealdb_graph_server_oltp_micro_r1_dstrict.clientlog,75.3,0.6,200.4,175.1,157.7,0.0,19.1,0.0,104.9,19.1,22114853,44.1,40.3,37.8,0.0,0.9,0.0,2.6,0.9,5546674,244.6,215.4,0.0,215.4,107.5,0.0,195.5,27661527,20260914T093046Z,,,,,,,,,,,,,,,,,,,,,,,,,,,,,,,,,,,,,,,,"no cold/warm split: each operation runs against an already-built, already-warm database by construction (DECISIONS #89)",2000,ldbc-micro,0.696,,,,,,,,,,,,,,,,,,,,,,,,,,,,,,,,,,,,,,,,,,,,,,,,,,,,,,,,,,,,,,,,,,,,,,,,,,,,,,,,,,,2000,40833,2000,,,,,1.101,1.283,3.24,1.245,1.492,1.709,1.675,2.095,2.221,128.96,258.257,262.82,0.842,0.956,0.966,1.07,1.281,1.462,1.382,1.974,1.993,111.492,222.549,245.409,1.101,3.24,1.245,1.709,1.675,2.221,128.96,262.82,5bac40d8b3edc792,"(person_1026,81) ; (person_1101,42) ; (person_1120,29)",50,18a8b0ebf7ac0013,"(10,58.5) ; (13,52.3846) ; (13,55.4615)",50,96ce103c94e15139,(105) ; (106) ; (14),50,c7c9983665356a0a,(1087) ; (1092) ; (1261),50,1897,1999,20,0.9485,ecf93e1780f174a9,"(1101,1925) ; (1120,1540) ; (1178,1914)",20,14.743,16.427,19.28,1000,8ac461268db63018,"(10000000,w10000000,33,city_0) ; (10000001,w10000001,33,city_0) ; (10000002,w10000002,33,city_0)",1000,7.676,8.933,10.1,1000,44c66679a82ead39,"(10000000,w10000000,44,city_0) ; (10000001,w10000001,44,city_0) ; (10000002,w10000002,44,city_0)",1000,8.985,10.458,11.09,1000,1c61013c3df4605c,,0,44.18,,,,,,,,,,,,,,,,,,,,,,,,,,,,,,,,,,,,,,,,,,,,,,,,,,,,,,,,,,,,,,,,,,,,,,,,,,,,,,,,,,,,,,,,,,,,,,,,,,,,,,,,,,,,,,,,,,,,,,,,,,,,,,,,,,,,,,,,,,,,,,,,,,,,,,,,,,,,,,,,,,,,,,,,,,,,,,,,,,,,,,,,,,,,,,,,,,,,,,,,,,,,,,,,,,,,,,,,,,,,,,,,,,,,,,,,,,,,,,,,,,,,,,,,,,,,,,
l3d_arangodb_dense_search_micro_r1,,laptop,2026-10,relaxed,,l3d,arangodb_dense,search,micro,1,sweep,0-11,client_server,8g,2026-09-14T09:51:08+00:00,full+client,8g,8.0,arangod --vector-index true,8589934592,0-11,arangodb@sha256:563cb2c07af0aead37fd688b58f51d6eb534a3da6163621e130e67d7a55176c4,arangodb@sha256:563cb2c07af0aead37fd688b58f51d6eb534a3da6163621e130e67d7a55176c4,8g,0.4,0.1,0.2,0,False,,,,arangodb:3.12.11,0.8,waitForSync=false (default); RocksDB WAL synced every 100 ms,False,,,,,,,,search[warmup 0],2.7754,,,,,,,,,,,,,,,,,,,,,,,,,,,,,,,,,,,,,,,,,,,,,0.0,"OCI runtime exec failed: exec failed: unable to start container process: exec: ""java"": executable file not found in $PAT",l3d_arangodb_dense_search_micro_r1.serverlog,10.3,0.2,10.1,True,l3d_arangodb_dense_search_micro_r1.clientlog,10.5,10.0,266.4,245.9,202.1,0.0,11.6,3.9,37.6,11.6,11859767,165.8,76.3,76.3,0.0,3.1,8.9,0.2,3.1,7927507,432.2,322.1,0.0,322.1,37.7,12.8,278.4,19787274,20260914T095032Z,,,,,,,,,,,,,,,,,,,,,,,,,,,,,,,,,,,,,,,,"no cold/warm split on this row: the lane warms on a held-out query slice before it times anything, so every timed query here is warm. The dense table's cold and warm columns come from the multipass driver, whose pass 0 is the cold pass and whose passes 1 to 5 are the warm ones (DECISIONS #89)",,,0.183,,,,,,,,,,,,,,,,,,,,,,,,,,,,,,,,,,,,,,,,,,,,,,,,,,,,,,,,,,,,,,,,,,,,,,,,,,,,,,,,,,,,,,,,,,,,,,,,,,,,,,,,,,,,,,,,,,,,,,,,,,,,,,,,,,,,,,,,,,,,,,,,,,,,,,,,,,,,,,,,,,,,5000,,,,,,,,,,,,,,,,,,,,,,,,,,,,,,,,,,,,,,,,,,,,,,,,,,,,,,,,,,,,,,,,,,,,,,,,,,,,,arangodb:3.12.11,,l3d_dense.py,client,container:e796c63c9ac5 (host unknown),dbbench:client,,,,,,unknown (PackageNotFoundError),128,10,1000,32,100,100,32,,ivf_flat_no_degree,,,,,fp32,6250.3,,{},2.778,3.155,3.301,2.805,5.104,354.6,980,20,0.9402,{},True,forced on by BENCH_DENSE_MUTATE=1,200,200,0.009,0.045,3.084,3.693,4.674,3.091,5.042,0.9489,0,0.024,0.12,2.892,3.245,3.619,2.923,4.505,0.941,335,,283,17,0.95,fallback constant (no frozen row at this scale),0.9525,200,1000:1200,,,,,,,,,,,,,,,,,,,,,,,,,,,,,,,,,,,,,,,,,,,,,,,,,,,,,,,,,,,,,,,,,,,,,,,,,,,,,,,,,,,,,,,,,,,,,,,,,,,,,,,,,,,
l3d_arcadedb_dense_embedded_search_micro_r1,,laptop,2026-10,relaxed,,l3d,arcadedb_dense_embedded,search,micro,1,sweep,0-11,embedded,8g,2026-09-14T09:56:50+00:00,,,,,,,,,,,0.1,4.6,0,False,,,,26.8.1,2.77,txWalFlush=0 (engine default): no flush at commit,False,,,,,,,,search[warmup 0],87.0929,,,,,,,,,,,,,,,,,,,,,,,,,,,,,,,,,,,,,,,,,,,,,0.601,,,,,,,l3d_arcadedb_dense_embedded_search_micro_r1.clientlog,4.6,4.5,,,,,,,,,,544.4,515.6,515.6,0.0,22.7,43.7,0.2,22.7,28614021,544.4,515.6,0.0,515.6,0.2,43.7,515.6,28614021,20260914T095032Z,4g,,,,,,,,,,,,,,,,,,,,,,,,,,,,,,,,,,,,,,,"no cold/warm split on this row: the lane warms on a held-out query slice before it times anything, so every timed query here is warm. The dense table's cold and warm columns come from the multipass driver, whose pass 0 is the cold pass and whose passes 1 to 5 are the warm ones (DECISIONS #89)",,,1.116,,,,,,,,,,,,,,,,,,,,,,,,,,,,,,,,,,,,,,,,,,,,,,,,,,,,,,,,,,,,,,,,,,,,,,,,,,,,,,,,,,,,,,,,,,,,,,,,,,,,,,,,,,,,,,,,,,,,,,,,,,,,,,,,,,,,,,,,,,,,,,,,,,,,,,,,,,,,,,,,,,,,5000,0.78,,,,,,,,,,,,,,,,,,,,,,,,,,,,,,,,,,,,,,,,,,,,,,,,,,,,,,,,,,,,,,,,,,,,,,,,,,,,26.8.1,,l3d_dense.py,engine,container:2416552d3686 (host unknown),dbbench:arcadedb,,,,,,26.8.1,128,10,1000,32,100,100,32,32,arcadedb_maxconnections_per_layer,0,0,engine auto: whole corpus when it fits graphBuildCacheMaxHeapPercent (default 25) of AVAILABLE heap,25,fp32,1807.0,1.54,"{'vectorCacheHits': 0, 'compactedPages': 0, 'graphNodeCount': 5000, 'asyncRebuildInProgress': 0, 'deltaVectorsCount': 0, 'rebuildSnapshotGeneration': 1, 'searchOperations': 0, 'liveVectorCacheSize': 0, 'compactionCount': 0, 'beamWidth': 100, 'vectorFetchFromQuantized': 0, 'estimatedLocationIndexBytes': 450000, 'totalVectors': 5000, 'graphRebuildCount': 1, 'estimatedOrdinalMapBytes': 20000, 'maxConnections': 32, 'mutablePages': 1, 'bruteForceScans': 0, 'avgInsertLatencyMs': 0, 'mutationsSinceRebuild': 0, 'vectorFetchFromDocuments': 0, 'searchVectorCacheCapacity': 0, 'deletedVectors': 0, 'avgSearchLatencyMs': 0, 'pooledGraphSearchers': 0, 'graphState': 1, 'mutationsThreshold': 100, 'effectiveMutationsThreshold': 1000, 'insertOperations': 10000, 'vectorCacheMisses': 0, 'vectorFetchFromGraph': 0, 'activeVectors': 5000, 'dimensions': 128}",0.814,1.274,1.901,0.899,36.306,1101.5,980,20,1.0,"{'vectorCacheHits': 1079935, 'compactedPages': 0, 'graphNodeCount': 5000, 'asyncRebuildInProgress': 0, 'deltaVectorsCount': 0, 'rebuildSnapshotGeneration': 1, 'searchOperations': 1000, 'liveVectorCacheSize': 0, 'compactionCount': 0, 'beamWidth': 100, 'vectorFetchFromQuantized': 0, 'estimatedLocationIndexBytes': 450000, 'totalVectors': 5000, 'graphRebuildCount': 1, 'estimatedOrdinalMapBytes': 20000, 'maxConnections': 32, 'mutablePages': 1, 'bruteForceScans': 0, 'avgInsertLatencyMs': 0, 'mutationsSinceRebuild': 0, 'vectorFetchFromDocuments': 5000, 'searchVectorCacheCapacity': 8192, 'deletedVectors': 0, 'avgSearchLatencyMs': 0, 'pooledGraphSearchers': 1, 'graphState': 1, 'mutationsThreshold': 100, 'effectiveMutationsThreshold': 1000, 'insertOperations': 10000, 'vectorCacheMisses': 5000, 'vectorFetchFromGraph': 0, 'activeVectors': 5000, 'dimensions': 128}",True,forced on by BENCH_DENSE_MUTATE=1,200,200,0.208,1.04,0.672,1.015,1.462,0.721,2.631,1.0,0,0.017,0.085,0.759,0.916,1.152,0.775,2.795,1.0,350,5000,,,,,,,,,,,,,,,,,,,,,,,,,,,,,,,,,,,,,,,,,,,,,,,,,,,,,,,,,,,,,,,,,,,,,,,,,,,,,,,,,,,,,,,,,,,,,,,,,,,,,,,,,,,,,,,,,,
l3d_arcadedb_dense_embedded_int8_search_micro_r1,,laptop,2026-10,relaxed,,l3d,arcadedb_dense_embedded_int8,search,micro,1,sweep,0-11,embedded,8g,2026-09-14T09:50:40+00:00,,,,,,,,,,,0.1,5.1,0,False,,,,26.8.1,2.61,txWalFlush=0 (engine default): no flush at commit,False,,,,,,,,search[warmup 0],75.1339,,,,,,,,,,,,,,,,,,,,,,,,,,,,,,,,,,,,,,,,,,,,,0.757,,,,,,,l3d_arcadedb_dense_embedded_int8_search_micro_r1.clientlog,5.1,5.0,,,,,,,,,,561.1,530.1,530.1,0.0,19.5,31.1,15.0,15.5,29586418,561.1,530.1,0.0,530.1,15.0,31.1,530.1,29586418,20260914T095032Z,4g,,,,,,,,,,,,,,,,,,,,,,,,,,,,,,,,,,,,,,,"no cold/warm split on this row: the lane warms on a held-out query slice before it times anything, so every timed query here is warm. The dense table's cold and warm columns come from the multipass driver, whose pass 0 is the cold pass and whose passes 1 to 5 are the warm ones (DECISIONS #89)",,,0.869,,,,,,,,,,,,,,,,,,,,,,,,,,,,,,,,,,,,,,,,,,,,,,,,,,,,,,,,,,,,,,,,,,,,,,,,,,,,,,,,,,,,,,,,,,,,,,,,,,,,,,,,,,,,,,,,,,,,,,,,,,,,,,,,,,,,,,,,,,,,,,,,,,,,,,,,,,,,,,,,,,,,5000,0.75,,,,,,,,,,,,,,,,,,,,,,,,,,,,,,,,,,,,,,,,,,,,,,,,,,,,,,,,,,,,,,,,,,,,,,,,,,,,26.8.1,,l3d_dense.py,engine,container:92a1bbbc71c7 (host unknown),dbbench:arcadedb,,,,,,26.8.1,128,10,1000,32,100,100,32,32,arcadedb_maxconnections_per_layer,0,0,engine auto: whole corpus when it fits graphBuildCacheMaxHeapPercent (default 25) of AVAILABLE heap,25,INT8,1917.2,1.47,"{'vectorCacheHits': 0, 'compactedPages': 0, 'graphNodeCount': 5000, 'asyncRebuildInProgress': 0, 'deltaVectorsCount': 0, 'rebuildSnapshotGeneration': 1, 'searchOperations': 0, 'liveVectorCacheSize': 0, 'compactionCount': 0, 'beamWidth': 100, 'vectorFetchFromQuantized': 0, 'estimatedLocationIndexBytes': 450000, 'totalVectors': 5000, 'graphRebuildCount': 1, 'estimatedOrdinalMapBytes': 20000, 'maxConnections': 32, 'mutablePages': 3, 'bruteForceScans': 0, 'avgInsertLatencyMs': 0, 'mutationsSinceRebuild': 0, 'vectorFetchFromDocuments': 0, 'searchVectorCacheCapacity': 0, 'deletedVectors': 0, 'avgSearchLatencyMs': 0, 'pooledGraphSearchers': 0, 'graphState': 1, 'mutationsThreshold': 100, 'effectiveMutationsThreshold': 1000, 'insertOperations': 10000, 'vectorCacheMisses': 0, 'vectorFetchFromGraph': 0, 'activeVectors': 5000, 'dimensions': 128}",0.815,1.404,1.992,0.932,42.154,1062.4,980,20,0.9947,"{'vectorCacheHits': 1078313, 'compactedPages': 0, 'graphNodeCount': 5000, 'asyncRebuildInProgress': 0, 'deltaVectorsCount': 0, 'rebuildSnapshotGeneration': 1, 'searchOperations': 1000, 'liveVectorCacheSize': 0, 'compactionCount': 0, 'beamWidth': 100, 'vectorFetchFromQuantized': 5000, 'estimatedLocationIndexBytes': 450000, 'totalVectors': 5000, 'graphRebuildCount': 1, 'estimatedOrdinalMapBytes': 20000, 'maxConnections': 32, 'mutablePages': 3, 'bruteForceScans': 0, 'avgInsertLatencyMs': 0, 'mutationsSinceRebuild': 0, 'vectorFetchFromDocuments': 0, 'searchVectorCacheCapacity': 8192, 'deletedVectors': 0, 'avgSearchLatencyMs': 0, 'pooledGraphSearchers': 1, 'graphState': 1, 'mutationsThreshold': 100, 'effectiveMutationsThreshold': 1000, 'insertOperations': 10000, 'vectorCacheMisses': 5000, 'vectorFetchFromGraph': 0, 'activeVectors': 5000, 'dimensions': 128}",True,forced on by BENCH_DENSE_MUTATE=1,200,200,0.177,0.885,0.699,0.974,1.423,0.741,2.583,0.9979,0,0.019,0.095,0.75,0.924,1.29,0.764,2.942,0.997,350,100000,,,,,,,,,,,,,,,,,,,,,,,,,,,,,,,,,,,,,,,,,,,,,,,,,,,,,,,,,,,,,,,,,,,,,,,,,,,,,,,,,,,,,,,,,,,,,,,,,,,,,,,,,,,,,,,,,,
l3d_arcadedb_dense_server_search_micro_r1,,laptop,2026-10,relaxed,,l3d,arcadedb_dense_server,search,micro,1,sweep,0-11,client_server,8g,2026-09-14T09:55:35+00:00,full+client,8g,8.0,,8589934592,0-11,arcadedata/arcadedb:26.8.1@sha256:49036720b1678b9c7a6dbf22fc34a812c8d7bed15508c22cbb02c0dddc0ca16a,arcadedata/arcadedb:26.8.1@sha256:49036720b1678b9c7a6dbf22fc34a812c8d7bed15508c22cbb02c0dddc0ca16a,8g,0.3,0.1,0.1,0,False,,,,server:26.8.1 (build 727aa4568cdface314ee15cd242f71d6299b2b0c/1785790932717/main),4.09,txWalFlush=0 (engine default): no flush at commit,False,,,,,,,,search[warmup 0],139.9743,,,,,,,,,,,,,,,,,,,,,,,,,,,,,,,,,,,,,,,,,,,,,0.0,,l3d_arcadedb_dense_server_search_micro_r1.serverlog,10.7,0.2,10.6,True,l3d_arcadedb_dense_server_search_micro_r1.clientlog,10.8,10.4,805.8,768.9,767.1,0.0,16.8,18.5,32.5,16.8,63515002,164.4,51.8,51.8,0.0,0.1,0.0,0.3,0.1,4771013,970.2,820.7,0.0,820.7,32.8,18.5,818.9,68286015,20260914T095032Z,4g,4g,,,,,,,,,,,,,,,,,,,,,,,,,,,,,,,,,,,,,,"no cold/warm split on this row: the lane warms on a held-out query slice before it times anything, so every timed query here is warm. The dense table's cold and warm columns come from the multipass driver, whose pass 0 is the cold pass and whose passes 1 to 5 are the warm ones (DECISIONS #89)",,,20.687,,,,,,,,,,,,,,,,,,,,,,,,,,,,,,,,,,,,,,,,,,,,,,,,,,,,,,,,,,,,,,,,,,,,,,,,,,,,,,,,,,,,,,,,,,,,,,,,,,,,,,,,,,,,,,,,,,,,,,,,,,,,,,,,,,,,,,,,,,,,,,,,,,,,,,,,,,,,,,,,,,,,5000,2.06,,,,,,,,,,,,,,,,,,,,,,,,,,,,,,,,,,,,,,,,,,,,,,,,,,,,,,,,,,,,,,,,,,,,,,,,,,,,server:26.8.1 (build 727aa4568cdface314ee15cd242f71d6299b2b0c/1785790932717/main),,l3d_dense.py,client,container:146456b8245a (host unknown),dbbench:client,,,,,,unknown (PackageNotFoundError),128,10,1000,32,100,100,32,32,arcadedb_maxconnections_per_layer,0,0,engine auto: whole corpus when it fits graphBuildCacheMaxHeapPercent (default 25) of AVAILABLE heap,25,fp32,1223.8,1.57,{},4.405,6.349,7.504,4.621,8.482,215.6,980,20,1.0,{},True,forced on by BENCH_DENSE_MUTATE=1,200,200,0.192,0.96,3.926,5.124,7.702,4.133,14.525,1.0,0,0.065,0.325,3.356,3.88,4.464,3.391,5.663,1.0,350,5000,,,,,,,,,,,,,,,,,,,,,,,,,,,,,,,,,,,,,,,,,,,,,,,,,,,,,,,,,,,,,,,,,,,,,,,,,,,,,,,,,,,,,,,,,,,,,,,,,,,,,,,,,,,,,,,,,,
l3d_arcadedb_dense_server_int8_search_micro_r1,,laptop,2026-10,relaxed,,l3d,arcadedb_dense_server_int8,search,micro,1,sweep,0-11,client_server,8g,2026-09-14T09:53:26+00:00,full+client,8g,8.0,,8589934592,0-11,arcadedata/arcadedb:26.8.1@sha256:49036720b1678b9c7a6dbf22fc34a812c8d7bed15508c22cbb02c0dddc0ca16a,arcadedata/arcadedb:26.8.1@sha256:49036720b1678b9c7a6dbf22fc34a812c8d7bed15508c22cbb02c0dddc0ca16a,8g,0.3,0.1,0.1,0,False,,,,server:26.8.1 (build 727aa4568cdface314ee15cd242f71d6299b2b0c/1785790932717/main),4.39,txWalFlush=0 (engine default): no flush at commit,False,,,,,,,,search[warmup 0],70.3458,,,,,,,,,,,,,,,,,,,,,,,,,,,,,,,,,,,,,,,,,,,,,0.0,,l3d_arcadedb_dense_server_int8_search_micro_r1.serverlog,11.8,0.2,11.6,True,l3d_arcadedb_dense_server_int8_search_micro_r1.clientlog,11.9,11.5,729.4,662.2,651.2,0.0,54.2,127.4,35.6,54.2,63915478,164.3,51.8,51.8,0.0,0.1,0.0,0.3,0.1,4578950,893.8,714.0,0.0,714.0,35.9,127.4,703.0,68494428,20260914T095032Z,4g,4g,,,,,,,,,,,,,,,,,,,,,,,,,,,,,,,,,,,,,,"no cold/warm split on this row: the lane warms on a held-out query slice before it times anything, so every timed query here is warm. The dense table's cold and warm columns come from the multipass driver, whose pass 0 is the cold pass and whose passes 1 to 5 are the warm ones (DECISIONS #89)",,,20.606,,,,,,,,,,,,,,,,,,,,,,,,,,,,,,,,,,,,,,,,,,,,,,,,,,,,,,,,,,,,,,,,,,,,,,,,,,,,,,,,,,,,,,,,,,,,,,,,,,,,,,,,,,,,,,,,,,,,,,,,,,,,,,,,,,,,,,,,,,,,,,,,,,,,,,,,,,,,,,,,,,,,5000,2.28,,,,,,,,,,,,,,,,,,,,,,,,,,,,,,,,,,,,,,,,,,,,,,,,,,,,,,,,,,,,,,,,,,,,,,,,,,,,server:26.8.1 (build 727aa4568cdface314ee15cd242f71d6299b2b0c/1785790932717/main),,l3d_dense.py,client,container:906d894e94ab (host unknown),dbbench:client,,,,,,unknown (PackageNotFoundError),128,10,1000,32,100,100,32,32,arcadedb_maxconnections_per_layer,0,0,engine auto: whole corpus when it fits graphBuildCacheMaxHeapPercent (default 25) of AVAILABLE heap,25,INT8,1139.2,1.61,{},4.067,5.637,6.188,4.259,13.431,233.8,980,20,0.9947,{},True,forced on by BENCH_DENSE_MUTATE=1,200,200,0.164,0.82,3.65,4.18,4.599,3.699,6.613,0.9979,0,0.066,0.33,3.414,3.954,4.91,3.441,6.907,0.997,350,100000,,,,,,,,,,,,,,,,,,,,,,,,,,,,,,,,,,,,,,,,,,,,,,,,,,,,,,,,,,,,,,,,,,,,,,,,,,,,,,,,,,,,,,,,,,,,,,,,,,,,,,,,,,,,,,,,,,
l3d_chroma_dense_search_micro_r1,,laptop,2026-10,relaxed,,l3d,chroma_dense,search,micro,1,sweep,0-11,embedded,8g,2026-09-14T09:56:12+00:00,,,,,,,,,,,0.1,8.4,0,False,,,,1.5.9,0.68,engine default; no transactional write timed on this lane,False,,,,,,,,search[warmup 0],8.2992,,,,,,,,,,,,,,,,,,,,,,,,,,,,,,,,,,,,,,,,,,,,,0.0,,,,,,,l3d_chroma_dense_search_micro_r1.clientlog,8.4,8.3,,,,,,,,,,186.8,123.2,100.1,0.0,52.5,132.8,28.8,52.5,7296380,186.8,123.2,0.0,123.2,28.8,132.8,100.1,7296380,20260914T095032Z,,,,,,,,,,,,,,,,,,,,,,,,,,,,,,,,,,,,,,,,"no cold/warm split on this row: the lane warms on a held-out query slice before it times anything, so every timed query here is warm. The dense table's cold and warm columns come from the multipass driver, whose pass 0 is the cold pass and whose passes 1 to 5 are the warm ones (DECISIONS #89)",,,1.736,,,,,,,,,,,,,,,,,,,,,,,,,,,,,,,,,,,,,,,,,,,,,,,,,,,,,,,,,,,,,,,,,,,,,,,,,,,,,,,,,,,,,,,,,,,,,,,,,,,,,,,,,,,,,,,,,,,,,,,,,,,,,,,,,,,,,,,,,,,,,,,,,,,,,,,,,,,,,,,,,,,,5000,,,,,,,,,,,,,,,,,,,,,,,,,,,,,,,,,,,,,,,,,,,,,,,,,,,,,,,,,,,,,,,,,,,,,,,,,,,,,1.5.9,,l3d_dense.py,engine,container:f402dc33279c (host unknown),dbbench:dense,,,,,,unknown (PackageNotFoundError),128,10,1000,32,100,100,32,16,hnswlib_m_doubled_at_base,,,,,fp32,7309.8,,{},1.238,2.319,3.245,1.387,4.879,714.0,980,20,0.9997,{},True,forced on by BENCH_DENSE_MUTATE=1,200,200,0.076,0.38,1.224,1.6,1.952,1.259,2.088,0.999,0,0.071,0.355,0.935,1.204,1.718,0.976,1.989,0.999,350,,,,,,,,,chromadb exposes no close(),,,,,,,,,,,,,,,,,,,,,,,,,,,,,,,,,,,,,,,,,,,,,,,,,,,,,,,,,,,,,,,,,,,,,,,,,,,,,,,,,,,,,,,,,,,,,,,,,,,,,,,,,,
l3d_duckdb_vss_dense_search_micro_r1,,laptop,2026-10,relaxed,,l3d,duckdb_vss_dense,search,micro,1,sweep,0-11,embedded,8g,2026-09-14T09:52:13+00:00,,,,,,,,,,,0.1,40.3,0,False,,,,1.5.5,1.55,"fsync at commit, not configurable (DuckDB WAL)",True,,,,,,,,search[warmup 0],14.5577,,,,,,,,,,,,,,,,,,,,,,,,,,,,,,,,,,,,,,,,,,,,,0.082,,,,,,,l3d_duckdb_vss_dense_search_micro_r1.clientlog,40.3,40.2,,,,,,,,,,282.8,135.8,79.0,0.0,152.4,336.4,36.7,152.4,12386268,282.8,135.8,0.0,135.8,36.7,336.4,79.0,12386268,20260914T095032Z,,,,,,,,,,,,,,,,,,,,,,,,,,,,,,,,,,,,,,,,"no cold/warm split on this row: the lane warms on a held-out query slice before it times anything, so every timed query here is warm. The dense table's cold and warm columns come from the multipass driver, whose pass 0 is the cold pass and whose passes 1 to 5 are the warm ones (DECISIONS #89)",,,2.172,,,,,,,,,,,,,,,,,,,,,,,,,,,,,,,,,,,,,,,,,,,,,,,,,,,,,,,,,,,,,,,,,,,,,,,,,,,,,,,,,,,,,,,,,,,,,,,,,,,,,,,,,,,,,,,,,,,,,,,,,,,,,,,,,,,,,,,,,,,,,,,,,,,,,,,,,,,,,,,,,,,,5000,,,,,,,,,,,,,,,,,,,,,,,,,,,,,,,,,,,,,,,,,,,,,,,,,,,,,,,,,,,,,,,,,,,,,,,,,,,,,1.5.5,,l3d_dense.py,engine,container:a2ac71e6a802 (host unknown),dbbench:dense,,,,,,unknown (PackageNotFoundError),128,10,1000,32,100,100,32,16,hnswlib_m_doubled_at_base,,,,,fp32,3215.7,,{},3.205,4.983,6.56,3.439,10.788,289.0,980,20,0.9998,{},True,forced on by BENCH_DENSE_MUTATE=1,200,200,0.027,0.135,3.353,3.921,4.491,3.415,4.546,1.0,0,1.683,8.415,3.205,3.692,4.016,3.216,4.849,1.0,350,,,,,,,,,,,,,,,,,,,,,,,,,,,,,,,,,,,,,,,,,,,,,,,,,,,,,,,,,,,,,,,,,,,,,,,,,,,,,,,,,,,,,,,,,,,,,,,,,,,,,,,,,,,,,,,,,,,
l3d_lancedb_dense_search_micro_r1,,laptop,2026-10,relaxed,,l3d,lancedb_dense,search,micro,1,sweep,0-11,embedded,8g,2026-09-14T09:57:08+00:00,,,,,,,,,,,0.1,5.5,0,False,,,,0.37.1,0.37,engine default; no transactional write timed on this lane,False,,,,,,,,search[warmup 0],48.4184,,,,,,,,,,,,,,,,,,,,,,,,,,,,,,,,,,,,,,,,,,,,,0.0,,,,,,,l3d_lancedb_dense_search_micro_r1.clientlog,5.5,5.4,,,,,,,,,,241.3,142.7,137.7,0.0,89.6,253.1,0.2,89.6,18161809,241.3,142.7,0.0,142.7,0.2,253.1,137.7,18161809,20260914T095032Z,,,,,,,,,,,,,,,,,,,,,,,,,,,,,,,,,,,,,,,,"no cold/warm split on this row: the lane warms on a held-out query slice before it times anything, so every timed query here is warm. The dense table's cold and warm columns come from the multipass driver, whose pass 0 is the cold pass and whose passes 1 to 5 are the warm ones (DECISIONS #89)",,,2.612,,,,,,,,,,,,,,,,,,,,,,,,,,,,,,,,,,,,,,,,,,,,,,,,,,,,,,,,,,,,,,,,,,,,,,,,,,,,,,,,,,,,,,,,,,,,,,,,,,,,,,,,,,,,,,,,,,,,,,,,,,,,,,,,,,,,,,,,,,,,,,,,,,,,,,,,,,,,,,,,,,,,5000,0.09,,,,,,,,,,,,,,,,,,,,,,,,,,,,,,,,,,,,,,,,,,,,,,,,,,,,,,,,,,,,,,,,,,,,,,,,,,,,0.37.1,,l3d_dense.py,engine,container:2a76f2f22123 (host unknown),dbbench:dense,,,,,,unknown (PackageNotFoundError),128,10,1000,32,100,100,32,16,hnswlib_m_doubled_at_base,,,,,INT8,13655.0,0.27,{},9.151,11.709,14.177,9.35,20.31,106.7,980,20,0.9898,{},True,forced on by BENCH_DENSE_MUTATE=1,200,200,0.034,0.17,9.917,11.427,13.223,9.959,14.384,0.9934,0,0.02,0.1,11.192,12.696,20.819,11.34,21.311,0.9935,350,,,,,,,,,lancedb exposes no close(),,,,,,,,,,,,,,,,,,,,,,,,,,,,,,,,,,,,,,,,,,,,,,,,,,,,,,,,,,,,,,,,,,,,,,,,,,,,,,,,,,,,,,,,,,,,,,,,,,,,,,,,,,
l3d_milvus_dense_search_micro_r1,,laptop,2026-10,relaxed,,l3d,milvus_dense,search,micro,1,sweep,0-11,client_server,8g,2026-09-14T09:52:45+00:00,full+client,8g,8.0,milvus run standalone,8589934592,0-11,milvusdb/milvus@sha256:0ea40276f8111f0183e72c8ee3144f3b9aafcd30571bd947de1ed0d22ee9dd56,milvusdb/milvus@sha256:0ea40276f8111f0183e72c8ee3144f3b9aafcd30571bd947de1ed0d22ee9dd56,8g,271.3,0.1,1.1,0,False,,,,milvus:pkg/v2.6.13,5.63,engine default; no transactional write timed on this lane,False,,,,,,,,search[warmup 0],25.2388,,,,,,,,,,,,,,,,,,,,,,,,,,,,,,,,,,,,,,,,,,,,,0.0,"OCI runtime exec failed: exec failed: unable to start container process: exec: ""java"": executable file not found in $PAT",l3d_milvus_dense_search_micro_r1.serverlog,275.9,275.9,0.0,True,l3d_milvus_dense_search_micro_r1.clientlog,277.0,5.6,483.2,221.4,120.1,0.0,256.7,747.8,25.5,256.7,13484507,166.9,145.8,78.9,0.0,31.1,90.6,0.2,31.1,5015051,650.1,367.2,0.0,367.2,25.7,838.4,199.0,18499558,20260914T095032Z,,,,,,,,,,,,,,,,,,,,,,,,,,,,,,,,,,,,,,,,"no cold/warm split on this row: the lane warms on a held-out query slice before it times anything, so every timed query here is warm. The dense table's cold and warm columns come from the multipass driver, whose pass 0 is the cold pass and whose passes 1 to 5 are the warm ones (DECISIONS #89)",,,1.186,,,,,,,,,,,,,,,,,,,,,,,,,,,,,,,,,,,,,,,,,,,,,,,,,,,,,,,,,,,,,,,,,,,,,,,,,,,,,,,,,,,,,,,,,,,,,,,,,,,,,,,,,,,,,,,,,,,,,,,,,,,,,,,,,,,,,,,,,,,,,,,,,,,,,,,,,,,,,,,,,,,,5000,0.25,,,,,,,,,,,,,,,,,,,,,,,,,,,,,,,,,,,,,,,,,,,,,,,,,,,,,,,,,,,,,,,,,,,,,,,,,,,,milvus:pkg/v2.6.13,,l3d_dense.py,client,container:2fe22cd9f8a9 (host unknown),dbbench:client,,,,,,unknown (PackageNotFoundError),128,10,1000,32,100,100,32,16,hnswlib_m_doubled_at_base,,,,,fp32,888.8,3.56,"{'milvus_index_type': 'HNSW', 'milvus_state': 'Finished', 'milvus_indexed_rows': 5000, 'milvus_total_rows': 5000, 'milvus_pending_index_rows': 0, 'milvus_metric_type': 'L2', 'milvus_persistent_segments': 1, 'milvus_loaded_segments': 0, 'milvus_compactions_forced': 1, 'milvus_segments_trace': [1, 1]}",4.105,6.391,8.483,4.461,16.106,223.5,980,20,1.0,"{'milvus_index_type': 'HNSW', 'milvus_state': 'Finished', 'milvus_indexed_rows': 5000, 'milvus_total_rows': 5000, 'milvus_pending_index_rows': 0, 'milvus_metric_type': 'L2', 'milvus_persistent_segments': 1, 'milvus_loaded_segments': 0, 'milvus_compactions_forced': 1, 'milvus_segments_trace': [1, 1]}",True,forced on by BENCH_DENSE_MUTATE=1,200,200,2.541,12.705,5.574,7.752,11.897,5.767,12.198,1.0,0,11.554,57.77,3.406,4.113,13.869,3.551,16.276,0.9995,350,,,,,,,,,,,,,,,,,,,,,,,,,,,,,,,,,,,,,,,,,,,,,,,,,,,,,,,,,,,,,,,,,,,,,,,,,,,,,,,,,,,,,,,,,,,,,,,,,,,,,,,,,,,,,,,,,,,
l3d_milvus_dense_int8_search_micro_r1,,laptop,2026-10,relaxed,,l3d,milvus_dense_int8,search,micro,1,sweep,0-11,client_server,8g,2026-09-14T09:54:54+00:00,full+client,8g,8.0,milvus run standalone,8589934592,0-11,milvusdb/milvus@sha256:0ea40276f8111f0183e72c8ee3144f3b9aafcd30571bd947de1ed0d22ee9dd56,milvusdb/milvus@sha256:0ea40276f8111f0183e72c8ee3144f3b9aafcd30571bd947de1ed0d22ee9dd56,8g,200.9,0.1,1.1,0,False,,,,milvus:pkg/v2.6.13,5.19,engine default; no transactional write timed on this lane,False,,,,,,,,search[warmup 0],18.7539,,,,,,,,,,,,,,,,,,,,,,,,,,,,,,,,,,,,,,,,,,,,,0.0,"OCI runtime exec failed: exec failed: unable to start container process: exec: ""java"": executable file not found in $PAT",l3d_milvus_dense_int8_search_micro_r1.serverlog,275.3,275.3,0.0,True,l3d_milvus_dense_int8_search_micro_r1.clientlog,276.4,75.4,223.7,208.1,119.4,0.0,9.2,7.1,23.7,9.2,13172808,165.1,120.0,78.0,0.0,2.0,3.0,0.3,2.0,4560615,388.7,328.1,0.0,328.1,24.0,10.1,197.3,17733423,20260914T095032Z,,,,,,,,,,,,,,,,,,,,,,,,,,,,,,,,,,,,,,,,"no cold/warm split on this row: the lane warms on a held-out query slice before it times anything, so every timed query here is warm. The dense table's cold and warm columns come from the multipass driver, whose pass 0 is the cold pass and whose passes 1 to 5 are the warm ones (DECISIONS #89)",,,0.779,,,,,,,,,,,,,,,,,,,,,,,,,,,,,,,,,,,,,,,,,,,,,,,,,,,,,,,,,,,,,,,,,,,,,,,,,,,,,,,,,,,,,,,,,,,,,,,,,,,,,,,,,,,,,,,,,,,,,,,,,,,,,,,,,,,,,,,,,,,,,,,,,,,,,,,,,,,,,,,,,,,,5000,0.22,,,,,,,,,,,,,,,,,,,,,,,,,,,,,,,,,,,,,,,,,,,,,,,,,,,,,,,,,,,,,,,,,,,,,,,,,,,,milvus:pkg/v2.6.13,,l3d_dense.py,client,container:af06ec60f1e7 (host unknown),dbbench:client,,,,,,unknown (PackageNotFoundError),128,10,1000,32,100,100,32,16,hnswlib_m_doubled_at_base,,,,,INT8,963.4,3.55,"{'milvus_index_type': 'HNSW_SQ', 'milvus_state': 'Finished', 'milvus_indexed_rows': 5000, 'milvus_total_rows': 5000, 'milvus_pending_index_rows': 0, 'milvus_metric_type': 'L2', 'milvus_persistent_segments': 1, 'milvus_loaded_segments': 0, 'milvus_compactions_forced': 1, 'milvus_segments_trace': [1, 1]}",4.131,6.182,8.353,4.449,13.924,224.0,980,20,1.0,"{'milvus_index_type': 'HNSW_SQ', 'milvus_state': 'Finished', 'milvus_indexed_rows': 5000, 'milvus_total_rows': 5000, 'milvus_pending_index_rows': 0, 'milvus_metric_type': 'L2', 'milvus_persistent_segments': 1, 'milvus_loaded_segments': 0, 'milvus_compactions_forced': 1, 'milvus_segments_trace': [1, 1]}",True,forced on by BENCH_DENSE_MUTATE=1,200,200,2.53,12.65,5.062,7.215,8.382,5.078,9.06,1.0,0,11.55,57.75,3.293,4.337,4.897,3.41,5.526,0.991,350,,,,,,,,,,,,,,,,,,,,,,,,,,,,,,,,,,,,,,,,,,,,,,,,,,,,,,,,,,,,,,,,,,,,,,,,,,,,,,,,,,,,,,,,,,,,,,,,,,,,,,,,,,,,,,,,,,,
l3d_neo4j_dense_search_micro_r1,,laptop,2026-10,relaxed,,l3d,neo4j_dense,search,micro,1,sweep,0-11,client_server,8g,2026-09-14T09:51:56+00:00,full+client,8g,8.0,,8589934592,0-11,neo4j@sha256:1ee8f6fa220f9a4f194d07caa82e12120ee501c06cb38eb245e530737cbdb15b,neo4j@sha256:1ee8f6fa220f9a4f194d07caa82e12120ee501c06cb38eb245e530737cbdb15b,8g,887.3,0.1,1.1,0,False,,,,neo4j:2026.07.1,5.27,"fsync at commit, not configurable (no durability setting in SHOW SETTINGS at 2026.07.1)",True,,,,,,,,search[warmup 0],567.7186,,,,,,,,,,,,,,,,,,,,,,,,,,,,,,,,,,,,,,,,,,,,,0.0,,l3d_neo4j_dense_search_micro_r1.serverlog,890.7,371.4,519.3,True,l3d_neo4j_dense_search_micro_r1.clientlog,891.8,4.4,5063.8,4638.2,4638.2,0.0,384.9,4.1,1153.0,384.9,81849732,164.3,129.0,99.5,0.0,13.4,37.2,0.2,13.4,7734739,5228.0,4767.1,0.0,4767.1,1153.2,41.2,4737.7,89584471,20260914T095032Z,4g,4g,,,,,,,,,,,,,,,,,,,,,,,,,,,,,,,,,,,,,,"no cold/warm split on this row: the lane warms on a held-out query slice before it times anything, so every timed query here is warm. The dense table's cold and warm columns come from the multipass driver, whose pass 0 is the cold pass and whose passes 1 to 5 are the warm ones (DECISIONS #89)",,,3.698,,,,,,,,,,,,,,,,,,,,,,,,,,,,,,,,,,,,,,,,,,,,,,,,,,,,,,,,,,,,,,,,,,,,,,,,,,,,,,,,,,,,,,,3.0g,,,,,,,,,,,,,,,,,,,,,,,,,,,,,,,,,,,,,,,,,,,,,,,,,,,,,,,,,,,,,,,,,,,,,,,,,,,,,5000,2.84,,,,,,,,,,,,,,,,,,,,,,,,,,,,,,,,,,,,,,,,,,,,,,,,,,,,,,,,,,,,,,,,,,,,,,,,,,,,neo4j:2026.07.1,,l3d_dense.py,client,container:efcac99e932c (host unknown),dbbench:client,,,,,,unknown (PackageNotFoundError),128,10,1000,32,100,100,32,16,hnswlib_m_doubled_at_base,,,,,fp32,949.2,2.42,{},6.226,10.465,12.805,6.841,53.599,145.7,980,20,0.9988,{},True,forced on by BENCH_DENSE_MUTATE=1,200,200,0.874,4.37,5.263,7.513,8.157,5.581,9.297,0.995,0,0.207,1.035,5.819,7.197,13.857,5.949,14.417,0.995,359,,,,,,,,,,,,,,,,,,,,,,,,,,,,,,,,,,,,,,,,,,,,,,,,,,,,,,,,,,,,,,,,,,,,,,,,,,,,,,,,,,,,,,,,,,,,,,,,,,,,,,,,,,,,,,,,,,,
l3d_pgvector_dense_search_micro_r1,,laptop,2026-10,relaxed,,l3d,pgvector_dense,search,micro,1,sweep,0-11,client_server,8g,2026-09-14T09:56:38+00:00,full+client,8g,8.0,-c synchronous_commit=off -c shared_buffers=2GB -c effective_cache_size=6GB -c maintenance_work_mem=4GB -c max_wal_size=8GB,8589934592,0-11,pgvector/pgvector@sha256:dca0d688bbb31d3f851502ffcb9c7791387b4fcc544ae434dab41761e5ece317,pgvector/pgvector@sha256:dca0d688bbb31d3f851502ffcb9c7791387b4fcc544ae434dab41761e5ece317,8g,45.3,0.1,0.8,0,False,,,,pgvector:0.8.6 on PostgreSQL 17.11,1.92,synchronous_commit=off,False,,,,,,,,search[warmup 0],2.2976,,,,,,,,,,,,,,,,,,,,,,,,,,,,,,,,,,,,,,,,,,,,,0.0,"OCI runtime exec failed: exec failed: unable to start container process: exec: ""java"": executable file not found in $PAT",l3d_pgvector_dense_search_micro_r1.serverlog,68.6,0.0,68.6,True,l3d_pgvector_dense_search_micro_r1.clientlog,69.4,24.0,201.1,11.5,4.3,73.3,185.0,137.6,233.4,185.0,4843148,164.6,54.4,49.4,0.0,2.3,4.6,0.2,2.3,3074999,365.7,65.8,73.3,139.1,233.6,142.2,53.7,7918147,20260914T095032Z,,,,,,,,,,,,,,,,,,,,,,,,,,,,,,,,,,,,,,,,"no cold/warm split on this row: the lane warms on a held-out query slice before it times anything, so every timed query here is warm. The dense table's cold and warm columns come from the multipass driver, whose pass 0 is the cold pass and whose passes 1 to 5 are the warm ones (DECISIONS #89)",,,0.369,,,,,,,,,,,,,,,,,,,,,,,,,,,,,,,,,,,,,,,,,,,,,,,,,,,,,,,,,,,,,,,,,,,,,,,,,,,,,,,,,,,,,,,,,,,,,,,,,,,,,,,,,,,,,,,,,,,,,,,,,,,,,,,,,,,,,,,,,,,,,,,,,,,,,,,,,,,,,,,,,,,,5000,0.3,,,,,,,,,,,,,,,,,,,,,,,,,,,,,,,,,,,,,,,,,,,,,,,,,,,,,,,,,,,,,,,,,,,,,,,,,,,,pgvector:0.8.6 on PostgreSQL 17.11,,l3d_dense.py,client,container:5b5be3e1bd8f (host unknown),dbbench:client,,,,,,unknown (PackageNotFoundError),128,10,1000,32,100,100,32,16,hnswlib_m_doubled_at_base,,,,,fp32,2598.0,1.62,{},1.085,1.473,1.659,1.115,2.844,885.3,980,20,0.9999,{},True,forced on by BENCH_DENSE_MUTATE=1,200,200,0.008,0.04,1.285,2.071,2.371,1.306,2.561,1.0,0,0.096,0.48,1.172,1.441,1.553,1.171,1.57,1.0,350,,,,,,,,,,,,,,,,,,,,,,,,,,,,,,,,,,,,,,,,,,,,,,,,,,,,,,,,,,,,,,,,,,,,,,,,,,,,,,,,,,,,,,,,,,,,,,,,,,,,,,,,,,,,,,,,,,,
l3d_qdrant_dense_search_micro_r1,,laptop,2026-10,relaxed,,l3d,qdrant_dense,search,micro,1,sweep,0-11,client_server,8g,2026-09-14T09:53:41+00:00,full+client,8g,8.0,,8589934592,0-11,qdrant/qdrant@sha256:75eab8c4ba42096724fdcfde8b4de0b5713d529dde32f285a1f86fdcb2c9e50c,qdrant/qdrant@sha256:75eab8c4ba42096724fdcfde8b4de0b5713d529dde32f285a1f86fdcb2c9e50c,8g,0.0,0.1,1.0,0,False,,,,qdrant:1.18.2,0.61,engine default; no transactional write timed on this lane,False,,,,,,,,search[warmup 0],22.1687,,,,,,,,,,,,,,,,,,,,,,,,,,,,,,,,,,,,,,,,,,,,,0.0,"OCI runtime exec failed: exec failed: unable to start container process: exec: ""java"": executable file not found in $PAT",l3d_qdrant_dense_search_micro_r1.serverlog,5.1,5.1,0.0,True,l3d_qdrant_dense_search_micro_r1.clientlog,6.1,6.0,166.0,111.9,63.6,0.0,47.8,127.4,15.6,47.8,3234978,165.3,111.5,89.9,0.0,9.6,26.4,0.2,9.6,6319390,331.3,223.4,0.0,223.4,15.8,153.8,153.5,9554368,20260914T095032Z,,,,,,,,,,,,,,,,,,,,,,,,,,,,,,,,,,,,,,,,"no cold/warm split on this row: the lane warms on a held-out query slice before it times anything, so every timed query here is warm. The dense table's cold and warm columns come from the multipass driver, whose pass 0 is the cold pass and whose passes 1 to 5 are the warm ones (DECISIONS #89)",,,1.568,,,,,,,,,,,,,,,,,,,,,,,,,,,,,,,,,,,,,,,,,,,,,,,,,,,,,,,,,,,,,,,,,,,,,,,,,,,,,,,,,,,,,,,,,,,,,,,,,,,,,,,,,,,,,,,,,,,,,,,,,,,,,,,,,,,,,,,,,,,,,,,,,,,,,,,,,,,,,,,,,,,,5000,,,,,,,,,,,,,,,,,,,,,,,,,,,,,,,,,,,,,,,,,,,,,,,,,,,,,,,,,,,,,,,,,,,,,,,,,,,,,qdrant:1.18.2,,l3d_dense.py,client,container:98c8a5a09ecc (host unknown),dbbench:client,,,,,,unknown (PackageNotFoundError),128,10,1000,32,100,100,32,16,hnswlib_m_doubled_at_base,,,,,fp32,8186.3,,{},3.149,4.061,4.547,3.204,6.445,310.4,980,20,1.0,{},True,forced on by BENCH_DENSE_MUTATE=1,200,200,0.016,0.08,3.163,4.124,6.254,3.621,79.653,1.0,0,0.032,0.16,3.084,4.431,6.034,3.273,6.312,1.0,350,,,,,,,,,,,,,,,,,,,,,,,,,,,,,,,,,,,,,,,,,,,,,,,,,,,,,,,,,,,,,,,,,,,,,,,,,,,,,,,,,,,,,,,,,,,,,,,,,,,,,,,,,,,,,,,,,,,
l3d_qdrant_dense_int8_search_micro_r1,,laptop,2026-10,relaxed,,l3d,qdrant_dense_int8,search,micro,1,sweep,0-11,client_server,8g,2026-09-14T09:56:22+00:00,full+client,8g,8.0,,8589934592,0-11,qdrant/qdrant@sha256:75eab8c4ba42096724fdcfde8b4de0b5713d529dde32f285a1f86fdcb2c9e50c,qdrant/qdrant@sha256:75eab8c4ba42096724fdcfde8b4de0b5713d529dde32f285a1f86fdcb2c9e50c,8g,0.0,0.1,1.0,0,False,,,,qdrant:1.18.2,0.62,engine default; no transactional write timed on this lane,False,,,,,,,,search[warmup 0],7.3266,,,,,,,,,,,,,,,,,,,,,,,,,,,,,,,,,,,,,,,,,,,,,0.0,"OCI runtime exec failed: exec failed: unable to start container process: exec: ""java"": executable file not found in $PAT",l3d_qdrant_dense_int8_search_micro_r1.serverlog,5.1,5.1,0.0,True,l3d_qdrant_dense_int8_search_micro_r1.clientlog,6.1,6.0,128.2,115.2,61.0,0.0,6.5,3.5,15.6,6.5,3141326,164.8,105.5,88.1,0.0,6.3,16.3,0.2,6.3,6472734,293.0,220.7,0.0,220.7,15.8,19.8,149.2,9614060,20260914T095032Z,,,,,,,,,,,,,,,,,,,,,,,,,,,,,,,,,,,,,,,,"no cold/warm split on this row: the lane warms on a held-out query slice before it times anything, so every timed query here is warm. The dense table's cold and warm columns come from the multipass driver, whose pass 0 is the cold pass and whose passes 1 to 5 are the warm ones (DECISIONS #89)",,,1.447,,,,,,,,,,,,,,,,,,,,,,,,,,,,,,,,,,,,,,,,,,,,,,,,,,,,,,,,,,,,,,,,,,,,,,,,,,,,,,,,,,,,,,,,,,,,,,,,,,,,,,,,,,,,,,,,,,,,,,,,,,,,,,,,,,,,,,,,,,,,,,,,,,,,,,,,,,,,,,,,,,,,5000,,,,,,,,,,,,,,,,,,,,,,,,,,,,,,,,,,,,,,,,,,,,,,,,,,,,,,,,,,,,,,,,,,,,,,,,,,,,,qdrant:1.18.2,,l3d_dense.py,client,container:7e67d0a806c5 (host unknown),dbbench:client,,,,,,unknown (PackageNotFoundError),128,10,1000,32,100,100,32,16,hnswlib_m_doubled_at_base,,,,,INT8,8008.0,,{},3.041,3.557,4.142,3.09,5.962,321.9,980,20,1.0,{},True,forced on by BENCH_DENSE_MUTATE=1,200,200,0.015,0.075,3.268,3.927,6.123,3.708,76.352,1.0,0,0.035,0.175,3.283,3.996,4.462,3.324,4.571,1.0,350,,,,,,,,,,,,,,,,,,,,,,,,,,,,,,,,,,,,,,,,,,,,,,,,,,,,,,,,,,,,,,,,,,,,,,,,,,,,,,,,,,,,,,,,,,,,,,,,,,,,,,,,,,,,,,,,,,,
l3d_sqlite_vec_dense_search_micro_r1,,laptop,2026-10,relaxed,,l3d,sqlite_vec_dense,search,micro,1,sweep,0-11,embedded,8g,2026-09-14T09:51:15+00:00,,,,,,,,,,,0.1,3.3,0,False,,,,0.1.9,0.06,"WAL, synchronous=NORMAL: synced at checkpoint, not at commit",False,,,,,,,,search[warmup 0],1.9064,,,,,,,,,,,,,,,,,,,,,,,,,,,,,,,,,,,,,,,,,,,,,0.002,,,,,,,l3d_sqlite_vec_dense_search_micro_r1.clientlog,3.3,3.2,,,,,,,,,,177.8,127.8,1.4,0.0,21.4,41.6,22.7,17.1,4408224,177.8,127.8,0.0,127.8,22.7,41.6,1.4,4408224,20260914T095032Z,,,,,,,,,,,,,,,,,,,,,,,,,,,,,,,,,,,,,,,,"no cold/warm split on this row: the lane warms on a held-out query slice before it times anything, so every timed query here is warm. The dense table's cold and warm columns come from the multipass driver, whose pass 0 is the cold pass and whose passes 1 to 5 are the warm ones (DECISIONS #89)",,,0.067,,,,,,,,,,,,,,,,,,,,,,,,,,,,,,,,,,,,,,,,,,,,,,,,,,,,,,,,,,,,,,,,,,,,,,,,,,,,,,,,,,,,,,,,,,,,,,,,,,,,,,,,,,,,,,,,,,,,,,,,,,,,,,,,,,,,,,,,,,,,,,,,,,,,,,,,,,,,,,,,,,,,5000,,,,,,,,,,,,,,,,,,,,,,,,,,,,,,,,,,,,,,,,,,,,,,,,,,,,,,,,,,,,,,,,,,,,,,,,,,,,,0.1.9,,l3d_dense.py,engine,container:bf7d48c60396 (host unknown),dbbench:dense,,,,,,unknown (PackageNotFoundError),128,10,1000,32,100,100,32,,exact_scan_no_ann,,,,,fp32,79415.1,,{},1.486,1.909,2.459,1.572,2.739,633.4,980,20,1.0,{},True,forced on by BENCH_DENSE_MUTATE=1,200,200,0.007,0.035,1.436,1.585,1.727,1.456,1.845,1.0,0,0.041,0.205,1.488,1.768,1.972,1.525,2.17,1.0,350,,,,,,,,,,,,,,,,,,,,,,,,,,,,,,,,,,,,,,,,,,,,,,,,,,,,,,,,,,,,,,,,,,,,,,,,,,,,,,,,,,,,,,,,,,,,,,,,,,,,,,,,,,,,,,,,,,,
l3d_sqlite_vec_dense_int8_search_micro_r1,,laptop,2026-10,relaxed,,l3d,sqlite_vec_dense_int8,search,micro,1,sweep,0-11,embedded,8g,2026-09-14T09:56:29+00:00,,,,,,,,,,,0.1,1.1,0,False,,,,0.1.9,0.08,"WAL, synchronous=NORMAL: synced at checkpoint, not at commit",False,,,,,,,,search[warmup 0],1.6842,,,,,,,,,,,,,,,,,,,,,,,,,,,,,,,,,,,,,,,,,,,,,0.0,,,,,,,l3d_sqlite_vec_dense_int8_search_micro_r1.clientlog,1.1,1.0,,,,,,,,,,165.6,48.6,43.5,0.0,2.3,3.9,7.4,2.3,3709216,165.6,48.6,0.0,48.6,7.4,3.9,43.5,3709216,20260914T095032Z,,,,,,,,,,,,,,,,,,,,,,,,,,,,,,,,,,,,,,,,"no cold/warm split on this row: the lane warms on a held-out query slice before it times anything, so every timed query here is warm. The dense table's cold and warm columns come from the multipass driver, whose pass 0 is the cold pass and whose passes 1 to 5 are the warm ones (DECISIONS #89)",,,0.042,,,,,,,,,,,,,,,,,,,,,,,,,,,,,,,,,,,,,,,,,,,,,,,,,,,,,,,,,,,,,,,,,,,,,,,,,,,,,,,,,,,,,,,,,,,,,,,,,,,,,,,,,,,,,,,,,,,,,,,,,,,,,,,,,,,,,,,,,,,,,,,,,,,,,,,,,,,,,,,,,,,,5000,,,,,,,,,,,,,,,,,,,,,,,,,,,,,,,,,,,,,,,,,,,,,,,,,,,,,,,,,,,,,,,,,,,,,,,,,,,,,0.1.9,,l3d_dense.py,engine,container:f620f2005f29 (host unknown),dbbench:dense,,,,,,unknown (PackageNotFoundError),128,10,1000,32,100,100,32,,exact_scan_no_ann,,,,,INT8,59570.7,,{},0.963,1.178,1.264,1.009,2.494,986.8,980,20,0.0622,{},True,forced on by BENCH_DENSE_MUTATE=1,200,200,0.024,0.12,1.012,1.259,1.38,1.053,1.476,0.1784,0,0.027,0.135,1.92,2.286,2.384,1.989,2.422,0.072,85,,,,,,,,,,,,,,,,,,,,,,,,,,,,,,,,,,,,,,,,,,,,,,,,,,,,,,,,,,,,,,,,,,,,,,,,,,,,,,,,,,,,,,,,,,,,,,,,,,,,,,,,,,,,,,,,,,,
l3d_surrealdb_dense_search_micro_r1,,laptop,2026-10,relaxed,,l3d,surrealdb_dense,search,micro,1,sweep,0-11,embedded,8g,2026-09-14T09:54:25+00:00,,,,,,,,,,,0.1,132.4,0,False,,,,surrealdb-embedded:2.3.10 (sdk 2.0.0),14.69,"SurrealKV, SURREAL_SYNC_DATA unset (the default): no sync at commit",False,,,,,,,,search[warmup 0],12.4075,,,,,,,,,,,,,,,,,,,,,,,,,,,,,,,,,,,,,,,,,,,,,0.0,,,,,,,l3d_surrealdb_dense_search_micro_r1.clientlog,132.4,132.3,,,,,,,,,,386.3,312.0,236.5,0.0,141.1,26.4,393.5,141.1,40269903,386.3,312.0,0.0,312.0,393.5,26.4,236.5,40269903,20260914T095032Z,,,,,,,,,,,,,,,,,,,,,,,,,,,,,,,,,,,,,,,,"no cold/warm split on this row: the lane warms on a held-out query slice before it times anything, so every timed query here is warm. The dense table's cold and warm columns come from the multipass driver, whose pass 0 is the cold pass and whose passes 1 to 5 are the warm ones (DECISIONS #89)",,,0.658,,,,,,,,,,,,,,,,,,,,,,,,,,,,,,,,,,,,,,,,,,,,,,,,,,,,,,,,,,,,,,,,,,,,,,,,,,,,,,,,,,,,,,,,,,,,,,,,,,,,,,,,,,,,,,,,,,,,,,,,,,,,,,,,,,,,,,,,,,,,,,,,,,,,,,,,,,,,,,,,,,,,5000,,,,,,,,,,,,,,,,,,,,,,,,,,,,,,,,,,,,,,,,,,,,,,,,,,,,,,,,,,,,,,,,,,,,,,,,,,,,,surrealdb-embedded:2.3.10 (sdk 2.0.0),,l3d_dense.py,engine,container:f1439dd6d2fb (host unknown),dbbench:client,,,,,,unknown (PackageNotFoundError),128,10,1000,32,100,100,32,16,hnswlib_m_doubled_at_base,,,,,fp32,340.4,,{},11.849,14.876,16.842,11.898,19.547,83.9,980,20,0.9996,{},True,forced on by BENCH_DENSE_MUTATE=1,200,200,5.884,29.42,12.31,15.702,16.997,12.535,17.241,1.0,0,0.904,4.52,10.818,13.373,14.678,10.764,15.771,1.0,350,,,,,,,,,,,,,,,,,,,,,,,,,,,,,,,,,,,,,,,,,,,,,,,,,,,,,,,,,,,,,,,,,,,,,,,,,,,,,,,,,,,,,,,,,,,,,,,,,,,,,,,,,,,,,,,,,,,
l3d_surrealdb_dense_server_search_micro_r1,,laptop,2026-10,relaxed,,l3d,surrealdb_dense_server,search,micro,1,sweep,0-11,client_server,8g,2026-09-14T09:56:00+00:00,full+client,8g,8.0,start --user root --pass root --log info rocksdb:/tmp/surreal/db,8589934592,0-11,surrealdb/surrealdb@sha256:6a5002363ff5b000b72a55f985203e951e3175e578002954b0e38f113e48a698,surrealdb/surrealdb@sha256:6a5002363ff5b000b72a55f985203e951e3175e578002954b0e38f113e48a698,8g,74.4,0.1,1.0,0,False,,,,surrealdb-server:3.2.4+20260803.93ab219,2.1,RocksDB at the engine default; SurrealDB 3.2.4 exposes no sync setting and the behaviour at commit is not verified,True,,,,,,,,search[warmup 0],28.7626,,,,,,,,,,,,,,,,,,,,,,,,,,,,,,,,,,,,,,,,,,,,,0.001,"OCI runtime exec failed: exec failed: unable to start container process: exec: ""java"": executable file not found in $PAT",l3d_surrealdb_dense_server_search_micro_r1.serverlog,74.4,74.4,0.0,True,l3d_surrealdb_dense_server_search_micro_r1.clientlog,75.4,0.9,244.7,205.5,150.2,0.0,38.0,14.8,102.3,38.0,13095099,164.1,109.4,77.4,0.0,3.3,7.4,0.2,3.3,4560840,408.8,314.9,0.0,314.9,102.4,22.2,227.7,17655939,20260914T095032Z,,,,,,,,,,,,,,,,,,,,,,,,,,,,,,,,,,,,,,,,"no cold/warm split on this row: the lane warms on a held-out query slice before it times anything, so every timed query here is warm. The dense table's cold and warm columns come from the multipass driver, whose pass 0 is the cold pass and whose passes 1 to 5 are the warm ones (DECISIONS #89)",,,0.689,,,,,,,,,,,,,,,,,,,,,,,,,,,,,,,,,,,,,,,,,,,,,,,,,,,,,,,,,,,,,,,,,,,,,,,,,,,,,,,,,,,,,,,,,,,,,,,,,,,,,,,,,,,,,,,,,,,,,,,,,,,,,,,,,,,,,,,,,,,,,,,,,,,,,,,,,,,,,,,,,,,,5000,,,,,,,,,,,,,,,,,,,,,,,,,,,,,,,,,,,,,,,,,,,,,,,,,,,,,,,,,,,,,,,,,,,,,,,,,,,,,surrealdb-server:3.2.4+20260803.93ab219,,l3d_dense.py,client,container:0fd990ef943c (host unknown),dbbench:client,,,,,,unknown (PackageNotFoundError),128,10,1000,32,100,100,32,16,hnswlib_m_doubled_at_base,,,,,fp32,2386.4,,{},4.047,10.245,12.172,8.415,619.195,118.6,980,20,0.999,{},True,forced on by BENCH_DENSE_MUTATE=1,200,200,1.41,7.05,3.614,4.864,127.337,7.861,712.411,0.995,0,0.1,0.5,3.711,4.971,5.929,3.822,6.378,0.9935,351,,,,,,,,,,,,,,,,,,,,,,,,,,,,,,,,,,,,,,,,,,,,,,,,,,,,,,,,,,,,,,,,,,,,,,,,,,,,,,,,,,,,,,,,,,,,,,,,,,,,,,,,,,,,,,,,,,,
l4_arcadedb_ts_doc_ingest_ts100_r1,,laptop,2026-10,relaxed,,l4,arcadedb_ts_doc,ingest,ts100,1,sweep,0-11,embedded,6g,2026-09-14T10:24:32+00:00,,,,,,,,,,,0.1,42.8,0,False,,,,26.8.1,,txWalFlush=0 (engine default): no flush at commit,False,,,,,,,,q_last,90.4841,,,,,,,,,,,,,,,,,,,,,,,,,,,,,,,,,,,,,,,,,,,,,0.04,,,,,,,l4_arcadedb_ts_doc_ingest_ts100_r1.clientlog,42.8,42.7,,,,,,,,,,2479.6,2377.3,2377.3,0.0,90.9,0.0,282.0,90.9,175472875,2479.6,2377.3,0.0,2377.3,282.0,0.0,2377.3,175472875,20260914T101755Z,3g,,,,,,,,,,,,,,,,,,,,,,,,,,,,,,,,,,,,,,,,,,,,,,,,,,,,,,,,,,,,,,,,,,,,,,,,,,,,,,,,,,,,,,,,,,,,,,,,,,,,,,,,,,,,,,,,,,,,,,,,,,,,,,,,,,,,,,,,,,,,,,,,,,,,,,,,,,,,,,,,,,,,,,,,,,,,,,,,,,,,,,,,,,,,,,,,,,,,,,,,,,,,,432000,432000,23.71,18221.7,0.0,0.0,0.0,0.0,20,0.8814,1.8309,90.4841,1,90.4841,0.8683,1.7866,19,45968158ecad8c2f,"(1767268790,16)",1,16.0476,70.2624,73.0813,60,73.0813,15.6953,62.5772,19,55705c1fd11e7e27,"(1767225600,71) ; (1767225660,73) ; (1767225720,72)",60,1233.1462,1348.3556,1865.0046,12,1865.0046,1231.7762,1348.289,19,2b658f264b619394,"(1767225600,46.543) ; (1767229200,45.2352) ; (1767232800,45.7482)",12,1526.4103,1899.9724,2160.9425,1200,2160.9425,1524.0285,1861.28,19,ff8db5be7c82ebbe,"(host_0,1767225600,43.2556) ; (host_0,1767229200,38.7861) ; (host_0,1767232800,45.9111)",1200,1997.378,2104.4509,2005.0501,32944,2005.0501,1997.2689,2324.7425,19,304c8e818ec2e40e,"(host_11,1767227970,92) ; (host_11,1767227980,92) ; (host_11,1767227990,93)",32944,1239.6252,1287.5652,1236.9893,5,1236.9893,1241.3841,1525.7953,19,7fc07462f6a56bba,"(1767250800,100) ; (1767254400,100) ; (1767258000,100)",5,,,,arcadedb 26.8.1,"no cold/warm split: the timed work is a single ingest, which happens once (DECISIONS #89)",l4_tsbs.py,engine,container:ca205b4ed400 (host unknown),dbbench:arcadedb,,,,,,,,,,,,,,,,,,,,,,,,,,,,,,,,,,,,,,,,,,,,,,,,,,,,,,,,,,,,,,,,,,,,,,,,,,,,,,,,,,,,,,,,,,,,,,,,,,,,,,,,,,,,,,,,,,,,,,,,,,,,,,,,,,,,,,,,,,,,,,,,,,,,,,,,,,,,,,,,,,,,,,,,,,
l4_arcadedb_ts_doc_server_ingest_ts100_r1,,laptop,2026-10,relaxed,,l4,arcadedb_ts_doc_server,ingest,ts100,1,sweep,0-11,client_server,8g,2026-09-14T10:27:06+00:00,full+client,8g,6.0,,6442450944,0-11,arcadedata/arcadedb:26.8.1@sha256:49036720b1678b9c7a6dbf22fc34a812c8d7bed15508c22cbb02c0dddc0ca16a,arcadedata/arcadedb:26.8.1@sha256:49036720b1678b9c7a6dbf22fc34a812c8d7bed15508c22cbb02c0dddc0ca16a,6g,0.3,0.1,0.1,0,False,,,,unknown (PackageNotFoundError),,txWalFlush=0 (engine default): no flush at commit,False,,,,,,,,q_last,78.5946,,,,,,,,,,,,,,,,,,,,,,,,,,,,,,,,,,,,,,,,,,,,,0.001,,l4_arcadedb_ts_doc_server_ingest_ts100_r1.serverlog,95.7,0.2,95.6,True,l4_arcadedb_ts_doc_server_ingest_ts100_r1.clientlog,95.8,95.4,2383.7,2262.8,2260.1,0.0,95.7,0.0,293.7,95.7,183342552,165.0,163.3,158.7,0.0,0.1,0.0,0.2,0.1,6261691,2548.7,2426.1,0.0,2426.1,293.9,0.0,2418.9,189604243,20260914T101755Z,3g,3g,,,,,,,,,,,,,,,,,,,,,,,,,,,,,,,,,,,,,,,,,,,,,,,,,,,,,,,,,,,,,,,,,,,,,,,,,,,,,,,,,,,,,,,,,,,,,,,,,,,,,,,,,,,,,,,,,,,,,,,,,,,,,,,,,,,,,,,,,,,,,,,,,,,,,,,,,,,,,,,,,,,,,,,,,,,,,,,,,,,,,,,,,,,,,,,,,,,,,,,,,,,,432000,432000,19.02,22717.0,0.0,0.0,0.0,0.0,20,4.4108,5.4406,78.5946,1,78.5946,4.3822,5.3223,19,45968158ecad8c2f,"(1767268790,16)",1,14.4699,34.5374,91.2175,60,91.2175,14.4469,32.74,19,55705c1fd11e7e27,"(1767225600,71) ; (1767225660,73) ; (1767225720,72)",60,1313.4845,1613.8676,1738.1501,12,1738.1501,1312.7085,1574.7315,19,2b658f264b619394,"(1767225600,46.543) ; (1767229200,45.2352) ; (1767232800,45.7482)",12,1569.7087,1744.7851,1744.7851,1200,1744.7851,1567.4113,1893.773,19,ff8db5be7c82ebbe,"(host_0,1767225600,43.2556) ; (host_0,1767229200,38.7861) ; (host_0,1767232800,45.9111)",1200,1008.0404,1240.7604,1042.8565,32944,1042.8565,1004.8439,1296.6871,19,304c8e818ec2e40e,"(host_11,1767227970,92) ; (host_11,1767227980,92) ; (host_11,1767227990,93)",32944,1336.4394,1462.1587,1462.1587,5,1462.1587,1331.0821,1640.136,19,7fc07462f6a56bba,"(1767250800,100) ; (1767254400,100) ; (1767258000,100)",5,,,,server:26.8.1 (build 727aa4568cdface314ee15cd242f71d6299b2b0c/1785790932717/main),"no cold/warm split: the timed work is a single ingest, which happens once (DECISIONS #89)",l4_tsbs.py,engine,container:8def3053eead (host unknown),dbbench:client,,,,,,,,,,,,,,,,,,,,,,,,,,,,,,,,,,,,,,,,,,,,,,,,,,,,,,,,,,,,,,,,,,,,,,,,,,,,,,,,,,,,,,,,,,,,,,,,,,,,,,,,,,,,,,,,,,,,,,,,,,,,,,,,,,,,,,,,,,,,,,,,,,,,,,,,,,,,,,,,,,,,,,,,,,
l4_arcadedb_ts_native_ingest_ts100_r1,,laptop,2026-10,relaxed,,l4,arcadedb_ts_native,ingest,ts100,1,sweep,0-11,embedded,6g,2026-09-14T10:21:52+00:00,,,,,,,,,,,0.1,18.4,0,False,,,,26.8.1,,txWalFlush=0 (engine default): no flush at commit,False,,,,,,,,q_last,347.8169,,,,,,,,,,,,,,,,,,,,,,,,,,,,,,,,,,,,,,,,,,,,,0.042,,,,,,,l4_arcadedb_ts_native_ingest_ts100_r1.clientlog,18.4,18.3,,,,,,,,,,2393.0,2342.4,2046.9,0.0,33.7,0.0,101.3,18.4,81660675,2393.0,2342.4,0.0,2342.4,101.3,0.0,2046.9,81660675,20260914T101755Z,3g,,,,,,,,,,,,,,,,,,,,,,,,,,,,,,,,,,,,,,,,,,,,,,,,,,,,,,,,,,,,,,,,,,,,,,,,,,,,,,,,,,,,,,,,,,,,,,,,,,,,,,,,,,,,,,,,,,,,,,,,,,,,,,,,,,,,,,,,,,,,,,,,,,,,,,,,,,,,,,,,,,,,,,,,,,,,,,,,,,,,,,,,,,,,,,,,,,,,,,,,,,,,,432000,432000,1.05,410109.2,0.0,0.0,0.0,0.0,20,1.1956,2.5684,347.8169,1,347.8169,1.1941,2.432,19,45968158ecad8c2f,"(1767268790,16)",1,11.6568,40.7151,91.5687,60,91.5687,11.402,40.1193,19,55705c1fd11e7e27,"(1767225600,71) ; (1767225660,73) ; (1767225720,72)",60,71.512,114.1932,203.2779,12,203.2779,64.6247,113.7051,19,2b658f264b619394,"(1767225600,46.543) ; (1767229200,45.2352) ; (1767232800,45.7482)",12,853.3566,1314.5376,1648.6443,1200,1648.6443,853.0277,1281.5996,19,ff8db5be7c82ebbe,"(host_0,1767225600,43.2556) ; (host_0,1767229200,38.7861) ; (host_0,1767232800,45.9111)",1200,1839.1216,1959.8021,1949.5011,32944,1949.5011,1836.0582,2243.8885,19,304c8e818ec2e40e,"(host_11,1767227970,92) ; (host_11,1767227980,92) ; (host_11,1767227990,93)",32944,5.7486,77.9484,297.3692,5,297.3692,5.7312,71.3614,19,7fc07462f6a56bba,"(1767250800,100) ; (1767254400,100) ; (1767258000,100)",5,0.5785,1,3456000,arcadedb 26.8.1,"no cold/warm split: the timed work is a single ingest, which happens once (DECISIONS #89)",l4_tsbs.py,engine,container:e2b0717869cf (host unknown),dbbench:arcadedb,True,True,100000,4,native_timeseries,,,,,,,,,,,,,,,,,,,,,,,,,,,,,,,,,,,,,,,,,,,,,,,,,,,,,,,,,,,,,,,,,,,,,,,,,,,,,,,,,,,,,,,,,,,,,,,,,,,,,,,,,,,,,,,,,,,,,,,,,,,,,,,,,,,,,,,,,,,,,,,,,,,,,,,,,,,,,,,,,,,,,
l4_arcadedb_ts_native_server_ingest_ts100_r1,,laptop,2026-10,relaxed,,l4,arcadedb_ts_native_server,ingest,ts100,1,sweep,0-11,client_server,8g,2026-09-14T10:19:00+00:00,full+client,8g,6.0,,6442450944,0-11,arcadedata/arcadedb:26.8.1@sha256:49036720b1678b9c7a6dbf22fc34a812c8d7bed15508c22cbb02c0dddc0ca16a,arcadedata/arcadedb:26.8.1@sha256:49036720b1678b9c7a6dbf22fc34a812c8d7bed15508c22cbb02c0dddc0ca16a,6g,0.3,0.1,0.1,0,False,,,,unknown (PackageNotFoundError),,txWalFlush=0 (engine default): no flush at commit,False,,,,,,,,q_last,170.9601,,,,,,,,,,,,,,,,,,,,,,,,,,,,,,,,,,,,,,,,,,,,,0.001,,l4_arcadedb_ts_native_server_ingest_ts100_r1.serverlog,34.6,0.2,34.4,True,l4_arcadedb_ts_native_server_ingest_ts100_r1.clientlog,34.7,34.3,2472.9,2418.0,2406.7,0.0,34.9,1.0,104.3,34.9,85524152,303.8,166.3,165.3,0.0,135.3,405.7,0.2,135.3,5729551,2776.7,2584.3,0.0,2584.3,104.4,406.7,2572.0,91253703,20260914T101755Z,3g,3g,,,,,,,,,,,,,,,,,,,,,,,,,,,,,,,,,,,,,,,,,,,,,,,,,,,,,,,,,,,,,,,,,,,,,,,,,,,,,,,,,,,,,,,,,,,,,,,,,,,,,,,,,,,,,,,,,,,,,,,,,,,,,,,,,,,,,,,,,,,,,,,,,,,,,,,,,,,,,,,,,,,,,,,,,,,,,,,,,,,,,,,,,,,,,,,,,,,,,,,,,,,,432000,432000,2.9,148916.2,0.001,0.0,0.0,0.0,20,9.0787,26.6745,170.9601,1,170.9601,8.954,24.5985,19,45968158ecad8c2f,"(1767268790,16)",1,12.3359,24.7985,76.0625,60,76.0625,12.3323,24.4964,19,55705c1fd11e7e27,"(1767225600,71) ; (1767225660,73) ; (1767225720,72)",60,110.4269,142.0624,128.5174,12,128.5174,109.867,202.0177,19,2b658f264b619394,"(1767225600,46.543) ; (1767229200,45.2352) ; (1767232800,45.7482)",12,862.0718,1199.0821,1765.4844,1200,1765.4844,860.5203,1191.7141,19,f78e3177de7d68d2,"(host_0,1767225600,13.0528) ; (host_0,1767225600,14.4444) ; (host_0,1767225600,16.1889)",1200,459.233,509.3433,563.4257,32944,563.4257,455.5643,505.418,19,304c8e818ec2e40e,"(host_11,1767227970,92) ; (host_11,1767227980,92) ; (host_11,1767227990,93)",32944,8.0269,86.3245,336.7044,5,336.7044,8.0207,85.157,19,7fc07462f6a56bba,"(1767250800,100) ; (1767254400,100) ; (1767258000,100)",5,6.3474,1,3456000,server:26.8.1 (build 727aa4568cdface314ee15cd242f71d6299b2b0c/1785790932717/main),"no cold/warm split: the timed work is a single ingest, which happens once (DECISIONS #89)",l4_tsbs.py,engine,container:a61e0a732461 (host unknown),dbbench:client,False,False,100000,4,native_timeseries_http_line_protocol,,,,,,,,,,,,,,,,,,,,,,,,,,,,,,,,,,,,,,,,,,,,,,,,,,,,,,,,,,,,,,,,,,,,,,,,,,,,,,,,,,,,,,,,,,,,,,,,,,,,,,,,,,,,,,,,,,,,,,,,,,,,,,,,,,,,,,,,,,,,,,,,,,,,,,,,,,,,,,,,,,,,,
l4_duckdb_ingest_ts100_r1,,laptop,2026-10,relaxed,,l4,duckdb,ingest,ts100,1,sweep,0-11,embedded,6g,2026-09-14T10:21:59+00:00,,,,,,,,,,,0.1,2.7,0,False,,,,,,"fsync at commit, not configurable (DuckDB WAL)",True,,,,,,,,q_last,4.6151,,,,,,,,,,,,,,,,,,,,,,,,,,,,,,,,,,,,,,,,,,,,,0.041,,,,,,,l4_duckdb_ingest_ts100_r1.clientlog,2.7,2.6,,,,,,,,,,306.9,276.6,269.4,0.0,18.5,48.2,6.2,18.5,9194055,306.9,276.6,0.0,276.6,6.2,48.2,269.4,9194055,20260914T101755Z,,,,,,,,,,,,,,,,,,,,,,,,,,,,,,,,,,,,,,,,,,,,,,,,,,,,,,,,,,,,,,,,,,,,,,,,,,,,,,,,,,,,,,,,,,,,,,,,,,,,,,,,,,,,,,,,,,,,,,,,,,,,,,,,,,,,,,,,,,,,,,,,,,,,,,,,,,,,,,,,,,,,,,,,,,,,,,,,,,,,,,,,,,,,,,,,,,,,,,,,,,,,,,432000,432000,1.28,336564.2,0.0,0.0,0.0,0.0,20,3.1916,3.6399,4.6151,1,4.6151,3.1826,3.6323,19,45968158ecad8c2f,"(1767268790,16)",1,3.3776,3.8839,3.7143,60,3.7143,3.3437,3.89,19,55705c1fd11e7e27,"(1767225600,71) ; (1767225660,73) ; (1767225720,72)",60,13.8365,14.0997,13.8567,12,13.8567,13.8162,14.3672,19,2b658f264b619394,"(1767225600,46.543) ; (1767229200,45.2352) ; (1767232800,45.7482)",12,14.5894,15.325,14.7732,1200,14.7732,14.5824,16.5155,19,ff8db5be7c82ebbe,"(host_0,1767225600,43.2556) ; (host_0,1767229200,38.7861) ; (host_0,1767232800,45.9111)",1200,24.7206,36.1024,27.8045,32944,27.8045,24.2865,49.4419,19,304c8e818ec2e40e,"(host_11,1767227970,92) ; (host_11,1767227980,92) ; (host_11,1767227990,93)",32944,12.5566,13.8325,13.3866,5,13.3866,12.5266,13.9158,19,7fc07462f6a56bba,"(1767250800,100) ; (1767254400,100) ; (1767258000,100)",5,,,,duckdb 1.5.5,"no cold/warm split: the timed work is a single ingest, which happens once (DECISIONS #89)",l4_tsbs.py,engine,container:ae626f3d50e6 (host unknown),dbbench:duckdb,,,,,,unknown (PackageNotFoundError),,,,,,,,,,,,,,,,,,,,,,,,,,,,,,,,,,,,,,,,,,,,,,,,,,,,,,,,,,,,,,,,,,,,,,,,,,,,,,,,,,,,,,,,,,,,,,,,,,,,,,,,,,,,,,,,,,,,,,,,,,,,,,,,,,,,,,,,,,,,,,,,,,,,,,,,,,,,,,,,,,,,
l4_mongodb_ingest_ts100_r1,,laptop,2026-10,relaxed,,l4,mongodb,ingest,ts100,1,sweep,0-11,client_server,8g,2026-09-14T10:19:56+00:00,full+client,8g,6.0,--replSet rs0 --bind_ip_all,6442450944,0-11,mongo@sha256:41afd6e1183f57e4e4d03ab733070671fca8553da2b36f15d6e3fc9760494d17,mongo@sha256:41afd6e1183f57e4e4d03ab733070671fca8553da2b36f15d6e3fc9760494d17,6g,200.1,0.1,0.8,0,False,,,,,,"write concern w=1, j=false (journal flushed every 100 ms)",False,,,,,,,,q_last,2.3621,,,,,,,,,,,,,,,,,,,,,,,,,,,,,,,,,,,,,,,,,,,,,0.001,"OCI runtime exec failed: exec failed: unable to start container process: exec: ""java"": executable file not found in $PAT",l4_mongodb_ingest_ts100_r1.serverlog,200.7,0.0,200.7,True,l4_mongodb_ingest_ts100_r1.clientlog,201.5,1.3,214.7,160.3,143.8,0.0,48.4,128.3,18.2,48.4,5245198,198.2,191.1,182.2,0.0,3.5,8.4,0.2,3.5,9648697,412.8,351.5,0.0,351.5,18.3,136.7,326.0,14893895,20260914T101755Z,,,,,,,,,,,,,,,,,,,,,,,,,,,,,,,,,,,,,,,,,,,,,,,,,,,,,,,,,,,,,,,,,,,,,,,,,,,,,,,,,,,,,,,,,,,,,,,,,,,,,,,,,,,,,,,,,,,,,,,,,,,,,,,,,,,,,,,,,,,,,,,,,,,,,,,,,,,,,,,,,,,,,,,,,,,,,,,,,,,,,,,,,,,,,,,,,,,,,,,,,,,,,,432000,432000,4.76,90663.8,0.0,0.0,0.0,0.0,20,1.6738,1.8484,2.3621,1,2.3621,1.6697,1.8364,19,45968158ecad8c2f,"(1767268790,16)",1,2.3493,2.6723,3.1746,60,3.1746,2.3463,2.6481,19,55705c1fd11e7e27,"(1767225600,71) ; (1767225660,73) ; (1767225720,72)",60,39.3961,44.455,41.4847,12,41.4847,38.7564,44.9944,19,2b658f264b619394,"(1767225600,46.543) ; (1767229200,45.2352) ; (1767232800,45.7482)",12,45.5548,53.3849,47.8761,1200,47.8761,45.3066,62.9904,19,ff8db5be7c82ebbe,"(host_0,1767225600,43.2556) ; (host_0,1767229200,38.7861) ; (host_0,1767232800,45.9111)",1200,160.9707,197.3099,105.9017,32944,105.9017,162.0221,228.7815,19,304c8e818ec2e40e,"(host_11,1767227970,92) ; (host_11,1767227980,92) ; (host_11,1767227990,93)",32944,8.3974,11.8852,12.9627,5,12.9627,8.3633,11.7214,19,7fc07462f6a56bba,"(1767250800,100) ; (1767254400,100) ; (1767258000,100)",5,,,,mongodb 8.2.12,"no cold/warm split: the timed work is a single ingest, which happens once (DECISIONS #89)",l4_tsbs.py,engine,container:c3f222a2e68c (host unknown),dbbench:client,,,,,,unknown (PackageNotFoundError),,,,,,,,,,,,,,,,,,,,,,,,,,,,,,,,,,,,,,,,,,,,,,,,,,,,,,,,,,,,,,,,,,,,,,,,,,,,,,,,,,,,,,,,,,,,,,,,,,,,,,,,,,,,,,,,,,,,,,,,,,,,,,,,,,,,,,,,,,,,,,,,,,,,,,,,,,,,,,,,,,,,
l4_questdb_ingest_ts100_r1,,laptop,2026-10,relaxed,,l4,questdb,ingest,ts100,1,sweep,0-11,client_server,8g,2026-09-14T10:20:16+00:00,full+client,8g,6.0,,6442450944,0-11,questdb/questdb@sha256:e62916bd62087cc48ab56f10b72a183e8f6aa987b4d46e0f316be083bbee2373,questdb/questdb@sha256:e62916bd62087cc48ab56f10b72a183e8f6aa987b4d46e0f316be083bbee2373,6g,202.8,0.1,0.8,0,False,,,,,,cairo.commit.mode=nosync (default): no fsync at commit,False,,,,,,,,q_last,16.5261,,,,,,,,,,,,,,,,,,,,,,,,,,,,,,,,,,,,,,,,,,,,,0.001,"OCI runtime exec failed: exec failed: unable to start container process: exec: ""java"": executable file not found in $PAT",l4_questdb_ingest_ts100_r1.serverlog,311.1,311.1,0.0,True,l4_questdb_ingest_ts100_r1.clientlog,311.9,109.0,678.1,587.9,587.9,0.0,78.0,2.3,219.9,67.7,28730287,160.1,155.8,153.6,0.0,0.7,0.0,0.2,0.7,5091724,838.2,743.7,0.0,743.7,220.1,2.3,741.5,33822011,20260914T101755Z,3g,,,,,,,,,,,,,,,,,,,,,,,,,,,,,,,,,,,,,,,,,,,,,,,,,,,,,,,,,,,,,,,,,,,,,,,,,,,,,,,,,,,,,,,,,,,,,,,,,,,,,,,,,,,,,,,,,,,,,,,,,,,,,,,,,,,,,,,,,,,,,,,,,,,,,,,,,,,,,,,,,,,,,,,,,,,,,,,,,,,,,,,,,,,,,,,,,,,,,,,,,,,,,432000,432000,1.04,415996.7,4.019,0.0,0.0,0.0,20,1.5597,2.4036,16.5261,1,16.5261,1.5303,2.3407,19,45968158ecad8c2f,"(1767268790,16)",1,1.801,6.5316,46.6949,60,46.6949,1.6914,6.1055,19,55705c1fd11e7e27,"(1767225600,71) ; (1767225660,73) ; (1767225720,72)",60,4.6999,14.3432,122.5737,12,122.5737,4.6897,14.0316,19,2b658f264b619394,"(1767225600,46.543) ; (1767229200,45.2352) ; (1767232800,45.7482)",12,12.2532,17.6772,193.5849,1200,193.5849,12.2071,17.1877,19,ff8db5be7c82ebbe,"(host_0,1767225600,43.2556) ; (host_0,1767229200,38.7861) ; (host_0,1767232800,45.9111)",1200,29.1852,39.8495,84.8768,32944,84.8768,29.021,39.8045,19,304c8e818ec2e40e,"(host_11,1767227970,92) ; (host_11,1767227980,92) ; (host_11,1767227990,93)",32944,5.3814,6.5018,82.9121,5,82.9121,5.3803,6.4504,19,7fc07462f6a56bba,"(1767250800,100) ; (1767254400,100) ; (1767258000,100)",5,,,,"questdb Build Information: QuestDB 9.1.1, JDK 17.0.11, Commit Hash a266bb980e4fa6d908d2f81a4c04145d3944fdf4","no cold/warm split: the timed work is a single ingest, which happens once (DECISIONS #89)",l4_tsbs.py,driver,container:ba4559a1d499 (host unknown),dbbench:client,,,,,,unknown (PackageNotFoundError),,,,,,,,,,,,,,,,,,,,,,,,,,,,,,,,,,,,,,,,,,,,,,,,,,,,,,,,,,,,,,,,,,,,,,,,,,,,,,,,,,,,,,,,,,,,,,,,,,,,,,,,,,,,,,,,,,,,,,,,,,,,,,,,,,,,,,,,,,,,,,,,,,,,,,,,,,,,,,,,,,,,
l4_sqlite_ingest_ts100_r1,,laptop,2026-10,relaxed,,l4,sqlite,ingest,ts100,1,sweep,0-11,embedded,6g,2026-09-14T10:19:39+00:00,,,,,,,,,,,0.1,19.5,0,False,,,,,,"WAL, synchronous=NORMAL: synced at checkpoint, not at commit",False,,,,,,,,q_last,0.2035,,,,,,,,,,,,,,,,,,,,,,,,,,,,,,,,,,,,,,,,,,,,,0.004,,,,,,,l4_sqlite_ingest_ts100_r1.clientlog,19.5,19.4,,,,,,,,,,181.8,141.8,141.8,0.0,40.9,0.0,117.4,29.0,31970246,181.8,141.8,0.0,141.8,117.4,0.0,141.8,31970246,20260914T101755Z,,,,,,,,,,,,,,,,,,,,,,,,,,,,,,,,,,,,,,,,,,,,,,,,,,,,,,,,,,,,,,,,,,,,,,,,,,,,,,,,,,,,,,,,,,,,,,,,,,,,,,,,,,,,,,,,,,,,,,,,,,,,,,,,,,,,,,,,,,,,,,,,,,,,,,,,,,,,,,,,,,,,,,,,,,,,,,,,,,,,,,,,,,,,,,,,,,,,,,,,,,,,,,432000,432000,1.07,405285.9,0.0,0.0,0.0,0.0,20,0.0077,0.0195,0.2035,1,0.2035,0.0076,0.018,19,45968158ecad8c2f,"(1767268790,16)",1,0.3796,0.4777,1.1971,60,1.1971,0.3795,0.4669,19,55705c1fd11e7e27,"(1767225600,71) ; (1767225660,73) ; (1767225720,72)",60,205.1911,228.7205,232.3288,12,232.3288,203.1132,227.6433,19,2b658f264b619394,"(1767225600,46.543) ; (1767229200,45.2352) ; (1767232800,45.7482)",12,916.8265,1017.4723,958.4845,1200,958.4845,916.7786,1141.6993,19,ff8db5be7c82ebbe,"(host_0,1767225600,43.2556) ; (host_0,1767229200,38.7861) ; (host_0,1767232800,45.9111)",1200,87.7526,100.4968,96.1188,32944,96.1188,87.1826,102.5839,19,304c8e818ec2e40e,"(host_11,1767227970,92) ; (host_11,1767227980,92) ; (host_11,1767227990,93)",32944,165.5897,185.4607,181.7149,5,181.7149,165.5038,196.5263,19,7fc07462f6a56bba,"(1767250800,100) ; (1767254400,100) ; (1767258000,100)",5,,,,sqlite 3.46.1,"no cold/warm split: the timed work is a single ingest, which happens once (DECISIONS #89)",l4_tsbs.py,engine,container:e9ad99a22f8b (host unknown),dbbench:client,,,,,,unknown (PackageNotFoundError),,,,,,,,,,,,,,,,,,,,,,,,,,,,,,,,,,,,,,,,,,,,,,,,,,,,,,,,,,,,,,,,,,,,,,,,,,,,,,,,,,,,,,,,,,,,,,,,,,,,,,,,,,,,,,,,,,,,,,,,,,,,,,,,,,,,,,,,,,,,,,,,,,,,,,,,,,,,,,,,,,,,
l4_timescaledb_ingest_ts100_r1,,laptop,2026-10,relaxed,,l4,timescaledb,ingest,ts100,1,sweep,0-11,client_server,8g,2026-09-14T10:20:43+00:00,full+client,8g,6.0,-c synchronous_commit=off -c shared_buffers=1GB -c effective_cache_size=4GB -c maintenance_work_mem=3GB -c max_wal_size=4GB,6442450944,0-11,timescale/timescaledb@sha256:189fd4822991918322c1f0d17e5adcf42853bf022a3d0dbdb56da61c5f811286,timescale/timescaledb@sha256:189fd4822991918322c1f0d17e5adcf42853bf022a3d0dbdb56da61c5f811286,6g,66.2,0.1,0.8,0,False,,,,,,synchronous_commit=off,False,,,,,,,,q_last,2.1995,,,,,,,,,,,,,,,,,,,,,,,,,,,,,,,,,,,,,,,,,,,,,0.001,"OCI runtime exec failed: exec failed: unable to start container process: exec: ""java"": executable file not found in $PAT",l4_timescaledb_ingest_ts100_r1.serverlog,161.1,0.1,161.1,True,l4_timescaledb_ingest_ts100_r1.clientlog,161.9,95.6,284.0,33.6,10.8,88.7,244.6,30.1,666.3,242.8,14008844,159.5,155.7,155.3,0.0,0.7,0.0,0.2,0.7,5779218,443.5,189.3,88.7,278.0,666.5,30.1,166.2,19788062,20260914T101755Z,,,,,,,,,,,,,,,,,,,,,,,,,,,,,,,,,,,,,,,,,,,,,,,,,,,,,,,,,,,,,,,,,,,,,,,,,,,,,,,,,,,,,,,,,,,,,,,,,,,,,,,,,,,,,,,,,,,,,,,,,,,,,,,,,,,,,,,,,,,,,,,,,,,,,,,,,,,,,,,,,,,,,,,,,,,,,,,,,,,,,,,,,,,,,,,,,,,,,,,,,,,,,,432000,432000,2.01,214987.1,0.0,0.0,0.0,0.0,20,0.2487,0.8571,2.1995,1,2.1995,0.2312,0.8339,19,45968158ecad8c2f,"(1767268790,16)",1,1.0046,1.6887,3.3666,60,3.3666,0.9361,1.6647,19,55705c1fd11e7e27,"(1767225600,71) ; (1767225660,73) ; (1767225720,72)",60,103.6524,139.2986,107.2434,12,107.2434,103.2285,146.9404,19,2b658f264b619394,"(1767225600,46.543) ; (1767229200,45.2352) ; (1767232800,45.7482)",12,141.2526,157.8368,160.6276,1200,160.6276,141.0775,157.3731,19,ff8db5be7c82ebbe,"(host_0,1767225600,43.2556) ; (host_0,1767229200,38.7861) ; (host_0,1767232800,45.9111)",1200,90.3044,115.0221,60.2472,32944,60.2472,99.9599,118.0248,19,304c8e818ec2e40e,"(host_11,1767227970,92) ; (host_11,1767227980,92) ; (host_11,1767227990,93)",32944,34.1968,40.8803,40.8803,5,40.8803,33.882,40.713,19,7fc07462f6a56bba,"(1767250800,100) ; (1767254400,100) ; (1767258000,100)",5,,,,"timescaledb 2.28.3 on PostgreSQL 17.10 on x86_64-pc-linux-musl, compiled by gcc","no cold/warm split: the timed work is a single ingest, which happens once (DECISIONS #89)",l4_tsbs.py,engine,container:43ceba9fce73 (host unknown),dbbench:client,,,,,,unknown (PackageNotFoundError),,,,,,,,,,,,,,,,,,,,,,,,,,,,,,,,,,,,,,,,,,,,,,,,,,,,,,,,,,,,,,,,,,,,,,,,,,,,,,,,,,,,,,,,,,,,,,,,,,,,,,,,,,,,,,,,,,,,,,,,,,,,,,,,,,,,,,,,,,,,,,,,,,,,,,,,,,,,,,,,,,,,
lifecycle_arcadedb_embedded_ts_lc10k_r1,,laptop,2026-10,relaxed,,lifecycle,arcadedb_embedded,ts,lc10k,1,sweep,0-11,embedded,8g,2026-09-14T10:10:11+00:00,,,,,,,,,,,0.2,0.2,0,False,,,,26.8.1,5.093,txWalFlush=0 (engine default): no flush at commit,False,,,,,,,,,,,,,,,,,,,,,,,,,,,,,,,,,,,,,,,,,,,,,,,,,,,,,,,,,,,,,lifecycle_arcadedb_embedded_ts_lc10k_r1.clientlog,0.2,0.0,,,,,,,,,,2425.3,2404.0,1581.2,0.0,5.1,10.3,9.7,2.0,21303988,2425.3,2404.0,0.0,2404.0,9.7,10.3,1581.2,21303988,20260914T101002Z,4g,,,,,,,,,,,,,,,,,,,,,,,,,,,,,,,,,,,,,,,no cold/warm split: this lane IS the cold measurement -- it times opening a database (DECISIONS #89),,,,,,,,,,,,,,,,,,,,,,,,,,,,,,,,,,,,,,,,,,,,,,,,,,,,,,,,,,,,,,,,,,,,,,,,,,,,,,,,,,,,,,,,,,,,,,,,,,,,,,,,,,,,,,,,,,,,,,,,,,,,,,,,,,,,,,,,,,,,,,,,,,,,,,,,,,,,,,,,,,,,,,,,,,,,,,,,,,,,,,,,,,,,,,,,,,,,,,,,,,,,,,,,,,,,,,,,,,,,,,,,,,,,,,,,,,,,,,,,,,,,,,l5_lifecycle.py,engine,container:725f5e757824 (host unknown),dbbench:arcadedb,,,,,,,64,,,,,,,,,,,,,,,,,,,,,,,,,,,,,,,,,,,,,,,,,,,,,,,,,,,,,,,,,,,,,no cold/warm split: this lane IS the cold measurement -- it times opening a database (DECISIONS #89),,,,,,,,,,,,,,,,,,,,,,,,,,,,,,,,,,,,,,,,,,,10000,ext4,1,1,20.212,9.741,120.684,224.493,433.517,421.747,1124.989,warm-page-cache,10.406,9.988,0.004,20.397,9.069,10.588,1.028,20.684,10.821,25.947,5.369,42.138,9.555,16.465,2.379,28.399,9.145,25.845,1.454,36.444,8.811,17.378,1.981,28.171,1104.595,8.793,15.059,8.246,16.059,0.893,25.198,True,d7913a9e19ba923c,(10008),1,ts,False,,,,,,,,,,,
lifecycle_arcadedb_embedded_vector_lc10k_r1,,laptop,2026-10,relaxed,,lifecycle,arcadedb_embedded,vector,lc10k,1,sweep,0-11,embedded,8g,2026-09-14T10:10:56+00:00,,,,,,,,,,,0.2,0.2,0,False,,,,26.8.1,6.758,txWalFlush=0 (engine default): no flush at commit,False,,,,,,,,,,,,,,,,,,,,,,,,,,,,,,,,,,,,,,,,,,,,,,,,,,,,,,,,,,,,,lifecycle_arcadedb_embedded_vector_lc10k_r1.clientlog,0.2,0.0,,,,,,,,,,2787.8,2771.4,292.6,0.0,8.9,35.1,103.4,4.3,179062486,2787.8,2771.4,0.0,2771.4,103.4,35.1,292.6,179062486,20260914T101002Z,4g,,,,,,,,,,,,,,,,,,,,,,,,,,,,,,,,,,,,,,,no cold/warm split: this lane IS the cold measurement -- it times opening a database (DECISIONS #89),,,,,,,,,,,,,,,,,,,,,,,,,,,,,,,,,,,,,,,,,,,,,,,,,,,,,,,,,,,,,,,,,,,,,,,,,,,,,,,,,,,,,,,,,,,,,,,,,,,,,,,,,,,,,,,,,,,,,,,,,,,,,,,,,,,,,,,,,,,,,,,,,,,,,,,,,,,,,,,,,,,,,,,,,,,,,,,,,,,,,,,,,,,,,,,,,,,,,,,,,,,,,,,,,,,,,,,,,,,,,,,,,,,,,,,,,,,,,,,,,,,,,,l5_lifecycle.py,engine,container:258dd272cb87 (host unknown),dbbench:arcadedb,,,,,,,64,,,,,,,,,,,,,,,,,,,,,,,,,,,,,,,,,,,,,,,,,,,,,,,,,10000,,,,,,,,,,,,no cold/warm split: this lane IS the cold measurement -- it times opening a database (DECISIONS #89),,,,,,,,,,,,,,,,,,,,,,,,,,,,,,,,,,,,,,,,,,,10000,ext4,1,1,19.333,1597.642,56.726,183.044,427.739,622.332,3520.946,warm-page-cache,18.569,1518.26,0.004,1536.833,15.257,9.181,50.154,74.592,12.796,1500.555,2.114,1515.466,11.958,15.22,31.147,58.325,10.403,1444.952,2.028,1457.383,10.188,25.515,1353.06,1388.763,1984.117,11.821,1521.23,9.719,11.613,22.163,43.494,True,"unexpressible: the vector situation's read goes through an approximate index; it is checked by recall on the dense lane, not by an exact digest","unexpressible: the vector situation's read goes through an approximate index; it is checked by recall on the dense lane, not by an exact digest",,,True,,,,10.174,16.427,9.547,True,"{'vectorCacheHits': 20, 'compactedPages': 0, 'graphNodeCount': 10008, 'asyncRebuildInProgress': 0, 'deltaVectorsCount': 0, 'rebuildSnapshotGeneration': 0, 'searchOperations': 1, 'liveVectorCacheSize': 0, 'compactionCount': 0, 'beamWidth': 100, 'vectorFetchFromQuantized': 0, 'estimatedLocationIndexBytes': 900720, 'totalVectors': 10008, 'graphRebuildCount': 0, 'estimatedOrdinalMapBytes': 40032, 'maxConnections': 32, 'mutablePages': 1, 'bruteForceScans': 0, 'avgInsertLatencyMs': 0, 'mutationsSinceRebuild': 0, 'vectorFetchFromDocuments': 340, 'searchVectorCacheCapacity': 16384, 'deletedVectors': 0, 'avgSearchLatencyMs': 21, 'pooledGraphSearchers': 1, 'graphState': 1, 'mutationsThreshold': 100, 'effectiveMutationsThreshold': 2001, 'insertOperations': 0, 'vectorCacheMisses': 340, 'vectorFetchFromGraph': 0, 'activeVectors': 10008, 'dimensions': 64, 'vector_stats_mode': 'read'}",,,
lifecycle_arcadedb_embedded_sparse_lc10k_r1,,laptop,2026-10,relaxed,,lifecycle,arcadedb_embedded,sparse,lc10k,1,sweep,0-11,embedded,8g,2026-09-14T10:11:27+00:00,,,,,,,,,,,0.2,0.2,0,False,,,,26.8.1,4.629,txWalFlush=0 (engine default): no flush at commit,False,,,,,,,,,,,,,,,,,,,,,,,,,,,,,,,,,,,,,,,,,,,,,,,,,,,,,,,,,,,,,lifecycle_arcadedb_embedded_sparse_lc10k_r1.clientlog,0.2,0.0,,,,,,,,,,889.0,873.7,833.6,0.0,8.1,4.3,21.0,1.8,19775982,889.0,873.7,0.0,873.7,21.0,4.3,833.6,19775982,20260914T101002Z,4g,,,,,,,,,,,,,,,,,,,,,,,,,,,,,,,,,,,,,,,no cold/warm split: this lane IS the cold measurement -- it times opening a database (DECISIONS #89),,,,,,,,,,,,,,,,,,,,,,,,,,,,,,,,,,,,,,,,,,,,,,,,,,,,,,,,,,,,,,,,,,,,,,,,,,,,,,,,,,,,,,,,,,,,,,,,,,,,,,,,,,,,,,,,,,,,,,,,,,,,,,,,,,,,,,,,,,,,,,,,,,,,,,,,,,,,,,,,,,,,,,,,,,,,,,,,,,,,,,,,,,,,,,,,,,,,,,,,,,,,,,,,,,,,,,,,,,,,,,,,,,,,,,,,,,,,,,,,,,,,,,l5_lifecycle.py,engine,container:9952c6f0ce92 (host unknown),dbbench:arcadedb,,,,,,,64,,,,,,,,,,,,,,,,,,,,,,,,,,,,,,,,,,,,,,,,,,,,,,,,,,,,,,,,,,,,,no cold/warm split: this lane IS the cold measurement -- it times opening a database (DECISIONS #89),,,,,,,,,,,,,,,,,,,,,,,,,,,,,,,,,,,,,,,,,,,10000,ext4,1,1,8.01,4.507,49.746,188.538,463.524,421.036,1113.021,warm-page-cache,4.125,5.286,0.002,9.413,4.48,4.777,1.568,10.825,4.602,21.672,1.318,27.591,5.554,11.101,2.568,19.224,6.667,20.167,2.509,29.343,7.938,34.602,6.771,49.311,1103.61,6.745,12.088,5.452,13.287,3.26,22.0,True,e6867e0e57dbae6f,"(#2:10416,S,#2:10416[],0.5,[1|8|15|22|29|36|43|50|57|64|71|78|85|92|99|106],[0.25|0.25|0.25|0.25|0.25|0.25|0.25|0.25|0.25|0.25|0.25|0.25|0.25|0.25|0.25|0.25]) ; (#2:12464,S,#2:12464[],0.5,[1|8|15|22|29|36|43|50|57|64|71|78|85|92|99|106],[0…",8,sparse,False,,,,,,,,,,,
lifecycle_arcadedb_embedded_doc_lc10k_r1,,laptop,2026-10,relaxed,,lifecycle,arcadedb_embedded,doc,lc10k,1,sweep,0-11,embedded,8g,2026-09-14T10:13:55+00:00,,,,,,,,,,,0.2,0.2,0,False,,,,26.8.1,2.339,txWalFlush=0 (engine default): no flush at commit,False,,,,,,,,,,,,,,,,,,,,,,,,,,,,,,,,,,,,,,,,,,,,,,,,,,,,,,,,,,,,,lifecycle_arcadedb_embedded_doc_lc10k_r1.clientlog,0.2,0.0,,,,,,,,,,371.8,359.7,329.8,0.0,0.7,0.7,4.5,0.3,12429919,371.8,359.7,0.0,359.7,4.5,0.7,329.8,12429919,20260914T101002Z,4g,,,,,,,,,,,,,,,,,,,,,,,,,,,,,,,,,,,,,,,no cold/warm split: this lane IS the cold measurement -- it times opening a database (DECISIONS #89),,,,,,,,,,,,,,,,,,,,,,,,,,,,,,,,,,,,,,,,,,,,,,,,,,,,,,,,,,,,,,,,,,,,,,,,,,,,,,,,,,,,,,,,,,,,,,,,,,,,,,,,,,,,,,,,,,,,,,,,,,,,,,,,,,,,,,,,,,,,,,,,,,,,,,,,,,,,,,,,,,,,,,,,,,,,,,,,,,,,,,,,,,,,,,,,,,,,,,,,,,,,,,,,,,,,,,,,,,,,,,,,,,,,,,,,,,,,,,,,,,,,,,l5_lifecycle.py,engine,container:532e4db9e320 (host unknown),dbbench:arcadedb,,,,,,,64,,,,,,,,,,,,,,,,,,,,,,,,,,,,,,,,,,,,,,,,,,,,,,,,,,,,,,,,,,,,,no cold/warm split: this lane IS the cold measurement -- it times opening a database (DECISIONS #89),,,,,,,,,,,,,,,,,,,,,,,,,,,,,,,,,,,,,,,,,,,10000,ext4,1,1,8.368,4.445,43.333,240.568,480.665,439.349,1199.133,warm-page-cache,6.424,5.582,0.004,12.01,5.945,4.266,1.145,11.357,5.349,19.935,1.472,26.755,4.88,9.98,1.94,16.8,4.911,19.553,2.309,26.773,4.393,10.198,2.997,17.588,1187.127,4.852,4.14,4.358,4.217,0.754,9.33,True,d7913a9e19ba923c,(10008),1,doc,False,,,,,,,,,,,
lifecycle_arcadedb_embedded_doc_idx10_lc10k_r1,,laptop,2026-10,relaxed,,lifecycle,arcadedb_embedded,doc_idx10,lc10k,1,sweep,0-11,embedded,8g,2026-09-14T10:14:01+00:00,,,,,,,,,,,0.2,0.2,0,False,,,,26.8.1,3.115,txWalFlush=0 (engine default): no flush at commit,False,,,,,,,,,,,,,,,,,,,,,,,,,,,,,,,,,,,,,,,,,,,,,,,,,,,,,,,,,,,,,lifecycle_arcadedb_embedded_doc_idx10_lc10k_r1.clientlog,0.2,0.0,,,,,,,,,,501.8,490.9,353.5,0.0,6.4,16.0,73.2,3.0,16336270,501.8,490.9,0.0,490.9,73.2,16.0,353.5,16336270,20260914T101002Z,4g,,,,,,,,,,,,,,,,,,,,,,,,,,,,,,,,,,,,,,,no cold/warm split: this lane IS the cold measurement -- it times opening a database (DECISIONS #89),,,,,,,,,,,,,,,,,,,,,,,,,,,,,,,,,,,,,,,,,,,,,,,,,,,,,,,,,,,,,,,,,,,,,,,,,,,,,,,,,,,,,,,,,,,,,,,,,,,,,,,,,,,,,,,,,,,,,,,,,,,,,,,,,,,,,,,,,,,,,,,,,,,,,,,,,,,,,,,,,,,,,,,,,,,,,,,,,,,,,,,,,,,,,,,,,,,,,,,,,,,,,,,,,,,,,,,,,,,,,,,,,,,,,,,,,,,,,,,,,,,,,,l5_lifecycle.py,engine,container:3e6ef85f2d72 (host unknown),dbbench:arcadedb,,,,,,,64,,,,,,,,,,,,,,,,,,,,,,,,,,,,,,,,,,,,,,,,,,,,,,,,,,,,,,,,,,,,,no cold/warm split: this lane IS the cold measurement -- it times opening a database (DECISIONS #89),,,,,,,,,,,,,,,,,,,,,,,,,,,,,,,,,,,,,,,,,,,10000,ext4,1,1,22.837,9.916,110.289,197.053,500.16,484.962,1231.36,warm-page-cache,10.055,10.393,0.004,20.452,9.366,9.106,2.771,21.243,8.735,25.526,1.523,35.783,8.347,15.627,3.245,27.219,8.106,35.58,2.92,46.606,8.876,25.155,5.187,39.218,1210.912,7.908,12.82,7.469,13.109,1.913,22.491,True,8834954c5b445353,"(5,5,5,5,5,5,5,5,5,5)",1,doc_idx10,False,,,,,,,,,,,
lifecycle_arcadedb_embedded_graph_gav_lc10k_r1,,laptop,2026-10,relaxed,,lifecycle,arcadedb_embedded,graph_gav,lc10k,1,sweep,0-11,embedded,8g,2026-09-14T10:15:41+00:00,,,,,,,,,,,0.2,0.2,0,False,,,,26.8.1,9.373,txWalFlush=0 (engine default): no flush at commit,False,,,,,,,,,,,,,,,,,,,,,,,,,,,,,,,,,,,,,,,,,,,,,,,,,,,,,,,,,,,,,lifecycle_arcadedb_embedded_graph_gav_lc10k_r1.clientlog,0.2,0.0,,,,,,,,,,2108.6,2093.8,652.8,0.0,10.3,13.3,13.2,3.4,49228775,2108.6,2093.8,0.0,2093.8,13.2,13.3,652.8,49228775,20260914T101002Z,4g,,,,,,,,,,,,,,,,,,,,,,,,,,,,,,,,,,,,,,,no cold/warm split: this lane IS the cold measurement -- it times opening a database (DECISIONS #89),,,,,,,,,,,,,,,,,,,,,,,,,,,,,,,,,,,,,,,,,,,,,,,,,,,,,,,,,,,,,,,,,,,,,,,,,,,,,,,,,,,,,,,,,,,,,,,,,,,,,,,,,,,,,,,,,,,,,,,,,,,,,,,,,,,,,,,,,,,,,,,,,,,,,,,,,,,,,,,,,,,,,,,,,,,,,,,,,,,,,,,,,,,,,,,,,,,,,,,,,,,,,,,,,,,,,,,,,,,,,,,,,,,,,,,,,,,,,,,,,,,,,,l5_lifecycle.py,engine,container:681571e81a41 (host unknown),dbbench:arcadedb,,,,,,,64,,,,,,,,,,,,,,,,,,,,,,,,,,,,,,,,,,,,,,,,,,,,,,,,,,,,,,,,,,,,,no cold/warm split: this lane IS the cold measurement -- it times opening a database (DECISIONS #89),,,,,,,,,,,,,,,,,,,,,,,,,,,,,,,,,,,,,,,,,,,10000,ext4,1,1,8.395,83.299,57.34,219.021,423.921,449.56,1460.587,warm-page-cache,7.359,60.273,0.003,67.635,5.716,84.48,121.123,211.319,5.808,135.517,1.819,143.144,6.308,90.416,48.327,145.051,5.947,110.12,1.343,117.41,5.521,88.384,45.921,139.826,1392.955,5.368,106.316,6.637,27.858,37.143,71.637,True,f11ddca59868f0f4,(1600),1,graph_gav,False,,,,5.81,6.998,46.767,True,,8,,False
lifecycle_arcadedb_embedded_empty_lc10k_r1,,laptop,2026-10,relaxed,,lifecycle,arcadedb_embedded,empty,lc10k,1,sweep,0-11,embedded,8g,2026-09-14T10:16:26+00:00,,,,,,,,,,,0.2,0.2,0,False,,,,26.8.1,1.638,txWalFlush=0 (engine default): no flush at commit,False,,,,,,,,,,,,,,,,,,,,,,,,,,,,,,,,,,,,,,,,,,,,,,,,,,,,,,,,,,,,,lifecycle_arcadedb_embedded_empty_lc10k_r1.clientlog,0.2,0.0,,,,,,,,,,243.6,232.0,193.2,0.0,0.3,0.5,3.6,0.3,7939718,243.6,232.0,0.0,232.0,3.6,0.5,193.2,7939718,20260914T101002Z,4g,,,,,,,,,,,,,,,,,,,,,,,,,,,,,,,,,,,,,,,no cold/warm split: this lane IS the cold measurement -- it times opening a database (DECISIONS #89),,,,,,,,,,,,,,,,,,,,,,,,,,,,,,,,,,,,,,,,,,,,,,,,,,,,,,,,,,,,,,,,,,,,,,,,,,,,,,,,,,,,,,,,,,,,,,,,,,,,,,,,,,,,,,,,,,,,,,,,,,,,,,,,,,,,,,,,,,,,,,,,,,,,,,,,,,,,,,,,,,,,,,,,,,,,,,,,,,,,,,,,,,,,,,,,,,,,,,,,,,,,,,,,,,,,,,,,,,,,,,,,,,,,,,,,,,,,,,,,,,,,,,l5_lifecycle.py,engine,container:8373c1ce1524 (host unknown),dbbench:arcadedb,,,,,,,64,,,,,,,,,,,,,,,,,,,,,,,,,,,,,,,,,,,,,,,,,,,,,,,,,,,,,,,,,,,,,no cold/warm split: this lane IS the cold measurement -- it times opening a database (DECISIONS #89),,,,,,,,,,,,,,,,,,,,,,,,,,,,,,,,,,,,,,,,,,,10000,ext4,1,1,7.61,5.459,46.749,322.442,535.539,458.004,1351.673,warm-page-cache,5.754,3.653,0.002,9.409,5.567,4.642,0.005,10.214,6.041,24.092,6.081,36.215,6.021,20.985,2.962,29.968,6.35,19.704,3.213,29.267,5.378,20.32,2.483,28.18,1342.266,5.161,3.654,5.212,3.674,0.003,8.89,True,unexpressible: situation 'empty' issues no read in the modes this cell ran,unexpressible: situation 'empty' issues no read in the modes this cell ran,,,False,,,,,,,,,,,
lifecycle_arcadedb_embedded_graph_lc10k_r1,,laptop,2026-10,relaxed,,lifecycle,arcadedb_embedded,graph,lc10k,1,sweep,0-11,embedded,8g,2026-09-14T10:16:38+00:00,,,,,,,,,,,0.2,0.2,0,False,,,,26.8.1,8.942,txWalFlush=0 (engine default): no flush at commit,False,,,,,,,,,,,,,,,,,,,,,,,,,,,,,,,,,,,,,,,,,,,,,,,,,,,,,,,,,,,,,lifecycle_arcadedb_embedded_graph_lc10k_r1.clientlog,0.2,0.0,,,,,,,,,,2358.6,2339.0,137.4,0.0,10.3,1.4,13.2,0.6,38891803,2358.6,2339.0,0.0,2339.0,13.2,1.4,137.4,38891803,20260914T101002Z,4g,,,,,,,,,,,,,,,,,,,,,,,,,,,,,,,,,,,,,,,no cold/warm split: this lane IS the cold measurement -- it times opening a database (DECISIONS #89),,,,,,,,,,,,,,,,,,,,,,,,,,,,,,,,,,,,,,,,,,,,,,,,,,,,,,,,,,,,,,,,,,,,,,,,,,,,,,,,,,,,,,,,,,,,,,,,,,,,,,,,,,,,,,,,,,,,,,,,,,,,,,,,,,,,,,,,,,,,,,,,,,,,,,,,,,,,,,,,,,,,,,,,,,,,,,,,,,,,,,,,,,,,,,,,,,,,,,,,,,,,,,,,,,,,,,,,,,,,,,,,,,,,,,,,,,,,,,,,,,,,,,l5_lifecycle.py,engine,container:518839275de2 (host unknown),dbbench:arcadedb,,,,,,,64,,,,,,,,,,,,,,,,,,,,,,,,,,,,,,,,,,,,,,,,,,,,,,,,,,,,,,,,,,,,,no cold/warm split: this lane IS the cold measurement -- it times opening a database (DECISIONS #89),,,,,,,,,,,,,,,,,,,,,,,,,,,,,,,,,,,,,,,,,,,10000,ext4,1,1,7.334,5.404,58.333,229.206,454.178,395.568,1120.743,warm-page-cache,4.441,5.116,0.002,9.558,5.779,6.265,8.327,20.371,5.103,21.874,1.732,28.709,5.005,12.386,8.272,25.663,4.871,21.451,1.268,27.589,5.109,11.546,7.723,24.378,1111.186,5.092,5.346,3.819,10.208,3.405,17.432,True,0276ab4bfcd431c9,(100),1,graph,False,,,,,,,,,,,
lifecycle_arcadedb_server_doc_lc10k_r1,,laptop,2026-10,relaxed,,lifecycle,arcadedb_server,doc,lc10k,1,sweep,0-11,client_server,8g,2026-09-14T10:36:37.067071+00:00,full+client,8g,8.0,,8589934592,0-11,sha256:49036720b1678b9c7a6dbf22fc34a812c8d7bed15508c22cbb02c0dddc0ca16a,arcadedata/arcadedb:26.8.1@sha256:49036720b1678b9c7a6dbf22fc34a812c8d7bed15508c22cbb02c0dddc0ca16a,8g,0.3,0.2,0.2,0,False,,,,server:26.8.1 (build 727aa4568cdface314ee15cd242f71d6299b2b0c/1785790932717/main),1.28,txWalFlush=0 (engine default): no flush at commit (set on the server's JAVA_OPTS by runner.py and recorded as durability_server_flags; the server exposes no read-back),False,,,,,,,,,,,,,,,,,,,,,,,,,,,,,,,,,,,,,,,,,,,,,,,,,,,,,,,,lifecycle_arcadedb_server_doc_lc10k_r1.serverlog,0.7,0.2,0.6,True,lifecycle_arcadedb_server_doc_lc10k_r1.clientlog,0.9,0.4,355.9,343.1,332.9,0.0,1.1,0.0,3.9,0.7,33024526,20.9,18.5,18.5,0.0,0.1,0.0,0.3,0.1,510171,376.8,361.6,0.0,361.6,4.2,0.0,351.4,33534697,20260914T103217Z,4g,4g,,,,,,,,,,,,,,,,,,,,,,,,,,,,,,,,,,,,,,no cold/warm split: this lane IS the cold measurement -- it times opening a database (DECISIONS #89),,,,,,,,,,,,,,,,,,,,,,,,,,,,,,,,,,,,,,,,,,,,,,,,,,,,,,,,,,,,,,,,,,,,,,,,,,,,,,,,,,,,,,,,,,,,,,,,,,,,,,,,,,,,,,,,,,,,,,,,,,,,,,,,,,,,,,,,,,,,,,,,,,,,,,,,,,,,,,,,,,,,,,,,,,,,,,,,,,,,,,,,,,,,,,,,,,,,,,,,,,,,,,,,,,,,,,,,,,,,,,,,,,,,,,,,,,,,,,,,,,,,,,,,,,,,,,,,,,,,,,,,,,,,,,,,,,,,,,,,,,,,,,,,,,,,,,,,,,,,,,,,,,,,,,,,,,,,,no cold/warm split: this lane IS the cold measurement -- it times opening a database (DECISIONS #89),,,,,,,,,,,,,,,,,,,,,,,,,,,,,,,,,,,,,,,,,,,10000,,,,,,35.727,,,,,,9.605,9.298,0.002,18.905,10.087,7.35,5.384,22.82,8.597,14.318,5.879,28.795,8.295,13.586,9.236,31.117,9.246,13.552,6.692,29.489,7.9,13.524,10.572,31.996,,,,,,,,,53df38f6603977ba,"(count(*):3,10004)",1,doc,False,doc,server,21.104,,,,,,,,
lifecycle_arcadedb_server_sparse_lc10k_r1,,laptop,2026-10,relaxed,,lifecycle,arcadedb_server,sparse,lc10k,1,sweep,0-11,client_server,8g,2026-09-14T10:33:35.628429+00:00,full+client,8g,8.0,,8589934592,0-11,sha256:49036720b1678b9c7a6dbf22fc34a812c8d7bed15508c22cbb02c0dddc0ca16a,arcadedata/arcadedb:26.8.1@sha256:49036720b1678b9c7a6dbf22fc34a812c8d7bed15508c22cbb02c0dddc0ca16a,8g,0.3,0.2,0.2,0,False,,,,server:26.8.1 (build 727aa4568cdface314ee15cd242f71d6299b2b0c/1785790932717/main),3.95,txWalFlush=0 (engine default): no flush at commit (set on the server's JAVA_OPTS by runner.py and recorded as durability_server_flags; the server exposes no read-back),False,,,,,,,,,,,,,,,,,,,,,,,,,,,,,,,,,,,,,,,,,,,,,,,,,,,,,,,,lifecycle_arcadedb_server_sparse_lc10k_r1.serverlog,4.5,0.2,4.3,True,lifecycle_arcadedb_server_sparse_lc10k_r1.clientlog,4.7,4.2,1189.1,1164.6,1156.1,0.0,7.7,0.0,17.5,4.5,45360791,27.3,24.2,22.9,0.0,0.1,0.0,0.3,0.1,1222992,1216.4,1188.8,0.0,1188.8,17.8,0.0,1179.0,46583783,20260914T103217Z,4g,4g,,,,,,,,,,,,,,,,,,,,,,,,,,,,,,,,,,,,,,no cold/warm split: this lane IS the cold measurement -- it times opening a database (DECISIONS #89),,,,,,,,,,,,,,,,,,,,,,,,,,,,,,,,,,,,,,,,,,,,,,,,,,,,,,,,,,,,,,,,,,,,,,,,,,,,,,,,,,,,,,,,,,,,,,,,,,,,,,,,,,,,,,,,,,,,,,,,,,,,,,,,,,,,,,,,,,,,,,,,,,,,,,,,,,,,,,,,,,,,,,,,,,,,,,,,,,,,,,,,,,,,,,,,,,,,,,,,,,,,,,,,,,,,,,,,,,,,,,,,,,,,,,,,,,,,,,,,,,,,,,,,,,,,,,,,,,,,,,,,,,,,,,,,,,,,,,,,,,,,,,,,,,,,,,,,,,,,,,,,,,,,,,,,,,,,,no cold/warm split: this lane IS the cold measurement -- it times opening a database (DECISIONS #89),,,,,,,,,,,,,,,,,,,,,,,,,,,,,,,,,,,,,,,,,,,10000,,,,,,42.187,,,,,,8.136,7.833,0.002,15.971,8.064,8.352,5.119,21.535,7.464,14.745,5.33,27.539,7.341,14.404,8.634,30.379,8.572,22.677,5.387,36.636,8.329,27.363,12.405,48.098,,,,,,,,,5ed088a7edec70db,"(record:11,tokens:20,weights:22,@rid:11,score:4,#2:176,S,{@cat=d,@rid=#2:176,@type=S,tokens=[1|8|15|22|29|36|43|50|57|64|71|78|85|92|99|106],weights=[0.25|0.25|0.25|0.25|0.25|0.25|0.25|0.25|0.25|0.25|0.25|0.25|0.25|0.25|0.25|0.25]},0.5,[1|…",4,sparse,False,sparse,server,18.016,,,,,,,,
lifecycle_arcadedb_server_doc_idx10_lc10k_r1,,laptop,2026-10,relaxed,,lifecycle,arcadedb_server,doc_idx10,lc10k,1,sweep,0-11,client_server,8g,2026-09-14T10:34:44.110191+00:00,full+client,8g,8.0,,8589934592,0-11,sha256:49036720b1678b9c7a6dbf22fc34a812c8d7bed15508c22cbb02c0dddc0ca16a,arcadedata/arcadedb:26.8.1@sha256:49036720b1678b9c7a6dbf22fc34a812c8d7bed15508c22cbb02c0dddc0ca16a,8g,0.3,0.2,0.2,0,False,,,,server:26.8.1 (build 727aa4568cdface314ee15cd242f71d6299b2b0c/1785790932717/main),2.37,txWalFlush=0 (engine default): no flush at commit (set on the server's JAVA_OPTS by runner.py and recorded as durability_server_flags; the server exposes no read-back),False,,,,,,,,,,,,,,,,,,,,,,,,,,,,,,,,,,,,,,,,,,,,,,,,,,,,,,,,lifecycle_arcadedb_server_doc_idx10_lc10k_r1.serverlog,3.6,0.2,3.5,True,lifecycle_arcadedb_server_doc_idx10_lc10k_r1.clientlog,3.8,3.3,482.7,465.7,441.0,0.0,7.0,0.0,42.6,3.6,39772376,21.6,19.6,19.2,0.0,0.1,0.0,0.3,0.1,588990,504.3,485.3,0.0,485.3,42.9,0.0,460.2,40361366,20260914T103217Z,4g,4g,,,,,,,,,,,,,,,,,,,,,,,,,,,,,,,,,,,,,,no cold/warm split: this lane IS the cold measurement -- it times opening a database (DECISIONS #89),,,,,,,,,,,,,,,,,,,,,,,,,,,,,,,,,,,,,,,,,,,,,,,,,,,,,,,,,,,,,,,,,,,,,,,,,,,,,,,,,,,,,,,,,,,,,,,,,,,,,,,,,,,,,,,,,,,,,,,,,,,,,,,,,,,,,,,,,,,,,,,,,,,,,,,,,,,,,,,,,,,,,,,,,,,,,,,,,,,,,,,,,,,,,,,,,,,,,,,,,,,,,,,,,,,,,,,,,,,,,,,,,,,,,,,,,,,,,,,,,,,,,,,,,,,,,,,,,,,,,,,,,,,,,,,,,,,,,,,,,,,,,,,,,,,,,,,,,,,,,,,,,,,,,,,,,,,,,no cold/warm split: this lane IS the cold measurement -- it times opening a database (DECISIONS #89),,,,,,,,,,,,,,,,,,,,,,,,,,,,,,,,,,,,,,,,,,,10000,,,,,,95.641,,,,,,12.757,13.421,0.001,26.18,12.832,11.607,6.364,30.802,12.489,18.234,5.685,36.408,12.011,18.05,10.2,40.26,10.931,28.71,6.579,46.22,12.056,27.528,12.684,52.268,,,,,,,,,5e92503ad8582c6f,"(d,#2:5,D,5,5,5,5,5,5,5,5,5,5)",1,doc_idx10,False,doc_idx10,server,23.819,,,,,,,,
lifecycle_arcadedb_server_graph_gav_lc10k_r1,,laptop,2026-10,relaxed,,lifecycle,arcadedb_server,graph_gav,lc10k,1,sweep,0-11,client_server,8g,2026-09-14T10:32:55.870815+00:00,full+client,8g,8.0,,8589934592,0-11,sha256:49036720b1678b9c7a6dbf22fc34a812c8d7bed15508c22cbb02c0dddc0ca16a,arcadedata/arcadedb:26.8.1@sha256:49036720b1678b9c7a6dbf22fc34a812c8d7bed15508c22cbb02c0dddc0ca16a,8g,0.3,0.2,0.2,0,False,,,,server:26.8.1 (build 727aa4568cdface314ee15cd242f71d6299b2b0c/1785790932717/main),8.25,txWalFlush=0 (engine default): no flush at commit (set on the server's JAVA_OPTS by runner.py and recorded as durability_server_flags; the server exposes no read-back),False,,,,,,,,,,,,,,,,,,,,,,,,,,,,,,,,,,,,,,,,,,,,,,,,,,,,,,,,lifecycle_arcadedb_server_graph_gav_lc10k_r1.serverlog,3.6,0.2,3.5,True,lifecycle_arcadedb_server_graph_gav_lc10k_r1.clientlog,3.8,3.3,2316.2,2290.7,2235.6,0.0,12.0,0.0,12.6,3.6,70945554,22.1,19.3,19.3,0.0,0.1,0.0,0.3,0.1,653074,2338.3,2310.0,0.0,2310.0,12.9,0.0,2254.9,71598628,20260914T103217Z,4g,4g,,,,,,,,,,,,,,,,,,,,,,,,,,,,,,,,,,,,,,no cold/warm split: this lane IS the cold measurement -- it times opening a database (DECISIONS #89),,,,,,,,,,,,,,,,,,,,,,,,,,,,,,,,,,,,,,,,,,,,,,,,,,,,,,,,,,,,,,,,,,,,,,,,,,,,,,,,,,,,,,,,,,,,,,,,,,,,,,,,,,,,,,,,,,,,,,,,,,,,,,,,,,,,,,,,,,,,,,,,,,,,,,,,,,,,,,,,,,,,,,,,,,,,,,,,,,,,,,,,,,,,,,,,,,,,,,,,,,,,,,,,,,,,,,,,,,,,,,,,,,,,,,,,,,,,,,,,,,,,,,,,,,,,,,,,,,,,,,,,,,,,,,,,,,,,,,,,,,,,,,,,,,,,,,,,,,,,,,,,,,,,,,,,,,,,,no cold/warm split: this lane IS the cold measurement -- it times opening a database (DECISIONS #89),,,,,,,,,,,,,,,,,,,,,,,,,,,,,,,,,,,,,,,,,,,10000,,,,,,53.118,,,,,,9.301,68.897,0.002,78.2,9.334,17.503,154.464,181.302,9.18,127.693,5.036,141.909,9.52,14.802,61.227,85.549,10.373,126.619,4.645,141.637,9.679,83.34,60.562,153.581,,,,,,,,,02c6b782191d9d61,"(n:3,1600)",1,graph_gav,False,graph_gav,server,19.869,,,,,,,,
lifecycle_arcadedb_server_empty_lc10k_r1,,laptop,2026-10,relaxed,,lifecycle,arcadedb_server,empty,lc10k,1,sweep,0-11,client_server,8g,2026-09-14T10:36:06.753864+00:00,full+client,8g,8.0,,8589934592,0-11,sha256:49036720b1678b9c7a6dbf22fc34a812c8d7bed15508c22cbb02c0dddc0ca16a,arcadedata/arcadedb:26.8.1@sha256:49036720b1678b9c7a6dbf22fc34a812c8d7bed15508c22cbb02c0dddc0ca16a,8g,0.3,0.2,0.2,0,False,,,,server:26.8.1 (build 727aa4568cdface314ee15cd242f71d6299b2b0c/1785790932717/main),0.48,txWalFlush=0 (engine default): no flush at commit (set on the server's JAVA_OPTS by runner.py and recorded as durability_server_flags; the server exposes no read-back),False,,,,,,,,,,,,,,,,,,,,,,,,,,,,,,,,,,,,,,,,,,,,,,,,,,,,,,,,lifecycle_arcadedb_server_empty_lc10k_r1.serverlog,0.4,0.2,0.3,True,lifecycle_arcadedb_server_empty_lc10k_r1.clientlog,0.6,0.1,286.0,265.9,265.8,0.0,0.4,0.0,3.0,0.4,29694281,20.7,18.5,18.5,0.0,0.1,0.0,0.3,0.1,452403,306.7,284.4,0.0,284.4,3.3,0.0,284.4,30146684,20260914T103217Z,4g,4g,,,,,,,,,,,,,,,,,,,,,,,,,,,,,,,,,,,,,,no cold/warm split: this lane IS the cold measurement -- it times opening a database (DECISIONS #89),,,,,,,,,,,,,,,,,,,,,,,,,,,,,,,,,,,,,,,,,,,,,,,,,,,,,,,,,,,,,,,,,,,,,,,,,,,,,,,,,,,,,,,,,,,,,,,,,,,,,,,,,,,,,,,,,,,,,,,,,,,,,,,,,,,,,,,,,,,,,,,,,,,,,,,,,,,,,,,,,,,,,,,,,,,,,,,,,,,,,,,,,,,,,,,,,,,,,,,,,,,,,,,,,,,,,,,,,,,,,,,,,,,,,,,,,,,,,,,,,,,,,,,,,,,,,,,,,,,,,,,,,,,,,,,,,,,,,,,,,,,,,,,,,,,,,,,,,,,,,,,,,,,,,,,,,,,,,no cold/warm split: this lane IS the cold measurement -- it times opening a database (DECISIONS #89),,,,,,,,,,,,,,,,,,,,,,,,,,,,,,,,,,,,,,,,,,,10000,,,,,,28.923,,,,,,9.1,7.741,0.002,16.842,8.637,7.935,0.004,16.576,9.092,13.961,9.677,32.73,8.585,13.444,6.251,28.28,7.335,12.759,5.676,25.77,7.199,12.025,5.002,24.226,,,,,,,,,unexpressible: situation 'empty' issues no read in the modes this cell ran,unexpressible: situation 'empty' issues no read in the modes this cell ran,,,False,empty,server,19.529,,,,,,,,
lifecycle_arcadedb_server_vector_lc10k_r1,,laptop,2026-10,relaxed,,lifecycle,arcadedb_server,vector,lc10k,1,sweep,0-11,client_server,8g,2026-09-14T10:35:17.191346+00:00,full+client,8g,8.0,,8589934592,0-11,sha256:49036720b1678b9c7a6dbf22fc34a812c8d7bed15508c22cbb02c0dddc0ca16a,arcadedata/arcadedb:26.8.1@sha256:49036720b1678b9c7a6dbf22fc34a812c8d7bed15508c22cbb02c0dddc0ca16a,8g,0.3,0.2,0.2,0,False,,,,server:26.8.1 (build 727aa4568cdface314ee15cd242f71d6299b2b0c/1785790932717/main),5.88,txWalFlush=0 (engine default): no flush at commit (set on the server's JAVA_OPTS by runner.py and recorded as durability_server_flags; the server exposes no read-back),False,,,,,,,,,,,,,,,,,,,,,,,,,,,,,,,,,,,,,,,,,,,,,,,,,,,,,,,,lifecycle_arcadedb_server_vector_lc10k_r1.serverlog,6.2,0.2,6.0,True,lifecycle_arcadedb_server_vector_lc10k_r1.clientlog,6.4,5.9,3233.0,3201.1,3198.5,0.0,9.0,0.0,63.9,6.2,140781438,26.1,22.7,20.3,0.0,0.1,0.0,0.3,0.1,1046203,3259.1,3223.8,0.0,3223.8,64.1,0.0,3218.8,141827641,20260914T103217Z,4g,4g,,,,,,,,,,,,,,,,,,,,,,,,,,,,,,,,,,,,,,no cold/warm split: this lane IS the cold measurement -- it times opening a database (DECISIONS #89),,,,,,,,,,,,,,,,,,,,,,,,,,,,,,,,,,,,,,,,,,,,,,,,,,,,,,,,,,,,,,,,,,,,,,,,,,,,,,,,,,,,,,,,,,,,,,,,,,,,,,,,,,,,,,,,,,,,,,,,,,,,,,,,,,,,,,,,,,,,,,,,,,,,,,,,,,,,,,,,,,,,,,,,,,,,,,,,,,,,,,,,,,,,,,,,,,,,,,,,,,,,,,,,,,,,,,,,,,,,,,,,,,,,,,,,,,,,,,,,,,,,,,,,,,,,,,,,,,,,,,,,,,,,,,,,,,,,,,,,,,,,,,,,,,,,,,,,,,,,,,,,,10000,,,,,,,,,,,,no cold/warm split: this lane IS the cold measurement -- it times opening a database (DECISIONS #89),,,,,,,,,,,,,,,,,,,,,,,,,,,,,,,,,,,,,,,,,,,10000,,,,,,52.073,,,,,,27.294,1573.897,0.002,1601.192,22.106,9.725,63.044,94.875,18.62,1530.596,5.503,1554.718,21.118,16.834,64.112,102.064,19.722,1673.205,6.256,1699.183,14.664,27.074,1491.125,1532.862,,,,,,,,,"unexpressible: the vector situation's read goes through an approximate index; it is checked by recall on the dense lane, not by an exact digest","unexpressible: the vector situation's read goes through an approximate index; it is checked by recall on the dense lane, not by an exact digest",,,True,vector,server,55.78,,,,,,,,
lifecycle_arcadedb_server_ts_lc10k_r1,,laptop,2026-10,relaxed,,lifecycle,arcadedb_server,ts,lc10k,1,sweep,0-11,client_server,8g,2026-09-14T10:34:11.334760+00:00,full+client,8g,8.0,,8589934592,0-11,sha256:49036720b1678b9c7a6dbf22fc34a812c8d7bed15508c22cbb02c0dddc0ca16a,arcadedata/arcadedb:26.8.1@sha256:49036720b1678b9c7a6dbf22fc34a812c8d7bed15508c22cbb02c0dddc0ca16a,8g,0.3,0.2,0.2,0,False,,,,server:26.8.1 (build 727aa4568cdface314ee15cd242f71d6299b2b0c/1785790932717/main),3.25,txWalFlush=0 (engine default): no flush at commit (set on the server's JAVA_OPTS by runner.py and recorded as durability_server_flags; the server exposes no read-back),False,,,,,,,,,,,,,,,,,,,,,,,,,,,,,,,,,,,,,,,,,,,,,,,,,,,,,,,,lifecycle_arcadedb_server_ts_lc10k_r1.serverlog,1.9,0.2,1.8,True,lifecycle_arcadedb_server_ts_lc10k_r1.clientlog,2.1,1.6,1559.8,1536.1,1510.5,0.0,5.1,0.0,8.4,1.9,41162235,21.3,19.4,19.1,0.0,0.1,0.0,0.3,0.1,551897,1581.1,1555.5,0.0,1555.5,8.7,0.0,1529.6,41714132,20260914T103217Z,4g,4g,,,,,,,,,,,,,,,,,,,,,,,,,,,,,,,,,,,,,,no cold/warm split: this lane IS the cold measurement -- it times opening a database (DECISIONS #89),,,,,,,,,,,,,,,,,,,,,,,,,,,,,,,,,,,,,,,,,,,,,,,,,,,,,,,,,,,,,,,,,,,,,,,,,,,,,,,,,,,,,,,,,,,,,,,,,,,,,,,,,,,,,,,,,,,,,,,,,,,,,,,,,,,,,,,,,,,,,,,,,,,,,,,,,,,,,,,,,,,,,,,,,,,,,,,,,,,,,,,,,,,,,,,,,,,,,,,,,,,,,,,,,,,,,,,,,,,,,,,,,,,,,,,,,,,,,,,,,,,,,,,,,,,,,,,,,,,,,,,,,,,,,,,,,,,,,,,,,,,,,,,,,,,,,,,,,,,,,,,,,,,,,,,,,,,,,no cold/warm split: this lane IS the cold measurement -- it times opening a database (DECISIONS #89),,,,,,,,,,,,,,,,,,,,,,,,,,,,,,,,,,,,,,,,,,,10000,,,,,,106.758,,,,,,14.672,12.31,0.001,26.983,13.717,13.537,4.985,32.239,13.675,19.387,7.97,41.032,13.688,19.595,9.546,42.829,12.595,19.384,5.044,37.022,11.925,19.677,8.744,40.346,,,,,,,,,53df38f6603977ba,"(count(*):3,10004)",1,ts,False,ts,server,24.278,,,,,,,,
lifecycle_arcadedb_server_graph_lc10k_r1,,laptop,2026-10,relaxed,,lifecycle,arcadedb_server,graph,lc10k,1,sweep,0-11,client_server,8g,2026-09-14T10:32:18.490169+00:00,full+client,8g,8.0,,8589934592,0-11,sha256:49036720b1678b9c7a6dbf22fc34a812c8d7bed15508c22cbb02c0dddc0ca16a,arcadedata/arcadedb:26.8.1@sha256:49036720b1678b9c7a6dbf22fc34a812c8d7bed15508c22cbb02c0dddc0ca16a,8g,0.3,0.2,0.2,0,False,,,,server:26.8.1 (build 727aa4568cdface314ee15cd242f71d6299b2b0c/1785790932717/main),7.92,txWalFlush=0 (engine default): no flush at commit (set on the server's JAVA_OPTS by runner.py and recorded as durability_server_flags; the server exposes no read-back),False,,,,,,,,,,,,,,,,,,,,,,,,,,,,,,,,,,,,,,,,,,,,,,,,,,,,,,,,lifecycle_arcadedb_server_graph_lc10k_r1.serverlog,3.6,0.2,3.5,True,lifecycle_arcadedb_server_graph_lc10k_r1.clientlog,3.8,3.3,2167.6,2143.6,2112.3,0.0,11.8,0.0,12.6,3.6,60993230,21.7,19.3,19.3,0.0,0.1,0.0,0.4,0.1,621699,2189.3,2163.0,0.0,2163.0,13.0,0.0,2131.6,61614929,20260914T103217Z,4g,4g,,,,,,,,,,,,,,,,,,,,,,,,,,,,,,,,,,,,,,no cold/warm split: this lane IS the cold measurement -- it times opening a database (DECISIONS #89),,,,,,,,,,,,,,,,,,,,,,,,,,,,,,,,,,,,,,,,,,,,,,,,,,,,,,,,,,,,,,,,,,,,,,,,,,,,,,,,,,,,,,,,,,,,,,,,,,,,,,,,,,,,,,,,,,,,,,,,,,,,,,,,,,,,,,,,,,,,,,,,,,,,,,,,,,,,,,,,,,,,,,,,,,,,,,,,,,,,,,,,,,,,,,,,,,,,,,,,,,,,,,,,,,,,,,,,,,,,,,,,,,,,,,,,,,,,,,,,,,,,,,,,,,,,,,,,,,,,,,,,,,,,,,,,,,,,,,,,,,,,,,,,,,,,,,,,,,,,,,,,,,,,,,,,,,,,,no cold/warm split: this lane IS the cold measurement -- it times opening a database (DECISIONS #89),,,,,,,,,,,,,,,,,,,,,,,,,,,,,,,,,,,,,,,,,,,10000,,,,,,53.94,,,,,,8.997,8.871,0.002,17.87,9.084,8.993,12.557,30.635,9.088,14.189,6.055,29.332,8.145,14.886,15.474,38.505,8.407,13.809,4.885,27.102,8.014,14.616,13.569,36.199,,,,,,,,,b4ee38f170e705b7,"(count(*):3,100)",1,graph,False,graph,server,21.162,,,,,,,,
