run_id,engine_commit,lane,backend,workload,scale,rep,tier,cpuset,topology,mem_cap,ts_utc,mem_split,client_mem_cap,server_mem_cap_g,server_cpuset,server_image,server_image_ref,server_mem_cap,server_disk_baseline_mb,client_disk_baseline_mb,client_disk_mb,client_disk_note,rc,oom_killed,n_rows,connect_s,engine_version,cpuset_cpus,schema_s,ingest_s,ingest_rows_per_s,read_mean_ms,read_p50_ms,read_p95_ms,read_p99_ms,read_n,insert_mean_ms,insert_p50_ms,insert_p95_ms,insert_p99_ms,insert_n,update_mean_ms,update_p50_ms,update_p95_ms,update_p99_ms,update_n,oltp_ops_per_s,close_s,server_disk_mb,server_disk_rw_mb,server_disk_vol_mb,server_disk_settled,disk_mb_sum,disk_data_mb,server_peak_mib,server_peak_anon_mib,server_end_anon_mib,server_peak_shmem_mib,server_peak_file_mib,server_io_read_mib,server_io_write_mib,server_end_file_mib,server_cpu_usec,client_peak_mib,client_peak_anon_mib,client_end_anon_mib,client_peak_shmem_mib,client_peak_file_mib,client_io_read_mib,client_io_write_mib,client_end_file_mib,client_cpu_usec,peak_mib_sum,peak_anon_mib_sum,peak_shmem_mib_sum,peak_owned_mib_sum,io_write_mib_sum,io_read_mib_sum,end_anon_mib_sum,cpu_usec_sum,manifest,carried_forward_from,carried_forward_reason,engine_threads,olap_agg_by_region_ms,cold_olap_agg_by_region_ms,olap_agg_by_region_p50_ms,olap_agg_by_region_p99_ms,olap_top_customers_ms,cold_olap_top_customers_ms,olap_top_customers_p50_ms,olap_top_customers_p99_ms,olap_filtered_avg_ms,cold_olap_filtered_avg_ms,olap_filtered_avg_p50_ms,olap_filtered_avg_p99_ms,olap_status_histogram_ms,cold_olap_status_histogram_ms,olap_status_histogram_p50_ms,olap_status_histogram_p99_ms,olap_range_agg_ms,cold_olap_range_agg_ms,olap_range_agg_p50_ms,olap_range_agg_p99_ms,olap_total_ms,olap_total_p50_ms,cold_olap_total_ms,client_log,server_jvm,server_log,n_docs,dims,k,n_queries,m,ef_construction,ef_search,hnsw_M,degree_param,degree_family,quantization,build_s,build_docs_per_s,engine_stats_after_build,query_p50_ms,query_p95_ms,query_p99_ms,query_mean_ms,query_max_ms,qps,n_queries_timed,warmup_held_out,recall_at_10,engine_stats_after_search,heap,producer,role,host,image,backend_version,harness_arcadedb_version,close_note,server_cmd,n_persons,graph_source,cold_top_degree_ms,top_degree_p50_ms,top_degree_p95_ms,top_degree_p99_ms,top_degree_mean_ms,top_degree_min_ms,top_degree_iters,top_degree_rows,cold_same_city_edges_ms,same_city_edges_p50_ms,same_city_edges_p95_ms,same_city_edges_p99_ms,same_city_edges_mean_ms,same_city_edges_min_ms,same_city_edges_iters,same_city_edges_rows,cold_friend_age_by_city_ms,friend_age_by_city_p50_ms,friend_age_by_city_p95_ms,friend_age_by_city_p99_ms,friend_age_by_city_mean_ms,friend_age_by_city_min_ms,friend_age_by_city_iters,friend_age_by_city_rows,gav,n_persons_ingested,n_edges_ingested,n_persons_in_corpus,server_heap,server_pagecache,point_p50_ms,point_p95_ms,point_p99_ms,hop1_p50_ms,hop1_p95_ms,hop1_p99_ms,hop2_p50_ms,hop2_p95_ms,hop2_p99_ms,warm_point_p50_ms,warm_point_p95_ms,warm_point_p99_ms,warm_hop1_p50_ms,warm_hop1_p95_ms,warm_hop1_p99_ms,warm_hop2_p50_ms,warm_hop2_p95_ms,warm_hop2_p99_ms,write_p50_ms,write_p95_ms,write_p99_ms,oltp_total_s,query_gen_s,gt_load_s,query_n,search_wall_s,recall_calc_s,phases_accounted_s,wheel_version,n_docs_ingested,server_disk_note,n_products,n_edges,dim,trials,torn_count,crash_raised_count,torn_state,post_crash_state,graph_build_cache_chosen,ops,hybrid_p50_ms,hybrid_p95_ms,hybrid_p99_ms,hybrid_mean_ms,torn_evidence,n_lineitem,n_part,tpch_sf,q1_ms,q1_p99_ms,cold_q1_ms,warm_q1_ms,q1_rows,q6_ms,q6_p99_ms,cold_q6_ms,warm_q6_ms,q6_rows,neworder_p50_ms,neworder_p99_ms,gav_build_s,graph_build_cache_configured,graph_build_cache_effective,graph_build_cache_policy,graph_build_cache_pct,es_prune,backend_arm,n_points,ingest_pts_per_s,engine_settle_s,settle_s,settle_s_lane,settle_s_adapter,q_last_ms,q_last_p99_ms,q_last_cold_ms,q_last_rows,q_range_ms,q_range_p99_ms,q_range_cold_ms,q_range_rows,q_global_ms,q_global_p99_ms,q_global_cold_ms,q_global_rows,q_last_windowed_ms,q_last_windowed_rows,last_window_s,ts_primitive,ts_numpy,ts_chunk,ts_shards,ts_path,fs_type,lc_iters,lc_warmup,cold_open_ms,cold_close_ms,build_close_ms,import_ms,jvm_start_ms,first_open_ms,cold_process_ms,cold_process_cache_state,clean_open_ms,clean_close_ms,clean_action_ms,clean_session_ms,read_open_ms,read_close_ms,read_action_ms,read_session_ms,write_open_ms,write_close_ms,write_action_ms,write_session_ms,write_read_open_ms,write_read_close_ms,write_read_action_ms,write_read_session_ms,write_own_open_ms,write_own_close_ms,write_own_action_ms,write_own_session_ms,write_own_read_open_ms,write_own_read_close_ms,write_own_read_action_ms,write_own_read_session_ms,cold_start_penalty_ms,stale_open_ms,stale_close_ms,stale_read_open_ms,stale_read_close_ms,stale_read_action_ms,stale_read_session_ms,stale_redirties_every_cycle,close_over_budget,drop_open_ms,drop_close_ms,drop_action_ms,drop_is_single_cycle,vector_index_stats,situation,deployment,first_open_server_ms,gav_cypher_reads_issued,gav_view_operator,gav_view_usage_verified,degree_restamped,server_shm_size
e2_arcadedb_e2_atomicity_e2_r1,8d6af9475,e2,arcadedb_e2,atomicity,e2,1,paper,0-11,embedded,12g,2026-09-07T06:57:25.338390+00:00,,,,,,,,,0.1,39.4,did not converge,0,False,,,26.9.1.dev0,,,,,,,,,,,,,,,,,,,,,0.088,,,,,39.4,39.3,,,,,,,,,,3404.0,3349.8,3320.1,0.0,40.1,0.0,78.6,39.3,59141803,3404.0,3349.8,0.0,3349.8,78.6,0.0,3320.1,59141803,20260907T065627Z,,,,,,,,,,,,,,,,,,,,,,,,,,,e2_arcadedb_e2_atomicity_e2_r1.clientlog,,,,,10,,,,,,,,,9.62,,,,,,,,,,,,,6g,,,,,,,,,,,,,,,,,,,,,,,,,,,,,,,,,,,,,,,,,,,,,,,,,,,,,,,,,,,,,,,,,,,,,,,,50000,149998,64,40,0,40,False,1500,50000,,,,,,,,,,,,,,,,,,,,,,,,,,,,,,,,,,,,,,,,,,,,,,,,,,,,,,,,,,,,,,,,,,,,,,,,,,,,,,,,,,,,,,,,,,,,,,,,,,,,,,,,,,,,,,,
e2_arcadedb_e2_hybrid_e2_r1,8d6af9475,e2,arcadedb_e2,hybrid,e2,1,paper,0-11,embedded,12g,2026-09-07T06:58:24.905090+00:00,,,,,,,,,0.1,39.4,did not converge,0,False,,,26.9.1.dev0,,,,,,,,,,,,,,,,,,,,,0.08,,,,,39.4,39.3,,,,,,,,,,2008.6,1957.7,1875.3,0.0,40.1,0.0,0.2,40.1,53561624,2008.6,1957.7,0.0,1957.7,0.2,0.0,1875.3,53561624,20260907T065627Z,,,,,,,,,,,,,,,,,,,,,,,,,,,e2_arcadedb_e2_hybrid_e2_r1.clientlog,,,,,10,,,,,,,,,9.39,,,,,,,,,,,,,6g,,,,,,,,,,,,,,,,,,,,,,,,,,,,,,,,,,,,,,,,,,,,,,,,,,,,,,,,,,,,,,,,,,,,,,,,50000,149998,64,,,,,,50000,300,2.039,4.49,5.877,2.482,,,,,,,,,,,,,,,,,,,,,,,,,,,,,,,,,,,,,,,,,,,,,,,,,,,,,,,,,,,,,,,,,,,,,,,,,,,,,,,,,,,,,,,,,,,,,,,,,,,,,,,,,,
e2_arcadedb_e2_atomicity_e2_r2,8d6af9475,e2,arcadedb_e2,atomicity,e2,2,paper,0-11,embedded,12g,2026-09-07T06:57:40.317305+00:00,,,,,,,,,0.1,39.4,did not converge,0,False,,,26.9.1.dev0,,,,,,,,,,,,,,,,,,,,,0.088,,,,,39.4,39.3,,,,,,,,,,4369.7,4313.9,313.3,0.0,40.1,0.0,78.6,39.3,58256869,4369.7,4313.9,0.0,4313.9,78.6,0.0,313.3,58256869,20260907T065627Z,,,,,,,,,,,,,,,,,,,,,,,,,,,e2_arcadedb_e2_atomicity_e2_r2.clientlog,,,,,10,,,,,,,,,9.6,,,,,,,,,,,,,6g,,,,,,,,,,,,,,,,,,,,,,,,,,,,,,,,,,,,,,,,,,,,,,,,,,,,,,,,,,,,,,,,,,,,,,,,50000,149998,64,40,0,40,False,1500,50000,,,,,,,,,,,,,,,,,,,,,,,,,,,,,,,,,,,,,,,,,,,,,,,,,,,,,,,,,,,,,,,,,,,,,,,,,,,,,,,,,,,,,,,,,,,,,,,,,,,,,,,,,,,,,,,
e2_arcadedb_e2_hybrid_e2_r2,8d6af9475,e2,arcadedb_e2,hybrid,e2,2,paper,0-11,embedded,12g,2026-09-07T06:58:36.615603+00:00,,,,,,,,,0.1,39.4,did not converge,0,False,,,26.9.1.dev0,,,,,,,,,,,,,,,,,,,,,0.134,,,,,39.4,39.3,,,,,,,,,,2030.1,1973.1,1899.5,0.0,40.1,0.0,62.7,40.1,66298300,2030.1,1973.1,0.0,1973.1,62.7,0.0,1899.5,66298300,20260907T065627Z,,,,,,,,,,,,,,,,,,,,,,,,,,,e2_arcadedb_e2_hybrid_e2_r2.clientlog,,,,,10,,,,,,,,,10.74,,,,,,,,,,,,,6g,,,,,,,,,,,,,,,,,,,,,,,,,,,,,,,,,,,,,,,,,,,,,,,,,,,,,,,,,,,,,,,,,,,,,,,,50000,149998,64,,,,,,50000,300,2.041,3.974,5.199,2.482,,,,,,,,,,,,,,,,,,,,,,,,,,,,,,,,,,,,,,,,,,,,,,,,,,,,,,,,,,,,,,,,,,,,,,,,,,,,,,,,,,,,,,,,,,,,,,,,,,,,,,,,,,
e2_arcadedb_e2_hybrid_e2_r3,8d6af9475,e2,arcadedb_e2,hybrid,e2,3,paper,0-11,embedded,12g,2026-09-07T06:56:56.245258+00:00,,,,,,,,,0.1,39.4,did not converge,0,False,,,26.9.1.dev0,,,,,,,,,,,,,,,,,,,,,0.088,,,,,39.4,39.3,,,,,,,,,,2287.6,2236.0,2236.0,0.0,40.1,0.0,0.2,40.1,69252470,2287.6,2236.0,0.0,2236.0,0.2,0.0,2236.0,69252470,20260907T065627Z,,,,,,,,,,,,,,,,,,,,,,,,,,,e2_arcadedb_e2_hybrid_e2_r3.clientlog,,,,,10,,,,,,,,,10.89,,,,,,,,,,,,,6g,,,,,,,,,,,,,,,,,,,,,,,,,,,,,,,,,,,,,,,,,,,,,,,,,,,,,,,,,,,,,,,,,,,,,,,,50000,149998,64,,,,,,50000,300,1.933,4.457,6.631,2.477,,,,,,,,,,,,,,,,,,,,,,,,,,,,,,,,,,,,,,,,,,,,,,,,,,,,,,,,,,,,,,,,,,,,,,,,,,,,,,,,,,,,,,,,,,,,,,,,,,,,,,,,,,
e2_arcadedb_e2_atomicity_e2_r3,8d6af9475,e2,arcadedb_e2,atomicity,e2,3,paper,0-11,embedded,12g,2026-09-07T06:56:27.448583+00:00,,,,,,,,,0.1,39.4,did not converge,0,False,,,26.9.1.dev0,,,,,,,,,,,,,,,,,,,,,0.08,,,,,39.4,39.3,,,,,,,,,,2802.3,2732.6,2732.6,0.0,55.6,30.9,16.2,55.6,74059137,2802.3,2732.6,0.0,2732.6,16.2,30.9,2732.6,74059137,20260907T065627Z,,,,,,,,,,,,,,,,,,,,,,,,,,,e2_arcadedb_e2_atomicity_e2_r3.clientlog,,,,,10,,,,,,,,,11.08,,,,,,,,,,,,,6g,,,,,,,,,,,,,,,,,,,,,,,,,,,,,,,,,,,,,,,,,,,,,,,,,,,,,,,,,,,,,,,,,,,,,,,,50000,149998,64,40,0,40,False,1500,50000,,,,,,,,,,,,,,,,,,,,,,,,,,,,,,,,,,,,,,,,,,,,,,,,,,,,,,,,,,,,,,,,,,,,,,,,,,,,,,,,,,,,,,,,,,,,,,,,,,,,,,,,,,,,,,,
e2_arcadedb_e2_atomicity_e2_r4,8d6af9475,e2,arcadedb_e2,atomicity,e2,4,paper,0-11,embedded,12g,2026-09-07T06:57:09.617010+00:00,,,,,,,,,0.1,39.4,did not converge,0,False,,,26.9.1.dev0,,,,,,,,,,,,,,,,,,,,,0.088,,,,,39.4,39.3,,,,,,,,,,4291.2,4235.6,0.0,0.0,40.1,0.0,78.6,39.3,62761858,4291.2,4235.6,0.0,4235.6,78.6,0.0,0.0,62761858,20260907T065627Z,,,,,,,,,,,,,,,,,,,,,,,,,,,e2_arcadedb_e2_atomicity_e2_r4.clientlog,,,,,10,,,,,,,,,9.89,,,,,,,,,,,,,6g,,,,,,,,,,,,,,,,,,,,,,,,,,,,,,,,,,,,,,,,,,,,,,,,,,,,,,,,,,,,,,,,,,,,,,,,50000,149998,64,40,0,40,False,1500,50000,,,,,,,,,,,,,,,,,,,,,,,,,,,,,,,,,,,,,,,,,,,,,,,,,,,,,,,,,,,,,,,,,,,,,,,,,,,,,,,,,,,,,,,,,,,,,,,,,,,,,,,,,,,,,,,
e2_arcadedb_e2_hybrid_e2_r4,8d6af9475,e2,arcadedb_e2,hybrid,e2,4,paper,0-11,embedded,12g,2026-09-07T06:56:43.623070+00:00,,,,,,,,,0.1,39.4,did not converge,0,False,,,26.9.1.dev0,,,,,,,,,,,,,,,,,,,,,0.082,,,,,39.4,39.3,,,,,,,,,,1992.9,1939.0,1850.4,0.0,40.1,0.0,0.2,40.1,65796308,1992.9,1939.0,0.0,1939.0,0.2,0.0,1850.4,65796308,20260907T065627Z,,,,,,,,,,,,,,,,,,,,,,,,,,,e2_arcadedb_e2_hybrid_e2_r4.clientlog,,,,,10,,,,,,,,,10.41,,,,,,,,,,,,,6g,,,,,,,,,,,,,,,,,,,,,,,,,,,,,,,,,,,,,,,,,,,,,,,,,,,,,,,,,,,,,,,,,,,,,,,,50000,149998,64,,,,,,50000,300,2.029,4.344,5.293,2.55,,,,,,,,,,,,,,,,,,,,,,,,,,,,,,,,,,,,,,,,,,,,,,,,,,,,,,,,,,,,,,,,,,,,,,,,,,,,,,,,,,,,,,,,,,,,,,,,,,,,,,,,,,
e2_arcadedb_e2_atomicity_e2_r5,8d6af9475,e2,arcadedb_e2,atomicity,e2,5,paper,0-11,embedded,12g,2026-09-07T06:57:55.750007+00:00,,,,,,,,,0.1,39.4,did not converge,0,False,,,26.9.1.dev0,,,,,,,,,,,,,,,,,,,,,0.122,,,,,39.4,39.3,,,,,,,,,,4302.3,4246.2,4245.5,0.0,40.1,0.0,62.8,40.1,68445835,4302.3,4246.2,0.0,4246.2,62.8,0.0,4245.5,68445835,20260907T065627Z,,,,,,,,,,,,,,,,,,,,,,,,,,,e2_arcadedb_e2_atomicity_e2_r5.clientlog,,,,,10,,,,,,,,,10.42,,,,,,,,,,,,,6g,,,,,,,,,,,,,,,,,,,,,,,,,,,,,,,,,,,,,,,,,,,,,,,,,,,,,,,,,,,,,,,,,,,,,,,,50000,149998,64,40,0,40,False,1500,50000,,,,,,,,,,,,,,,,,,,,,,,,,,,,,,,,,,,,,,,,,,,,,,,,,,,,,,,,,,,,,,,,,,,,,,,,,,,,,,,,,,,,,,,,,,,,,,,,,,,,,,,,,,,,,,,
e2_arcadedb_e2_hybrid_e2_r5,8d6af9475,e2,arcadedb_e2,hybrid,e2,5,paper,0-11,embedded,12g,2026-09-07T06:58:12.098451+00:00,,,,,,,,,0.1,39.4,did not converge,0,False,,,26.9.1.dev0,,,,,,,,,,,,,,,,,,,,,0.08,,,,,39.4,39.3,,,,,,,,,,2027.7,1969.1,1908.4,0.0,40.1,0.0,48.3,40.1,63923935,2027.7,1969.1,0.0,1969.1,48.3,0.0,1908.4,63923935,20260907T065627Z,,,,,,,,,,,,,,,,,,,,,,,,,,,e2_arcadedb_e2_hybrid_e2_r5.clientlog,,,,,10,,,,,,,,,10.31,,,,,,,,,,,,,6g,,,,,,,,,,,,,,,,,,,,,,,,,,,,,,,,,,,,,,,,,,,,,,,,,,,,,,,,,,,,,,,,,,,,,,,,50000,149998,64,,,,,,50000,300,1.961,4.605,5.774,2.56,,,,,,,,,,,,,,,,,,,,,,,,,,,,,,,,,,,,,,,,,,,,,,,,,,,,,,,,,,,,,,,,,,,,,,,,,,,,,,,,,,,,,,,,,,,,,,,,,,,,,,,,,,
e2_arcadedb_e2_server_atomicity_e2_r1,8d6af9475,e2,arcadedb_e2_server,atomicity,e2,1,paper,0-11,client_server,12g,2026-09-07T18:19:55.643015+00:00,full+client,8g,12.0,0-11,sha256:49058eefd65d6a6a297fa7fc4c2f1600edbf9e3b3d495cbae0f64815498cb9d9,arcadedb-c25:8d6af9475,12g,0.3,0.1,0.1,did not converge,0,False,,,server:26.9.1-SNAPSHOT (build 8d6af94753ea8446bd13ac1aed2bb79eaf78dc90/1788075753609/main),,,,,,,,,,,,,,,,,,,,,0.0,42.4,42.4,0.0,True,42.5,42.1,4209.4,4132.5,4132.5,0.0,104.1,0.0,173.5,42.3,74829377,71.2,67.1,67.1,0.0,0.1,0.0,0.2,0.1,3694685,4280.5,4199.5,0.0,4199.5,173.7,0.0,4199.5,78524062,20260907T181747Z,,,,,,,,,,,,,,,,,,,,,,,,,,,e2_arcadedb_e2_server_atomicity_e2_r1.clientlog,,e2_arcadedb_e2_server_atomicity_e2_r1.serverlog,,,10,,,,,,,,,14.1,,,,,,,,,,,,,6g,,,,,,,,,,,,,,,,,,,,,,,,,,,,,,,,,,,,,,,6g,,,,,,,,,,,,,,,,,,,,,,,,,,,,,,,,,50000,149998,64,40,0,40,False,1500,50000,,,,,,,,,,,,,,,,,,,,,,,,,,,,,,,,,,,,,,,,,,,,,,,,,,,,,,,,,,,,,,,,,,,,,,,,,,,,,,,,,,,,,,,,,,,,,,,,,,,,,,,,,,,,,,,
e2_arcadedb_e2_server_hybrid_e2_r1,8d6af9475,e2,arcadedb_e2_server,hybrid,e2,1,paper,0-11,client_server,12g,2026-09-07T18:22:10.079485+00:00,full+client,8g,12.0,0-11,sha256:49058eefd65d6a6a297fa7fc4c2f1600edbf9e3b3d495cbae0f64815498cb9d9,arcadedb-c25:8d6af9475,12g,0.3,0.1,0.1,did not converge,0,False,,,server:26.9.1-SNAPSHOT (build 8d6af94753ea8446bd13ac1aed2bb79eaf78dc90/1788075753609/main),,,,,,,,,,,,,,,,,,,,,0.0,105.1,105.1,0.0,True,105.2,104.8,4214.2,4075.7,4075.7,0.0,105.1,0.0,401.9,105.1,65059439,71.2,67.1,42.1,0.0,0.1,0.0,0.2,0.1,3787947,4285.4,4142.8,0.0,4142.8,402.1,0.0,4117.8,68847386,20260907T181747Z,,,,,,,,,,,,,,,,,,,,,,,,,,,e2_arcadedb_e2_server_hybrid_e2_r1.clientlog,,e2_arcadedb_e2_server_hybrid_e2_r1.serverlog,,,10,,,,,,,,,13.48,,,,,,,,,,,,,6g,,,,,,,,,,,,,,,,,,,,,,,,,,,,,,,,,,,,,,,6g,,,,,,,,,,,,,,,,,,,,,,,,,,,,,,,,,50000,149998,64,,,,,,50000,300,8.491,11.405,14.344,8.712,,,,,,,,,,,,,,,,,,,,,,,,,,,,,,,,,,,,,,,,,,,,,,,,,,,,,,,,,,,,,,,,,,,,,,,,,,,,,,,,,,,,,,,,,,,,,,,,,,,,,,,,,,
e2_arcadedb_e2_server_atomicity_e2_r2,8d6af9475,e2,arcadedb_e2_server,atomicity,e2,2,paper,0-11,client_server,12g,2026-09-07T18:20:28.989628+00:00,full+client,8g,12.0,0-11,sha256:49058eefd65d6a6a297fa7fc4c2f1600edbf9e3b3d495cbae0f64815498cb9d9,arcadedb-c25:8d6af9475,12g,0.3,0.1,0.1,did not converge,0,False,,,server:26.9.1-SNAPSHOT (build 8d6af94753ea8446bd13ac1aed2bb79eaf78dc90/1788075753609/main),,,,,,,,,,,,,,,,,,,,,0.0,41.8,41.8,0.0,True,41.9,41.5,4199.4,4129.8,4126.2,0.0,100.8,0.0,172.7,41.7,72791349,72.0,67.1,67.1,0.0,0.1,0.0,0.2,0.1,3660191,4271.5,4196.9,0.0,4196.9,172.8,0.0,4193.3,76451540,20260907T181747Z,,,,,,,,,,,,,,,,,,,,,,,,,,,e2_arcadedb_e2_server_atomicity_e2_r2.clientlog,,e2_arcadedb_e2_server_atomicity_e2_r2.serverlog,,,10,,,,,,,,,13.86,,,,,,,,,,,,,6g,,,,,,,,,,,,,,,,,,,,,,,,,,,,,,,,,,,,,,,6g,,,,,,,,,,,,,,,,,,,,,,,,,,,,,,,,,50000,149998,64,40,0,40,False,1500,50000,,,,,,,,,,,,,,,,,,,,,,,,,,,,,,,,,,,,,,,,,,,,,,,,,,,,,,,,,,,,,,,,,,,,,,,,,,,,,,,,,,,,,,,,,,,,,,,,,,,,,,,,,,,,,,,
e2_arcadedb_e2_server_hybrid_e2_r2,8d6af9475,e2,arcadedb_e2_server,hybrid,e2,2,paper,0-11,client_server,12g,2026-09-07T18:22:41.065306+00:00,full+client,8g,12.0,0-11,sha256:49058eefd65d6a6a297fa7fc4c2f1600edbf9e3b3d495cbae0f64815498cb9d9,arcadedb-c25:8d6af9475,12g,0.3,0.1,0.1,did not converge,0,False,,,server:26.9.1-SNAPSHOT (build 8d6af94753ea8446bd13ac1aed2bb79eaf78dc90/1788075753609/main),,,,,,,,,,,,,,,,,,,,,0.0,103.5,103.5,0.0,True,103.6,103.2,4224.7,4091.6,4088.0,0.0,105.5,0.0,255.0,103.4,73140999,72.2,67.4,67.4,0.0,0.1,0.0,0.1,0.1,3720866,4296.9,4159.0,0.0,4159.0,255.1,0.0,4155.4,76861865,20260907T181747Z,,,,,,,,,,,,,,,,,,,,,,,,,,,e2_arcadedb_e2_server_hybrid_e2_r2.clientlog,,e2_arcadedb_e2_server_hybrid_e2_r2.serverlog,,,10,,,,,,,,,14.25,,,,,,,,,,,,,6g,,,,,,,,,,,,,,,,,,,,,,,,,,,,,,,,,,,,,,,6g,,,,,,,,,,,,,,,,,,,,,,,,,,,,,,,,,50000,149998,64,,,,,,50000,300,9.193,11.525,13.623,9.359,,,,,,,,,,,,,,,,,,,,,,,,,,,,,,,,,,,,,,,,,,,,,,,,,,,,,,,,,,,,,,,,,,,,,,,,,,,,,,,,,,,,,,,,,,,,,,,,,,,,,,,,,,
e2_arcadedb_e2_server_atomicity_e2_r3,8d6af9475,e2,arcadedb_e2_server,atomicity,e2,3,paper,0-11,client_server,12g,2026-09-07T18:17:47.289138+00:00,full+client,8g,12.0,0-11,sha256:49058eefd65d6a6a297fa7fc4c2f1600edbf9e3b3d495cbae0f64815498cb9d9,arcadedb-c25:8d6af9475,12g,0.3,0.1,0.1,did not converge,0,False,,,server:26.9.1-SNAPSHOT (build 8d6af94753ea8446bd13ac1aed2bb79eaf78dc90/1788075753609/main),,,,,,,,,,,,,,,,,,,,,0.0,41.8,41.8,0.0,True,41.9,41.5,4206.6,4126.0,4126.0,0.0,124.1,5.9,339.4,44.7,73858639,74.9,67.4,67.4,0.0,2.9,5.7,0.1,2.9,3547827,4281.5,4193.5,0.0,4193.5,339.5,11.6,4193.5,77406466,20260907T181747Z,,,,,,,,,,,,,,,,,,,,,,,,,,,e2_arcadedb_e2_server_atomicity_e2_r3.clientlog,,e2_arcadedb_e2_server_atomicity_e2_r3.serverlog,,,10,,,,,,,,,13.77,,,,,,,,,,,,,6g,,,,,,,,,,,,,,,,,,,,,,,,,,,,,,,,,,,,,,,6g,,,,,,,,,,,,,,,,,,,,,,,,,,,,,,,,,50000,149998,64,40,0,40,False,1500,50000,,,,,,,,,,,,,,,,,,,,,,,,,,,,,,,,,,,,,,,,,,,,,,,,,,,,,,,,,,,,,,,,,,,,,,,,,,,,,,,,,,,,,,,,,,,,,,,,,,,,,,,,,,,,,,,
e2_arcadedb_e2_server_hybrid_e2_r3,8d6af9475,e2,arcadedb_e2_server,hybrid,e2,3,paper,0-11,client_server,12g,2026-09-07T18:18:50.989142+00:00,full+client,8g,12.0,0-11,sha256:49058eefd65d6a6a297fa7fc4c2f1600edbf9e3b3d495cbae0f64815498cb9d9,arcadedb-c25:8d6af9475,12g,0.3,0.1,0.1,did not converge,0,False,,,server:26.9.1-SNAPSHOT (build 8d6af94753ea8446bd13ac1aed2bb79eaf78dc90/1788075753609/main),,,,,,,,,,,,,,,,,,,,,0.0,42.5,42.5,0.0,True,42.6,42.2,4176.8,4082.6,4082.6,0.0,107.2,0.0,174.2,42.4,71394851,72.1,67.1,67.1,0.0,0.1,0.0,0.2,0.1,3705228,4248.9,4149.7,0.0,4149.7,174.4,0.0,4149.7,75100079,20260907T181747Z,,,,,,,,,,,,,,,,,,,,,,,,,,,e2_arcadedb_e2_server_hybrid_e2_r3.clientlog,,e2_arcadedb_e2_server_hybrid_e2_r3.serverlog,,,10,,,,,,,,,13.89,,,,,,,,,,,,,6g,,,,,,,,,,,,,,,,,,,,,,,,,,,,,,,,,,,,,,,6g,,,,,,,,,,,,,,,,,,,,,,,,,,,,,,,,,50000,149998,64,,,,,,50000,300,8.87,11.278,12.21,9.067,,,,,,,,,,,,,,,,,,,,,,,,,,,,,,,,,,,,,,,,,,,,,,,,,,,,,,,,,,,,,,,,,,,,,,,,,,,,,,,,,,,,,,,,,,,,,,,,,,,,,,,,,,
e2_arcadedb_e2_server_hybrid_e2_r4,8d6af9475,e2,arcadedb_e2_server,hybrid,e2,4,paper,0-11,client_server,12g,2026-09-07T18:18:20.376187+00:00,full+client,8g,12.0,0-11,sha256:49058eefd65d6a6a297fa7fc4c2f1600edbf9e3b3d495cbae0f64815498cb9d9,arcadedb-c25:8d6af9475,12g,0.3,0.1,0.1,did not converge,0,False,,,server:26.9.1-SNAPSHOT (build 8d6af94753ea8446bd13ac1aed2bb79eaf78dc90/1788075753609/main),,,,,,,,,,,,,,,,,,,,,0.0,42.5,42.5,0.0,True,42.6,42.2,4168.7,4083.0,4083.0,0.0,108.1,0.0,174.2,42.4,70711338,71.7,67.1,67.1,0.0,0.1,0.0,0.2,0.1,3638161,4240.3,4150.1,0.0,4150.1,174.4,0.0,4150.1,74349499,20260907T181747Z,,,,,,,,,,,,,,,,,,,,,,,,,,,e2_arcadedb_e2_server_hybrid_e2_r4.clientlog,,e2_arcadedb_e2_server_hybrid_e2_r4.serverlog,,,10,,,,,,,,,13.75,,,,,,,,,,,,,6g,,,,,,,,,,,,,,,,,,,,,,,,,,,,,,,,,,,,,,,6g,,,,,,,,,,,,,,,,,,,,,,,,,,,,,,,,,50000,149998,64,,,,,,50000,300,8.871,12.032,13.248,9.205,,,,,,,,,,,,,,,,,,,,,,,,,,,,,,,,,,,,,,,,,,,,,,,,,,,,,,,,,,,,,,,,,,,,,,,,,,,,,,,,,,,,,,,,,,,,,,,,,,,,,,,,,,
e2_arcadedb_e2_server_atomicity_e2_r4,8d6af9475,e2,arcadedb_e2_server,atomicity,e2,4,paper,0-11,client_server,12g,2026-09-07T18:19:21.538110+00:00,full+client,8g,12.0,0-11,sha256:49058eefd65d6a6a297fa7fc4c2f1600edbf9e3b3d495cbae0f64815498cb9d9,arcadedb-c25:8d6af9475,12g,0.3,0.1,0.1,did not converge,0,False,,,server:26.9.1-SNAPSHOT (build 8d6af94753ea8446bd13ac1aed2bb79eaf78dc90/1788075753609/main),,,,,,,,,,,,,,,,,,,,,0.0,101.7,101.7,0.0,True,101.8,101.4,4267.2,4129.3,4129.3,0.0,106.3,0.0,251.5,101.6,74703275,71.8,67.1,67.1,0.0,0.1,0.0,0.2,0.1,3694265,4339.0,4196.4,0.0,4196.4,251.6,0.0,4196.4,78397540,20260907T181747Z,,,,,,,,,,,,,,,,,,,,,,,,,,,e2_arcadedb_e2_server_atomicity_e2_r4.clientlog,,e2_arcadedb_e2_server_atomicity_e2_r4.serverlog,,,10,,,,,,,,,14.08,,,,,,,,,,,,,6g,,,,,,,,,,,,,,,,,,,,,,,,,,,,,,,,,,,,,,,6g,,,,,,,,,,,,,,,,,,,,,,,,,,,,,,,,,50000,149998,64,40,0,40,False,1500,50000,,,,,,,,,,,,,,,,,,,,,,,,,,,,,,,,,,,,,,,,,,,,,,,,,,,,,,,,,,,,,,,,,,,,,,,,,,,,,,,,,,,,,,,,,,,,,,,,,,,,,,,,,,,,,,,
e2_arcadedb_e2_server_atomicity_e2_r5,8d6af9475,e2,arcadedb_e2_server,atomicity,e2,5,paper,0-11,client_server,12g,2026-09-07T18:21:03.039969+00:00,full+client,8g,12.0,0-11,sha256:49058eefd65d6a6a297fa7fc4c2f1600edbf9e3b3d495cbae0f64815498cb9d9,arcadedb-c25:8d6af9475,12g,0.3,0.1,0.1,did not converge,0,False,,,server:26.9.1-SNAPSHOT (build 8d6af94753ea8446bd13ac1aed2bb79eaf78dc90/1788075753609/main),,,,,,,,,,,,,,,,,,,,,0.0,41.8,41.8,0.0,True,41.9,41.5,4203.7,4126.6,4126.6,0.0,100.2,0.0,316.5,41.8,73534431,71.0,67.1,67.1,0.0,0.1,0.0,0.2,0.1,3739470,4274.7,4193.7,0.0,4193.7,316.6,0.0,4193.7,77273901,20260907T181747Z,,,,,,,,,,,,,,,,,,,,,,,,,,,e2_arcadedb_e2_server_atomicity_e2_r5.clientlog,,e2_arcadedb_e2_server_atomicity_e2_r5.serverlog,,,10,,,,,,,,,14.04,,,,,,,,,,,,,6g,,,,,,,,,,,,,,,,,,,,,,,,,,,,,,,,,,,,,,,6g,,,,,,,,,,,,,,,,,,,,,,,,,,,,,,,,,50000,149998,64,40,0,40,False,1500,50000,,,,,,,,,,,,,,,,,,,,,,,,,,,,,,,,,,,,,,,,,,,,,,,,,,,,,,,,,,,,,,,,,,,,,,,,,,,,,,,,,,,,,,,,,,,,,,,,,,,,,,,,,,,,,,,
e2_arcadedb_e2_server_hybrid_e2_r5,8d6af9475,e2,arcadedb_e2_server,hybrid,e2,5,paper,0-11,client_server,12g,2026-09-07T18:21:36.924084+00:00,full+client,8g,12.0,0-11,sha256:49058eefd65d6a6a297fa7fc4c2f1600edbf9e3b3d495cbae0f64815498cb9d9,arcadedb-c25:8d6af9475,12g,0.3,0.1,0.1,did not converge,0,False,,,server:26.9.1-SNAPSHOT (build 8d6af94753ea8446bd13ac1aed2bb79eaf78dc90/1788075753609/main),,,,,,,,,,,,,,,,,,,,,0.0,101.8,101.8,0.0,True,101.9,101.5,4232.5,4098.8,4096.1,0.0,107.3,0.0,251.8,101.8,75153186,71.8,67.1,67.1,0.0,0.1,0.0,0.2,0.1,3702906,4304.3,4165.9,0.0,4165.9,252.0,0.0,4163.2,78856092,20260907T181747Z,,,,,,,,,,,,,,,,,,,,,,,,,,,e2_arcadedb_e2_server_hybrid_e2_r5.clientlog,,e2_arcadedb_e2_server_hybrid_e2_r5.serverlog,,,10,,,,,,,,,14.21,,,,,,,,,,,,,6g,,,,,,,,,,,,,,,,,,,,,,,,,,,,,,,,,,,,,,,6g,,,,,,,,,,,,,,,,,,,,,,,,,,,,,,,,,50000,149998,64,,,,,,50000,300,8.136,10.764,12.319,8.481,,,,,,,,,,,,,,,,,,,,,,,,,,,,,,,,,,,,,,,,,,,,,,,,,,,,,,,,,,,,,,,,,,,,,,,,,,,,,,,,,,,,,,,,,,,,,,,,,,,,,,,,,,
e2_composed_qdrant_neo4j_hybrid_e2_r1,8d6af9475,e2,composed_qdrant_neo4j,hybrid,e2,1,paper,0-11,client_server,12g,2026-09-10T15:33:00.098812+00:00,full+client,8g,12.0,0-11,sha256:4bae36aff76271e27fd6a6ed0835413f86a284cd179cfb1cb7d188f5f7533aca,neo4j@sha256:4bae36aff76271e27fd6a6ed0835413f86a284cd179cfb1cb7d188f5f7533aca,12g,769.1,0.1,1.2,,0,False,,,qdrant-local:1.19.0+neo4j:5.26.28,,,,,,,,,,,,,,,,,,,,,0.0,779.0,253.2,525.8,True,780.2,11.0,7042.1,6695.1,6682.8,0.0,311.2,0.0,632.1,311.2,30630458,297.1,282.7,116.3,0.0,1.1,0.0,0.2,1.1,8290031,7339.3,6977.8,0.0,6977.8,632.3,0.0,6799.1,38920489,20260910T152603Z,,,,,,,,,,,,,,,,,,,,,,,,,,,e2_composed_qdrant_neo4j_hybrid_e2_r1.clientlog,,e2_composed_qdrant_neo4j_hybrid_e2_r1.serverlog,,,10,,,,,,,,,5.79,,,,,,,,,,,,,6g,,,,,,,,,,,,,,,,,,,,,,,,,,,,,,,,,,,,,,,6g,5.0g,,,,,,,,,,,,,,,,,,,,,,,,,,,,,,,,50000,149998,64,,,,,,,300,19.561,31.815,34.917,21.031,,,,,,,,,,,,,,,,,,,,,,,,,,,,,,,,,,,,,,,,,,,,,,,,,,,,,,,,,,,,,,,,,,,,,,,,,,,,,,,,,,,,,,,,,,,,,,,,,,,,,,,,,,
e2_composed_qdrant_neo4j_atomicity_e2_r1,8d6af9475,e2,composed_qdrant_neo4j,atomicity,e2,1,paper,0-11,client_server,12g,2026-09-10T15:29:11.825420+00:00,full+client,8g,12.0,0-11,sha256:4bae36aff76271e27fd6a6ed0835413f86a284cd179cfb1cb7d188f5f7533aca,neo4j@sha256:4bae36aff76271e27fd6a6ed0835413f86a284cd179cfb1cb7d188f5f7533aca,12g,769.1,0.1,1.2,,0,False,,,qdrant-local:1.19.0+neo4j:5.26.28,,,,,,,,,,,,,,,,,,,,,0.0,779.1,253.2,525.8,True,780.3,11.1,7051.2,6695.4,6693.5,0.0,311.1,0.0,648.6,311.1,33129352,296.5,263.5,195.1,0.0,1.1,0.0,2.2,1.1,43135270,7347.7,6958.9,0.0,6958.9,650.8,0.0,6888.5,76264622,20260910T152603Z,,,,,,,,,,,,,,,,,,,,,,,,,,,e2_composed_qdrant_neo4j_atomicity_e2_r1.clientlog,,e2_composed_qdrant_neo4j_atomicity_e2_r1.serverlog,,,10,,,,,,,,,5.81,,,,,,,,,,,,,6g,,,,,,,,,,,,,,,,,,,,,,,,,,,,,,,,,,,,,,,6g,5.0g,,,,,,,,,,,,,,,,,,,,,,,,,,,,,,,,50000,149998,64,40,40,40,True,"{'neo4j_view_sum': 1740, 'qdrant_view_sum': 1505, 'disagreeing_products': 235}",,,,,,,"[{'trial': 0, 'pre': {'neo4j_view_sum': 330, 'qdrant_view_sum': 330, 'disagreeing_products': 0}, 'post': {'neo4j_view_sum': 336, 'qdrant_view_sum': 330, 'disagreeing_products': 6}}, {'trial': 1, 'pre': {'neo4j_view_sum': 366, 'qdrant_view_sum': 360, 'disagreeing_products': 6}, 'post': {'neo4j_view_sum': 372, 'qdrant_view_sum': 360, 'disagreeing_products': 12}}, {'trial': 2, 'pre': {'neo4j_view_sum': 402, 'qdrant_view_sum': 390, 'disagreeing_products': 12}, 'post': {'neo4j_view_sum': 408, 'qdrant_view_sum': 390, 'disagreeing_products': 18}}]",,,,,,,,,,,,,,,,,,,,,,,,,,,,,,,,,,,,,,,,,,,,,,,,,,,,,,,,,,,,,,,,,,,,,,,,,,,,,,,,,,,,,,,,,,,,,,,,,,,,,,,,,
e2_composed_qdrant_neo4j_atomicity_e2_r2,8d6af9475,e2,composed_qdrant_neo4j,atomicity,e2,2,paper,0-11,client_server,12g,2026-09-10T15:30:18.108619+00:00,full+client,8g,12.0,0-11,sha256:4bae36aff76271e27fd6a6ed0835413f86a284cd179cfb1cb7d188f5f7533aca,neo4j@sha256:4bae36aff76271e27fd6a6ed0835413f86a284cd179cfb1cb7d188f5f7533aca,12g,769.1,0.1,1.2,,0,False,,,qdrant-local:1.19.0+neo4j:5.26.28,,,,,,,,,,,,,,,,,,,,,0.0,779.1,253.2,525.8,True,780.3,11.1,7051.2,6693.1,6689.8,0.0,311.1,0.0,649.1,311.1,33431077,297.4,283.1,193.6,0.0,1.1,0.0,2.2,1.1,43232097,7348.6,6976.2,0.0,6976.2,651.2,0.0,6883.4,76663174,20260910T152603Z,,,,,,,,,,,,,,,,,,,,,,,,,,,e2_composed_qdrant_neo4j_atomicity_e2_r2.clientlog,,e2_composed_qdrant_neo4j_atomicity_e2_r2.serverlog,,,10,,,,,,,,,5.76,,,,,,,,,,,,,6g,,,,,,,,,,,,,,,,,,,,,,,,,,,,,,,,,,,,,,,6g,5.0g,,,,,,,,,,,,,,,,,,,,,,,,,,,,,,,,50000,149998,64,40,40,40,True,"{'neo4j_view_sum': 1740, 'qdrant_view_sum': 1505, 'disagreeing_products': 235}",,,,,,,"[{'trial': 0, 'pre': {'neo4j_view_sum': 330, 'qdrant_view_sum': 330, 'disagreeing_products': 0}, 'post': {'neo4j_view_sum': 336, 'qdrant_view_sum': 330, 'disagreeing_products': 6}}, {'trial': 1, 'pre': {'neo4j_view_sum': 366, 'qdrant_view_sum': 360, 'disagreeing_products': 6}, 'post': {'neo4j_view_sum': 372, 'qdrant_view_sum': 360, 'disagreeing_products': 12}}, {'trial': 2, 'pre': {'neo4j_view_sum': 402, 'qdrant_view_sum': 390, 'disagreeing_products': 12}, 'post': {'neo4j_view_sum': 408, 'qdrant_view_sum': 390, 'disagreeing_products': 18}}]",,,,,,,,,,,,,,,,,,,,,,,,,,,,,,,,,,,,,,,,,,,,,,,,,,,,,,,,,,,,,,,,,,,,,,,,,,,,,,,,,,,,,,,,,,,,,,,,,,,,,,,,,
e2_composed_qdrant_neo4j_hybrid_e2_r2,8d6af9475,e2,composed_qdrant_neo4j,hybrid,e2,2,paper,0-11,client_server,12g,2026-09-10T15:33:29.127713+00:00,full+client,8g,12.0,0-11,sha256:4bae36aff76271e27fd6a6ed0835413f86a284cd179cfb1cb7d188f5f7533aca,neo4j@sha256:4bae36aff76271e27fd6a6ed0835413f86a284cd179cfb1cb7d188f5f7533aca,12g,769.1,0.1,1.2,,0,False,,,qdrant-local:1.19.0+neo4j:5.26.28,,,,,,,,,,,,,,,,,,,,,0.0,779.0,253.2,525.8,True,780.2,11.0,7037.9,6675.8,6675.8,0.0,311.2,0.0,632.1,311.2,29953499,297.6,284.7,235.0,0.0,1.1,0.0,0.2,1.1,8401188,7335.5,6960.5,0.0,6960.5,632.3,0.0,6910.8,38354687,20260910T152603Z,,,,,,,,,,,,,,,,,,,,,,,,,,,e2_composed_qdrant_neo4j_hybrid_e2_r2.clientlog,,e2_composed_qdrant_neo4j_hybrid_e2_r2.serverlog,,,10,,,,,,,,,5.78,,,,,,,,,,,,,6g,,,,,,,,,,,,,,,,,,,,,,,,,,,,,,,,,,,,,,,6g,5.0g,,,,,,,,,,,,,,,,,,,,,,,,,,,,,,,,50000,149998,64,,,,,,,300,19.93,28.125,34.988,21.438,,,,,,,,,,,,,,,,,,,,,,,,,,,,,,,,,,,,,,,,,,,,,,,,,,,,,,,,,,,,,,,,,,,,,,,,,,,,,,,,,,,,,,,,,,,,,,,,,,,,,,,,,,
e2_composed_qdrant_neo4j_hybrid_e2_r3,8d6af9475,e2,composed_qdrant_neo4j,hybrid,e2,3,paper,0-11,client_server,12g,2026-09-10T15:27:37.795560+00:00,full+client,8g,12.0,0-11,sha256:4bae36aff76271e27fd6a6ed0835413f86a284cd179cfb1cb7d188f5f7533aca,neo4j@sha256:4bae36aff76271e27fd6a6ed0835413f86a284cd179cfb1cb7d188f5f7533aca,12g,769.1,0.1,1.2,,0,False,,,qdrant-local:1.19.0+neo4j:5.26.28,,,,,,,,,,,,,,,,,,,,,0.0,779.0,253.2,525.8,True,780.2,11.0,7039.1,6680.4,6680.4,0.0,311.2,0.0,632.4,311.2,30673784,296.7,283.7,177.9,0.0,1.1,0.0,0.2,1.1,8129219,7335.8,6964.0,0.0,6964.0,632.6,0.0,6858.3,38803003,20260910T152603Z,,,,,,,,,,,,,,,,,,,,,,,,,,,e2_composed_qdrant_neo4j_hybrid_e2_r3.clientlog,,e2_composed_qdrant_neo4j_hybrid_e2_r3.serverlog,,,10,,,,,,,,,5.89,,,,,,,,,,,,,6g,,,,,,,,,,,,,,,,,,,,,,,,,,,,,,,,,,,,,,,6g,5.0g,,,,,,,,,,,,,,,,,,,,,,,,,,,,,,,,50000,149998,64,,,,,,,300,20.072,29.349,33.927,21.076,,,,,,,,,,,,,,,,,,,,,,,,,,,,,,,,,,,,,,,,,,,,,,,,,,,,,,,,,,,,,,,,,,,,,,,,,,,,,,,,,,,,,,,,,,,,,,,,,,,,,,,,,,
e2_composed_qdrant_neo4j_atomicity_e2_r3,8d6af9475,e2,composed_qdrant_neo4j,atomicity,e2,3,paper,0-11,client_server,12g,2026-09-10T15:26:03.843163+00:00,full+client,8g,12.0,0-11,sha256:4bae36aff76271e27fd6a6ed0835413f86a284cd179cfb1cb7d188f5f7533aca,neo4j@sha256:4bae36aff76271e27fd6a6ed0835413f86a284cd179cfb1cb7d188f5f7533aca,12g,769.1,0.1,1.2,,0,False,,,qdrant-local:1.19.0+neo4j:5.26.28,,,,,,,,,,,,,,,,,,,,,0.0,779.0,253.2,525.8,True,780.2,11.0,7033.5,6676.4,6676.4,0.0,311.1,0.0,647.4,311.1,33181225,297.8,283.1,234.4,0.0,2.4,2.6,2.2,2.4,41960362,7331.3,6959.5,0.0,6959.5,649.5,2.7,6910.8,75141587,20260910T152603Z,,,,,,,,,,,,,,,,,,,,,,,,,,,e2_composed_qdrant_neo4j_atomicity_e2_r3.clientlog,,e2_composed_qdrant_neo4j_atomicity_e2_r3.serverlog,,,10,,,,,,,,,5.67,,,,,,,,,,,,,6g,,,,,,,,,,,,,,,,,,,,,,,,,,,,,,,,,,,,,,,6g,5.0g,,,,,,,,,,,,,,,,,,,,,,,,,,,,,,,,50000,149998,64,40,40,40,True,"{'neo4j_view_sum': 1740, 'qdrant_view_sum': 1505, 'disagreeing_products': 235}",,,,,,,"[{'trial': 0, 'pre': {'neo4j_view_sum': 330, 'qdrant_view_sum': 330, 'disagreeing_products': 0}, 'post': {'neo4j_view_sum': 336, 'qdrant_view_sum': 330, 'disagreeing_products': 6}}, {'trial': 1, 'pre': {'neo4j_view_sum': 366, 'qdrant_view_sum': 360, 'disagreeing_products': 6}, 'post': {'neo4j_view_sum': 372, 'qdrant_view_sum': 360, 'disagreeing_products': 12}}, {'trial': 2, 'pre': {'neo4j_view_sum': 402, 'qdrant_view_sum': 390, 'disagreeing_products': 12}, 'post': {'neo4j_view_sum': 408, 'qdrant_view_sum': 390, 'disagreeing_products': 18}}]",,,,,,,,,,,,,,,,,,,,,,,,,,,,,,,,,,,,,,,,,,,,,,,,,,,,,,,,,,,,,,,,,,,,,,,,,,,,,,,,,,,,,,,,,,,,,,,,,,,,,,,,,
e2_composed_qdrant_neo4j_atomicity_e2_r4,8d6af9475,e2,composed_qdrant_neo4j,atomicity,e2,4,paper,0-11,client_server,12g,2026-09-10T15:28:06.781019+00:00,full+client,8g,12.0,0-11,sha256:4bae36aff76271e27fd6a6ed0835413f86a284cd179cfb1cb7d188f5f7533aca,neo4j@sha256:4bae36aff76271e27fd6a6ed0835413f86a284cd179cfb1cb7d188f5f7533aca,12g,769.1,0.1,1.2,,0,False,,,qdrant-local:1.19.0+neo4j:5.26.28,,,,,,,,,,,,,,,,,,,,,0.0,779.0,253.2,525.8,True,780.2,11.0,7038.6,6681.0,6675.5,0.0,311.1,0.0,648.2,311.1,34061125,296.7,273.8,233.2,0.0,1.1,0.0,2.2,1.1,42786113,7335.3,6954.8,0.0,6954.8,650.3,0.0,6908.7,76847238,20260910T152603Z,,,,,,,,,,,,,,,,,,,,,,,,,,,e2_composed_qdrant_neo4j_atomicity_e2_r4.clientlog,,e2_composed_qdrant_neo4j_atomicity_e2_r4.serverlog,,,10,,,,,,,,,5.95,,,,,,,,,,,,,6g,,,,,,,,,,,,,,,,,,,,,,,,,,,,,,,,,,,,,,,6g,5.0g,,,,,,,,,,,,,,,,,,,,,,,,,,,,,,,,50000,149998,64,40,40,40,True,"{'neo4j_view_sum': 1740, 'qdrant_view_sum': 1505, 'disagreeing_products': 235}",,,,,,,"[{'trial': 0, 'pre': {'neo4j_view_sum': 330, 'qdrant_view_sum': 330, 'disagreeing_products': 0}, 'post': {'neo4j_view_sum': 336, 'qdrant_view_sum': 330, 'disagreeing_products': 6}}, {'trial': 1, 'pre': {'neo4j_view_sum': 366, 'qdrant_view_sum': 360, 'disagreeing_products': 6}, 'post': {'neo4j_view_sum': 372, 'qdrant_view_sum': 360, 'disagreeing_products': 12}}, {'trial': 2, 'pre': {'neo4j_view_sum': 402, 'qdrant_view_sum': 390, 'disagreeing_products': 12}, 'post': {'neo4j_view_sum': 408, 'qdrant_view_sum': 390, 'disagreeing_products': 18}}]",,,,,,,,,,,,,,,,,,,,,,,,,,,,,,,,,,,,,,,,,,,,,,,,,,,,,,,,,,,,,,,,,,,,,,,,,,,,,,,,,,,,,,,,,,,,,,,,,,,,,,,,,
e2_composed_qdrant_neo4j_hybrid_e2_r4,8d6af9475,e2,composed_qdrant_neo4j,hybrid,e2,4,paper,0-11,client_server,12g,2026-09-10T15:27:08.462446+00:00,full+client,8g,12.0,0-11,sha256:4bae36aff76271e27fd6a6ed0835413f86a284cd179cfb1cb7d188f5f7533aca,neo4j@sha256:4bae36aff76271e27fd6a6ed0835413f86a284cd179cfb1cb7d188f5f7533aca,12g,769.1,0.1,1.2,,0,False,,,qdrant-local:1.19.0+neo4j:5.26.28,,,,,,,,,,,,,,,,,,,,,0.0,779.0,253.2,525.8,True,780.2,11.0,7040.1,6682.0,6682.0,0.0,311.2,0.0,636.0,311.2,30070982,297.1,277.9,178.8,0.0,1.1,0.0,0.2,1.1,8691342,7337.2,6959.9,0.0,6959.9,636.2,0.0,6860.8,38762324,20260910T152603Z,,,,,,,,,,,,,,,,,,,,,,,,,,,e2_composed_qdrant_neo4j_hybrid_e2_r4.clientlog,,e2_composed_qdrant_neo4j_hybrid_e2_r4.serverlog,,,10,,,,,,,,,5.72,,,,,,,,,,,,,6g,,,,,,,,,,,,,,,,,,,,,,,,,,,,,,,,,,,,,,,6g,5.0g,,,,,,,,,,,,,,,,,,,,,,,,,,,,,,,,50000,149998,64,,,,,,,300,21.344,31.16,33.913,22.471,,,,,,,,,,,,,,,,,,,,,,,,,,,,,,,,,,,,,,,,,,,,,,,,,,,,,,,,,,,,,,,,,,,,,,,,,,,,,,,,,,,,,,,,,,,,,,,,,,,,,,,,,,
e2_composed_qdrant_neo4j_atomicity_e2_r5,8d6af9475,e2,composed_qdrant_neo4j,atomicity,e2,5,paper,0-11,client_server,12g,2026-09-10T15:31:24.935873+00:00,full+client,8g,12.0,0-11,sha256:4bae36aff76271e27fd6a6ed0835413f86a284cd179cfb1cb7d188f5f7533aca,neo4j@sha256:4bae36aff76271e27fd6a6ed0835413f86a284cd179cfb1cb7d188f5f7533aca,12g,769.1,0.1,1.2,,0,False,,,qdrant-local:1.19.0+neo4j:5.26.28,,,,,,,,,,,,,,,,,,,,,0.0,779.1,253.2,525.8,True,780.3,11.1,7051.6,6696.5,6692.6,0.0,311.1,0.0,648.5,311.1,33847095,297.3,282.8,234.1,0.0,1.1,0.0,2.2,1.1,43183677,7348.9,6979.4,0.0,6979.4,650.6,0.0,6926.7,77030772,20260910T152603Z,,,,,,,,,,,,,,,,,,,,,,,,,,,e2_composed_qdrant_neo4j_atomicity_e2_r5.clientlog,,e2_composed_qdrant_neo4j_atomicity_e2_r5.serverlog,,,10,,,,,,,,,5.85,,,,,,,,,,,,,6g,,,,,,,,,,,,,,,,,,,,,,,,,,,,,,,,,,,,,,,6g,5.0g,,,,,,,,,,,,,,,,,,,,,,,,,,,,,,,,50000,149998,64,40,40,40,True,"{'neo4j_view_sum': 1740, 'qdrant_view_sum': 1505, 'disagreeing_products': 235}",,,,,,,"[{'trial': 0, 'pre': {'neo4j_view_sum': 330, 'qdrant_view_sum': 330, 'disagreeing_products': 0}, 'post': {'neo4j_view_sum': 336, 'qdrant_view_sum': 330, 'disagreeing_products': 6}}, {'trial': 1, 'pre': {'neo4j_view_sum': 366, 'qdrant_view_sum': 360, 'disagreeing_products': 6}, 'post': {'neo4j_view_sum': 372, 'qdrant_view_sum': 360, 'disagreeing_products': 12}}, {'trial': 2, 'pre': {'neo4j_view_sum': 402, 'qdrant_view_sum': 390, 'disagreeing_products': 12}, 'post': {'neo4j_view_sum': 408, 'qdrant_view_sum': 390, 'disagreeing_products': 18}}]",,,,,,,,,,,,,,,,,,,,,,,,,,,,,,,,,,,,,,,,,,,,,,,,,,,,,,,,,,,,,,,,,,,,,,,,,,,,,,,,,,,,,,,,,,,,,,,,,,,,,,,,,
e2_composed_qdrant_neo4j_hybrid_e2_r5,8d6af9475,e2,composed_qdrant_neo4j,hybrid,e2,5,paper,0-11,client_server,12g,2026-09-10T15:32:30.977806+00:00,full+client,8g,12.0,0-11,sha256:4bae36aff76271e27fd6a6ed0835413f86a284cd179cfb1cb7d188f5f7533aca,neo4j@sha256:4bae36aff76271e27fd6a6ed0835413f86a284cd179cfb1cb7d188f5f7533aca,12g,769.1,0.1,1.2,,0,False,,,qdrant-local:1.19.0+neo4j:5.26.28,,,,,,,,,,,,,,,,,,,,,0.0,779.0,253.2,525.8,True,780.2,11.0,7041.5,6680.9,6680.9,0.0,311.2,0.0,632.1,311.2,30181269,296.9,282.7,234.0,0.0,1.1,0.0,0.2,1.1,8279120,7338.4,6963.6,0.0,6963.6,632.3,0.0,6914.9,38460389,20260910T152603Z,,,,,,,,,,,,,,,,,,,,,,,,,,,e2_composed_qdrant_neo4j_hybrid_e2_r5.clientlog,,e2_composed_qdrant_neo4j_hybrid_e2_r5.serverlog,,,10,,,,,,,,,5.84,,,,,,,,,,,,,6g,,,,,,,,,,,,,,,,,,,,,,,,,,,,,,,,,,,,,,,6g,5.0g,,,,,,,,,,,,,,,,,,,,,,,,,,,,,,,,50000,149998,64,,,,,,,300,20.061,26.104,30.286,20.792,,,,,,,,,,,,,,,,,,,,,,,,,,,,,,,,,,,,,,,,,,,,,,,,,,,,,,,,,,,,,,,,,,,,,,,,,,,,,,,,,,,,,,,,,,,,,,,,,,,,,,,,,,
e2_surrealdb_e2_atomicity_e2_r1,b7c6c800d,e2,surrealdb_e2,atomicity,e2,1,paper,0-11,embedded,12g,2026-08-28T12:02:42.387645+00:00,,,,,,,,,0.1,1.0,did not converge,0,False,,,surrealdb-py:2.0.0,,,,,,,,,,,,,,,,,,,,,0.0,,,,,1.0,0.9,,,,,,,,,,836.6,830.2,796.1,0.0,0.9,0.0,1.8,0.9,360692145,836.6,830.2,0.0,830.2,1.8,0.0,796.1,360692145,20260828T113159Z,runs_page_b7c6c800d.jsonl,"comparator row, unaffected by the ArcadeDB re-pin b7c6c800d -> 8d6af9475 (DECISIONS #42: re-measure ArcadeDB arms, carry comparators)",,,,,,,,,,,,,,,,,,,,,,,,,,,,,,10,,,,,,,,,331.33,,,,,,,,,,,,,,,,,,,,,,,,,,,,,,,,,,,,,,,,,,,,,,,,,,,,,,,,,,,,,,,,,,,,,,,,,,,,,,,,,,,,,50000,149998,64,40,0,40,False,1500,,,,,,,,,,,,,,,,,,,,,,,,,,,,,,,,,,,,,,,,,,,,,,,,,,,,,,,,,,,,,,,,,,,,,,,,,,,,,,,,,,,,,,,,,,,,,,,,,,,,,,,,,,,,,,,,
e2_surrealdb_e2_hybrid_e2_r1,b7c6c800d,e2,surrealdb_e2,hybrid,e2,1,paper,0-11,embedded,12g,2026-08-28T11:43:41.314091+00:00,,,,,,,,,0.1,1.0,did not converge,0,False,,,surrealdb-py:2.0.0,,,,,,,,,,,,,,,,,,,,,0.0,,,,,1.0,0.9,,,,,,,,,,830.4,823.6,789.6,0.0,0.9,0.0,1.8,0.9,336394315,830.4,823.6,0.0,823.6,1.8,0.0,789.6,336394315,20260828T113159Z,runs_page_b7c6c800d.jsonl,"comparator row, unaffected by the ArcadeDB re-pin b7c6c800d -> 8d6af9475 (DECISIONS #42: re-measure ArcadeDB arms, carry comparators)",,,,,,,,,,,,,,,,,,,,,,,,,,,,,,10,,,,,,,,,332.17,,,,,,,,,,,,,,,,,,,,,,,,,,,,,,,,,,,,,,,,,,,,,,,,,,,,,,,,,,,,,,,,,,,,,,,,,,,,,,,,,,,,,50000,149998,64,,,,,,,300,7.674,8.367,9.201,7.723,,,,,,,,,,,,,,,,,,,,,,,,,,,,,,,,,,,,,,,,,,,,,,,,,,,,,,,,,,,,,,,,,,,,,,,,,,,,,,,,,,,,,,,,,,,,,,,,,,,,,,,,,,
e2_surrealdb_e2_hybrid_e2_r2,b7c6c800d,e2,surrealdb_e2,hybrid,e2,2,paper,0-11,embedded,12g,2026-08-28T11:57:04.105564+00:00,,,,,,,,,0.1,1.0,did not converge,0,False,,,surrealdb-py:2.0.0,,,,,,,,,,,,,,,,,,,,,0.0,,,,,1.0,0.9,,,,,,,,,,831.3,819.9,790.7,0.0,0.9,0.0,1.8,0.9,338343691,831.3,819.9,0.0,819.9,1.8,0.0,790.7,338343691,20260828T113159Z,runs_page_b7c6c800d.jsonl,"comparator row, unaffected by the ArcadeDB re-pin b7c6c800d -> 8d6af9475 (DECISIONS #42: re-measure ArcadeDB arms, carry comparators)",,,,,,,,,,,,,,,,,,,,,,,,,,,,,,10,,,,,,,,,334.07,,,,,,,,,,,,,,,,,,,,,,,,,,,,,,,,,,,,,,,,,,,,,,,,,,,,,,,,,,,,,,,,,,,,,,,,,,,,,,,,,,,,,50000,149998,64,,,,,,,300,7.665,8.33,8.505,7.711,,,,,,,,,,,,,,,,,,,,,,,,,,,,,,,,,,,,,,,,,,,,,,,,,,,,,,,,,,,,,,,,,,,,,,,,,,,,,,,,,,,,,,,,,,,,,,,,,,,,,,,,,,
e2_surrealdb_e2_atomicity_e2_r2,b7c6c800d,e2,surrealdb_e2,atomicity,e2,2,paper,0-11,embedded,12g,2026-08-28T12:11:43.220450+00:00,,,,,,,,,0.1,1.0,did not converge,0,False,,,surrealdb-py:2.0.0,,,,,,,,,,,,,,,,,,,,,0.0,,,,,1.0,0.9,,,,,,,,,,824.4,815.4,702.1,0.0,0.9,0.0,1.8,0.9,364706563,824.4,815.4,0.0,815.4,1.8,0.0,702.1,364706563,20260828T113159Z,runs_page_b7c6c800d.jsonl,"comparator row, unaffected by the ArcadeDB re-pin b7c6c800d -> 8d6af9475 (DECISIONS #42: re-measure ArcadeDB arms, carry comparators)",,,,,,,,,,,,,,,,,,,,,,,,,,,,,,10,,,,,,,,,334.23,,,,,,,,,,,,,,,,,,,,,,,,,,,,,,,,,,,,,,,,,,,,,,,,,,,,,,,,,,,,,,,,,,,,,,,,,,,,,,,,,,,,,50000,149998,64,40,0,40,False,1500,,,,,,,,,,,,,,,,,,,,,,,,,,,,,,,,,,,,,,,,,,,,,,,,,,,,,,,,,,,,,,,,,,,,,,,,,,,,,,,,,,,,,,,,,,,,,,,,,,,,,,,,,,,,,,,,
e2_surrealdb_e2_hybrid_e2_r3,b7c6c800d,e2,surrealdb_e2,hybrid,e2,3,paper,0-11,embedded,12g,2026-08-28T11:51:26.622617+00:00,,,,,,,,,0.1,1.0,did not converge,0,False,,,surrealdb-py:2.0.0,,,,,,,,,,,,,,,,,,,,,0.0,,,,,1.0,0.9,,,,,,,,,,833.7,825.7,791.1,0.0,0.9,0.0,1.8,0.9,337592308,833.7,825.7,0.0,825.7,1.8,0.0,791.1,337592308,20260828T113159Z,runs_page_b7c6c800d.jsonl,"comparator row, unaffected by the ArcadeDB re-pin b7c6c800d -> 8d6af9475 (DECISIONS #42: re-measure ArcadeDB arms, carry comparators)",,,,,,,,,,,,,,,,,,,,,,,,,,,,,,10,,,,,,,,,333.35,,,,,,,,,,,,,,,,,,,,,,,,,,,,,,,,,,,,,,,,,,,,,,,,,,,,,,,,,,,,,,,,,,,,,,,,,,,,,,,,,,,,,50000,149998,64,,,,,,,300,7.52,8.106,8.48,7.545,,,,,,,,,,,,,,,,,,,,,,,,,,,,,,,,,,,,,,,,,,,,,,,,,,,,,,,,,,,,,,,,,,,,,,,,,,,,,,,,,,,,,,,,,,,,,,,,,,,,,,,,,,
e2_surrealdb_e2_atomicity_e2_r3,b7c6c800d,e2,surrealdb_e2,atomicity,e2,3,paper,0-11,embedded,12g,2026-08-28T12:30:58.606414+00:00,,,,,,,,,0.1,1.0,did not converge,0,False,,,surrealdb-py:2.0.0,,,,,,,,,,,,,,,,,,,,,0.0,,,,,1.0,0.9,,,,,,,,,,826.0,819.6,785.8,0.0,0.9,0.0,1.8,0.9,363923525,826.0,819.6,0.0,819.6,1.8,0.0,785.8,363923525,20260828T113159Z,runs_page_b7c6c800d.jsonl,"comparator row, unaffected by the ArcadeDB re-pin b7c6c800d -> 8d6af9475 (DECISIONS #42: re-measure ArcadeDB arms, carry comparators)",,,,,,,,,,,,,,,,,,,,,,,,,,,,,,10,,,,,,,,,334.67,,,,,,,,,,,,,,,,,,,,,,,,,,,,,,,,,,,,,,,,,,,,,,,,,,,,,,,,,,,,,,,,,,,,,,,,,,,,,,,,,,,,,50000,149998,64,40,0,40,False,1500,,,,,,,,,,,,,,,,,,,,,,,,,,,,,,,,,,,,,,,,,,,,,,,,,,,,,,,,,,,,,,,,,,,,,,,,,,,,,,,,,,,,,,,,,,,,,,,,,,,,,,,,,,,,,,,,
e2_surrealdb_e2_hybrid_e2_r4,b7c6c800d,e2,surrealdb_e2,hybrid,e2,4,paper,0-11,embedded,12g,2026-08-28T12:19:07.093914+00:00,,,,,,,,,0.1,1.0,did not converge,0,False,,,surrealdb-py:2.0.0,,,,,,,,,,,,,,,,,,,,,0.0,,,,,1.0,0.9,,,,,,,,,,831.3,824.6,789.7,0.0,0.9,0.0,1.8,0.9,337914605,831.3,824.6,0.0,824.6,1.8,0.0,789.7,337914605,20260828T113159Z,runs_page_b7c6c800d.jsonl,"comparator row, unaffected by the ArcadeDB re-pin b7c6c800d -> 8d6af9475 (DECISIONS #42: re-measure ArcadeDB arms, carry comparators)",,,,,,,,,,,,,,,,,,,,,,,,,,,,,,10,,,,,,,,,333.6,,,,,,,,,,,,,,,,,,,,,,,,,,,,,,,,,,,,,,,,,,,,,,,,,,,,,,,,,,,,,,,,,,,,,,,,,,,,,,,,,,,,,50000,149998,64,,,,,,,300,7.708,8.29,8.523,7.727,,,,,,,,,,,,,,,,,,,,,,,,,,,,,,,,,,,,,,,,,,,,,,,,,,,,,,,,,,,,,,,,,,,,,,,,,,,,,,,,,,,,,,,,,,,,,,,,,,,,,,,,,,
e2_surrealdb_e2_atomicity_e2_r4,b7c6c800d,e2,surrealdb_e2,atomicity,e2,4,paper,0-11,embedded,12g,2026-08-28T12:24:44.868582+00:00,,,,,,,,,0.1,1.0,did not converge,0,False,,,surrealdb-py:2.0.0,,,,,,,,,,,,,,,,,,,,,0.0,,,,,1.0,0.9,,,,,,,,,,833.4,826.7,792.7,0.0,0.9,0.0,1.8,0.9,362154164,833.4,826.7,0.0,826.7,1.8,0.0,792.7,362154164,20260828T113159Z,runs_page_b7c6c800d.jsonl,"comparator row, unaffected by the ArcadeDB re-pin b7c6c800d -> 8d6af9475 (DECISIONS #42: re-measure ArcadeDB arms, carry comparators)",,,,,,,,,,,,,,,,,,,,,,,,,,,,,,10,,,,,,,,,332.67,,,,,,,,,,,,,,,,,,,,,,,,,,,,,,,,,,,,,,,,,,,,,,,,,,,,,,,,,,,,,,,,,,,,,,,,,,,,,,,,,,,,,50000,149998,64,40,0,40,False,1500,,,,,,,,,,,,,,,,,,,,,,,,,,,,,,,,,,,,,,,,,,,,,,,,,,,,,,,,,,,,,,,,,,,,,,,,,,,,,,,,,,,,,,,,,,,,,,,,,,,,,,,,,,,,,,,,
e2_surrealdb_e2_atomicity_e2_r5,b7c6c800d,e2,surrealdb_e2,atomicity,e2,5,paper,0-11,embedded,12g,2026-08-28T11:31:59.520509+00:00,,,,,,,,,0.1,1.0,did not converge,0,False,,,surrealdb-py:2.0.0,,,,,,,,,,,,,,,,,,,,,0.0,,,,,1.0,0.9,,,,,,,,,,828.1,812.5,782.9,0.0,5.0,8.2,1.8,5.0,363315150,828.1,812.5,0.0,812.5,1.8,8.2,782.9,363315150,20260828T113159Z,runs_page_b7c6c800d.jsonl,"comparator row, unaffected by the ArcadeDB re-pin b7c6c800d -> 8d6af9475 (DECISIONS #42: re-measure ArcadeDB arms, carry comparators)",,,,,,,,,,,,,,,,,,,,,,,,,,,,,,10,,,,,,,,,333.97,,,,,,,,,,,,,,,,,,,,,,,,,,,,,,,,,,,,,,,,,,,,,,,,,,,,,,,,,,,,,,,,,,,,,,,,,,,,,,,,,,,,,50000,149998,64,40,0,40,False,1500,,,,,,,,,,,,,,,,,,,,,,,,,,,,,,,,,,,,,,,,,,,,,,,,,,,,,,,,,,,,,,,,,,,,,,,,,,,,,,,,,,,,,,,,,,,,,,,,,,,,,,,,,,,,,,,,
e2_surrealdb_e2_hybrid_e2_r5,b7c6c800d,e2,surrealdb_e2,hybrid,e2,5,paper,0-11,embedded,12g,2026-08-28T11:38:02.799246+00:00,,,,,,,,,0.1,1.0,did not converge,0,False,,,surrealdb-py:2.0.0,,,,,,,,,,,,,,,,,,,,,0.0,,,,,1.0,0.9,,,,,,,,,,823.1,816.8,781.7,0.0,0.9,0.0,1.8,0.9,338621296,823.1,816.8,0.0,816.8,1.8,0.0,781.7,338621296,20260828T113159Z,runs_page_b7c6c800d.jsonl,"comparator row, unaffected by the ArcadeDB re-pin b7c6c800d -> 8d6af9475 (DECISIONS #42: re-measure ArcadeDB arms, carry comparators)",,,,,,,,,,,,,,,,,,,,,,,,,,,,,,10,,,,,,,,,334.35,,,,,,,,,,,,,,,,,,,,,,,,,,,,,,,,,,,,,,,,,,,,,,,,,,,,,,,,,,,,,,,,,,,,,,,,,,,,,,,,,,,,,50000,149998,64,,,,,,,300,7.645,8.32,8.725,7.688,,,,,,,,,,,,,,,,,,,,,,,,,,,,,,,,,,,,,,,,,,,,,,,,,,,,,,,,,,,,,,,,,,,,,,,,,,,,,,,,,,,,,,,,,,,,,,,,,,,,,,,,,,
l1_arcadedb_embedded_olap_medium_r1,8d6af9475,l1,arcadedb_embedded,olap,medium,1,paper,0-11,embedded,32g,2026-09-11T13:43:03.048763+00:00,,,,,,,,,0.1,2236.0,,0,False,20000000,0.445,26.9.1.dev0,12,0.17,661.53,30232.7,,,,,,,,,,,,,,,,,0.033,,,,,2236.0,2235.9,,,,,,,,,,17241.2,14898.1,2572.6,0.0,2474.3,0.0,11526.3,2235.9,7409309802,17241.2,14898.1,0.0,14898.1,11526.3,0.0,2572.6,7409309802,20260910T201040Z,,,,16013.173,16416.368,15997.095,16246.486,13655.821,13589.21,13683.443,13985.671,10668.2,10472.11,10681.918,10784.552,12626.521,12700.932,12629.472,12704.254,11005.709,11015.77,11000.998,11103.002,63969.424,63992.926,64194.39,l1_arcadedb_embedded_olap_medium_r1.clientlog,,,,,,,,,,,,,,,,,,,,,,,,,,,16g,,,,,,,,,,,,,,,,,,,,,,,,,,,,,,,,,,,,,,,,,,,,,,,,,,,,,,,,,,,,,,,,,,,,,,,,,,,,,,,,,,,,,,,,,,,,,,,,,,,,,,,,,,,,,,,,,,,,,,,,,,,,,,,,,,,,,,,,,,,,,,,,,,,,,,,,,,,,,,,,,,,,,,,,,,,,,,,,,,,,,,,,,,,,,,,
l1_arcadedb_embedded_oltp_medium_r1,8d6af9475,l1,arcadedb_embedded,oltp,medium,1,paper,0-11,embedded,32g,2026-09-01T07:58:13.283264+00:00,,,,,,,,,0.1,2236.1,did not converge,0,False,20000000,0.429,26.9.1.dev0,12,0.192,688.54,29047.1,0.0683,0.0602,0.1321,0.1622,3068,0.2572,0.252,0.3162,0.3577,1006,0.2094,0.1975,0.362,0.4808,926,7550.1,0.052,,,,,2236.1,2236.0,,,,,,,,,,15886.7,13320.2,3038.9,0.0,2479.2,0.0,11429.5,2236.0,824813354,15886.7,13320.2,0.0,13320.2,11429.5,0.0,3038.9,824813354,20260901T025016Z,,,,,,,,,,,,,,,,,,,,,,,,,,,,,,,,,,,,,,,,,,,,,,,,,,,,,,16g,,,,,,,,,,,,,,,,,,,,,,,,,,,,,,,,,,,,,,,,,,,,,,,,,,,,,,,,,,,,,,,,,,,,,,,,,,,,,,,,,,,,,,,,,,,,,,,,,,,,,,,,,,,,,,,,,,,,,,,,,,,,,,,,,,,,,,,,,,,,,,,,,,,,,,,,,,,,,,,,,,,,,,,,,,,,,,,,,,,,,,,,,,,,,,,
l1_arcadedb_embedded_olap_medium_r2,8d6af9475,l1,arcadedb_embedded,olap,medium,2,paper,0-11,embedded,32g,2026-09-11T03:07:07.877074+00:00,,,,,,,,,0.1,2236.0,,0,False,20000000,0.45,26.9.1.dev0,12,0.196,670.66,29821.5,,,,,,,,,,,,,,,,,0.034,,,,,2236.0,2235.9,,,,,,,,,,16816.3,14440.3,2341.9,0.0,2448.4,0.0,12029.6,2235.9,7461127965,16816.3,14440.3,0.0,14440.3,12029.6,0.0,2341.9,7461127965,20260910T201040Z,,,,16045.048,17989.418,16030.693,16225.345,13790.737,13948.129,13786.311,14032.053,10765.182,10495.948,10774.146,10840.71,12723.884,12725.823,12723.805,12808.723,11104.308,11119.34,11100.262,11187.021,64429.159,64415.217,66278.658,l1_arcadedb_embedded_olap_medium_r2.clientlog,,,,,,,,,,,,,,,,,,,,,,,,,,,16g,,,,,,,,,,,,,,,,,,,,,,,,,,,,,,,,,,,,,,,,,,,,,,,,,,,,,,,,,,,,,,,,,,,,,,,,,,,,,,,,,,,,,,,,,,,,,,,,,,,,,,,,,,,,,,,,,,,,,,,,,,,,,,,,,,,,,,,,,,,,,,,,,,,,,,,,,,,,,,,,,,,,,,,,,,,,,,,,,,,,,,,,,,,,,,,
l1_arcadedb_embedded_oltp_medium_r2,8d6af9475,l1,arcadedb_embedded,oltp,medium,2,paper,0-11,embedded,32g,2026-09-01T06:19:39.848264+00:00,,,,,,,,,0.1,2236.0,did not converge,0,False,20000000,0.443,26.9.1.dev0,12,0.187,686.77,29121.7,0.068,0.0599,0.1337,0.1723,3068,0.2547,0.2498,0.3038,0.3355,1006,0.2045,0.1933,0.369,0.4691,926,7642.0,0.053,,,,,2236.0,2235.9,,,,,,,,,,15767.4,13212.5,2357.6,0.0,2472.3,0.0,11775.6,2236.0,821879224,15767.4,13212.5,0.0,13212.5,11775.6,0.0,2357.6,821879224,20260901T025016Z,,,,,,,,,,,,,,,,,,,,,,,,,,,,,,,,,,,,,,,,,,,,,,,,,,,,,,16g,,,,,,,,,,,,,,,,,,,,,,,,,,,,,,,,,,,,,,,,,,,,,,,,,,,,,,,,,,,,,,,,,,,,,,,,,,,,,,,,,,,,,,,,,,,,,,,,,,,,,,,,,,,,,,,,,,,,,,,,,,,,,,,,,,,,,,,,,,,,,,,,,,,,,,,,,,,,,,,,,,,,,,,,,,,,,,,,,,,,,,,,,,,,,,,
l1_arcadedb_embedded_oltp_medium_r3,8d6af9475,l1,arcadedb_embedded,oltp,medium,3,paper,0-11,embedded,32g,2026-09-01T06:44:00.727280+00:00,,,,,,,,,0.1,2236.0,did not converge,0,False,20000000,0.452,26.9.1.dev0,12,0.212,692.06,28899.1,0.0966,0.0591,0.1292,0.1668,3068,0.2541,0.2504,0.3013,0.3302,1006,0.2031,0.193,0.3566,0.452,926,6757.3,0.109,,,,,2236.0,2235.9,,,,,,,,,,16071.3,13574.6,1097.6,0.0,2482.8,0.0,11030.7,2236.0,829257138,16071.3,13574.6,0.0,13574.6,11030.7,0.0,1097.6,829257138,20260901T025016Z,,,,,,,,,,,,,,,,,,,,,,,,,,,,,,,,,,,,,,,,,,,,,,,,,,,,,,16g,,,,,,,,,,,,,,,,,,,,,,,,,,,,,,,,,,,,,,,,,,,,,,,,,,,,,,,,,,,,,,,,,,,,,,,,,,,,,,,,,,,,,,,,,,,,,,,,,,,,,,,,,,,,,,,,,,,,,,,,,,,,,,,,,,,,,,,,,,,,,,,,,,,,,,,,,,,,,,,,,,,,,,,,,,,,,,,,,,,,,,,,,,,,,,,
l1_arcadedb_embedded_olap_medium_r3,8d6af9475,l1,arcadedb_embedded,olap,medium,3,paper,0-11,embedded,32g,2026-09-11T05:17:06.546096+00:00,,,,,,,,,0.1,2236.0,,0,False,20000000,0.432,26.9.1.dev0,12,0.191,680.62,29384.8,,,,,,,,,,,,,,,,,0.033,,,,,2236.0,2235.9,,,,,,,,,,16840.6,14498.6,9717.4,0.0,2486.9,0.0,11418.2,2235.9,7666826243,16840.6,14498.6,0.0,14498.6,11418.2,0.0,9717.4,7666826243,20260910T201040Z,,,,16444.995,16689.302,16446.372,16553.188,14111.802,14430.134,14124.225,14307.48,11182.843,10891.915,11197.588,11326.397,13123.355,13127.631,13122.969,13209.201,11537.023,11517.058,11528.079,11697.24,66400.018,66419.233,66656.04,l1_arcadedb_embedded_olap_medium_r3.clientlog,,,,,,,,,,,,,,,,,,,,,,,,,,,16g,,,,,,,,,,,,,,,,,,,,,,,,,,,,,,,,,,,,,,,,,,,,,,,,,,,,,,,,,,,,,,,,,,,,,,,,,,,,,,,,,,,,,,,,,,,,,,,,,,,,,,,,,,,,,,,,,,,,,,,,,,,,,,,,,,,,,,,,,,,,,,,,,,,,,,,,,,,,,,,,,,,,,,,,,,,,,,,,,,,,,,,,,,,,,,,
l1_arcadedb_embedded_olap_medium_r4,8d6af9475,l1,arcadedb_embedded,olap,medium,4,paper,0-11,embedded,32g,2026-09-11T15:41:47.499211+00:00,,,,,,,,,0.1,2236.0,,0,False,20000000,0.438,26.9.1.dev0,12,0.205,676.45,29566.2,,,,,,,,,,,,,,,,,0.044,,,,,2236.0,2235.9,,,,,,,,,,16996.3,14614.4,4595.1,0.0,2454.9,0.0,11471.1,2235.9,7371828170,16996.3,14614.4,0.0,14614.4,11471.1,0.0,4595.1,7371828170,20260910T201040Z,,,,15865.445,16421.163,15834.937,16103.363,13502.058,13666.703,13525.891,13655.737,10578.317,10571.631,10580.034,10667.878,12655.595,12615.31,12663.335,12781.339,10942.596,10880.899,10943.538,11062.651,63544.011,63547.735,64155.706,l1_arcadedb_embedded_olap_medium_r4.clientlog,,,,,,,,,,,,,,,,,,,,,,,,,,,16g,,,,,,,,,,,,,,,,,,,,,,,,,,,,,,,,,,,,,,,,,,,,,,,,,,,,,,,,,,,,,,,,,,,,,,,,,,,,,,,,,,,,,,,,,,,,,,,,,,,,,,,,,,,,,,,,,,,,,,,,,,,,,,,,,,,,,,,,,,,,,,,,,,,,,,,,,,,,,,,,,,,,,,,,,,,,,,,,,,,,,,,,,,,,,,,
l1_arcadedb_embedded_oltp_medium_r4,8d6af9475,l1,arcadedb_embedded,oltp,medium,4,paper,0-11,embedded,32g,2026-09-01T08:09:44.428723+00:00,,,,,,,,,0.2,2236.0,did not converge,0,False,20000000,0.423,26.9.1.dev0,12,0.194,683.44,29263.6,0.0721,0.0623,0.1499,0.1903,3068,0.263,0.2524,0.3453,0.4071,1006,0.2147,0.1963,0.4135,0.5316,926,7305.0,0.072,,,,,2236.0,2235.8,,,,,,,,,,15855.5,13290.5,775.8,0.0,2477.8,0.0,11115.8,2236.0,819240198,15855.5,13290.5,0.0,13290.5,11115.8,0.0,775.8,819240198,20260901T025016Z,,,,,,,,,,,,,,,,,,,,,,,,,,,,,,,,,,,,,,,,,,,,,,,,,,,,,,16g,,,,,,,,,,,,,,,,,,,,,,,,,,,,,,,,,,,,,,,,,,,,,,,,,,,,,,,,,,,,,,,,,,,,,,,,,,,,,,,,,,,,,,,,,,,,,,,,,,,,,,,,,,,,,,,,,,,,,,,,,,,,,,,,,,,,,,,,,,,,,,,,,,,,,,,,,,,,,,,,,,,,,,,,,,,,,,,,,,,,,,,,,,,,,,,
l1_arcadedb_embedded_olap_medium_r5,8d6af9475,l1,arcadedb_embedded,olap,medium,5,paper,0-11,embedded,32g,2026-09-11T07:27:56.701267+00:00,,,,,,,,,0.1,2236.0,,0,False,20000000,0.423,26.9.1.dev0,12,0.188,675.19,29621.3,,,,,,,,,,,,,,,,,0.032,,,,,2236.0,2235.9,,,,,,,,,,16943.3,14572.1,5325.4,0.0,2463.2,0.0,11570.3,2235.9,7719346055,16943.3,14572.1,0.0,14572.1,11570.3,0.0,5325.4,7719346055,20260910T201040Z,,,,16508.742,16674.894,16501.016,16819.522,14203.39,14110.723,14224.452,14378.119,11249.5,11282.868,11236.247,11371.303,13408.08,13519.654,13413.841,13535.036,11549.746,11617.543,11574.852,11648.648,66919.458,66950.408,67205.682,l1_arcadedb_embedded_olap_medium_r5.clientlog,,,,,,,,,,,,,,,,,,,,,,,,,,,16g,,,,,,,,,,,,,,,,,,,,,,,,,,,,,,,,,,,,,,,,,,,,,,,,,,,,,,,,,,,,,,,,,,,,,,,,,,,,,,,,,,,,,,,,,,,,,,,,,,,,,,,,,,,,,,,,,,,,,,,,,,,,,,,,,,,,,,,,,,,,,,,,,,,,,,,,,,,,,,,,,,,,,,,,,,,,,,,,,,,,,,,,,,,,,,,
l1_arcadedb_embedded_oltp_medium_r5,8d6af9475,l1,arcadedb_embedded,oltp,medium,5,paper,0-11,embedded,32g,2026-09-01T03:44:29.641272+00:00,,,,,,,,,0.1,2236.0,did not converge,0,False,20000000,0.43,26.9.1.dev0,12,0.193,700.62,28546.0,0.0674,0.0598,0.1329,0.1688,3068,0.2548,0.2491,0.3154,0.35,1006,0.2165,0.1904,0.3836,0.504,926,7534.5,0.09,,,,,2236.0,2235.9,,,,,,,,,,15861.6,13320.4,6501.6,0.0,2444.3,0.0,11378.4,2236.0,838202877,15861.6,13320.4,0.0,13320.4,11378.4,0.0,6501.6,838202877,20260901T025016Z,,,,,,,,,,,,,,,,,,,,,,,,,,,,,,,,,,,,,,,,,,,,,,,,,,,,,,16g,,,,,,,,,,,,,,,,,,,,,,,,,,,,,,,,,,,,,,,,,,,,,,,,,,,,,,,,,,,,,,,,,,,,,,,,,,,,,,,,,,,,,,,,,,,,,,,,,,,,,,,,,,,,,,,,,,,,,,,,,,,,,,,,,,,,,,,,,,,,,,,,,,,,,,,,,,,,,,,,,,,,,,,,,,,,,,,,,,,,,,,,,,,,,,,
l1_arcadedb_server_oltp_medium_r1,8d6af9475,l1,arcadedb_server,oltp,medium,1,paper,0-11,client_server,32g,2026-09-01T06:07:02.953896+00:00,full+client,8g,32.0,0-11,sha256:49058eefd65d6a6a297fa7fc4c2f1600edbf9e3b3d495cbae0f64815498cb9d9,arcadedb-c25:8d6af9475,32g,0.3,0.1,0.1,did not converge,0,False,20000000,7.896,server:26.9.1-SNAPSHOT (build 8d6af94753ea8446bd13ac1aed2bb79eaf78dc90/1788075753609/main),12,0.174,738.73,27073.4,0.6479,0.6274,0.866,0.9888,3068,0.8428,0.8214,1.027,1.1497,1006,0.7455,0.7253,0.9706,1.1396,926,1418.0,0.0,2246.0,2246.0,0.0,True,2246.1,2245.7,15739.5,13313.3,13313.3,0.0,2469.0,0.0,11892.7,2245.9,804582583,24.4,18.2,18.2,0.0,0.1,0.0,0.1,0.1,87549960,15763.9,13331.6,0.0,13331.6,11892.8,0.0,13331.6,892132543,20260901T025016Z,,,,,,,,,,,,,,,,,,,,,,,,,,,,,l1_arcadedb_server_oltp_medium_r1.serverlog,,,,,,,,,,,,,,,,,,,,,,,,,16g,,,,,,,,,,,,,,,,,,,,,,,,,,,,,,,,,,,,,,,16g,,,,,,,,,,,,,,,,,,,,,,,,,,,,,,,,,,,,,,,,,,,,,,,,,,,,,,,,,,,,,,,,,,,,,,,,,,,,,,,,,,,,,,,,,,,,,,,,,,,,,,,,,,,,,,,,,,,,,,,,,,,,,,,,,,,,,,,,,,,,,,,,,,,,,,,,
l1_arcadedb_server_olap_medium_r1,8d6af9475,l1,arcadedb_server,olap,medium,1,paper,0-11,client_server,32g,2026-09-11T00:39:25.966039+00:00,full+client,8g,32.0,0-11,sha256:49058eefd65d6a6a297fa7fc4c2f1600edbf9e3b3d495cbae0f64815498cb9d9,arcadedb-c25:8d6af9475,32g,0.3,0.1,0.1,,0,False,20000000,7.377,server:26.9.1-SNAPSHOT (build 8d6af94753ea8446bd13ac1aed2bb79eaf78dc90/1788075753609/main),12,0.165,746.55,26790.0,,,,,,,,,,,,,,,,,0.0,2271.4,2271.4,0.0,True,2271.5,2271.1,17364.5,14990.7,14973.4,0.0,2481.3,0.0,11373.7,2271.3,7509326108,23.9,18.8,18.0,0.0,0.1,0.0,0.1,0.1,87084424,17388.3,15009.5,0.0,15009.5,11373.8,0.0,14991.5,7596410532,20260910T201040Z,,,,16037.945,16979.705,16036.661,16211.051,13901.56,14003.49,13947.659,14120.658,10959.752,10918.393,10950.227,11097.584,12798.649,12785.133,12791.124,12924.223,11267.736,11142.232,11276.352,11386.366,64965.642,65002.023,65828.953,l1_arcadedb_server_olap_medium_r1.clientlog,,l1_arcadedb_server_olap_medium_r1.serverlog,,,,,,,,,,,,,,,,,,,,,,,,,16g,,,,,,,,,,,,,,,,,,,,,,,,,,,,,,,,,,,,,,,16g,,,,,,,,,,,,,,,,,,,,,,,,,,,,,,,,,,,,,,,,,,,,,,,,,,,,,,,,,,,,,,,,,,,,,,,,,,,,,,,,,,,,,,,,,,,,,,,,,,,,,,,,,,,,,,,,,,,,,,,,,,,,,,,,,,,,,,,,,,,,,,,,,,,,,,,,
l1_arcadedb_server_oltp_medium_r2,8d6af9475,l1,arcadedb_server,oltp,medium,2,paper,0-11,client_server,32g,2026-09-01T06:31:09.213207+00:00,full+client,8g,32.0,0-11,sha256:49058eefd65d6a6a297fa7fc4c2f1600edbf9e3b3d495cbae0f64815498cb9d9,arcadedb-c25:8d6af9475,32g,0.3,0.1,0.1,did not converge,0,False,20000000,7.63,server:26.9.1-SNAPSHOT (build 8d6af94753ea8446bd13ac1aed2bb79eaf78dc90/1788075753609/main),12,0.165,753.11,26556.7,0.6909,0.6896,0.852,0.959,3068,0.9071,0.9225,1.0635,1.1374,1006,0.8036,0.8112,0.9895,1.1103,926,1324.0,0.0,2236.6,2236.6,0.0,True,2236.7,2236.3,15910.4,13330.0,13330.0,0.0,2496.9,0.0,11803.6,2236.5,819963377,23.5,18.2,18.2,0.0,0.1,0.0,0.1,0.1,87285385,15933.9,13348.2,0.0,13348.2,11803.7,0.0,13348.2,907248762,20260901T025016Z,,,,,,,,,,,,,,,,,,,,,,,,,,,,,l1_arcadedb_server_oltp_medium_r2.serverlog,,,,,,,,,,,,,,,,,,,,,,,,,16g,,,,,,,,,,,,,,,,,,,,,,,,,,,,,,,,,,,,,,,16g,,,,,,,,,,,,,,,,,,,,,,,,,,,,,,,,,,,,,,,,,,,,,,,,,,,,,,,,,,,,,,,,,,,,,,,,,,,,,,,,,,,,,,,,,,,,,,,,,,,,,,,,,,,,,,,,,,,,,,,,,,,,,,,,,,,,,,,,,,,,,,,,,,,,,,,,
l1_arcadedb_server_olap_medium_r2,8d6af9475,l1,arcadedb_server,olap,medium,2,paper,0-11,client_server,32g,2026-09-10T22:36:36.607849+00:00,full+client,8g,32.0,0-11,sha256:49058eefd65d6a6a297fa7fc4c2f1600edbf9e3b3d495cbae0f64815498cb9d9,arcadedb-c25:8d6af9475,32g,0.3,0.1,0.1,,0,False,20000000,8.313,server:26.9.1-SNAPSHOT (build 8d6af94753ea8446bd13ac1aed2bb79eaf78dc90/1788075753609/main),12,0.162,752.73,26570.1,,,,,,,,,,,,,,,,,0.0,2250.2,2250.2,0.0,True,2250.3,2249.9,17275.8,14905.0,14905.0,0.0,2450.8,0.0,11301.2,2250.1,7559797144,22.0,19.4,18.0,0.0,0.1,0.0,0.1,0.1,87744819,17297.8,14924.5,0.0,14924.5,11301.3,0.0,14923.1,7647541963,20260910T201040Z,,,,16226.981,16584.326,16212.068,16391.171,14016.882,13835.382,14006.456,14326.241,11030.436,10776.238,11027.138,11203.341,12717.105,12796.72,12705.286,12847.55,11374.512,11309.641,11361.023,11555.756,65365.916,65311.971,65302.307,l1_arcadedb_server_olap_medium_r2.clientlog,,l1_arcadedb_server_olap_medium_r2.serverlog,,,,,,,,,,,,,,,,,,,,,,,,,16g,,,,,,,,,,,,,,,,,,,,,,,,,,,,,,,,,,,,,,,16g,,,,,,,,,,,,,,,,,,,,,,,,,,,,,,,,,,,,,,,,,,,,,,,,,,,,,,,,,,,,,,,,,,,,,,,,,,,,,,,,,,,,,,,,,,,,,,,,,,,,,,,,,,,,,,,,,,,,,,,,,,,,,,,,,,,,,,,,,,,,,,,,,,,,,,,,
l1_arcadedb_server_oltp_medium_r3,8d6af9475,l1,arcadedb_server,oltp,medium,3,paper,0-11,client_server,32g,2026-09-01T05:32:52.113924+00:00,full+client,8g,32.0,0-11,sha256:49058eefd65d6a6a297fa7fc4c2f1600edbf9e3b3d495cbae0f64815498cb9d9,arcadedb-c25:8d6af9475,32g,0.3,0.1,0.1,did not converge,0,False,20000000,7.545,server:26.9.1-SNAPSHOT (build 8d6af94753ea8446bd13ac1aed2bb79eaf78dc90/1788075753609/main),12,0.168,742.19,26947.3,0.6792,0.6661,0.8669,0.9771,3068,0.8758,0.8727,1.05,1.1505,1006,0.7842,0.7675,0.9903,1.1644,926,1354.7,0.0,2275.7,2275.7,0.0,True,2275.8,2275.4,15755.2,13354.3,13337.0,0.0,2476.0,0.0,11333.7,2275.6,808002341,23.3,18.2,18.2,0.0,0.1,0.0,0.1,0.1,85983913,15778.5,13372.5,0.0,13372.5,11333.8,0.0,13355.1,893986254,20260901T025016Z,,,,,,,,,,,,,,,,,,,,,,,,,,,,,l1_arcadedb_server_oltp_medium_r3.serverlog,,,,,,,,,,,,,,,,,,,,,,,,,16g,,,,,,,,,,,,,,,,,,,,,,,,,,,,,,,,,,,,,,,16g,,,,,,,,,,,,,,,,,,,,,,,,,,,,,,,,,,,,,,,,,,,,,,,,,,,,,,,,,,,,,,,,,,,,,,,,,,,,,,,,,,,,,,,,,,,,,,,,,,,,,,,,,,,,,,,,,,,,,,,,,,,,,,,,,,,,,,,,,,,,,,,,,,,,,,,,
l1_arcadedb_server_olap_medium_r3,8d6af9475,l1,arcadedb_server,olap,medium,3,paper,0-11,client_server,32g,2026-09-11T09:39:33.449727+00:00,full+client,8g,32.0,0-11,sha256:49058eefd65d6a6a297fa7fc4c2f1600edbf9e3b3d495cbae0f64815498cb9d9,arcadedb-c25:8d6af9475,32g,0.3,0.1,0.1,,0,False,20000000,7.88,server:26.9.1-SNAPSHOT (build 8d6af94753ea8446bd13ac1aed2bb79eaf78dc90/1788075753609/main),12,0.168,761.74,26255.8,,,,,,,,,,,,,,,,,0.0,2247.4,2247.4,0.0,True,2247.5,2247.1,17294.4,14927.5,14927.5,0.0,2463.2,0.0,11549.4,2247.3,7512467844,22.7,18.2,18.0,0.0,0.1,0.0,0.1,0.1,86380146,17317.1,14945.7,0.0,14945.7,11549.5,0.0,14945.6,7598847990,20260910T201040Z,,,,15994.661,16715.203,15971.508,16233.957,13735.473,13946.371,13782.428,13904.051,11028.773,11105.761,11027.77,11148.03,12838.488,12839.166,12830.877,12998.331,11206.601,11520.466,11214.001,11303.85,64803.996,64826.584,66126.967,l1_arcadedb_server_olap_medium_r3.clientlog,,l1_arcadedb_server_olap_medium_r3.serverlog,,,,,,,,,,,,,,,,,,,,,,,,,16g,,,,,,,,,,,,,,,,,,,,,,,,,,,,,,,,,,,,,,,16g,,,,,,,,,,,,,,,,,,,,,,,,,,,,,,,,,,,,,,,,,,,,,,,,,,,,,,,,,,,,,,,,,,,,,,,,,,,,,,,,,,,,,,,,,,,,,,,,,,,,,,,,,,,,,,,,,,,,,,,,,,,,,,,,,,,,,,,,,,,,,,,,,,,,,,,,
l1_arcadedb_server_oltp_medium_r4,8d6af9475,l1,arcadedb_server,oltp,medium,4,paper,0-11,client_server,32g,2026-09-01T04:16:43.987075+00:00,full+client,8g,32.0,0-11,sha256:49058eefd65d6a6a297fa7fc4c2f1600edbf9e3b3d495cbae0f64815498cb9d9,arcadedb-c25:8d6af9475,32g,0.3,0.1,0.1,did not converge,0,False,20000000,7.984,server:26.9.1-SNAPSHOT (build 8d6af94753ea8446bd13ac1aed2bb79eaf78dc90/1788075753609/main),12,0.167,736.14,27168.6,0.6474,0.6316,0.8216,0.8888,3068,0.8376,0.8203,1.0216,1.0884,1006,0.7417,0.7228,0.9536,1.0437,926,1422.2,0.0,2236.5,2236.5,0.0,True,2236.6,2236.2,15835.0,13316.2,13316.2,0.0,2444.9,0.0,11717.9,2236.5,802553184,23.6,18.2,0.0,0.0,0.1,0.0,0.1,0.1,85764197,15858.6,13334.5,0.0,13334.5,11718.0,0.0,13316.2,888317381,20260901T025016Z,,,,,,,,,,,,,,,,,,,,,,,,,,,,,l1_arcadedb_server_oltp_medium_r4.serverlog,,,,,,,,,,,,,,,,,,,,,,,,,16g,,,,,,,,,,,,,,,,,,,,,,,,,,,,,,,,,,,,,,,16g,,,,,,,,,,,,,,,,,,,,,,,,,,,,,,,,,,,,,,,,,,,,,,,,,,,,,,,,,,,,,,,,,,,,,,,,,,,,,,,,,,,,,,,,,,,,,,,,,,,,,,,,,,,,,,,,,,,,,,,,,,,,,,,,,,,,,,,,,,,,,,,,,,,,,,,,
l1_arcadedb_server_olap_medium_r4,8d6af9475,l1,arcadedb_server,olap,medium,4,paper,0-11,client_server,32g,2026-09-11T11:41:36.110726+00:00,full+client,8g,32.0,0-11,sha256:49058eefd65d6a6a297fa7fc4c2f1600edbf9e3b3d495cbae0f64815498cb9d9,arcadedb-c25:8d6af9475,32g,0.3,0.1,0.1,,0,False,20000000,7.499,server:26.9.1-SNAPSHOT (build 8d6af94753ea8446bd13ac1aed2bb79eaf78dc90/1788075753609/main),12,0.168,718.64,27830.4,,,,,,,,,,,,,,,,,0.0,2298.2,2298.2,0.0,True,2298.3,2297.9,17356.9,14937.7,14937.7,0.0,2449.9,0.0,11386.8,2298.1,7484136139,23.9,18.2,18.1,0.0,0.1,0.0,0.1,0.1,83020228,17380.9,14956.0,0.0,14956.0,11386.9,0.0,14955.8,7567156367,20260910T201040Z,,,,16075.583,16503.667,16059.953,16270.751,13922.912,14098.754,13932.844,14176.493,10973.885,11013.462,10972.849,11112.524,12734.361,12763.455,12727.185,12862.471,11178.87,11061.906,11176.234,11299.805,64885.611,64869.065,65441.244,l1_arcadedb_server_olap_medium_r4.clientlog,,l1_arcadedb_server_olap_medium_r4.serverlog,,,,,,,,,,,,,,,,,,,,,,,,,16g,,,,,,,,,,,,,,,,,,,,,,,,,,,,,,,,,,,,,,,16g,,,,,,,,,,,,,,,,,,,,,,,,,,,,,,,,,,,,,,,,,,,,,,,,,,,,,,,,,,,,,,,,,,,,,,,,,,,,,,,,,,,,,,,,,,,,,,,,,,,,,,,,,,,,,,,,,,,,,,,,,,,,,,,,,,,,,,,,,,,,,,,,,,,,,,,,
l1_arcadedb_server_olap_medium_r5,8d6af9475,l1,arcadedb_server,olap,medium,5,paper,0-11,client_server,32g,2026-09-10T20:19:35.094430+00:00,full+client,8g,32.0,0-11,sha256:49058eefd65d6a6a297fa7fc4c2f1600edbf9e3b3d495cbae0f64815498cb9d9,arcadedb-c25:8d6af9475,32g,0.3,0.1,0.1,,0,False,20000000,8.254,server:26.9.1-SNAPSHOT (build 8d6af94753ea8446bd13ac1aed2bb79eaf78dc90/1788075753609/main),12,0.164,752.25,26586.9,,,,,,,,,,,,,,,,,0.0,2245.4,2245.4,0.0,True,2245.5,2245.1,17350.8,14981.8,14981.8,0.0,2456.0,0.0,11295.7,2245.3,7484789863,21.8,18.2,18.0,0.0,0.1,0.0,0.1,0.1,87297671,17372.6,15000.0,0.0,15000.0,11295.8,0.0,14999.8,7572087534,20260910T201040Z,,,,15772.377,16617.971,15754.877,15972.517,13736.21,13768.318,13773.999,14093.46,11030.379,10823.943,11052.561,11154.083,12722.555,12650.244,12718.81,12849.816,11395.581,11388.239,11403.623,11514.572,64657.102,64703.87,65248.715,l1_arcadedb_server_olap_medium_r5.clientlog,,l1_arcadedb_server_olap_medium_r5.serverlog,,,,,,,,,,,,,,,,,,,,,,,,,16g,,,,,,,,,,,,,,,,,,,,,,,,,,,,,,,,,,,,,,,16g,,,,,,,,,,,,,,,,,,,,,,,,,,,,,,,,,,,,,,,,,,,,,,,,,,,,,,,,,,,,,,,,,,,,,,,,,,,,,,,,,,,,,,,,,,,,,,,,,,,,,,,,,,,,,,,,,,,,,,,,,,,,,,,,,,,,,,,,,,,,,,,,,,,,,,,,
l1_arcadedb_server_oltp_medium_r5,8d6af9475,l1,arcadedb_server,oltp,medium,5,paper,0-11,client_server,32g,2026-09-01T03:31:46.722356+00:00,full+client,8g,32.0,0-11,sha256:49058eefd65d6a6a297fa7fc4c2f1600edbf9e3b3d495cbae0f64815498cb9d9,arcadedb-c25:8d6af9475,32g,0.3,0.1,0.1,did not converge,0,False,20000000,7.805,server:26.9.1-SNAPSHOT (build 8d6af94753ea8446bd13ac1aed2bb79eaf78dc90/1788075753609/main),12,0.165,744.75,26854.7,0.6398,0.6269,0.8374,0.9067,3068,0.8361,0.8233,1.0101,1.1039,1006,0.7745,0.7205,0.9651,1.0869,926,1419.9,0.0,2270.6,2270.6,0.0,True,2270.7,2270.3,15782.0,13226.9,13226.9,0.0,2464.2,0.0,11866.0,2270.5,814246843,21.3,18.2,18.2,0.0,0.1,0.0,0.1,0.1,85547736,15803.3,13245.1,0.0,13245.1,11866.1,0.0,13245.1,899794579,20260901T025016Z,,,,,,,,,,,,,,,,,,,,,,,,,,,,,l1_arcadedb_server_oltp_medium_r5.serverlog,,,,,,,,,,,,,,,,,,,,,,,,,16g,,,,,,,,,,,,,,,,,,,,,,,,,,,,,,,,,,,,,,,16g,,,,,,,,,,,,,,,,,,,,,,,,,,,,,,,,,,,,,,,,,,,,,,,,,,,,,,,,,,,,,,,,,,,,,,,,,,,,,,,,,,,,,,,,,,,,,,,,,,,,,,,,,,,,,,,,,,,,,,,,,,,,,,,,,,,,,,,,,,,,,,,,,,,,,,,,
l1_duckdb_oltp_medium_r1,b7c6c800d,l1,duckdb,oltp,medium,1,paper,0-11,embedded,32g,2026-08-28T06:39:13.274409+00:00,,,,,,,,,0.1,813.7,did not converge,0,False,20000000,0.06,1.5.5,12,0.02,65.06,307395.8,1.0423,0.9412,1.8178,2.6046,3068,8.788,8.4604,10.4971,17.1669,1006,6.9206,7.9541,9.8147,16.0394,926,271.0,0.414,,,,,813.7,813.6,,,,,,,,,,2652.1,2031.6,295.4,0.0,813.6,0.0,1644.4,813.6,97835507,2652.1,2031.6,0.0,2031.6,1644.4,0.0,295.4,97835507,20260828T032322Z,runs_page_b7c6c800d.jsonl,"comparator row, unaffected by the ArcadeDB re-pin b7c6c800d -> 8d6af9475 (DECISIONS #42: re-measure ArcadeDB arms, carry comparators)",12,,,,,,,,,,,,,,,,,,,,,,,,,,,,,,,,,,,,,,,,,,,,,,,,,,,,,,,,,,,,,,,,,,,,,,,,,,,,,,,,,,,,,,,,,,,,,,,,,,,,,,,,,,,,,,,,,,,,,,,,,,,,,,,,,,,,,,,,,,,,,,,,,,,,,,,,,,,,,,,,,,,,,,,,,,,,,,,,,,,,,,,,,,,,,,,,,,,,,,,,,,,,,,,,,,,,,,,,,,,,,,,,,,,,,,,,,,,,,,,,,,
l1_duckdb_olap_medium_r1,8d6af9475,l1,duckdb,olap,medium,1,paper,0-11,embedded,32g,2026-09-11T02:41:29.048551+00:00,,,,,,,,,0.1,650.7,,0,False,20000000,0.057,1.5.5,12,0.02,63.31,315906.0,,,,,,,,,,,,,,,,,0.024,,,,,650.7,650.6,,,,,,,,,,2649.6,1959.6,284.1,0.0,650.6,0.0,1302.6,650.6,198692395,2649.6,1959.6,0.0,1959.6,1302.6,0.0,284.1,198692395,20260910T201040Z,,,12,14.23,18.418,13.686,17.815,58.272,60.682,58.212,59.726,15.438,15.199,15.44,16.131,8.056,8.543,8.021,8.606,10.399,10.348,10.396,10.607,106.395,105.755,113.19,l1_duckdb_olap_medium_r1.clientlog,,,,,,,,,,,,,,,,,,,,,,,,,,,,,,,,,,,,,,,,,,,,,,,,,,,,,,,,,,,,,,,,,,,,,,,,,,,,,,,,,,,,,,,,,,,,,,,,,,,,,,,,,,,,,,,,,,,,,,,,,,,,,,,,,,,,,,,,,,,,,,,,,,,,,,,,,,,,,,,,,,,,,,,,,,,,,,,,,,,,,,,,,,,,,,,,,,,,,,,,,,,,,,,,,,,,,,,,,,
l1_duckdb_olap_medium_r2,8d6af9475,l1,duckdb,olap,medium,2,paper,0-11,embedded,32g,2026-09-11T02:58:08.580648+00:00,,,,,,,,,0.1,650.5,,0,False,20000000,0.057,1.5.5,12,0.02,64.89,308204.5,,,,,,,,,,,,,,,,,0.023,,,,,650.5,650.4,,,,,,,,,,2701.0,2008.2,564.5,0.0,650.4,0.0,1302.1,650.4,200858056,2701.0,2008.2,0.0,2008.2,1302.1,0.0,564.5,200858056,20260910T201040Z,,,12,14.225,13.529,13.728,19.441,58.22,59.493,58.079,59.85,15.461,15.529,15.473,16.118,8.08,8.518,8.053,8.7,10.42,10.205,10.441,10.724,106.406,105.774,107.274,l1_duckdb_olap_medium_r2.clientlog,,,,,,,,,,,,,,,,,,,,,,,,,,,,,,,,,,,,,,,,,,,,,,,,,,,,,,,,,,,,,,,,,,,,,,,,,,,,,,,,,,,,,,,,,,,,,,,,,,,,,,,,,,,,,,,,,,,,,,,,,,,,,,,,,,,,,,,,,,,,,,,,,,,,,,,,,,,,,,,,,,,,,,,,,,,,,,,,,,,,,,,,,,,,,,,,,,,,,,,,,,,,,,,,,,,,,,,,,,
l1_duckdb_oltp_medium_r2,b7c6c800d,l1,duckdb,oltp,medium,2,paper,0-11,embedded,32g,2026-08-28T05:06:47.186008+00:00,,,,,,,,,0.1,813.7,did not converge,0,False,20000000,0.06,1.5.5,12,0.025,65.14,307038.5,1.0226,0.9423,1.7562,2.046,3068,8.6821,8.5395,9.7649,14.2033,1006,6.8903,8.0122,9.5808,14.0186,926,273.9,0.402,,,,,813.7,813.6,,,,,,,,,,2697.2,2040.7,1241.0,0.0,745.0,0.0,1316.9,745.0,98306156,2697.2,2040.7,0.0,2040.7,1316.9,0.0,1241.0,98306156,20260828T032322Z,runs_page_b7c6c800d.jsonl,"comparator row, unaffected by the ArcadeDB re-pin b7c6c800d -> 8d6af9475 (DECISIONS #42: re-measure ArcadeDB arms, carry comparators)",12,,,,,,,,,,,,,,,,,,,,,,,,,,,,,,,,,,,,,,,,,,,,,,,,,,,,,,,,,,,,,,,,,,,,,,,,,,,,,,,,,,,,,,,,,,,,,,,,,,,,,,,,,,,,,,,,,,,,,,,,,,,,,,,,,,,,,,,,,,,,,,,,,,,,,,,,,,,,,,,,,,,,,,,,,,,,,,,,,,,,,,,,,,,,,,,,,,,,,,,,,,,,,,,,,,,,,,,,,,,,,,,,,,,,,,,,,,,,,,,,,,
l1_duckdb_oltp_medium_r3,b7c6c800d,l1,duckdb,oltp,medium,3,paper,0-11,embedded,32g,2026-08-28T06:40:39.343660+00:00,,,,,,,,,0.1,813.7,did not converge,0,False,20000000,0.059,1.5.5,12,0.021,64.09,312058.4,1.0244,0.9399,1.7524,2.0211,3068,8.998,8.5694,12.2255,15.9426,1006,7.1585,8.0629,11.8548,15.0801,926,265.6,0.41,,,,,813.7,813.6,,,,,,,,,,2719.8,2023.5,1061.0,0.0,658.5,0.0,1316.9,658.5,96652480,2719.8,2023.5,0.0,2023.5,1316.9,0.0,1061.0,96652480,20260828T032322Z,runs_page_b7c6c800d.jsonl,"comparator row, unaffected by the ArcadeDB re-pin b7c6c800d -> 8d6af9475 (DECISIONS #42: re-measure ArcadeDB arms, carry comparators)",12,,,,,,,,,,,,,,,,,,,,,,,,,,,,,,,,,,,,,,,,,,,,,,,,,,,,,,,,,,,,,,,,,,,,,,,,,,,,,,,,,,,,,,,,,,,,,,,,,,,,,,,,,,,,,,,,,,,,,,,,,,,,,,,,,,,,,,,,,,,,,,,,,,,,,,,,,,,,,,,,,,,,,,,,,,,,,,,,,,,,,,,,,,,,,,,,,,,,,,,,,,,,,,,,,,,,,,,,,,,,,,,,,,,,,,,,,,,,,,,,,,
l1_duckdb_olap_medium_r3,8d6af9475,l1,duckdb,olap,medium,3,paper,0-11,embedded,32g,2026-09-10T20:18:18.820778+00:00,,,,,,,,,0.1,650.5,,0,False,20000000,0.057,1.5.5,12,0.022,64.54,309892.0,,,,,,,,,,,,,,,,,0.026,,,,,650.5,650.4,,,,,,,,,,2664.4,2006.1,567.6,0.0,651.0,1.2,1302.1,651.0,199234130,2664.4,2006.1,0.0,2006.1,1302.1,1.2,567.6,199234130,20260910T201040Z,,,12,14.158,18.535,13.712,18.41,58.006,70.881,57.976,58.889,15.45,15.274,15.476,15.817,8.048,10.045,8.006,9.125,10.397,10.076,10.394,10.905,106.059,105.564,124.811,l1_duckdb_olap_medium_r3.clientlog,,,,,,,,,,,,,,,,,,,,,,,,,,,,,,,,,,,,,,,,,,,,,,,,,,,,,,,,,,,,,,,,,,,,,,,,,,,,,,,,,,,,,,,,,,,,,,,,,,,,,,,,,,,,,,,,,,,,,,,,,,,,,,,,,,,,,,,,,,,,,,,,,,,,,,,,,,,,,,,,,,,,,,,,,,,,,,,,,,,,,,,,,,,,,,,,,,,,,,,,,,,,,,,,,,,,,,,,,,
l1_duckdb_oltp_medium_r4,b7c6c800d,l1,duckdb,oltp,medium,4,paper,0-11,embedded,32g,2026-08-28T03:24:24.508987+00:00,,,,,,,,,0.1,814.0,did not converge,0,False,20000000,0.059,1.5.5,12,0.021,62.0,322584.9,1.0754,0.9886,1.7959,2.2115,3068,8.9071,8.7055,11.3649,12.2921,1006,6.9868,8.0958,10.7169,12.2353,926,267.0,0.403,,,,,814.0,813.9,,,,,,,,,,2667.6,1969.7,297.0,0.0,813.9,0.0,1644.9,813.9,94925841,2667.6,1969.7,0.0,1969.7,1644.9,0.0,297.0,94925841,20260828T032322Z,runs_page_b7c6c800d.jsonl,"comparator row, unaffected by the ArcadeDB re-pin b7c6c800d -> 8d6af9475 (DECISIONS #42: re-measure ArcadeDB arms, carry comparators)",12,,,,,,,,,,,,,,,,,,,,,,,,,,,,,,,,,,,,,,,,,,,,,,,,,,,,,,,,,,,,,,,,,,,,,,,,,,,,,,,,,,,,,,,,,,,,,,,,,,,,,,,,,,,,,,,,,,,,,,,,,,,,,,,,,,,,,,,,,,,,,,,,,,,,,,,,,,,,,,,,,,,,,,,,,,,,,,,,,,,,,,,,,,,,,,,,,,,,,,,,,,,,,,,,,,,,,,,,,,,,,,,,,,,,,,,,,,,,,,,,,,
l1_duckdb_olap_medium_r4,8d6af9475,l1,duckdb,olap,medium,4,paper,0-11,embedded,32g,2026-09-11T05:15:49.645483+00:00,,,,,,,,,0.1,650.5,,0,False,20000000,0.063,1.5.5,12,0.041,65.21,306689.6,,,,,,,,,,,,,,,,,0.023,,,,,650.5,650.4,,,,,,,,,,2722.5,2028.7,573.0,0.0,650.4,0.0,1302.1,650.4,200673154,2722.5,2028.7,0.0,2028.7,1302.1,0.0,573.0,200673154,20260910T201040Z,,,12,14.248,15.03,13.64,20.718,58.246,60.755,58.191,59.365,15.484,15.01,15.473,16.194,8.086,8.381,8.05,9.041,10.416,10.129,10.412,10.729,106.48,105.766,109.305,l1_duckdb_olap_medium_r4.clientlog,,,,,,,,,,,,,,,,,,,,,,,,,,,,,,,,,,,,,,,,,,,,,,,,,,,,,,,,,,,,,,,,,,,,,,,,,,,,,,,,,,,,,,,,,,,,,,,,,,,,,,,,,,,,,,,,,,,,,,,,,,,,,,,,,,,,,,,,,,,,,,,,,,,,,,,,,,,,,,,,,,,,,,,,,,,,,,,,,,,,,,,,,,,,,,,,,,,,,,,,,,,,,,,,,,,,,,,,,,
l1_duckdb_oltp_medium_r5,b7c6c800d,l1,duckdb,oltp,medium,5,paper,0-11,embedded,32g,2026-08-28T05:51:29.406849+00:00,,,,,,,,,0.1,814.0,did not converge,0,False,20000000,0.06,1.5.5,12,0.02,65.58,304956.6,1.0578,0.9951,1.8001,2.1889,3068,9.3559,8.6435,15.6173,18.6078,1006,7.3101,8.0208,14.3685,17.5548,926,257.4,0.412,,,,,814.0,813.9,,,,,,,,,,2642.4,2031.0,384.8,0.0,813.9,0.0,1644.9,813.9,99262664,2642.4,2031.0,0.0,2031.0,1644.9,0.0,384.8,99262664,20260828T032322Z,runs_page_b7c6c800d.jsonl,"comparator row, unaffected by the ArcadeDB re-pin b7c6c800d -> 8d6af9475 (DECISIONS #42: re-measure ArcadeDB arms, carry comparators)",12,,,,,,,,,,,,,,,,,,,,,,,,,,,,,,,,,,,,,,,,,,,,,,,,,,,,,,,,,,,,,,,,,,,,,,,,,,,,,,,,,,,,,,,,,,,,,,,,,,,,,,,,,,,,,,,,,,,,,,,,,,,,,,,,,,,,,,,,,,,,,,,,,,,,,,,,,,,,,,,,,,,,,,,,,,,,,,,,,,,,,,,,,,,,,,,,,,,,,,,,,,,,,,,,,,,,,,,,,,,,,,,,,,,,,,,,,,,,,,,,,,
l1_duckdb_olap_medium_r5,8d6af9475,l1,duckdb,olap,medium,5,paper,0-11,embedded,32g,2026-09-11T05:06:49.509417+00:00,,,,,,,,,0.1,650.7,,0,False,20000000,0.055,1.5.5,12,0.02,63.63,314309.2,,,,,,,,,,,,,,,,,0.023,,,,,650.7,650.6,,,,,,,,,,2682.9,2025.6,570.9,0.0,650.6,0.0,1302.6,650.6,200156842,2682.9,2025.6,0.0,2025.6,1302.6,0.0,570.9,200156842,20260910T201040Z,,,12,14.225,13.657,13.711,18.861,58.286,60.455,58.218,59.182,15.527,15.44,15.516,16.307,8.083,8.841,8.045,9.02,10.44,10.126,10.431,10.775,106.561,105.921,108.519,l1_duckdb_olap_medium_r5.clientlog,,,,,,,,,,,,,,,,,,,,,,,,,,,,,,,,,,,,,,,,,,,,,,,,,,,,,,,,,,,,,,,,,,,,,,,,,,,,,,,,,,,,,,,,,,,,,,,,,,,,,,,,,,,,,,,,,,,,,,,,,,,,,,,,,,,,,,,,,,,,,,,,,,,,,,,,,,,,,,,,,,,,,,,,,,,,,,,,,,,,,,,,,,,,,,,,,,,,,,,,,,,,,,,,,,,,,,,,,,
l1_postgres_oltp_medium_r1,b7c6c800d,l1,postgres,oltp,medium,1,paper,0-11,client_server,32g,2026-08-28T06:36:44.998787+00:00,full+client,8g,32.0,0-11,sha256:de1e13ca94377fa5a27aafd0e9fc200df9692b15152f0090fdf074074ea5e397,postgres@sha256:de1e13ca94377fa5a27aafd0e9fc200df9692b15152f0090fdf074074ea5e397,32g,45.3,0.3,0.8,did not converge,0,False,20000000,0.13,17.10 (Debian 17.10-1.pgdg13+1),12,0.008,63.54,314760.9,1.1487,1.027,1.6728,1.8187,3068,2.4606,2.5079,2.8322,2.9938,1006,3.861,3.8225,4.5401,4.705,926,522.2,0.0,3572.0,0.0,3572.0,True,3572.8,3527.2,3837.5,14.5,4.5,140.2,3711.9,0.0,20689.8,3711.9,62003486,93.2,86.2,86.2,0.0,0.7,0.0,1.5,0.7,59522257,3930.6,100.6,140.2,240.9,20691.3,0.0,90.7,121525743,20260828T032322Z,runs_page_b7c6c800d.jsonl,"comparator row, unaffected by the ArcadeDB re-pin b7c6c800d -> 8d6af9475 (DECISIONS #42: re-measure ArcadeDB arms, carry comparators)",,,,,,,,,,,,,,,,,,,,,,,,,,,,,,,,,,,,,,,,,,,,,,,,,,,,,,,,,,,,,,,,,,,,,,,,,,,,,,,,,,,,,,,,,,,,,,,,,,,,,,,,,,,,,,,,,,,,,,,,,,,,,,,,,,,,,,,,,,,,,,,,,,,,,,,,,,,,,,,,,,,,,,,,,,,,,,,,,,,,,,,,,,,,,,,,,,,,,,,,,,,,,,,,,,,,,,,,,,,,,,,,,,,,,,,,,,,,,,,,,,,
l1_postgres_olap_medium_r1,8d6af9475,l1,postgres,olap,medium,1,paper,0-11,client_server,32g,2026-09-11T02:42:44.145739+00:00,full+client,8g,32.0,0-11,sha256:de1e13ca94377fa5a27aafd0e9fc200df9692b15152f0090fdf074074ea5e397,postgres@sha256:de1e13ca94377fa5a27aafd0e9fc200df9692b15152f0090fdf074074ea5e397,32g,45.3,0.6,0.8,,0,False,20000000,0.131,17.10 (Debian 17.10-1.pgdg13+1),12,0.013,62.45,320261.1,,,,,,,,,,,,,,,,,0.0,3572.2,0.0,3572.2,True,3573.0,3527.1,4000.7,63.5,4.5,140.6,3838.8,0.0,27115.1,3712.5,896111518,87.5,80.1,80.1,0.0,0.7,0.0,1.5,0.7,58445651,4088.2,143.6,140.6,284.2,27116.5,0.0,84.7,954557169,20260910T201040Z,,,,733.153,899.126,733.489,755.525,1666.692,1000.092,1692.335,1729.097,396.484,378.581,397.633,406.41,674.589,668.093,674.672,685.788,389.903,391.058,390.32,398.849,3860.821,3888.449,3336.95,l1_postgres_olap_medium_r1.clientlog,"OCI runtime exec failed: exec failed: unable to start container process: exec: ""java"": executable file not found in $PAT",l1_postgres_olap_medium_r1.serverlog,,,,,,,,,,,,,,,,,,,,,,,,,,,,,,,,,,,,,,,,,,,,,,,,,,,,,,,,,,,,,,,,,,,,,,,,,,,,,,,,,,,,,,,,,,,,,,,,,,,,,,,,,,,,,,,,,,,,,,,,,,,,,,,,,,,,,,,,,,,,,,,,,,,,,,,,,,,,,,,,,,,,,,,,,,,,,,,,,,,,,,,,,,,,,,,,,,,,,,,,,,,,,,,,,,,,,,,,
l1_postgres_olap_medium_r2,8d6af9475,l1,postgres,olap,medium,2,paper,0-11,client_server,32g,2026-09-10T20:10:41.100152+00:00,full+client,8g,32.0,0-11,sha256:de1e13ca94377fa5a27aafd0e9fc200df9692b15152f0090fdf074074ea5e397,postgres@sha256:de1e13ca94377fa5a27aafd0e9fc200df9692b15152f0090fdf074074ea5e397,32g,45.3,0.4,0.8,,0,False,20000000,0.131,17.10 (Debian 17.10-1.pgdg13+1),12,0.007,62.09,322092.1,,,,,,,,,,,,,,,,,0.0,3572.2,0.0,3572.2,True,3573.0,3527.3,4004.9,62.0,4.5,140.6,3845.8,13.9,27467.6,3719.5,888096333,113.2,105.2,105.2,0.0,0.7,0.0,1.5,0.7,56279235,4118.2,167.3,140.6,307.9,27469.1,13.9,109.7,944375568,20260910T201040Z,,,,735.675,907.222,733.816,759.435,1675.616,998.923,1692.863,1735.722,393.716,375.8,394.785,401.249,663.726,665.15,663.872,677.713,380.489,382.599,380.411,383.692,3849.222,3865.747,3329.694,l1_postgres_olap_medium_r2.clientlog,"OCI runtime exec failed: exec failed: unable to start container process: exec: ""java"": executable file not found in $PAT",l1_postgres_olap_medium_r2.serverlog,,,,,,,,,,,,,,,,,,,,,,,,,,,,,,,,,,,,,,,,,,,,,,,,,,,,,,,,,,,,,,,,,,,,,,,,,,,,,,,,,,,,,,,,,,,,,,,,,,,,,,,,,,,,,,,,,,,,,,,,,,,,,,,,,,,,,,,,,,,,,,,,,,,,,,,,,,,,,,,,,,,,,,,,,,,,,,,,,,,,,,,,,,,,,,,,,,,,,,,,,,,,,,,,,,,,,,,,
l1_postgres_oltp_medium_r2,b7c6c800d,l1,postgres,oltp,medium,2,paper,0-11,client_server,32g,2026-08-28T05:05:24.834752+00:00,full+client,8g,32.0,0-11,sha256:de1e13ca94377fa5a27aafd0e9fc200df9692b15152f0090fdf074074ea5e397,postgres@sha256:de1e13ca94377fa5a27aafd0e9fc200df9692b15152f0090fdf074074ea5e397,32g,45.3,0.4,0.8,did not converge,0,False,20000000,0.132,17.10 (Debian 17.10-1.pgdg13+1),12,0.007,64.29,311095.3,1.2066,1.0383,1.7191,2.0742,3068,2.6563,2.5563,3.2392,7.2295,1006,4.15,3.8683,5.8136,9.058,926,489.4,0.0,3572.0,0.0,3572.0,True,3572.8,3527.1,3837.1,14.5,4.5,140.2,3711.9,0.0,20445.2,3711.9,62324719,93.0,85.7,85.7,0.0,0.7,0.0,1.5,0.7,60157916,3930.1,100.2,140.2,240.4,20446.6,0.0,90.2,122482635,20260828T032322Z,runs_page_b7c6c800d.jsonl,"comparator row, unaffected by the ArcadeDB re-pin b7c6c800d -> 8d6af9475 (DECISIONS #42: re-measure ArcadeDB arms, carry comparators)",,,,,,,,,,,,,,,,,,,,,,,,,,,,,,,,,,,,,,,,,,,,,,,,,,,,,,,,,,,,,,,,,,,,,,,,,,,,,,,,,,,,,,,,,,,,,,,,,,,,,,,,,,,,,,,,,,,,,,,,,,,,,,,,,,,,,,,,,,,,,,,,,,,,,,,,,,,,,,,,,,,,,,,,,,,,,,,,,,,,,,,,,,,,,,,,,,,,,,,,,,,,,,,,,,,,,,,,,,,,,,,,,,,,,,,,,,,,,,,,,,,
l1_postgres_olap_medium_r3,8d6af9475,l1,postgres,olap,medium,3,paper,0-11,client_server,32g,2026-09-11T02:59:25.085453+00:00,full+client,8g,32.0,0-11,sha256:de1e13ca94377fa5a27aafd0e9fc200df9692b15152f0090fdf074074ea5e397,postgres@sha256:de1e13ca94377fa5a27aafd0e9fc200df9692b15152f0090fdf074074ea5e397,32g,45.3,0.4,0.8,,0,False,20000000,0.134,17.10 (Debian 17.10-1.pgdg13+1),12,0.008,63.66,314182.6,,,,,,,,,,,,,,,,,0.0,3572.2,0.0,3572.2,True,3573.0,3527.3,3996.2,56.8,4.5,140.6,3838.6,0.0,27087.4,3712.5,893499708,115.9,108.2,22.1,0.0,0.7,0.0,1.5,0.7,57673283,4112.1,165.0,140.6,305.6,27088.8,0.0,26.6,951172991,20260910T201040Z,,,,737.633,905.971,737.051,756.059,1690.535,1013.666,1692.654,1764.838,396.943,376.876,397.184,407.244,677.21,672.53,673.544,685.541,381.186,381.847,381.351,384.222,3883.507,3881.784,3350.89,l1_postgres_olap_medium_r3.clientlog,"OCI runtime exec failed: exec failed: unable to start container process: exec: ""java"": executable file not found in $PAT",l1_postgres_olap_medium_r3.serverlog,,,,,,,,,,,,,,,,,,,,,,,,,,,,,,,,,,,,,,,,,,,,,,,,,,,,,,,,,,,,,,,,,,,,,,,,,,,,,,,,,,,,,,,,,,,,,,,,,,,,,,,,,,,,,,,,,,,,,,,,,,,,,,,,,,,,,,,,,,,,,,,,,,,,,,,,,,,,,,,,,,,,,,,,,,,,,,,,,,,,,,,,,,,,,,,,,,,,,,,,,,,,,,,,,,,,,,,,
l1_postgres_oltp_medium_r3,b7c6c800d,l1,postgres,oltp,medium,3,paper,0-11,client_server,32g,2026-08-28T06:46:33.696501+00:00,full+client,8g,32.0,0-11,sha256:de1e13ca94377fa5a27aafd0e9fc200df9692b15152f0090fdf074074ea5e397,postgres@sha256:de1e13ca94377fa5a27aafd0e9fc200df9692b15152f0090fdf074074ea5e397,32g,45.3,0.4,0.8,did not converge,0,False,20000000,0.138,17.10 (Debian 17.10-1.pgdg13+1),12,0.008,64.07,312166.4,1.2097,1.0426,1.7188,2.1026,3068,2.92,2.5598,6.5322,8.2366,1006,4.3486,3.9027,7.6119,9.4868,926,468.4,0.0,3572.0,0.0,3572.0,True,3572.8,3527.1,3838.0,14.6,4.6,140.2,3711.9,0.0,20442.9,3711.9,62851848,91.0,83.5,83.5,0.0,0.7,0.0,1.5,0.7,60283559,3928.9,98.1,140.2,238.3,20444.3,0.0,88.1,123135407,20260828T032322Z,runs_page_b7c6c800d.jsonl,"comparator row, unaffected by the ArcadeDB re-pin b7c6c800d -> 8d6af9475 (DECISIONS #42: re-measure ArcadeDB arms, carry comparators)",,,,,,,,,,,,,,,,,,,,,,,,,,,,,,,,,,,,,,,,,,,,,,,,,,,,,,,,,,,,,,,,,,,,,,,,,,,,,,,,,,,,,,,,,,,,,,,,,,,,,,,,,,,,,,,,,,,,,,,,,,,,,,,,,,,,,,,,,,,,,,,,,,,,,,,,,,,,,,,,,,,,,,,,,,,,,,,,,,,,,,,,,,,,,,,,,,,,,,,,,,,,,,,,,,,,,,,,,,,,,,,,,,,,,,,,,,,,,,,,,,,
l1_postgres_olap_medium_r4,8d6af9475,l1,postgres,olap,medium,4,paper,0-11,client_server,32g,2026-09-10T22:28:51.364177+00:00,full+client,8g,32.0,0-11,sha256:de1e13ca94377fa5a27aafd0e9fc200df9692b15152f0090fdf074074ea5e397,postgres@sha256:de1e13ca94377fa5a27aafd0e9fc200df9692b15152f0090fdf074074ea5e397,32g,45.3,0.6,0.8,,0,False,20000000,0.13,17.10 (Debian 17.10-1.pgdg13+1),12,0.011,65.3,306262.3,,,,,,,,,,,,,,,,,0.0,3572.2,0.0,3572.2,True,3573.0,3527.1,3999.1,63.6,4.6,140.6,3838.8,0.0,27132.5,3712.5,893057642,77.3,70.1,70.1,0.0,0.7,0.0,1.5,0.7,61786661,4076.3,133.8,140.6,274.4,27134.0,0.0,74.7,954844303,20260910T201040Z,,,,739.729,909.69,740.248,758.104,1706.075,1028.518,1699.978,1783.733,395.975,375.609,395.999,406.806,667.929,666.918,667.166,677.108,380.917,381.998,380.828,384.151,3890.625,3884.219,3362.733,l1_postgres_olap_medium_r4.clientlog,"OCI runtime exec failed: exec failed: unable to start container process: exec: ""java"": executable file not found in $PAT",l1_postgres_olap_medium_r4.serverlog,,,,,,,,,,,,,,,,,,,,,,,,,,,,,,,,,,,,,,,,,,,,,,,,,,,,,,,,,,,,,,,,,,,,,,,,,,,,,,,,,,,,,,,,,,,,,,,,,,,,,,,,,,,,,,,,,,,,,,,,,,,,,,,,,,,,,,,,,,,,,,,,,,,,,,,,,,,,,,,,,,,,,,,,,,,,,,,,,,,,,,,,,,,,,,,,,,,,,,,,,,,,,,,,,,,,,,,,
l1_postgres_oltp_medium_r4,b7c6c800d,l1,postgres,oltp,medium,4,paper,0-11,client_server,32g,2026-08-28T06:32:29.129815+00:00,full+client,8g,32.0,0-11,sha256:de1e13ca94377fa5a27aafd0e9fc200df9692b15152f0090fdf074074ea5e397,postgres@sha256:de1e13ca94377fa5a27aafd0e9fc200df9692b15152f0090fdf074074ea5e397,32g,45.3,0.4,0.8,did not converge,0,False,20000000,0.131,17.10 (Debian 17.10-1.pgdg13+1),12,0.007,62.52,319895.8,1.1782,1.0314,1.6795,1.8308,3068,2.5054,2.5233,2.8925,4.2342,1006,3.9728,3.8594,4.7324,6.6401,926,509.5,0.0,3572.0,0.0,3572.0,True,3572.8,3527.1,3837.4,14.5,4.5,140.2,3711.9,0.0,20684.7,3711.9,61048334,104.4,97.3,97.3,0.0,0.7,0.0,1.5,0.7,57649778,3941.9,111.7,140.2,252.0,20686.2,0.0,101.8,118698112,20260828T032322Z,runs_page_b7c6c800d.jsonl,"comparator row, unaffected by the ArcadeDB re-pin b7c6c800d -> 8d6af9475 (DECISIONS #42: re-measure ArcadeDB arms, carry comparators)",,,,,,,,,,,,,,,,,,,,,,,,,,,,,,,,,,,,,,,,,,,,,,,,,,,,,,,,,,,,,,,,,,,,,,,,,,,,,,,,,,,,,,,,,,,,,,,,,,,,,,,,,,,,,,,,,,,,,,,,,,,,,,,,,,,,,,,,,,,,,,,,,,,,,,,,,,,,,,,,,,,,,,,,,,,,,,,,,,,,,,,,,,,,,,,,,,,,,,,,,,,,,,,,,,,,,,,,,,,,,,,,,,,,,,,,,,,,,,,,,,,
l1_postgres_oltp_medium_r5,b7c6c800d,l1,postgres,oltp,medium,5,paper,0-11,client_server,32g,2026-08-28T07:41:15.315183+00:00,full+client,8g,32.0,0-11,sha256:de1e13ca94377fa5a27aafd0e9fc200df9692b15152f0090fdf074074ea5e397,postgres@sha256:de1e13ca94377fa5a27aafd0e9fc200df9692b15152f0090fdf074074ea5e397,32g,45.3,0.4,0.8,did not converge,0,False,20000000,0.134,17.10 (Debian 17.10-1.pgdg13+1),12,0.007,63.5,314946.0,1.0403,0.8962,1.5257,1.6859,3068,2.3628,2.3894,2.7528,3.1486,1006,3.7538,3.6946,4.4384,5.196,926,552.8,0.0,3572.0,0.0,3572.0,True,3572.8,3527.1,3837.3,14.5,4.5,140.2,3711.9,0.0,20647.8,3711.9,62329913,92.0,84.5,84.5,0.0,0.7,0.0,1.5,0.7,59566764,3929.3,99.0,140.2,239.3,20649.3,0.0,89.1,121896677,20260828T032322Z,runs_page_b7c6c800d.jsonl,"comparator row, unaffected by the ArcadeDB re-pin b7c6c800d -> 8d6af9475 (DECISIONS #42: re-measure ArcadeDB arms, carry comparators)",,,,,,,,,,,,,,,,,,,,,,,,,,,,,,,,,,,,,,,,,,,,,,,,,,,,,,,,,,,,,,,,,,,,,,,,,,,,,,,,,,,,,,,,,,,,,,,,,,,,,,,,,,,,,,,,,,,,,,,,,,,,,,,,,,,,,,,,,,,,,,,,,,,,,,,,,,,,,,,,,,,,,,,,,,,,,,,,,,,,,,,,,,,,,,,,,,,,,,,,,,,,,,,,,,,,,,,,,,,,,,,,,,,,,,,,,,,,,,,,,,,
l1_postgres_olap_medium_r5,8d6af9475,l1,postgres,olap,medium,5,paper,0-11,client_server,32g,2026-09-10T22:21:13.202740+00:00,full+client,8g,32.0,0-11,sha256:de1e13ca94377fa5a27aafd0e9fc200df9692b15152f0090fdf074074ea5e397,postgres@sha256:de1e13ca94377fa5a27aafd0e9fc200df9692b15152f0090fdf074074ea5e397,32g,45.3,0.4,0.8,,0,False,20000000,0.129,17.10 (Debian 17.10-1.pgdg13+1),12,0.007,63.06,317178.4,,,,,,,,,,,,,,,,,0.0,3572.2,0.0,3572.2,True,3573.0,3527.3,3998.6,56.0,4.6,140.6,3838.7,0.0,27122.9,3712.5,887913697,95.1,87.7,22.1,0.0,0.7,0.0,1.5,0.7,58451259,4093.7,143.6,140.6,284.2,27124.4,0.0,26.7,946364956,20260910T201040Z,,,,734.843,903.121,736.464,753.572,1671.345,990.232,1691.121,1727.252,393.653,373.283,395.207,401.144,664.132,669.407,663.719,678.436,381.284,380.533,381.224,383.704,3845.257,3867.735,3316.576,l1_postgres_olap_medium_r5.clientlog,"OCI runtime exec failed: exec failed: unable to start container process: exec: ""java"": executable file not found in $PAT",l1_postgres_olap_medium_r5.serverlog,,,,,,,,,,,,,,,,,,,,,,,,,,,,,,,,,,,,,,,,,,,,,,,,,,,,,,,,,,,,,,,,,,,,,,,,,,,,,,,,,,,,,,,,,,,,,,,,,,,,,,,,,,,,,,,,,,,,,,,,,,,,,,,,,,,,,,,,,,,,,,,,,,,,,,,,,,,,,,,,,,,,,,,,,,,,,,,,,,,,,,,,,,,,,,,,,,,,,,,,,,,,,,,,,,,,,,,,
l1_postgres_tuned_olap_medium_r1,8d6af9475,l1,postgres_tuned,olap,medium,1,paper,0-11,client_server,32g,2026-09-11T17:40:04.563594+00:00,full+client,8g,32.0,0-11,sha256:de1e13ca94377fa5a27aafd0e9fc200df9692b15152f0090fdf074074ea5e397,postgres@sha256:de1e13ca94377fa5a27aafd0e9fc200df9692b15152f0090fdf074074ea5e397,32g,45.3,0.3,0.8,,0,False,20000000,0.129,17.10 (Debian 17.10-1.pgdg13+1),12,0.008,57.27,349230.3,,,,,,,,,,,,,,,,,0.0,6644.2,0.0,6644.2,True,6645.0,6599.4,9704.2,152.6,8.8,2719.1,9347.4,0.0,24494.6,9347.0,870356875,62.4,54.7,54.7,0.0,0.7,0.0,1.5,0.7,56513714,9766.6,207.3,2719.1,2926.4,24496.1,0.0,63.5,926870589,20260910T201040Z,,,,719.557,1037.785,717.911,755.373,1824.839,1868.64,1810.061,1926.871,367.246,353.331,369.121,378.155,649.949,642.856,648.441,673.705,367.787,371.761,366.261,388.581,3929.378,3911.795,4274.373,l1_postgres_tuned_olap_medium_r1.clientlog,"OCI runtime exec failed: exec failed: unable to start container process: exec: ""java"": executable file not found in $PAT",l1_postgres_tuned_olap_medium_r1.serverlog,,,,,,,,,,,,,,,,,,,,,,,,,,,,,,,,,-c shared_buffers=8GB -c effective_cache_size=24GB -c work_mem=64MB -c maintenance_work_mem=1GB -c max_wal_size=4GB,,,,,,,,,,,,,,,,,,,,,,,,,,,,,,,,,,,,,,,,,,,,,,,,,,,,,,,,,,,,,,,,,,,,,,,,,,,,,,,,,,,,,,,,,,,,,,,,,,,,,,,,,,,,,,,,,,,,,,,,,,,,,,,,,,,,,,,,,,,,,,,,,,,,,,,,,,,,,,,,,,,,,,,,,,,,,,,,,,,,,,,
l1_postgres_tuned_oltp_medium_r1,b7c6c800d,l1,postgres_tuned,oltp,medium,1,paper,0-11,client_server,32g,2026-08-28T09:59:01.231650+00:00,full+client,8g,32.0,0-11,sha256:de1e13ca94377fa5a27aafd0e9fc200df9692b15152f0090fdf074074ea5e397,postgres@sha256:de1e13ca94377fa5a27aafd0e9fc200df9692b15152f0090fdf074074ea5e397,32g,45.3,0.4,0.8,did not converge,0,False,20000000,0.135,17.10 (Debian 17.10-1.pgdg13+1),12,0.008,58.39,342504.9,1.2152,1.0614,1.7203,2.0435,3068,2.5048,2.4806,2.9241,4.7827,1006,3.9984,3.8605,4.8765,6.64,926,502.5,0.0,6644.0,0.0,6644.0,True,6644.8,6599.1,7710.3,15.3,5.3,867.9,7496.0,0.0,22966.3,7496.0,60368910,74.4,66.8,66.8,0.0,0.7,0.0,1.5,0.7,58026124,7784.7,82.1,867.9,950.1,22967.7,0.0,72.2,118395034,20260828T032322Z,runs_page_b7c6c800d.jsonl,"comparator row, unaffected by the ArcadeDB re-pin b7c6c800d -> 8d6af9475 (DECISIONS #42: re-measure ArcadeDB arms, carry comparators)",,,,,,,,,,,,,,,,,,,,,,,,,,,,,,,,,,,,,,,,,,,,,,,,,,,,,,,,,,,,-c shared_buffers=8GB -c effective_cache_size=24GB -c work_mem=64MB -c maintenance_work_mem=1GB -c max_wal_size=4GB,,,,,,,,,,,,,,,,,,,,,,,,,,,,,,,,,,,,,,,,,,,,,,,,,,,,,,,,,,,,,,,,,,,,,,,,,,,,,,,,,,,,,,,,,,,,,,,,,,,,,,,,,,,,,,,,,,,,,,,,,,,,,,,,,,,,,,,,,,,,,,,,,,,,,,,,,,,,,,,,,,,,,,,,,,,,,,,,,,,,,,,
l1_postgres_tuned_oltp_medium_r2,b7c6c800d,l1,postgres_tuned,oltp,medium,2,paper,0-11,client_server,32g,2026-08-28T06:35:26.616287+00:00,full+client,8g,32.0,0-11,sha256:de1e13ca94377fa5a27aafd0e9fc200df9692b15152f0090fdf074074ea5e397,postgres@sha256:de1e13ca94377fa5a27aafd0e9fc200df9692b15152f0090fdf074074ea5e397,32g,45.3,0.3,0.8,did not converge,0,False,20000000,0.134,17.10 (Debian 17.10-1.pgdg13+1),12,0.008,60.04,333115.9,1.1903,1.0538,1.6889,1.7544,3068,2.6107,2.5529,3.5511,5.7481,1006,4.0352,3.8879,4.7325,7.2616,926,499.3,0.0,6644.0,0.0,6644.0,True,6644.8,6599.2,7707.1,14.2,4.3,865.9,7493.9,0.0,22354.9,7493.9,60478474,60.4,53.0,53.0,0.0,0.7,0.0,1.5,0.7,59974758,7767.5,67.2,865.9,933.1,22356.4,0.0,57.3,120453232,20260828T032322Z,runs_page_b7c6c800d.jsonl,"comparator row, unaffected by the ArcadeDB re-pin b7c6c800d -> 8d6af9475 (DECISIONS #42: re-measure ArcadeDB arms, carry comparators)",,,,,,,,,,,,,,,,,,,,,,,,,,,,,,,,,,,,,,,,,,,,,,,,,,,,,,,,,,,,-c shared_buffers=8GB -c effective_cache_size=24GB -c work_mem=64MB -c maintenance_work_mem=1GB -c max_wal_size=4GB,,,,,,,,,,,,,,,,,,,,,,,,,,,,,,,,,,,,,,,,,,,,,,,,,,,,,,,,,,,,,,,,,,,,,,,,,,,,,,,,,,,,,,,,,,,,,,,,,,,,,,,,,,,,,,,,,,,,,,,,,,,,,,,,,,,,,,,,,,,,,,,,,,,,,,,,,,,,,,,,,,,,,,,,,,,,,,,,,,,,,,,
l1_postgres_tuned_olap_medium_r2,8d6af9475,l1,postgres_tuned,olap,medium,2,paper,0-11,client_server,32g,2026-09-11T02:50:23.776910+00:00,full+client,8g,32.0,0-11,sha256:de1e13ca94377fa5a27aafd0e9fc200df9692b15152f0090fdf074074ea5e397,postgres@sha256:de1e13ca94377fa5a27aafd0e9fc200df9692b15152f0090fdf074074ea5e397,32g,45.3,0.4,0.8,,0,False,20000000,0.133,17.10 (Debian 17.10-1.pgdg13+1),12,0.018,58.19,343685.1,,,,,,,,,,,,,,,,,0.0,6644.2,0.0,6644.2,True,6645.0,6599.3,9702.5,152.5,8.3,2719.1,9347.4,0.0,24525.3,9347.0,872868633,88.2,80.7,80.7,0.0,0.7,0.0,1.5,0.7,56823904,9790.8,233.3,2719.1,2952.4,24526.7,0.0,89.0,929692537,20260910T201040Z,,,,723.607,1040.879,721.937,751.578,1817.877,1877.186,1803.867,1930.564,368.812,362.757,371.236,383.342,652.045,651.456,650.786,664.878,369.374,370.317,369.207,376.327,3931.715,3917.033,4302.595,l1_postgres_tuned_olap_medium_r2.clientlog,"OCI runtime exec failed: exec failed: unable to start container process: exec: ""java"": executable file not found in $PAT",l1_postgres_tuned_olap_medium_r2.serverlog,,,,,,,,,,,,,,,,,,,,,,,,,,,,,,,,,-c shared_buffers=8GB -c effective_cache_size=24GB -c work_mem=64MB -c maintenance_work_mem=1GB -c max_wal_size=4GB,,,,,,,,,,,,,,,,,,,,,,,,,,,,,,,,,,,,,,,,,,,,,,,,,,,,,,,,,,,,,,,,,,,,,,,,,,,,,,,,,,,,,,,,,,,,,,,,,,,,,,,,,,,,,,,,,,,,,,,,,,,,,,,,,,,,,,,,,,,,,,,,,,,,,,,,,,,,,,,,,,,,,,,,,,,,,,,,,,,,,,,
l1_postgres_tuned_oltp_medium_r3,b7c6c800d,l1,postgres_tuned,oltp,medium,3,paper,0-11,client_server,32g,2026-08-28T06:42:04.422836+00:00,full+client,8g,32.0,0-11,sha256:de1e13ca94377fa5a27aafd0e9fc200df9692b15152f0090fdf074074ea5e397,postgres@sha256:de1e13ca94377fa5a27aafd0e9fc200df9692b15152f0090fdf074074ea5e397,32g,45.3,0.4,0.8,did not converge,0,False,20000000,0.13,17.10 (Debian 17.10-1.pgdg13+1),12,0.008,57.98,344960.8,1.1213,1.0109,1.6727,1.7781,3068,2.6502,2.4157,4.9962,6.9559,1006,4.1503,3.8086,6.9705,8.8278,926,502.5,0.0,6644.0,0.0,6644.0,True,6644.8,6599.1,7713.5,15.3,5.3,867.9,7496.1,0.0,22953.8,7496.0,59322570,73.9,66.5,66.5,0.0,0.7,0.0,1.5,0.7,57196805,7787.4,81.8,867.9,949.7,22955.3,0.0,71.8,116519375,20260828T032322Z,runs_page_b7c6c800d.jsonl,"comparator row, unaffected by the ArcadeDB re-pin b7c6c800d -> 8d6af9475 (DECISIONS #42: re-measure ArcadeDB arms, carry comparators)",,,,,,,,,,,,,,,,,,,,,,,,,,,,,,,,,,,,,,,,,,,,,,,,,,,,,,,,,,,,-c shared_buffers=8GB -c effective_cache_size=24GB -c work_mem=64MB -c maintenance_work_mem=1GB -c max_wal_size=4GB,,,,,,,,,,,,,,,,,,,,,,,,,,,,,,,,,,,,,,,,,,,,,,,,,,,,,,,,,,,,,,,,,,,,,,,,,,,,,,,,,,,,,,,,,,,,,,,,,,,,,,,,,,,,,,,,,,,,,,,,,,,,,,,,,,,,,,,,,,,,,,,,,,,,,,,,,,,,,,,,,,,,,,,,,,,,,,,,,,,,,,,
l1_postgres_tuned_olap_medium_r3,8d6af9475,l1,postgres_tuned,olap,medium,3,paper,0-11,client_server,32g,2026-09-11T05:08:04.795461+00:00,full+client,8g,32.0,0-11,sha256:de1e13ca94377fa5a27aafd0e9fc200df9692b15152f0090fdf074074ea5e397,postgres@sha256:de1e13ca94377fa5a27aafd0e9fc200df9692b15152f0090fdf074074ea5e397,32g,45.3,0.3,0.8,,0,False,20000000,0.131,17.10 (Debian 17.10-1.pgdg13+1),12,0.009,58.0,344835.7,,,,,,,,,,,,,,,,,0.0,6644.2,0.0,6644.2,True,6645.0,6599.4,9703.8,152.7,4.4,2719.1,9347.4,0.0,24545.9,9347.0,872807738,82.2,74.9,37.1,0.0,0.7,0.0,1.5,0.7,56613652,9786.0,227.6,2719.1,2946.7,24547.3,0.0,41.5,929421390,20260910T201040Z,,,,715.965,1035.318,715.021,740.719,1841.78,1878.927,1822.587,1943.701,369.113,370.193,371.206,379.184,651.387,650.563,650.587,663.861,370.522,370.986,370.268,377.949,3948.767,3929.669,4305.987,l1_postgres_tuned_olap_medium_r3.clientlog,"OCI runtime exec failed: exec failed: unable to start container process: exec: ""java"": executable file not found in $PAT",l1_postgres_tuned_olap_medium_r3.serverlog,,,,,,,,,,,,,,,,,,,,,,,,,,,,,,,,,-c shared_buffers=8GB -c effective_cache_size=24GB -c work_mem=64MB -c maintenance_work_mem=1GB -c max_wal_size=4GB,,,,,,,,,,,,,,,,,,,,,,,,,,,,,,,,,,,,,,,,,,,,,,,,,,,,,,,,,,,,,,,,,,,,,,,,,,,,,,,,,,,,,,,,,,,,,,,,,,,,,,,,,,,,,,,,,,,,,,,,,,,,,,,,,,,,,,,,,,,,,,,,,,,,,,,,,,,,,,,,,,,,,,,,,,,,,,,,,,,,,,,
l1_postgres_tuned_oltp_medium_r4,b7c6c800d,l1,postgres_tuned,oltp,medium,4,paper,0-11,client_server,32g,2026-08-28T06:06:31.776224+00:00,full+client,8g,32.0,0-11,sha256:de1e13ca94377fa5a27aafd0e9fc200df9692b15152f0090fdf074074ea5e397,postgres@sha256:de1e13ca94377fa5a27aafd0e9fc200df9692b15152f0090fdf074074ea5e397,32g,45.3,0.4,0.8,did not converge,0,False,20000000,0.138,17.10 (Debian 17.10-1.pgdg13+1),12,0.008,59.82,334340.0,1.1994,1.0559,1.696,1.8987,3068,2.7451,2.5449,4.9857,7.71,1006,4.1685,3.8963,6.8631,8.6842,926,485.4,0.0,6644.0,0.0,6644.0,True,6644.8,6599.1,7710.4,14.2,4.2,865.9,7496.3,0.0,22386.3,7493.9,59934293,71.0,65.0,65.0,0.0,0.7,0.0,1.5,0.7,59459739,7781.5,79.2,865.9,945.1,22387.8,0.0,69.3,119394032,20260828T032322Z,runs_page_b7c6c800d.jsonl,"comparator row, unaffected by the ArcadeDB re-pin b7c6c800d -> 8d6af9475 (DECISIONS #42: re-measure ArcadeDB arms, carry comparators)",,,,,,,,,,,,,,,,,,,,,,,,,,,,,,,,,,,,,,,,,,,,,,,,,,,,,,,,,,,,-c shared_buffers=8GB -c effective_cache_size=24GB -c work_mem=64MB -c maintenance_work_mem=1GB -c max_wal_size=4GB,,,,,,,,,,,,,,,,,,,,,,,,,,,,,,,,,,,,,,,,,,,,,,,,,,,,,,,,,,,,,,,,,,,,,,,,,,,,,,,,,,,,,,,,,,,,,,,,,,,,,,,,,,,,,,,,,,,,,,,,,,,,,,,,,,,,,,,,,,,,,,,,,,,,,,,,,,,,,,,,,,,,,,,,,,,,,,,,,,,,,,,
l1_postgres_tuned_olap_medium_r4,8d6af9475,l1,postgres_tuned,olap,medium,4,paper,0-11,client_server,32g,2026-09-11T07:20:15.686215+00:00,full+client,8g,32.0,0-11,sha256:de1e13ca94377fa5a27aafd0e9fc200df9692b15152f0090fdf074074ea5e397,postgres@sha256:de1e13ca94377fa5a27aafd0e9fc200df9692b15152f0090fdf074074ea5e397,32g,45.3,0.6,0.8,,0,False,20000000,0.132,17.10 (Debian 17.10-1.pgdg13+1),12,0.017,57.6,347241.1,,,,,,,,,,,,,,,,,0.0,6644.2,0.0,6644.2,True,6645.0,6599.1,9704.2,152.6,4.4,2719.1,9347.4,0.0,24515.2,9347.0,866164160,85.6,78.7,78.7,0.0,0.7,0.0,1.5,0.7,56087466,9789.8,231.4,2719.1,2950.4,24516.7,0.0,83.1,922251626,20260910T201040Z,,,,712.505,1034.11,711.18,744.664,1817.457,1859.549,1804.344,1915.432,367.401,362.309,369.089,379.295,645.493,644.079,645.18,655.298,370.978,368.292,370.352,386.349,3913.834,3900.145,4268.339,l1_postgres_tuned_olap_medium_r4.clientlog,"OCI runtime exec failed: exec failed: unable to start container process: exec: ""java"": executable file not found in $PAT",l1_postgres_tuned_olap_medium_r4.serverlog,,,,,,,,,,,,,,,,,,,,,,,,,,,,,,,,,-c shared_buffers=8GB -c effective_cache_size=24GB -c work_mem=64MB -c maintenance_work_mem=1GB -c max_wal_size=4GB,,,,,,,,,,,,,,,,,,,,,,,,,,,,,,,,,,,,,,,,,,,,,,,,,,,,,,,,,,,,,,,,,,,,,,,,,,,,,,,,,,,,,,,,,,,,,,,,,,,,,,,,,,,,,,,,,,,,,,,,,,,,,,,,,,,,,,,,,,,,,,,,,,,,,,,,,,,,,,,,,,,,,,,,,,,,,,,,,,,,,,,
l1_postgres_tuned_oltp_medium_r5,b7c6c800d,l1,postgres_tuned,oltp,medium,5,paper,0-11,client_server,32g,2026-08-28T06:47:56.290794+00:00,full+client,8g,32.0,0-11,sha256:de1e13ca94377fa5a27aafd0e9fc200df9692b15152f0090fdf074074ea5e397,postgres@sha256:de1e13ca94377fa5a27aafd0e9fc200df9692b15152f0090fdf074074ea5e397,32g,45.3,0.4,0.8,did not converge,0,False,20000000,0.132,17.10 (Debian 17.10-1.pgdg13+1),12,0.008,60.13,332625.4,1.2499,1.0617,1.7907,3.007,3068,3.1145,2.5641,7.5264,13.2265,1006,4.403,3.9144,7.7716,10.9997,926,452.7,0.0,6644.0,0.0,6644.0,True,6644.8,6599.1,7707.0,14.2,4.3,865.9,7494.0,0.0,22357.8,7494.0,60698569,67.1,59.1,22.2,0.0,0.7,0.0,1.5,0.7,60002727,7774.1,73.3,865.9,939.2,22359.2,0.0,26.5,120701296,20260828T032322Z,runs_page_b7c6c800d.jsonl,"comparator row, unaffected by the ArcadeDB re-pin b7c6c800d -> 8d6af9475 (DECISIONS #42: re-measure ArcadeDB arms, carry comparators)",,,,,,,,,,,,,,,,,,,,,,,,,,,,,,,,,,,,,,,,,,,,,,,,,,,,,,,,,,,,-c shared_buffers=8GB -c effective_cache_size=24GB -c work_mem=64MB -c maintenance_work_mem=1GB -c max_wal_size=4GB,,,,,,,,,,,,,,,,,,,,,,,,,,,,,,,,,,,,,,,,,,,,,,,,,,,,,,,,,,,,,,,,,,,,,,,,,,,,,,,,,,,,,,,,,,,,,,,,,,,,,,,,,,,,,,,,,,,,,,,,,,,,,,,,,,,,,,,,,,,,,,,,,,,,,,,,,,,,,,,,,,,,,,,,,,,,,,,,,,,,,,,
l1_postgres_tuned_olap_medium_r5,8d6af9475,l1,postgres_tuned,olap,medium,5,paper,0-11,client_server,32g,2026-09-11T09:31:53.001770+00:00,full+client,8g,32.0,0-11,sha256:de1e13ca94377fa5a27aafd0e9fc200df9692b15152f0090fdf074074ea5e397,postgres@sha256:de1e13ca94377fa5a27aafd0e9fc200df9692b15152f0090fdf074074ea5e397,32g,45.3,0.4,0.8,,0,False,20000000,0.13,17.10 (Debian 17.10-1.pgdg13+1),12,0.008,58.02,344689.4,,,,,,,,,,,,,,,,,0.0,6644.2,0.0,6644.2,True,6645.0,6599.3,9703.9,152.7,4.4,2719.1,9347.4,0.0,24508.2,9347.0,865332757,70.6,63.1,63.1,0.0,0.7,0.0,1.5,0.7,57075595,9774.5,215.8,2719.1,2934.9,24509.7,0.0,67.5,922408352,20260910T201040Z,,,,703.107,1039.793,701.175,737.835,1812.978,1874.867,1803.293,1919.778,369.44,364.524,371.936,380.083,648.969,642.128,649.537,659.761,370.106,366.541,368.992,385.941,3904.6,3894.933,4287.853,l1_postgres_tuned_olap_medium_r5.clientlog,"OCI runtime exec failed: exec failed: unable to start container process: exec: ""java"": executable file not found in $PAT",l1_postgres_tuned_olap_medium_r5.serverlog,,,,,,,,,,,,,,,,,,,,,,,,,,,,,,,,,-c shared_buffers=8GB -c effective_cache_size=24GB -c work_mem=64MB -c maintenance_work_mem=1GB -c max_wal_size=4GB,,,,,,,,,,,,,,,,,,,,,,,,,,,,,,,,,,,,,,,,,,,,,,,,,,,,,,,,,,,,,,,,,,,,,,,,,,,,,,,,,,,,,,,,,,,,,,,,,,,,,,,,,,,,,,,,,,,,,,,,,,,,,,,,,,,,,,,,,,,,,,,,,,,,,,,,,,,,,,,,,,,,,,,,,,,,,,,,,,,,,,,
l1_sqlite_olap_medium_r1,8d6af9475,l1,sqlite,olap,medium,1,paper,0-11,embedded,32g,2026-09-11T22:44:35.667612+00:00,,,,,,,,,0.2,1517.3,,0,False,20000000,0.016,sqlite 3.46.1,12,0.006,62.99,317532.1,,,,,,,,,,,,,,,,,0.015,,,,,1517.3,1517.1,,,,,,,,,,2167.2,25.4,21.4,0.0,2082.6,0.0,6118.4,1771.2,4665296690,2167.2,25.4,0.0,25.4,6118.4,0.0,21.4,4665296690,20260911T200626Z,,,,6201.596,6241.218,6206.324,6259.91,31976.227,31956.018,31976.519,32045.74,988.575,959.287,992.249,999.578,5508.287,5479.294,5512.645,5559.607,969.434,955.797,970.575,984.934,45644.119,45658.312,45591.614,l1_sqlite_olap_medium_r1.clientlog,,,,,,,,,,,,,,,,,,,,,,,,,,,,,,,,,,,,,,,,,,,,,,,,,,,,,,,,,,,,,,,,,,,,,,,,,,,,,,,,,,,,,,,,,,,,,,,,,,,,,,,,,,,,,,,,,,,,,,,,,,,,,,,,,,,,,,,,,,,,,,,,,,,,,,,,,,,,,,,,,,,,,,,,,,,,,,,,,,,,,,,,,,,,,,,,,,,,,,,,,,,,,,,,,,,,,,,,,,
l1_sqlite_olap_medium_r2,8d6af9475,l1,sqlite,olap,medium,2,paper,0-11,embedded,32g,2026-09-12T00:02:29.698606+00:00,,,,,,,,,2.7,1517.3,,0,False,20000000,0.017,sqlite 3.46.1,12,0.007,62.89,318030.4,,,,,,,,,,,,,,,,,0.015,,,,,1517.3,1514.6,,,,,,,,,,2167.3,25.4,20.3,0.0,2082.6,0.0,6118.4,1649.3,4664764281,2167.3,25.4,0.0,25.4,6118.4,0.0,20.3,4664764281,20260911T200626Z,,,,6196.197,6265.689,6194.878,6270.85,31987.873,32044.135,31999.666,32089.45,991.519,962.248,993.403,1001.392,5499.859,5460.34,5504.796,5548.642,964.06,959.158,964.039,969.678,45639.508,45656.782,45691.57,l1_sqlite_olap_medium_r2.clientlog,,,,,,,,,,,,,,,,,,,,,,,,,,,,,,,,,,,,,,,,,,,,,,,,,,,,,,,,,,,,,,,,,,,,,,,,,,,,,,,,,,,,,,,,,,,,,,,,,,,,,,,,,,,,,,,,,,,,,,,,,,,,,,,,,,,,,,,,,,,,,,,,,,,,,,,,,,,,,,,,,,,,,,,,,,,,,,,,,,,,,,,,,,,,,,,,,,,,,,,,,,,,,,,,,,,,,,,,,,
l1_sqlite_olap_medium_r3,8d6af9475,l1,sqlite,olap,medium,3,paper,0-11,embedded,32g,2026-09-11T20:06:26.784128+00:00,,,,,,,,,0.2,1517.3,,0,False,20000000,0.021,sqlite 3.46.1,12,0.007,61.85,323384.5,,,,,,,,,,,,,,,,,0.015,,,,,1517.3,1517.1,,,,,,,,,,2167.5,25.4,21.3,0.0,2082.6,0.0,6118.1,1771.2,4664154196,2167.5,25.4,0.0,25.4,6118.1,0.0,21.3,4664154196,20260911T200626Z,,,,6188.923,6164.424,6194.704,6248.703,31999.541,31947.023,31998.032,32066.021,993.327,966.967,996.767,1006.688,5498.375,5503.789,5497.338,5582.895,962.488,952.486,962.835,970.772,45642.654,45649.676,45534.689,l1_sqlite_olap_medium_r3.clientlog,,,,,,,,,,,,,,,,,,,,,,,,,,,,,,,,,,,,,,,,,,,,,,,,,,,,,,,,,,,,,,,,,,,,,,,,,,,,,,,,,,,,,,,,,,,,,,,,,,,,,,,,,,,,,,,,,,,,,,,,,,,,,,,,,,,,,,,,,,,,,,,,,,,,,,,,,,,,,,,,,,,,,,,,,,,,,,,,,,,,,,,,,,,,,,,,,,,,,,,,,,,,,,,,,,,,,,,,,,
l1_sqlite_oltp_medium_r3,8d6af9475,l1,sqlite,oltp,medium,3,paper,0-11,embedded,32g,2026-09-11T21:25:23.563201+00:00,,,,,,,,,0.2,1517.4,,0,False,20000000,0.017,sqlite 3.46.1,12,0.006,62.99,317522.3,0.0081,0.0077,0.011,0.0136,3068,0.0904,0.0181,0.0277,0.0678,1006,0.0247,0.0097,0.0136,0.0181,926,36066.2,0.026,,,,,1517.4,1517.2,,,,,,,,,,1846.3,25.4,20.4,0.0,1771.2,0.0,6157.7,1771.2,57723072,1846.3,25.4,0.0,25.4,6157.7,0.0,20.4,57723072,20260911T200626Z,,,,,,,,,,,,,,,,,,,,,,,,,,,l1_sqlite_oltp_medium_r3.clientlog,,,,,,,,,,,,,,,,,,,,,,,,,,,,,,,,,,,,,,,,,,,,,,,,,,,,,,,,,,,,,,,,,,,,,,,,,,,,,,,,,,,,,,,,,,,,,,,,,,,,,,,,,,,,,,,,,,,,,,,,,,,,,,,,,,,,,,,,,,,,,,,,,,,,,,,,,,,,,,,,,,,,,,,,,,,,,,,,,,,,,,,,,,,,,,,,,,,,,,,,,,,,,,,,,,,,,,,,,,
l1_sqlite_oltp_medium_r4,8d6af9475,l1,sqlite,oltp,medium,4,paper,0-11,embedded,32g,2026-09-11T21:24:19.293975+00:00,,,,,,,,,0.2,1517.4,,0,False,20000000,0.017,sqlite 3.46.1,12,0.007,63.22,316350.9,0.0077,0.0076,0.0095,0.011,3068,0.0579,0.0176,0.0257,0.0589,1006,0.0208,0.0095,0.0115,0.0135,926,49408.1,0.023,,,,,1517.4,1517.2,,,,,,,,,,1828.1,25.4,21.3,0.0,1753.4,0.0,5637.4,1752.0,57981644,1828.1,25.4,0.0,25.4,5637.4,0.0,21.3,57981644,20260911T200626Z,,,,,,,,,,,,,,,,,,,,,,,,,,,l1_sqlite_oltp_medium_r4.clientlog,,,,,,,,,,,,,,,,,,,,,,,,,,,,,,,,,,,,,,,,,,,,,,,,,,,,,,,,,,,,,,,,,,,,,,,,,,,,,,,,,,,,,,,,,,,,,,,,,,,,,,,,,,,,,,,,,,,,,,,,,,,,,,,,,,,,,,,,,,,,,,,,,,,,,,,,,,,,,,,,,,,,,,,,,,,,,,,,,,,,,,,,,,,,,,,,,,,,,,,,,,,,,,,,,,,,,,,,,,
l1_sqlite_olap_medium_r4,8d6af9475,l1,sqlite,olap,medium,4,paper,0-11,embedded,32g,2026-09-11T21:26:27.562689+00:00,,,,,,,,,0.2,1517.3,,0,False,20000000,0.024,sqlite 3.46.1,12,0.014,63.35,315728.1,,,,,,,,,,,,,,,,,0.015,,,,,1517.3,1517.1,,,,,,,,,,2167.4,25.4,21.4,0.0,2082.6,0.0,6118.6,1771.2,4679188873,2167.4,25.4,0.0,25.4,6118.6,0.0,21.4,4679188873,20260911T200626Z,,,,6203.863,6132.275,6209.307,6252.842,32102.334,32126.812,32097.873,32180.746,990.797,962.472,993.428,1009.815,5516.745,5547.424,5524.022,5566.561,967.581,947.477,967.005,976.54,45781.32,45791.635,45716.46,l1_sqlite_olap_medium_r4.clientlog,,,,,,,,,,,,,,,,,,,,,,,,,,,,,,,,,,,,,,,,,,,,,,,,,,,,,,,,,,,,,,,,,,,,,,,,,,,,,,,,,,,,,,,,,,,,,,,,,,,,,,,,,,,,,,,,,,,,,,,,,,,,,,,,,,,,,,,,,,,,,,,,,,,,,,,,,,,,,,,,,,,,,,,,,,,,,,,,,,,,,,,,,,,,,,,,,,,,,,,,,,,,,,,,,,,,,,,,,,
l1tpc_arcadedb_embedded_olap_tpch1_r1,8d6af9475,l1tpc,arcadedb_embedded,olap,tpch1,1,paper,0-11,embedded,16g,2026-09-10T19:27:40.367306+00:00,,,,,,,,,0.1,633.8,,0,False,,,26.9.1.dev0,,,,,,,,,,,,,,,,,,,,,0.029,,,,,633.8,633.7,,,,,,,,,,7617.1,6909.3,3733.1,0.0,739.1,0.0,1441.1,633.8,1276901621,7617.1,6909.3,0.0,6909.3,1441.1,0.0,3733.1,1276901621,20260910T161931Z,,,,,,,,,,,,,,,,,,,,,,,,,,,l1tpc_arcadedb_embedded_olap_tpch1_r1.clientlog,,,,,,,,,,,,,,143.04,,,,,,,,,,,,,8g,,,,,,,,,,,,,,,,,,,,,,,,,,,,,,,,,,,,,,,,,,,,,,,,,,,,,,,,,,,,,,,,,,,,,,,,,,,,,,,,,,,,,,,6001215,200000,1,10252.53,10625.09,11138.75,10250.32,4,765.53,783.63,838.73,765.52,1,,,,,,,,,,,,,,,,,,,,,,,,,,,,,,,,,,,,,,,,,,,,,,,,,,,,,,,,,,,,,,,,,,,,,,,,,,,,,,,,,,,,,,,,,,,,
l1tpc_arcadedb_embedded_oltp_tpch1_r1,8d6af9475,l1tpc,arcadedb_embedded,oltp,tpch1,1,paper,0-11,embedded,16g,2026-09-01T09:29:02.213465+00:00,,,,,,,,,0.1,633.9,did not converge,0,False,,,26.9.1.dev0,,,,,,,,,,,,,,,,,,,,1876.2,0.221,,,,,633.9,633.8,,,,,,,,,,7692.4,6820.1,61.2,0.0,766.2,0.0,1412.5,633.9,175085851,7692.4,6820.1,0.0,6820.1,1412.5,0.0,61.2,175085851,20260901T082110Z,,,,,,,,,,,,,,,,,,,,,,,,,,,,,,,,,,,,,,,,,150.46,,,,,,,,,,,,,8g,,,,,,,,,,,,,,,,,,,,,,,,,,,,,,,,,,,,,,,,,,,,,,,,,,,,,,,,,,,,,,,,,,,,,,,,,,,,,,,,,,,,,,,6001215,200000,1,,,,,,,,,,,0.43,0.819,,,,,,,,,,,,,,,,,,,,,,,,,,,,,,,,,,,,,,,,,,,,,,,,,,,,,,,,,,,,,,,,,,,,,,,,,,,,,,,,,,,,,,,,,,
l1tpc_arcadedb_embedded_olap_tpch1_r2,8d6af9475,l1tpc,arcadedb_embedded,olap,tpch1,2,paper,0-11,embedded,16g,2026-09-10T17:36:17.523308+00:00,,,,,,,,,0.1,633.8,,0,False,,,26.9.1.dev0,,,,,,,,,,,,,,,,,,,,,0.03,,,,,633.8,633.7,,,,,,,,,,7668.7,6882.0,6882.0,0.0,798.6,140.4,1447.4,737.0,1296891047,7668.7,6882.0,0.0,6882.0,1447.4,140.4,6882.0,1296891047,20260910T161931Z,,,,,,,,,,,,,,,,,,,,,,,,,,,l1tpc_arcadedb_embedded_olap_tpch1_r2.clientlog,,,,,,,,,,,,,,151.25,,,,,,,,,,,,,8g,,,,,,,,,,,,,,,,,,,,,,,,,,,,,,,,,,,,,,,,,,,,,,,,,,,,,,,,,,,,,,,,,,,,,,,,,,,,,,,,,,,,,,,6001215,200000,1,10400.25,10500.67,11039.35,10398.29,4,774.08,787.0,824.54,774.06,1,,,,,,,,,,,,,,,,,,,,,,,,,,,,,,,,,,,,,,,,,,,,,,,,,,,,,,,,,,,,,,,,,,,,,,,,,,,,,,,,,,,,,,,,,,,,
l1tpc_arcadedb_embedded_oltp_tpch1_r2,8d6af9475,l1tpc,arcadedb_embedded,oltp,tpch1,2,paper,0-11,embedded,16g,2026-09-01T09:07:59.614900+00:00,,,,,,,,,0.1,633.9,did not converge,0,False,,,26.9.1.dev0,,,,,,,,,,,,,,,,,,,,2175.4,0.198,,,,,633.9,633.8,,,,,,,,,,7687.8,6797.2,1815.8,0.0,742.1,0.0,1387.5,633.9,177493200,7687.8,6797.2,0.0,6797.2,1387.5,0.0,1815.8,177493200,20260901T082110Z,,,,,,,,,,,,,,,,,,,,,,,,,,,,,,,,,,,,,,,,,153.55,,,,,,,,,,,,,8g,,,,,,,,,,,,,,,,,,,,,,,,,,,,,,,,,,,,,,,,,,,,,,,,,,,,,,,,,,,,,,,,,,,,,,,,,,,,,,,,,,,,,,,6001215,200000,1,,,,,,,,,,,0.395,0.779,,,,,,,,,,,,,,,,,,,,,,,,,,,,,,,,,,,,,,,,,,,,,,,,,,,,,,,,,,,,,,,,,,,,,,,,,,,,,,,,,,,,,,,,,,
l1tpc_arcadedb_embedded_oltp_tpch1_r3,8d6af9475,l1tpc,arcadedb_embedded,oltp,tpch1,3,paper,0-11,embedded,16g,2026-09-01T09:14:24.192252+00:00,,,,,,,,,0.1,633.9,did not converge,0,False,,,26.9.1.dev0,,,,,,,,,,,,,,,,,,,,2046.7,0.287,,,,,633.9,633.8,,,,,,,,,,7651.9,6801.7,2831.6,0.0,740.7,0.0,1410.1,633.9,179891071,7651.9,6801.7,0.0,6801.7,1410.1,0.0,2831.6,179891071,20260901T082110Z,,,,,,,,,,,,,,,,,,,,,,,,,,,,,,,,,,,,,,,,,155.58,,,,,,,,,,,,,8g,,,,,,,,,,,,,,,,,,,,,,,,,,,,,,,,,,,,,,,,,,,,,,,,,,,,,,,,,,,,,,,,,,,,,,,,,,,,,,,,,,,,,,,6001215,200000,1,,,,,,,,,,,0.397,0.758,,,,,,,,,,,,,,,,,,,,,,,,,,,,,,,,,,,,,,,,,,,,,,,,,,,,,,,,,,,,,,,,,,,,,,,,,,,,,,,,,,,,,,,,,,
l1tpc_arcadedb_embedded_olap_tpch1_r3,8d6af9475,l1tpc,arcadedb_embedded,olap,tpch1,3,paper,0-11,embedded,16g,2026-09-10T17:59:18.693470+00:00,,,,,,,,,0.1,633.8,,0,False,,,26.9.1.dev0,,,,,,,,,,,,,,,,,,,,,0.028,,,,,633.8,633.7,,,,,,,,,,7626.1,6921.3,6921.3,0.0,734.0,0.0,1441.6,662.5,1278028957,7626.1,6921.3,0.0,6921.3,1441.6,0.0,6921.3,1278028957,20260910T161931Z,,,,,,,,,,,,,,,,,,,,,,,,,,,l1tpc_arcadedb_embedded_olap_tpch1_r3.clientlog,,,,,,,,,,,,,,149.1,,,,,,,,,,,,,8g,,,,,,,,,,,,,,,,,,,,,,,,,,,,,,,,,,,,,,,,,,,,,,,,,,,,,,,,,,,,,,,,,,,,,,,,,,,,,,,,,,,,,,,6001215,200000,1,10224.85,10360.3,11008.03,10224.85,4,766.87,817.67,817.67,766.77,1,,,,,,,,,,,,,,,,,,,,,,,,,,,,,,,,,,,,,,,,,,,,,,,,,,,,,,,,,,,,,,,,,,,,,,,,,,,,,,,,,,,,,,,,,,,,
l1tpc_arcadedb_embedded_olap_tpch1_r4,8d6af9475,l1tpc,arcadedb_embedded,olap,tpch1,4,paper,0-11,embedded,16g,2026-09-10T19:48:37.392831+00:00,,,,,,,,,0.1,633.8,,0,False,,,26.9.1.dev0,,,,,,,,,,,,,,,,,,,,,0.03,,,,,633.8,633.7,,,,,,,,,,7659.0,6955.5,5321.2,0.0,733.8,0.0,1436.6,633.8,1266991671,7659.0,6955.5,0.0,6955.5,1436.6,0.0,5321.2,1266991671,20260910T161931Z,,,,,,,,,,,,,,,,,,,,,,,,,,,l1tpc_arcadedb_embedded_olap_tpch1_r4.clientlog,,,,,,,,,,,,,,145.9,,,,,,,,,,,,,8g,,,,,,,,,,,,,,,,,,,,,,,,,,,,,,,,,,,,,,,,,,,,,,,,,,,,,,,,,,,,,,,,,,,,,,,,,,,,,,,,,,,,,,,6001215,200000,1,10189.38,10291.89,10959.97,10189.03,4,762.22,780.69,804.67,762.2,1,,,,,,,,,,,,,,,,,,,,,,,,,,,,,,,,,,,,,,,,,,,,,,,,,,,,,,,,,,,,,,,,,,,,,,,,,,,,,,,,,,,,,,,,,,,,
l1tpc_arcadedb_embedded_oltp_tpch1_r4,8d6af9475,l1tpc,arcadedb_embedded,oltp,tpch1,4,paper,0-11,embedded,16g,2026-09-01T09:31:43.006403+00:00,,,,,,,,,0.1,633.9,did not converge,0,False,,,26.9.1.dev0,,,,,,,,,,,,,,,,,,,,2194.1,0.305,,,,,633.9,633.8,,,,,,,,,,7707.4,6805.1,268.3,0.0,743.3,0.0,1379.5,633.9,176636063,7707.4,6805.1,0.0,6805.1,1379.5,0.0,268.3,176636063,20260901T082110Z,,,,,,,,,,,,,,,,,,,,,,,,,,,,,,,,,,,,,,,,,151.88,,,,,,,,,,,,,8g,,,,,,,,,,,,,,,,,,,,,,,,,,,,,,,,,,,,,,,,,,,,,,,,,,,,,,,,,,,,,,,,,,,,,,,,,,,,,,,,,,,,,,,6001215,200000,1,,,,,,,,,,,0.401,0.803,,,,,,,,,,,,,,,,,,,,,,,,,,,,,,,,,,,,,,,,,,,,,,,,,,,,,,,,,,,,,,,,,,,,,,,,,,,,,,,,,,,,,,,,,,
l1tpc_arcadedb_embedded_olap_tpch1_r5,8d6af9475,l1tpc,arcadedb_embedded,olap,tpch1,5,paper,0-11,embedded,16g,2026-09-10T18:21:33.856134+00:00,,,,,,,,,0.1,633.8,,0,False,,,26.9.1.dev0,,,,,,,,,,,,,,,,,,,,,0.031,,,,,633.8,633.7,,,,,,,,,,7659.0,6951.6,6951.6,0.0,735.6,0.0,1440.9,661.2,1267100597,7659.0,6951.6,0.0,6951.6,1440.9,0.0,6951.6,1267100597,20260910T161931Z,,,,,,,,,,,,,,,,,,,,,,,,,,,l1tpc_arcadedb_embedded_olap_tpch1_r5.clientlog,,,,,,,,,,,,,,145.02,,,,,,,,,,,,,8g,,,,,,,,,,,,,,,,,,,,,,,,,,,,,,,,,,,,,,,,,,,,,,,,,,,,,,,,,,,,,,,,,,,,,,,,,,,,,,,,,,,,,,,6001215,200000,1,10143.5,10338.62,11058.5,10142.69,4,767.03,792.14,817.79,767.03,1,,,,,,,,,,,,,,,,,,,,,,,,,,,,,,,,,,,,,,,,,,,,,,,,,,,,,,,,,,,,,,,,,,,,,,,,,,,,,,,,,,,,,,,,,,,,
l1tpc_arcadedb_embedded_oltp_tpch1_r5,8d6af9475,l1tpc,arcadedb_embedded,oltp,tpch1,5,paper,0-11,embedded,16g,2026-09-01T08:33:09.848950+00:00,,,,,,,,,0.1,633.9,did not converge,0,False,,,26.9.1.dev0,,,,,,,,,,,,,,,,,,,,2073.1,0.273,,,,,633.9,633.8,,,,,,,,,,7675.5,6803.0,6802.4,0.0,737.2,0.0,1384.8,676.4,175950414,7675.5,6803.0,0.0,6803.0,1384.8,0.0,6802.4,175950414,20260901T082110Z,,,,,,,,,,,,,,,,,,,,,,,,,,,,,,,,,,,,,,,,,151.65,,,,,,,,,,,,,8g,,,,,,,,,,,,,,,,,,,,,,,,,,,,,,,,,,,,,,,,,,,,,,,,,,,,,,,,,,,,,,,,,,,,,,,,,,,,,,,,,,,,,,,6001215,200000,1,,,,,,,,,,,0.39,0.801,,,,,,,,,,,,,,,,,,,,,,,,,,,,,,,,,,,,,,,,,,,,,,,,,,,,,,,,,,,,,,,,,,,,,,,,,,,,,,,,,,,,,,,,,,
l1tpc_arcadedb_server_oltp_tpch1_r1,8d6af9475,l1tpc,arcadedb_server,oltp,tpch1,1,paper,0-11,client_server,16g,2026-09-01T09:04:20.085426+00:00,full+client,8g,16.0,0-11,sha256:49058eefd65d6a6a297fa7fc4c2f1600edbf9e3b3d495cbae0f64815498cb9d9,arcadedb-c25:8d6af9475,16g,0.3,0.1,0.5,did not converge,0,False,,,server:26.9.1-SNAPSHOT (build 8d6af94753ea8446bd13ac1aed2bb79eaf78dc90/1788075753609/main),,,,,,,,,,,,,,,,,,,,818.8,0.0,669.4,669.4,0.0,True,669.9,669.5,6784.0,6007.7,6007.7,0.0,733.7,0.0,1455.9,669.3,202927801,3572.7,3437.0,0.0,0.0,0.4,0.0,0.8,0.4,32586529,10356.8,9444.7,0.0,9444.7,1456.7,0.0,6007.7,235514330,20260901T082110Z,,,,,,,,,,,,,,,,,,,,,,,,,,,,,l1tpc_arcadedb_server_oltp_tpch1_r1.serverlog,,,,,,,,,,,,196.1,,,,,,,,,,,,,8g,,,,,,,,,,,,,,,,,,,,,,,,,,,,,,,,,,,,,,,8g,,,,,,,,,,,,,,,,,,,,,,,,,,,,,,,,,,,,,,,,,,,,,,,,6001215,200000,1,,,,,,,,,,,1.154,2.171,,,,,,,,,,,,,,,,,,,,,,,,,,,,,,,,,,,,,,,,,,,,,,,,,,,,,,,,,,,,,,,,,,,,,,,,,,,,,,,,,,,,,,,,,,
l1tpc_arcadedb_server_olap_tpch1_r1,8d6af9475,l1tpc,arcadedb_server,olap,tpch1,1,paper,0-11,client_server,16g,2026-09-10T17:09:05.378487+00:00,full+client,8g,16.0,0-11,sha256:49058eefd65d6a6a297fa7fc4c2f1600edbf9e3b3d495cbae0f64815498cb9d9,arcadedb-c25:8d6af9475,16g,0.3,0.1,0.5,,0,False,,,server:26.9.1-SNAPSHOT (build 8d6af94753ea8446bd13ac1aed2bb79eaf78dc90/1788075753609/main),,,,,,,,,,,,,,,,,,,,,0.0,658.6,658.6,0.0,True,659.1,658.7,6998.9,6282.3,6282.3,0.0,723.8,0.0,1433.2,658.6,1299374978,3564.7,3451.1,898.0,0.0,0.4,0.0,0.8,0.4,31098802,10563.6,9733.4,0.0,9733.4,1434.0,0.0,7180.2,1330473780,20260910T161931Z,,,,,,,,,,,,,,,,,,,,,,,,,,,l1tpc_arcadedb_server_olap_tpch1_r1.clientlog,,l1tpc_arcadedb_server_olap_tpch1_r1.serverlog,,,,,,,,,,,,186.86,,,,,,,,,,,,,8g,,,,,,,,,,,,,,,,,,,,,,,,,,,,,,,,,,,,,,,8g,,,,,,,,,,,,,,,,,,,,,,,,,,,,,,,,,,,,,,,,,,,,,,,,6001215,200000,1,10254.4,10420.03,11106.72,10252.54,4,771.31,792.27,814.64,771.3,1,,,,,,,,,,,,,,,,,,,,,,,,,,,,,,,,,,,,,,,,,,,,,,,,,,,,,,,,,,,,,,,,,,,,,,,,,,,,,,,,,,,,,,,,,,,,
l1tpc_arcadedb_server_oltp_tpch1_r2,8d6af9475,l1tpc,arcadedb_server,oltp,tpch1,2,paper,0-11,client_server,16g,2026-09-01T09:10:43.279657+00:00,full+client,8g,16.0,0-11,sha256:49058eefd65d6a6a297fa7fc4c2f1600edbf9e3b3d495cbae0f64815498cb9d9,arcadedb-c25:8d6af9475,16g,0.3,0.1,0.5,did not converge,0,False,,,server:26.9.1-SNAPSHOT (build 8d6af94753ea8446bd13ac1aed2bb79eaf78dc90/1788075753609/main),,,,,,,,,,,,,,,,,,,,843.5,0.0,678.5,678.5,0.0,True,679.0,678.6,6797.2,6011.5,6011.5,0.0,744.1,0.0,1466.7,678.4,204911428,3558.5,3414.6,797.8,0.0,0.4,0.0,0.8,0.4,32441042,10355.7,9426.1,0.0,9426.1,1467.4,0.0,6809.2,237352470,20260901T082110Z,,,,,,,,,,,,,,,,,,,,,,,,,,,,,l1tpc_arcadedb_server_oltp_tpch1_r2.serverlog,,,,,,,,,,,,197.72,,,,,,,,,,,,,8g,,,,,,,,,,,,,,,,,,,,,,,,,,,,,,,,,,,,,,,8g,,,,,,,,,,,,,,,,,,,,,,,,,,,,,,,,,,,,,,,,,,,,,,,,6001215,200000,1,,,,,,,,,,,1.1,2.061,,,,,,,,,,,,,,,,,,,,,,,,,,,,,,,,,,,,,,,,,,,,,,,,,,,,,,,,,,,,,,,,,,,,,,,,,,,,,,,,,,,,,,,,,,
l1tpc_arcadedb_server_olap_tpch1_r2,8d6af9475,l1tpc,arcadedb_server,olap,tpch1,2,paper,0-11,client_server,16g,2026-09-10T16:47:13.677303+00:00,full+client,8g,16.0,0-11,sha256:49058eefd65d6a6a297fa7fc4c2f1600edbf9e3b3d495cbae0f64815498cb9d9,arcadedb-c25:8d6af9475,16g,0.3,0.1,0.5,,0,False,,,server:26.9.1-SNAPSHOT (build 8d6af94753ea8446bd13ac1aed2bb79eaf78dc90/1788075753609/main),,,,,,,,,,,,,,,,,,,,,0.0,667.2,667.2,0.0,True,667.7,667.3,6984.5,6262.7,6262.7,0.0,735.7,0.0,1442.3,667.2,1299757632,3582.1,3441.6,902.1,0.0,0.4,0.0,0.8,0.4,31885936,10566.6,9704.4,0.0,9704.4,1443.1,0.0,7164.8,1331643568,20260910T161931Z,,,,,,,,,,,,,,,,,,,,,,,,,,,l1tpc_arcadedb_server_olap_tpch1_r2.clientlog,,l1tpc_arcadedb_server_olap_tpch1_r2.serverlog,,,,,,,,,,,,189.27,,,,,,,,,,,,,8g,,,,,,,,,,,,,,,,,,,,,,,,,,,,,,,,,,,,,,,8g,,,,,,,,,,,,,,,,,,,,,,,,,,,,,,,,,,,,,,,,,,,,,,,,6001215,200000,1,10199.54,11425.06,11312.19,10199.18,4,770.47,797.81,806.93,770.41,1,,,,,,,,,,,,,,,,,,,,,,,,,,,,,,,,,,,,,,,,,,,,,,,,,,,,,,,,,,,,,,,,,,,,,,,,,,,,,,,,,,,,,,,,,,,,
l1tpc_arcadedb_server_oltp_tpch1_r3,8d6af9475,l1tpc,arcadedb_server,oltp,tpch1,3,paper,0-11,client_server,16g,2026-09-01T08:56:01.444640+00:00,full+client,8g,16.0,0-11,sha256:49058eefd65d6a6a297fa7fc4c2f1600edbf9e3b3d495cbae0f64815498cb9d9,arcadedb-c25:8d6af9475,16g,0.3,0.1,0.5,did not converge,0,False,,,server:26.9.1-SNAPSHOT (build 8d6af94753ea8446bd13ac1aed2bb79eaf78dc90/1788075753609/main),,,,,,,,,,,,,,,,,,,,811.5,0.0,661.7,661.7,0.0,True,662.2,661.8,6779.7,6016.0,6011.5,0.0,725.8,0.0,1448.1,661.6,205178167,3563.2,3421.6,784.4,0.0,0.4,0.0,0.8,0.4,32373282,10342.9,9437.6,0.0,9437.6,1448.9,0.0,6795.9,237551449,20260901T082110Z,,,,,,,,,,,,,,,,,,,,,,,,,,,,,l1tpc_arcadedb_server_oltp_tpch1_r3.serverlog,,,,,,,,,,,,197.16,,,,,,,,,,,,,8g,,,,,,,,,,,,,,,,,,,,,,,,,,,,,,,,,,,,,,,8g,,,,,,,,,,,,,,,,,,,,,,,,,,,,,,,,,,,,,,,,,,,,,,,,6001215,200000,1,,,,,,,,,,,1.175,1.942,,,,,,,,,,,,,,,,,,,,,,,,,,,,,,,,,,,,,,,,,,,,,,,,,,,,,,,,,,,,,,,,,,,,,,,,,,,,,,,,,,,,,,,,,,
l1tpc_arcadedb_server_olap_tpch1_r3,8d6af9475,l1tpc,arcadedb_server,olap,tpch1,3,paper,0-11,client_server,16g,2026-09-10T18:43:37.107298+00:00,full+client,8g,16.0,0-11,sha256:49058eefd65d6a6a297fa7fc4c2f1600edbf9e3b3d495cbae0f64815498cb9d9,arcadedb-c25:8d6af9475,16g,0.3,0.1,0.5,,0,False,,,server:26.9.1-SNAPSHOT (build 8d6af94753ea8446bd13ac1aed2bb79eaf78dc90/1788075753609/main),,,,,,,,,,,,,,,,,,,,,0.0,653.8,653.8,0.0,True,654.3,653.9,6983.4,6273.5,6273.5,0.0,725.8,0.0,1427.3,653.7,1308895466,3576.4,3436.7,934.1,0.0,0.4,0.0,0.8,0.4,32154766,10559.8,9710.1,0.0,9710.1,1428.1,0.0,7207.5,1341050232,20260910T161931Z,,,,,,,,,,,,,,,,,,,,,,,,,,,l1tpc_arcadedb_server_olap_tpch1_r3.clientlog,,l1tpc_arcadedb_server_olap_tpch1_r3.serverlog,,,,,,,,,,,,190.06,,,,,,,,,,,,,8g,,,,,,,,,,,,,,,,,,,,,,,,,,,,,,,,,,,,,,,8g,,,,,,,,,,,,,,,,,,,,,,,,,,,,,,,,,,,,,,,,,,,,,,,,6001215,200000,1,10287.38,10590.7,11316.72,10287.33,4,786.25,794.31,823.28,786.21,1,,,,,,,,,,,,,,,,,,,,,,,,,,,,,,,,,,,,,,,,,,,,,,,,,,,,,,,,,,,,,,,,,,,,,,,,,,,,,,,,,,,,,,,,,,,,
l1tpc_arcadedb_server_olap_tpch1_r4,8d6af9475,l1tpc,arcadedb_server,olap,tpch1,4,paper,0-11,client_server,16g,2026-09-10T19:05:37.866236+00:00,full+client,8g,16.0,0-11,sha256:49058eefd65d6a6a297fa7fc4c2f1600edbf9e3b3d495cbae0f64815498cb9d9,arcadedb-c25:8d6af9475,16g,0.3,0.1,0.5,,0,False,,,server:26.9.1-SNAPSHOT (build 8d6af94753ea8446bd13ac1aed2bb79eaf78dc90/1788075753609/main),,,,,,,,,,,,,,,,,,,,,0.0,663.6,663.6,0.0,True,664.1,663.7,6977.8,6260.2,6260.2,0.0,727.5,0.0,1438.0,663.5,1310837105,3574.2,3470.8,906.7,0.0,0.4,0.0,0.8,0.4,31562548,10552.0,9731.0,0.0,9731.0,1438.8,0.0,7166.9,1342399653,20260910T161931Z,,,,,,,,,,,,,,,,,,,,,,,,,,,l1tpc_arcadedb_server_olap_tpch1_r4.clientlog,,l1tpc_arcadedb_server_olap_tpch1_r4.serverlog,,,,,,,,,,,,188.06,,,,,,,,,,,,,8g,,,,,,,,,,,,,,,,,,,,,,,,,,,,,,,,,,,,,,,8g,,,,,,,,,,,,,,,,,,,,,,,,,,,,,,,,,,,,,,,,,,,,,,,,6001215,200000,1,10300.4,10419.01,11241.42,10299.91,4,845.07,856.7,813.95,845.2,1,,,,,,,,,,,,,,,,,,,,,,,,,,,,,,,,,,,,,,,,,,,,,,,,,,,,,,,,,,,,,,,,,,,,,,,,,,,,,,,,,,,,,,,,,,,,
l1tpc_arcadedb_server_oltp_tpch1_r4,8d6af9475,l1tpc,arcadedb_server,oltp,tpch1,4,paper,0-11,client_server,16g,2026-09-01T08:39:28.550160+00:00,full+client,8g,16.0,0-11,sha256:49058eefd65d6a6a297fa7fc4c2f1600edbf9e3b3d495cbae0f64815498cb9d9,arcadedb-c25:8d6af9475,16g,0.3,0.2,0.5,did not converge,0,False,,,server:26.9.1-SNAPSHOT (build 8d6af94753ea8446bd13ac1aed2bb79eaf78dc90/1788075753609/main),,,,,,,,,,,,,,,,,,,,857.5,0.0,653.9,653.9,0.0,True,654.4,653.9,6769.0,6008.7,6008.7,0.0,729.3,0.0,1439.6,653.8,202478897,3557.8,3424.6,783.8,0.0,0.4,0.0,0.8,0.4,32237826,10326.8,9433.3,0.0,9433.3,1440.4,0.0,6792.4,234716723,20260901T082110Z,,,,,,,,,,,,,,,,,,,,,,,,,,,,,l1tpc_arcadedb_server_oltp_tpch1_r4.serverlog,,,,,,,,,,,,195.81,,,,,,,,,,,,,8g,,,,,,,,,,,,,,,,,,,,,,,,,,,,,,,,,,,,,,,8g,,,,,,,,,,,,,,,,,,,,,,,,,,,,,,,,,,,,,,,,,,,,,,,,6001215,200000,1,,,,,,,,,,,1.095,2.011,,,,,,,,,,,,,,,,,,,,,,,,,,,,,,,,,,,,,,,,,,,,,,,,,,,,,,,,,,,,,,,,,,,,,,,,,,,,,,,,,,,,,,,,,,
l1tpc_arcadedb_server_olap_tpch1_r5,8d6af9475,l1tpc,arcadedb_server,olap,tpch1,5,paper,0-11,client_server,16g,2026-09-10T16:21:33.028938+00:00,full+client,8g,16.0,0-11,sha256:49058eefd65d6a6a297fa7fc4c2f1600edbf9e3b3d495cbae0f64815498cb9d9,arcadedb-c25:8d6af9475,16g,0.3,0.1,0.5,,0,False,,,server:26.9.1-SNAPSHOT (build 8d6af94753ea8446bd13ac1aed2bb79eaf78dc90/1788075753609/main),,,,,,,,,,,,,,,,,,,,,0.0,665.8,665.8,0.0,True,666.3,665.9,6983.2,6267.3,6263.2,0.0,726.9,0.0,1441.1,665.7,1311901468,3560.9,3433.6,878.4,0.0,0.4,0.0,0.8,0.4,31457362,10544.1,9700.9,0.0,9700.9,1441.8,0.0,7141.7,1343358830,20260910T161931Z,,,,,,,,,,,,,,,,,,,,,,,,,,,l1tpc_arcadedb_server_olap_tpch1_r5.clientlog,,l1tpc_arcadedb_server_olap_tpch1_r5.serverlog,,,,,,,,,,,,187.53,,,,,,,,,,,,,8g,,,,,,,,,,,,,,,,,,,,,,,,,,,,,,,,,,,,,,,8g,,,,,,,,,,,,,,,,,,,,,,,,,,,,,,,,,,,,,,,,,,,,,,,,6001215,200000,1,10354.87,10541.37,11403.75,10351.69,4,776.61,803.69,812.24,776.58,1,,,,,,,,,,,,,,,,,,,,,,,,,,,,,,,,,,,,,,,,,,,,,,,,,,,,,,,,,,,,,,,,,,,,,,,,,,,,,,,,,,,,,,,,,,,,
l1tpc_arcadedb_server_oltp_tpch1_r5,8d6af9475,l1tpc,arcadedb_server,oltp,tpch1,5,paper,0-11,client_server,16g,2026-09-01T08:29:30.284853+00:00,full+client,8g,16.0,0-11,sha256:49058eefd65d6a6a297fa7fc4c2f1600edbf9e3b3d495cbae0f64815498cb9d9,arcadedb-c25:8d6af9475,16g,0.3,0.1,0.5,did not converge,0,False,,,server:26.9.1-SNAPSHOT (build 8d6af94753ea8446bd13ac1aed2bb79eaf78dc90/1788075753609/main),,,,,,,,,,,,,,,,,,,,767.1,0.0,673.6,673.6,0.0,True,674.1,673.7,6810.1,6046.1,6029.4,0.0,736.7,0.0,1461.1,673.5,203692669,3547.6,3444.6,777.9,0.0,0.4,0.0,0.8,0.4,32374053,10357.8,9490.7,0.0,9490.7,1461.8,0.0,6807.3,236066722,20260901T082110Z,,,,,,,,,,,,,,,,,,,,,,,,,,,,,l1tpc_arcadedb_server_oltp_tpch1_r5.serverlog,,,,,,,,,,,,196.08,,,,,,,,,,,,,8g,,,,,,,,,,,,,,,,,,,,,,,,,,,,,,,,,,,,,,,8g,,,,,,,,,,,,,,,,,,,,,,,,,,,,,,,,,,,,,,,,,,,,,,,,6001215,200000,1,,,,,,,,,,,1.203,2.129,,,,,,,,,,,,,,,,,,,,,,,,,,,,,,,,,,,,,,,,,,,,,,,,,,,,,,,,,,,,,,,,,,,,,,,,,,,,,,,,,,,,,,,,,,
l1tpc_duckdb_olap_tpch1_r1,8d6af9475,l1tpc,duckdb,olap,tpch1,1,paper,0-11,embedded,16g,2026-09-10T17:30:56.167714+00:00,,,,,,,,,0.1,72.7,,0,False,,,1.5.5,,,,,,,,,,,,,,,,,,,,,0.069,,,,,72.7,72.6,,,,,,,,,,3560.9,3452.3,1296.4,0.0,60.7,0.0,120.8,60.7,37907543,3560.9,3452.3,0.0,3452.3,120.8,0.0,1296.4,37907543,20260910T161931Z,,,,,,,,,,,,,,,,,,,,,,,,,,,l1tpc_duckdb_olap_tpch1_r1.clientlog,,,,,,,,,,,,,,2.28,,,,,,,,,,,,,,,,,,,,,,,,,,,,,,,,,,,,,,,,,,,,,,,,,,,,,,,,,,,,,,,,,,,,,,,,,,,,,,,,,,,,,,,,,,,,,,,,,,,,6001215,200000,1,15.29,16.85,16.32,15.29,4,7.31,9.34,9.51,7.31,1,,,,,,,,,,,,,,,,,,,,,,,,,,,,,,,,,,,,,,,,,,,,,,,,,,,,,,,,,,,,,,,,,,,,,,,,,,,,,,,,,,,,,,,,,,,,
l1tpc_duckdb_oltp_tpch1_r1,b7c6c800d,l1tpc,duckdb,oltp,tpch1,1,paper,0-11,embedded,16g,2026-08-28T10:47:01.192106+00:00,,,,,,,,,0.1,73.2,did not converge,0,False,,,1.5.5,,,,,,,,,,,,,,,,,,,,109.1,0.056,,,,,73.2,73.1,,,,,,,,,,3577.6,3436.5,1463.5,0.0,61.0,0.0,129.1,61.0,20107060,3577.6,3436.5,0.0,3436.5,129.1,0.0,1463.5,20107060,20260828T100017Z,runs_page_b7c6c800d.jsonl,"comparator row, unaffected by the ArcadeDB re-pin b7c6c800d -> 8d6af9475 (DECISIONS #42: re-measure ArcadeDB arms, carry comparators)",,,,,,,,,,,,,,,,,,,,,,,,,,,,,,,,,,,,,,,2.35,,,,,,,,,,,,,,,,,,,,,,,,,,,,,,,,,,,,,,,,,,,,,,,,,,,,,,,,,,,,,,,,,,,,,,,,,,,,,,,,,,,,,,,,,,,,,,,,,,,,6001215,200000,1,,,,,,,,,,,9.022,11.074,,,,,,,,,,,,,,,,,,,,,,,,,,,,,,,,,,,,,,,,,,,,,,,,,,,,,,,,,,,,,,,,,,,,,,,,,,,,,,,,,,,,,,,,,,
l1tpc_duckdb_oltp_tpch1_r2,b7c6c800d,l1tpc,duckdb,oltp,tpch1,2,paper,0-11,embedded,16g,2026-08-28T10:22:49.634074+00:00,,,,,,,,,0.1,73.5,did not converge,0,False,,,1.5.5,,,,,,,,,,,,,,,,,,,,98.9,0.062,,,,,73.5,73.4,,,,,,,,,,3560.1,3439.7,1520.5,0.0,60.9,0.0,129.0,60.9,20792366,3560.1,3439.7,0.0,3439.7,129.0,0.0,1520.5,20792366,20260828T100017Z,runs_page_b7c6c800d.jsonl,"comparator row, unaffected by the ArcadeDB re-pin b7c6c800d -> 8d6af9475 (DECISIONS #42: re-measure ArcadeDB arms, carry comparators)",,,,,,,,,,,,,,,,,,,,,,,,,,,,,,,,,,,,,,,2.18,,,,,,,,,,,,,,,,,,,,,,,,,,,,,,,,,,,,,,,,,,,,,,,,,,,,,,,,,,,,,,,,,,,,,,,,,,,,,,,,,,,,,,,,,,,,,,,,,,,,6001215,200000,1,,,,,,,,,,,9.662,21.669,,,,,,,,,,,,,,,,,,,,,,,,,,,,,,,,,,,,,,,,,,,,,,,,,,,,,,,,,,,,,,,,,,,,,,,,,,,,,,,,,,,,,,,,,,
l1tpc_duckdb_olap_tpch1_r2,8d6af9475,l1tpc,duckdb,olap,tpch1,2,paper,0-11,embedded,16g,2026-09-10T17:34:14.683025+00:00,,,,,,,,,0.1,72.7,,0,False,,,1.5.5,,,,,,,,,,,,,,,,,,,,,0.052,,,,,72.7,72.6,,,,,,,,,,3553.4,3422.9,1083.6,0.0,60.7,0.0,120.9,60.7,39808894,3553.4,3422.9,0.0,3422.9,120.9,0.0,1083.6,39808894,20260910T161931Z,,,,,,,,,,,,,,,,,,,,,,,,,,,l1tpc_duckdb_olap_tpch1_r2.clientlog,,,,,,,,,,,,,,2.89,,,,,,,,,,,,,,,,,,,,,,,,,,,,,,,,,,,,,,,,,,,,,,,,,,,,,,,,,,,,,,,,,,,,,,,,,,,,,,,,,,,,,,,,,,,,,,,,,,,,6001215,200000,1,15.71,17.11,16.31,15.7,4,7.23,8.74,9.06,7.22,1,,,,,,,,,,,,,,,,,,,,,,,,,,,,,,,,,,,,,,,,,,,,,,,,,,,,,,,,,,,,,,,,,,,,,,,,,,,,,,,,,,,,,,,,,,,,
l1tpc_duckdb_oltp_tpch1_r3,b7c6c800d,l1tpc,duckdb,oltp,tpch1,3,paper,0-11,embedded,16g,2026-08-28T10:47:21.422566+00:00,,,,,,,,,0.1,73.5,did not converge,0,False,,,1.5.5,,,,,,,,,,,,,,,,,,,,108.8,0.056,,,,,73.5,73.4,,,,,,,,,,3567.0,3428.2,1404.2,0.0,60.9,0.0,129.0,60.9,20268984,3567.0,3428.2,0.0,3428.2,129.0,0.0,1404.2,20268984,20260828T100017Z,runs_page_b7c6c800d.jsonl,"comparator row, unaffected by the ArcadeDB re-pin b7c6c800d -> 8d6af9475 (DECISIONS #42: re-measure ArcadeDB arms, carry comparators)",,,,,,,,,,,,,,,,,,,,,,,,,,,,,,,,,,,,,,,2.9,,,,,,,,,,,,,,,,,,,,,,,,,,,,,,,,,,,,,,,,,,,,,,,,,,,,,,,,,,,,,,,,,,,,,,,,,,,,,,,,,,,,,,,,,,,,,,,,,,,,6001215,200000,1,,,,,,,,,,,8.995,11.79,,,,,,,,,,,,,,,,,,,,,,,,,,,,,,,,,,,,,,,,,,,,,,,,,,,,,,,,,,,,,,,,,,,,,,,,,,,,,,,,,,,,,,,,,,
l1tpc_duckdb_olap_tpch1_r3,8d6af9475,l1tpc,duckdb,olap,tpch1,3,paper,0-11,embedded,16g,2026-09-10T16:21:19.610465+00:00,,,,,,,,,0.1,72.5,,0,False,,,1.5.5,,,,,,,,,,,,,,,,,,,,,0.054,,,,,72.5,72.4,,,,,,,,,,3575.2,3432.0,1205.3,0.0,65.6,10.3,120.4,65.6,37308230,3575.2,3432.0,0.0,3432.0,120.4,10.3,1205.3,37308230,20260910T161931Z,,,,,,,,,,,,,,,,,,,,,,,,,,,l1tpc_duckdb_olap_tpch1_r3.clientlog,,,,,,,,,,,,,,2.36,,,,,,,,,,,,,,,,,,,,,,,,,,,,,,,,,,,,,,,,,,,,,,,,,,,,,,,,,,,,,,,,,,,,,,,,,,,,,,,,,,,,,,,,,,,,,,,,,,,,6001215,200000,1,15.49,16.93,16.85,15.49,4,7.2,8.69,8.69,7.19,1,,,,,,,,,,,,,,,,,,,,,,,,,,,,,,,,,,,,,,,,,,,,,,,,,,,,,,,,,,,,,,,,,,,,,,,,,,,,,,,,,,,,,,,,,,,,
l1tpc_duckdb_olap_tpch1_r4,8d6af9475,l1tpc,duckdb,olap,tpch1,4,paper,0-11,embedded,16g,2026-09-10T17:59:04.753668+00:00,,,,,,,,,0.1,72.7,,0,False,,,1.5.5,,,,,,,,,,,,,,,,,,,,,0.057,,,,,72.7,72.6,,,,,,,,,,3552.2,3425.2,1191.6,0.0,60.7,0.0,120.8,60.7,39035168,3552.2,3425.2,0.0,3425.2,120.8,0.0,1191.6,39035168,20260910T161931Z,,,,,,,,,,,,,,,,,,,,,,,,,,,l1tpc_duckdb_olap_tpch1_r4.clientlog,,,,,,,,,,,,,,3.09,,,,,,,,,,,,,,,,,,,,,,,,,,,,,,,,,,,,,,,,,,,,,,,,,,,,,,,,,,,,,,,,,,,,,,,,,,,,,,,,,,,,,,,,,,,,,,,,,,,,6001215,200000,1,15.51,17.08,15.26,15.51,4,7.33,8.17,7.94,7.33,1,,,,,,,,,,,,,,,,,,,,,,,,,,,,,,,,,,,,,,,,,,,,,,,,,,,,,,,,,,,,,,,,,,,,,,,,,,,,,,,,,,,,,,,,,,,,
l1tpc_duckdb_oltp_tpch1_r4,b7c6c800d,l1tpc,duckdb,oltp,tpch1,4,paper,0-11,embedded,16g,2026-08-28T10:00:30.081574+00:00,,,,,,,,,0.1,73.7,did not converge,0,False,,,1.5.5,,,,,,,,,,,,,,,,,,,,94.1,0.058,,,,,73.7,73.6,,,,,,,,,,3560.4,3421.1,1477.2,0.0,61.2,0.0,129.5,61.2,21472332,3560.4,3421.1,0.0,3421.1,129.5,0.0,1477.2,21472332,20260828T100017Z,runs_page_b7c6c800d.jsonl,"comparator row, unaffected by the ArcadeDB re-pin b7c6c800d -> 8d6af9475 (DECISIONS #42: re-measure ArcadeDB arms, carry comparators)",,,,,,,,,,,,,,,,,,,,,,,,,,,,,,,,,,,,,,,2.59,,,,,,,,,,,,,,,,,,,,,,,,,,,,,,,,,,,,,,,,,,,,,,,,,,,,,,,,,,,,,,,,,,,,,,,,,,,,,,,,,,,,,,,,,,,,,,,,,,,,6001215,200000,1,,,,,,,,,,,10.338,18.559,,,,,,,,,,,,,,,,,,,,,,,,,,,,,,,,,,,,,,,,,,,,,,,,,,,,,,,,,,,,,,,,,,,,,,,,,,,,,,,,,,,,,,,,,,
l1tpc_duckdb_oltp_tpch1_r5,b7c6c800d,l1tpc,duckdb,oltp,tpch1,5,paper,0-11,embedded,16g,2026-08-28T10:35:05.216912+00:00,,,,,,,,,0.1,73.2,did not converge,0,False,,,1.5.5,,,,,,,,,,,,,,,,,,,,91.8,0.058,,,,,73.2,73.1,,,,,,,,,,3566.8,3450.9,1511.9,0.0,73.5,0.0,154.2,73.5,21621824,3566.8,3450.9,0.0,3450.9,154.2,0.0,1511.9,21621824,20260828T100017Z,runs_page_b7c6c800d.jsonl,"comparator row, unaffected by the ArcadeDB re-pin b7c6c800d -> 8d6af9475 (DECISIONS #42: re-measure ArcadeDB arms, carry comparators)",,,,,,,,,,,,,,,,,,,,,,,,,,,,,,,,,,,,,,,2.46,,,,,,,,,,,,,,,,,,,,,,,,,,,,,,,,,,,,,,,,,,,,,,,,,,,,,,,,,,,,,,,,,,,,,,,,,,,,,,,,,,,,,,,,,,,,,,,,,,,,6001215,200000,1,,,,,,,,,,,9.939,22.153,,,,,,,,,,,,,,,,,,,,,,,,,,,,,,,,,,,,,,,,,,,,,,,,,,,,,,,,,,,,,,,,,,,,,,,,,,,,,,,,,,,,,,,,,,
l1tpc_duckdb_olap_tpch1_r5,8d6af9475,l1tpc,duckdb,olap,tpch1,5,paper,0-11,embedded,16g,2026-09-10T17:57:35.580571+00:00,,,,,,,,,0.1,73.0,,0,False,,,1.5.5,,,,,,,,,,,,,,,,,,,,,0.052,,,,,73.0,72.9,,,,,,,,,,3558.1,3444.3,1128.4,0.0,60.7,0.0,120.9,60.7,38851234,3558.1,3444.3,0.0,3444.3,120.9,0.0,1128.4,38851234,20260910T161931Z,,,,,,,,,,,,,,,,,,,,,,,,,,,l1tpc_duckdb_olap_tpch1_r5.clientlog,,,,,,,,,,,,,,2.62,,,,,,,,,,,,,,,,,,,,,,,,,,,,,,,,,,,,,,,,,,,,,,,,,,,,,,,,,,,,,,,,,,,,,,,,,,,,,,,,,,,,,,,,,,,,,,,,,,,,6001215,200000,1,15.31,16.8,15.5,15.3,4,7.15,8.38,8.79,7.14,1,,,,,,,,,,,,,,,,,,,,,,,,,,,,,,,,,,,,,,,,,,,,,,,,,,,,,,,,,,,,,,,,,,,,,,,,,,,,,,,,,,,,,,,,,,,,
l1tpc_postgres_oltp_tpch1_r1,b7c6c800d,l1tpc,postgres,oltp,tpch1,1,paper,0-11,client_server,16g,2026-08-28T10:46:14.613190+00:00,full+client,8g,16.0,0-11,sha256:de1e13ca94377fa5a27aafd0e9fc200df9692b15152f0090fdf074074ea5e397,postgres@sha256:de1e13ca94377fa5a27aafd0e9fc200df9692b15152f0090fdf074074ea5e397,16g,45.3,0.1,1.1,did not converge,0,False,,,PostgreSQL 17.10,,,,,,,,,,,,,,,,,,,,390.2,0.0,851.2,0.0,851.1,True,852.3,806.9,907.6,6.7,4.3,45.0,869.9,0.0,2361.9,869.9,4959723,3572.3,3446.2,766.0,0.0,1.0,0.0,0.2,1.0,27353291,4479.8,3452.9,45.0,3497.9,2362.1,0.0,770.3,32313014,20260828T100017Z,runs_page_b7c6c800d.jsonl,"comparator row, unaffected by the ArcadeDB re-pin b7c6c800d -> 8d6af9475 (DECISIONS #42: re-measure ArcadeDB arms, carry comparators)",,,,,,,,,,,,,,,,,,,,,,,,,,,,,,,,,,,,,,,17.17,,,,,,,,,,,,,,,,,,,,,,,,,,,,,,,,,,,,,,,,,,,,,,,,,,,,,,,,,,,,,,,,,,,,,,,,,,,,,,,,,,,,,,,,,,,,,,,,,,,,6001215,200000,1,,,,,,,,,,,2.344,4.717,,,,,,,,,,,,,,,,,,,,,,,,,,,,,,,,,,,,,,,,,,,,,,,,,,,,,,,,,,,,,,,,,,,,,,,,,,,,,,,,,,,,,,,,,,
l1tpc_postgres_olap_tpch1_r1,8d6af9475,l1tpc,postgres,olap,tpch1,1,paper,0-11,client_server,16g,2026-09-10T17:31:09.334805+00:00,full+client,8g,16.0,0-11,sha256:de1e13ca94377fa5a27aafd0e9fc200df9692b15152f0090fdf074074ea5e397,postgres@sha256:de1e13ca94377fa5a27aafd0e9fc200df9692b15152f0090fdf074074ea5e397,16g,45.3,0.1,1.1,,0,False,,,PostgreSQL 17.10,,,,,,,,,,,,,,,,,,,,,0.0,851.2,0.0,851.2,True,852.3,806.9,1237.8,52.9,4.4,140.2,1145.6,0.0,3229.8,977.3,204513021,3565.6,3454.9,763.6,0.0,1.0,0.0,1.9,1.0,26458937,4803.4,3507.9,140.2,3648.1,3231.8,0.0,767.9,230971958,20260910T161931Z,,,,,,,,,,,,,,,,,,,,,,,,,,,l1tpc_postgres_olap_tpch1_r1.clientlog,"OCI runtime exec failed: exec failed: unable to start container process: exec: ""java"": executable file not found in $PAT",l1tpc_postgres_olap_tpch1_r1.serverlog,,,,,,,,,,,,16.81,,,,,,,,,,,,,,,,,,,,,,,,,,,,,,,,,,,,,,,,,,,,,,,,,,,,,,,,,,,,,,,,,,,,,,,,,,,,,,,,,,,,,,,,,,,,,,,,,,,,6001215,200000,1,330.92,1061.09,1060.18,330.38,4,105.85,110.63,105.82,105.87,1,,,,,,,,,,,,,,,,,,,,,,,,,,,,,,,,,,,,,,,,,,,,,,,,,,,,,,,,,,,,,,,,,,,,,,,,,,,,,,,,,,,,,,,,,,,,
l1tpc_postgres_olap_tpch1_r2,8d6af9475,l1tpc,postgres,olap,tpch1,2,paper,0-11,client_server,16g,2026-09-10T16:19:31.414839+00:00,full+client,8g,16.0,0-11,sha256:de1e13ca94377fa5a27aafd0e9fc200df9692b15152f0090fdf074074ea5e397,postgres@sha256:de1e13ca94377fa5a27aafd0e9fc200df9692b15152f0090fdf074074ea5e397,16g,45.3,0.1,1.1,,0,False,,,PostgreSQL 17.10,,,,,,,,,,,,,,,,,,,,,0.0,851.2,0.0,851.2,True,852.3,806.9,1331.3,49.6,8.2,140.2,1241.7,193.7,3230.6,1073.6,202042044,3671.9,3448.7,755.9,0.0,109.0,216.1,1.9,109.0,26414372,5003.2,3498.3,140.2,3638.6,3232.5,409.8,764.1,228456416,20260910T161931Z,,,,,,,,,,,,,,,,,,,,,,,,,,,l1tpc_postgres_olap_tpch1_r2.clientlog,"OCI runtime exec failed: exec failed: unable to start container process: exec: ""java"": executable file not found in $PAT",l1tpc_postgres_olap_tpch1_r2.serverlog,,,,,,,,,,,,16.72,,,,,,,,,,,,,,,,,,,,,,,,,,,,,,,,,,,,,,,,,,,,,,,,,,,,,,,,,,,,,,,,,,,,,,,,,,,,,,,,,,,,,,,,,,,,,,,,,,,,6001215,200000,1,329.42,1103.5,1138.1,329.2,4,104.85,108.34,106.04,104.82,1,,,,,,,,,,,,,,,,,,,,,,,,,,,,,,,,,,,,,,,,,,,,,,,,,,,,,,,,,,,,,,,,,,,,,,,,,,,,,,,,,,,,,,,,,,,,
l1tpc_postgres_oltp_tpch1_r2,b7c6c800d,l1tpc,postgres,oltp,tpch1,2,paper,0-11,client_server,16g,2026-08-28T10:22:13.281054+00:00,full+client,8g,16.0,0-11,sha256:de1e13ca94377fa5a27aafd0e9fc200df9692b15152f0090fdf074074ea5e397,postgres@sha256:de1e13ca94377fa5a27aafd0e9fc200df9692b15152f0090fdf074074ea5e397,16g,45.3,0.1,1.1,did not converge,0,False,,,PostgreSQL 17.10,,,,,,,,,,,,,,,,,,,,308.2,0.0,851.2,0.0,851.1,True,852.3,806.9,908.2,8.0,4.4,45.0,869.9,0.0,2362.2,869.9,5115619,3569.1,3418.2,753.7,0.0,1.0,0.0,0.1,1.0,28257235,4477.2,3426.2,45.0,3471.2,2362.3,0.0,758.0,33372854,20260828T100017Z,runs_page_b7c6c800d.jsonl,"comparator row, unaffected by the ArcadeDB re-pin b7c6c800d -> 8d6af9475 (DECISIONS #42: re-measure ArcadeDB arms, carry comparators)",,,,,,,,,,,,,,,,,,,,,,,,,,,,,,,,,,,,,,,17.96,,,,,,,,,,,,,,,,,,,,,,,,,,,,,,,,,,,,,,,,,,,,,,,,,,,,,,,,,,,,,,,,,,,,,,,,,,,,,,,,,,,,,,,,,,,,,,,,,,,,6001215,200000,1,,,,,,,,,,,2.388,10.308,,,,,,,,,,,,,,,,,,,,,,,,,,,,,,,,,,,,,,,,,,,,,,,,,,,,,,,,,,,,,,,,,,,,,,,,,,,,,,,,,,,,,,,,,,
l1tpc_postgres_oltp_tpch1_r3,b7c6c800d,l1tpc,postgres,oltp,tpch1,3,paper,0-11,client_server,16g,2026-08-28T10:49:29.603841+00:00,full+client,8g,16.0,0-11,sha256:de1e13ca94377fa5a27aafd0e9fc200df9692b15152f0090fdf074074ea5e397,postgres@sha256:de1e13ca94377fa5a27aafd0e9fc200df9692b15152f0090fdf074074ea5e397,16g,45.3,0.1,1.1,did not converge,0,False,,,PostgreSQL 17.10,,,,,,,,,,,,,,,,,,,,197.3,0.0,851.2,0.0,851.1,True,852.3,806.9,908.1,6.9,4.3,45.0,869.9,0.0,2362.1,869.9,5473544,3562.0,3439.8,756.2,0.0,1.0,0.0,0.2,1.0,28320046,4470.1,3446.7,45.0,3491.7,2362.3,0.0,760.6,33793590,20260828T100017Z,runs_page_b7c6c800d.jsonl,"comparator row, unaffected by the ArcadeDB re-pin b7c6c800d -> 8d6af9475 (DECISIONS #42: re-measure ArcadeDB arms, carry comparators)",,,,,,,,,,,,,,,,,,,,,,,,,,,,,,,,,,,,,,,17.56,,,,,,,,,,,,,,,,,,,,,,,,,,,,,,,,,,,,,,,,,,,,,,,,,,,,,,,,,,,,,,,,,,,,,,,,,,,,,,,,,,,,,,,,,,,,,,,,,,,,6001215,200000,1,,,,,,,,,,,4.497,10.428,,,,,,,,,,,,,,,,,,,,,,,,,,,,,,,,,,,,,,,,,,,,,,,,,,,,,,,,,,,,,,,,,,,,,,,,,,,,,,,,,,,,,,,,,,
l1tpc_postgres_olap_tpch1_r3,8d6af9475,l1tpc,postgres,olap,tpch1,3,paper,0-11,client_server,16g,2026-09-10T17:34:28.645705+00:00,full+client,8g,16.0,0-11,sha256:de1e13ca94377fa5a27aafd0e9fc200df9692b15152f0090fdf074074ea5e397,postgres@sha256:de1e13ca94377fa5a27aafd0e9fc200df9692b15152f0090fdf074074ea5e397,16g,45.3,0.1,1.1,,0,False,,,PostgreSQL 17.10,,,,,,,,,,,,,,,,,,,,,0.0,851.2,0.0,851.2,True,852.3,806.9,1237.2,53.5,4.4,140.2,1144.9,0.0,3228.2,975.8,203689428,3557.6,3440.1,763.2,0.0,1.0,0.0,1.9,1.0,26615255,4794.8,3493.7,140.2,3633.9,3230.2,0.0,767.5,230304683,20260910T161931Z,,,,,,,,,,,,,,,,,,,,,,,,,,,l1tpc_postgres_olap_tpch1_r3.clientlog,"OCI runtime exec failed: exec failed: unable to start container process: exec: ""java"": executable file not found in $PAT",l1tpc_postgres_olap_tpch1_r3.serverlog,,,,,,,,,,,,16.89,,,,,,,,,,,,,,,,,,,,,,,,,,,,,,,,,,,,,,,,,,,,,,,,,,,,,,,,,,,,,,,,,,,,,,,,,,,,,,,,,,,,,,,,,,,,,,,,,,,,6001215,200000,1,329.44,1073.73,1073.73,329.03,4,105.9,109.23,107.03,105.9,1,,,,,,,,,,,,,,,,,,,,,,,,,,,,,,,,,,,,,,,,,,,,,,,,,,,,,,,,,,,,,,,,,,,,,,,,,,,,,,,,,,,,,,,,,,,,
l1tpc_postgres_oltp_tpch1_r4,b7c6c800d,l1tpc,postgres,oltp,tpch1,4,paper,0-11,client_server,16g,2026-08-28T10:44:28.818992+00:00,full+client,8g,16.0,0-11,sha256:de1e13ca94377fa5a27aafd0e9fc200df9692b15152f0090fdf074074ea5e397,postgres@sha256:de1e13ca94377fa5a27aafd0e9fc200df9692b15152f0090fdf074074ea5e397,16g,45.3,0.1,1.1,did not converge,0,False,,,PostgreSQL 17.10,,,,,,,,,,,,,,,,,,,,318.7,0.0,851.2,0.0,851.1,True,852.3,806.9,908.1,8.0,4.3,45.0,869.9,0.0,2362.2,869.9,5082254,3566.1,3421.1,751.0,0.0,1.0,0.0,0.1,1.0,27971486,4474.2,3429.1,45.0,3474.1,2362.3,0.0,755.3,33053740,20260828T100017Z,runs_page_b7c6c800d.jsonl,"comparator row, unaffected by the ArcadeDB re-pin b7c6c800d -> 8d6af9475 (DECISIONS #42: re-measure ArcadeDB arms, carry comparators)",,,,,,,,,,,,,,,,,,,,,,,,,,,,,,,,,,,,,,,17.51,,,,,,,,,,,,,,,,,,,,,,,,,,,,,,,,,,,,,,,,,,,,,,,,,,,,,,,,,,,,,,,,,,,,,,,,,,,,,,,,,,,,,,,,,,,,,,,,,,,,6001215,200000,1,,,,,,,,,,,2.941,5.0,,,,,,,,,,,,,,,,,,,,,,,,,,,,,,,,,,,,,,,,,,,,,,,,,,,,,,,,,,,,,,,,,,,,,,,,,,,,,,,,,,,,,,,,,,
l1tpc_postgres_olap_tpch1_r4,8d6af9475,l1tpc,postgres,olap,tpch1,4,paper,0-11,client_server,16g,2026-09-10T16:45:24.909541+00:00,full+client,8g,16.0,0-11,sha256:de1e13ca94377fa5a27aafd0e9fc200df9692b15152f0090fdf074074ea5e397,postgres@sha256:de1e13ca94377fa5a27aafd0e9fc200df9692b15152f0090fdf074074ea5e397,16g,45.3,0.1,1.1,,0,False,,,PostgreSQL 17.10,,,,,,,,,,,,,,,,,,,,,0.0,851.2,0.0,851.2,True,852.3,806.9,1237.2,53.5,4.4,140.2,1144.9,0.0,3229.0,977.1,204351271,3566.1,3444.9,756.0,0.0,1.0,0.0,1.9,1.0,26482685,4803.2,3498.3,140.2,3638.6,3230.9,0.0,760.3,230833956,20260910T161931Z,,,,,,,,,,,,,,,,,,,,,,,,,,,l1tpc_postgres_olap_tpch1_r4.clientlog,"OCI runtime exec failed: exec failed: unable to start container process: exec: ""java"": executable file not found in $PAT",l1tpc_postgres_olap_tpch1_r4.serverlog,,,,,,,,,,,,16.68,,,,,,,,,,,,,,,,,,,,,,,,,,,,,,,,,,,,,,,,,,,,,,,,,,,,,,,,,,,,,,,,,,,,,,,,,,,,,,,,,,,,,,,,,,,,,,,,,,,,6001215,200000,1,332.11,1076.38,1094.37,332.0,4,106.34,110.3,105.71,106.38,1,,,,,,,,,,,,,,,,,,,,,,,,,,,,,,,,,,,,,,,,,,,,,,,,,,,,,,,,,,,,,,,,,,,,,,,,,,,,,,,,,,,,,,,,,,,,
l1tpc_postgres_oltp_tpch1_r5,b7c6c800d,l1tpc,postgres,oltp,tpch1,5,paper,0-11,client_server,16g,2026-08-28T11:03:00.270528+00:00,full+client,8g,16.0,0-11,sha256:de1e13ca94377fa5a27aafd0e9fc200df9692b15152f0090fdf074074ea5e397,postgres@sha256:de1e13ca94377fa5a27aafd0e9fc200df9692b15152f0090fdf074074ea5e397,16g,45.3,0.1,1.1,did not converge,0,False,,,PostgreSQL 17.10,,,,,,,,,,,,,,,,,,,,393.6,0.0,851.2,0.0,851.1,True,852.3,806.9,908.1,8.0,4.4,45.0,869.9,0.0,2362.2,869.9,5073425,3577.6,3424.7,752.7,0.0,1.0,0.0,0.2,1.0,28838010,4485.7,3432.7,45.0,3477.7,2362.3,0.0,757.0,33911435,20260828T100017Z,runs_page_b7c6c800d.jsonl,"comparator row, unaffected by the ArcadeDB re-pin b7c6c800d -> 8d6af9475 (DECISIONS #42: re-measure ArcadeDB arms, carry comparators)",,,,,,,,,,,,,,,,,,,,,,,,,,,,,,,,,,,,,,,18.51,,,,,,,,,,,,,,,,,,,,,,,,,,,,,,,,,,,,,,,,,,,,,,,,,,,,,,,,,,,,,,,,,,,,,,,,,,,,,,,,,,,,,,,,,,,,,,,,,,,,6001215,200000,1,,,,,,,,,,,2.304,4.823,,,,,,,,,,,,,,,,,,,,,,,,,,,,,,,,,,,,,,,,,,,,,,,,,,,,,,,,,,,,,,,,,,,,,,,,,,,,,,,,,,,,,,,,,,
l1tpc_postgres_olap_tpch1_r5,8d6af9475,l1tpc,postgres,olap,tpch1,5,paper,0-11,client_server,16g,2026-09-10T16:43:36.665546+00:00,full+client,8g,16.0,0-11,sha256:de1e13ca94377fa5a27aafd0e9fc200df9692b15152f0090fdf074074ea5e397,postgres@sha256:de1e13ca94377fa5a27aafd0e9fc200df9692b15152f0090fdf074074ea5e397,16g,45.3,0.1,1.1,,0,False,,,PostgreSQL 17.10,,,,,,,,,,,,,,,,,,,,,0.0,851.2,0.0,851.2,True,852.3,806.9,1238.0,53.8,4.4,140.2,1144.8,0.0,3227.8,975.0,202796352,3578.2,3466.9,768.0,0.0,1.0,0.0,1.9,1.0,26698449,4816.2,3520.6,140.2,3660.9,3229.7,0.0,772.4,229494801,20260910T161931Z,,,,,,,,,,,,,,,,,,,,,,,,,,,l1tpc_postgres_olap_tpch1_r5.clientlog,"OCI runtime exec failed: exec failed: unable to start container process: exec: ""java"": executable file not found in $PAT",l1tpc_postgres_olap_tpch1_r5.serverlog,,,,,,,,,,,,16.95,,,,,,,,,,,,,,,,,,,,,,,,,,,,,,,,,,,,,,,,,,,,,,,,,,,,,,,,,,,,,,,,,,,,,,,,,,,,,,,,,,,,,,,,,,,,,,,,,,,,6001215,200000,1,330.66,1067.71,1067.71,330.49,4,105.13,109.59,103.92,105.16,1,,,,,,,,,,,,,,,,,,,,,,,,,,,,,,,,,,,,,,,,,,,,,,,,,,,,,,,,,,,,,,,,,,,,,,,,,,,,,,,,,,,,,,,,,,,,
l1tpc_postgres_tuned_olap_tpch1_r1,8d6af9475,l1tpc,postgres_tuned,olap,tpch1,1,paper,0-11,client_server,16g,2026-09-10T20:09:24.932773+00:00,full+client,8g,16.0,0-11,sha256:de1e13ca94377fa5a27aafd0e9fc200df9692b15152f0090fdf074074ea5e397,postgres@sha256:de1e13ca94377fa5a27aafd0e9fc200df9692b15152f0090fdf074074ea5e397,16g,45.3,0.1,1.1,,0,False,,,PostgreSQL 17.10,,,,,,,,,,,,,,,,,,,,,0.0,851.2,0.0,851.2,True,852.3,806.9,1463.0,38.9,4.1,562.3,1387.3,0.0,2353.2,1386.9,133861333,3566.8,3466.4,755.0,0.0,1.0,0.0,1.9,1.0,26902364,5029.8,3505.3,562.3,4067.5,2355.1,0.0,759.2,160763697,20260910T161931Z,,,,,,,,,,,,,,,,,,,,,,,,,,,l1tpc_postgres_tuned_olap_tpch1_r1.clientlog,"OCI runtime exec failed: exec failed: unable to start container process: exec: ""java"": executable file not found in $PAT",l1tpc_postgres_tuned_olap_tpch1_r1.serverlog,,,,,,,,,,,,17.22,,,,,,,,,,,,,,,,,,,,,-c shared_buffers=4GB -c effective_cache_size=12GB -c work_mem=64MB -c maintenance_work_mem=1GB -c max_wal_size=4GB,,,,,,,,,,,,,,,,,,,,,,,,,,,,,,,,,,,,,,,,,,,,,,,,,,,,,,,,,,,,,,,,,,,,,,,,,,,,,,,6001215,200000,1,333.9,344.98,391.72,333.89,4,100.62,107.17,106.82,100.6,1,,,,,,,,,,,,,,,,,,,,,,,,,,,,,,,,,,,,,,,,,,,,,,,,,,,,,,,,,,,,,,,,,,,,,,,,,,,,,,,,,,,,,,,,,,,,
l1tpc_postgres_tuned_oltp_tpch1_r1,b7c6c800d,l1tpc,postgres_tuned,oltp,tpch1,1,paper,0-11,client_server,16g,2026-08-28T11:31:23.606373+00:00,full+client,8g,16.0,0-11,sha256:de1e13ca94377fa5a27aafd0e9fc200df9692b15152f0090fdf074074ea5e397,postgres@sha256:de1e13ca94377fa5a27aafd0e9fc200df9692b15152f0090fdf074074ea5e397,16g,45.3,0.1,1.1,did not converge,0,False,,,PostgreSQL 17.10,,,,,,,,,,,,,,,,,,,,396.1,0.0,851.2,0.0,851.1,True,852.3,806.9,1001.2,8.0,4.1,138.9,963.8,0.0,2361.9,963.8,5118780,3575.6,3432.1,754.8,0.0,1.0,0.0,0.2,1.0,28081018,4576.8,3440.1,138.9,3579.0,2362.1,0.0,759.0,33199798,20260828T100017Z,runs_page_b7c6c800d.jsonl,"comparator row, unaffected by the ArcadeDB re-pin b7c6c800d -> 8d6af9475 (DECISIONS #42: re-measure ArcadeDB arms, carry comparators)",,,,,,,,,,,,,,,,,,,,,,,,,,,,,,,,,,,,,,,17.73,,,,,,,,,,,,,,,,,,,,,-c shared_buffers=4GB -c effective_cache_size=12GB -c work_mem=64MB -c maintenance_work_mem=1GB -c max_wal_size=4GB,,,,,,,,,,,,,,,,,,,,,,,,,,,,,,,,,,,,,,,,,,,,,,,,,,,,,,,,,,,,,,,,,,,,,,,,,,,,,,,6001215,200000,1,,,,,,,,,,,2.302,4.448,,,,,,,,,,,,,,,,,,,,,,,,,,,,,,,,,,,,,,,,,,,,,,,,,,,,,,,,,,,,,,,,,,,,,,,,,,,,,,,,,,,,,,,,,,
l1tpc_postgres_tuned_oltp_tpch1_r2,b7c6c800d,l1tpc,postgres_tuned,oltp,tpch1,2,paper,0-11,client_server,16g,2026-08-28T10:45:39.317509+00:00,full+client,8g,16.0,0-11,sha256:de1e13ca94377fa5a27aafd0e9fc200df9692b15152f0090fdf074074ea5e397,postgres@sha256:de1e13ca94377fa5a27aafd0e9fc200df9692b15152f0090fdf074074ea5e397,16g,45.3,0.1,1.1,did not converge,0,False,,,PostgreSQL 17.10,,,,,,,,,,,,,,,,,,,,393.4,0.0,851.2,0.0,851.1,True,852.3,806.9,1001.4,8.0,4.2,138.9,963.8,0.0,2361.9,963.8,5133687,3577.4,3450.6,750.8,0.0,1.0,0.0,0.2,1.0,27919310,4578.9,3458.7,138.9,3597.5,2362.1,0.0,754.9,33052997,20260828T100017Z,runs_page_b7c6c800d.jsonl,"comparator row, unaffected by the ArcadeDB re-pin b7c6c800d -> 8d6af9475 (DECISIONS #42: re-measure ArcadeDB arms, carry comparators)",,,,,,,,,,,,,,,,,,,,,,,,,,,,,,,,,,,,,,,17.69,,,,,,,,,,,,,,,,,,,,,-c shared_buffers=4GB -c effective_cache_size=12GB -c work_mem=64MB -c maintenance_work_mem=1GB -c max_wal_size=4GB,,,,,,,,,,,,,,,,,,,,,,,,,,,,,,,,,,,,,,,,,,,,,,,,,,,,,,,,,,,,,,,,,,,,,,,,,,,,,,,6001215,200000,1,,,,,,,,,,,2.329,4.604,,,,,,,,,,,,,,,,,,,,,,,,,,,,,,,,,,,,,,,,,,,,,,,,,,,,,,,,,,,,,,,,,,,,,,,,,,,,,,,,,,,,,,,,,,
l1tpc_postgres_tuned_olap_tpch1_r2,8d6af9475,l1tpc,postgres_tuned,olap,tpch1,2,paper,0-11,client_server,16g,2026-09-10T17:32:58.315588+00:00,full+client,8g,16.0,0-11,sha256:de1e13ca94377fa5a27aafd0e9fc200df9692b15152f0090fdf074074ea5e397,postgres@sha256:de1e13ca94377fa5a27aafd0e9fc200df9692b15152f0090fdf074074ea5e397,16g,45.3,0.2,1.1,,0,False,,,PostgreSQL 17.10,,,,,,,,,,,,,,,,,,,,,0.0,851.2,0.0,851.2,True,852.3,806.8,1462.9,39.3,4.2,562.3,1387.3,0.0,2353.2,1386.9,135939973,3581.3,3446.8,764.8,0.0,1.0,0.0,1.9,1.0,26795399,5044.2,3486.1,562.3,4048.4,2355.1,0.0,768.9,162735372,20260910T161931Z,,,,,,,,,,,,,,,,,,,,,,,,,,,l1tpc_postgres_tuned_olap_tpch1_r2.clientlog,"OCI runtime exec failed: exec failed: unable to start container process: exec: ""java"": executable file not found in $PAT",l1tpc_postgres_tuned_olap_tpch1_r2.serverlog,,,,,,,,,,,,16.97,,,,,,,,,,,,,,,,,,,,,-c shared_buffers=4GB -c effective_cache_size=12GB -c work_mem=64MB -c maintenance_work_mem=1GB -c max_wal_size=4GB,,,,,,,,,,,,,,,,,,,,,,,,,,,,,,,,,,,,,,,,,,,,,,,,,,,,,,,,,,,,,,,,,,,,,,,,,,,,,,,6001215,200000,1,338.87,350.84,402.4,338.75,4,102.38,110.69,106.74,102.32,1,,,,,,,,,,,,,,,,,,,,,,,,,,,,,,,,,,,,,,,,,,,,,,,,,,,,,,,,,,,,,,,,,,,,,,,,,,,,,,,,,,,,,,,,,,,,
l1tpc_postgres_tuned_oltp_tpch1_r3,b7c6c800d,l1tpc,postgres_tuned,oltp,tpch1,3,paper,0-11,client_server,16g,2026-08-28T10:47:42.416676+00:00,full+client,8g,16.0,0-11,sha256:de1e13ca94377fa5a27aafd0e9fc200df9692b15152f0090fdf074074ea5e397,postgres@sha256:de1e13ca94377fa5a27aafd0e9fc200df9692b15152f0090fdf074074ea5e397,16g,45.3,0.1,1.1,did not converge,0,False,,,PostgreSQL 17.10,,,,,,,,,,,,,,,,,,,,406.5,0.0,851.2,0.0,851.1,True,852.3,806.9,1001.6,8.4,4.2,138.9,963.8,0.0,2361.9,963.8,5017594,3566.6,3436.3,746.5,0.0,1.0,0.0,0.1,1.0,27037420,4568.1,3444.7,138.9,3583.5,2362.0,0.0,750.6,32055014,20260828T100017Z,runs_page_b7c6c800d.jsonl,"comparator row, unaffected by the ArcadeDB re-pin b7c6c800d -> 8d6af9475 (DECISIONS #42: re-measure ArcadeDB arms, carry comparators)",,,,,,,,,,,,,,,,,,,,,,,,,,,,,,,,,,,,,,,16.96,,,,,,,,,,,,,,,,,,,,,-c shared_buffers=4GB -c effective_cache_size=12GB -c work_mem=64MB -c maintenance_work_mem=1GB -c max_wal_size=4GB,,,,,,,,,,,,,,,,,,,,,,,,,,,,,,,,,,,,,,,,,,,,,,,,,,,,,,,,,,,,,,,,,,,,,,,,,,,,,,,6001215,200000,1,,,,,,,,,,,2.305,4.594,,,,,,,,,,,,,,,,,,,,,,,,,,,,,,,,,,,,,,,,,,,,,,,,,,,,,,,,,,,,,,,,,,,,,,,,,,,,,,,,,,,,,,,,,,
l1tpc_postgres_tuned_olap_tpch1_r3,8d6af9475,l1tpc,postgres_tuned,olap,tpch1,3,paper,0-11,client_server,16g,2026-09-10T17:57:49.040304+00:00,full+client,8g,16.0,0-11,sha256:de1e13ca94377fa5a27aafd0e9fc200df9692b15152f0090fdf074074ea5e397,postgres@sha256:de1e13ca94377fa5a27aafd0e9fc200df9692b15152f0090fdf074074ea5e397,16g,45.3,0.1,1.1,,0,False,,,PostgreSQL 17.10,,,,,,,,,,,,,,,,,,,,,0.0,851.2,0.0,851.2,True,852.3,806.9,1463.1,39.3,4.2,562.3,1387.3,0.0,2353.2,1386.9,134853916,3560.8,3444.3,747.1,0.0,1.0,0.0,1.9,1.0,26748365,5023.9,3483.6,562.3,4045.9,2355.1,0.0,751.3,161602281,20260910T161931Z,,,,,,,,,,,,,,,,,,,,,,,,,,,l1tpc_postgres_tuned_olap_tpch1_r3.clientlog,"OCI runtime exec failed: exec failed: unable to start container process: exec: ""java"": executable file not found in $PAT",l1tpc_postgres_tuned_olap_tpch1_r3.serverlog,,,,,,,,,,,,17.03,,,,,,,,,,,,,,,,,,,,,-c shared_buffers=4GB -c effective_cache_size=12GB -c work_mem=64MB -c maintenance_work_mem=1GB -c max_wal_size=4GB,,,,,,,,,,,,,,,,,,,,,,,,,,,,,,,,,,,,,,,,,,,,,,,,,,,,,,,,,,,,,,,,,,,,,,,,,,,,,,,6001215,200000,1,336.82,348.05,395.91,336.66,4,101.07,110.14,107.19,101.06,1,,,,,,,,,,,,,,,,,,,,,,,,,,,,,,,,,,,,,,,,,,,,,,,,,,,,,,,,,,,,,,,,,,,,,,,,,,,,,,,,,,,,,,,,,,,,
l1tpc_postgres_tuned_oltp_tpch1_r4,b7c6c800d,l1tpc,postgres_tuned,oltp,tpch1,4,paper,0-11,client_server,16g,2026-08-28T10:38:50.996789+00:00,full+client,8g,16.0,0-11,sha256:de1e13ca94377fa5a27aafd0e9fc200df9692b15152f0090fdf074074ea5e397,postgres@sha256:de1e13ca94377fa5a27aafd0e9fc200df9692b15152f0090fdf074074ea5e397,16g,45.3,0.1,1.1,did not converge,0,False,,,PostgreSQL 17.10,,,,,,,,,,,,,,,,,,,,347.8,0.0,851.2,0.0,851.1,True,852.3,806.9,1002.5,8.0,4.1,138.9,963.8,0.0,2362.2,963.8,5268673,3573.3,3429.1,754.8,0.0,1.0,0.0,0.2,1.0,28671725,4575.7,3437.1,138.9,3576.0,2362.4,0.0,758.9,33940398,20260828T100017Z,runs_page_b7c6c800d.jsonl,"comparator row, unaffected by the ArcadeDB re-pin b7c6c800d -> 8d6af9475 (DECISIONS #42: re-measure ArcadeDB arms, carry comparators)",,,,,,,,,,,,,,,,,,,,,,,,,,,,,,,,,,,,,,,18.05,,,,,,,,,,,,,,,,,,,,,-c shared_buffers=4GB -c effective_cache_size=12GB -c work_mem=64MB -c maintenance_work_mem=1GB -c max_wal_size=4GB,,,,,,,,,,,,,,,,,,,,,,,,,,,,,,,,,,,,,,,,,,,,,,,,,,,,,,,,,,,,,,,,,,,,,,,,,,,,,,,6001215,200000,1,,,,,,,,,,,2.829,4.658,,,,,,,,,,,,,,,,,,,,,,,,,,,,,,,,,,,,,,,,,,,,,,,,,,,,,,,,,,,,,,,,,,,,,,,,,,,,,,,,,,,,,,,,,,
l1tpc_postgres_tuned_olap_tpch1_r4,8d6af9475,l1tpc,postgres_tuned,olap,tpch1,4,paper,0-11,client_server,16g,2026-09-10T18:20:17.456971+00:00,full+client,8g,16.0,0-11,sha256:de1e13ca94377fa5a27aafd0e9fc200df9692b15152f0090fdf074074ea5e397,postgres@sha256:de1e13ca94377fa5a27aafd0e9fc200df9692b15152f0090fdf074074ea5e397,16g,45.3,0.1,1.1,,0,False,,,PostgreSQL 17.10,,,,,,,,,,,,,,,,,,,,,0.0,851.2,0.0,851.2,True,852.3,806.9,1463.4,39.3,4.2,562.3,1387.3,0.0,2353.2,1386.9,134521740,3571.4,3457.9,754.3,0.0,1.0,0.0,1.9,1.0,26326964,5034.7,3497.2,562.3,4059.5,2355.1,0.0,758.4,160848704,20260910T161931Z,,,,,,,,,,,,,,,,,,,,,,,,,,,l1tpc_postgres_tuned_olap_tpch1_r4.clientlog,"OCI runtime exec failed: exec failed: unable to start container process: exec: ""java"": executable file not found in $PAT",l1tpc_postgres_tuned_olap_tpch1_r4.serverlog,,,,,,,,,,,,16.67,,,,,,,,,,,,,,,,,,,,,-c shared_buffers=4GB -c effective_cache_size=12GB -c work_mem=64MB -c maintenance_work_mem=1GB -c max_wal_size=4GB,,,,,,,,,,,,,,,,,,,,,,,,,,,,,,,,,,,,,,,,,,,,,,,,,,,,,,,,,,,,,,,,,,,,,,,,,,,,,,,6001215,200000,1,335.24,345.49,391.41,335.11,4,100.58,108.98,107.2,100.58,1,,,,,,,,,,,,,,,,,,,,,,,,,,,,,,,,,,,,,,,,,,,,,,,,,,,,,,,,,,,,,,,,,,,,,,,,,,,,,,,,,,,,,,,,,,,,
l1tpc_postgres_tuned_oltp_tpch1_r5,b7c6c800d,l1tpc,postgres_tuned,oltp,tpch1,5,paper,0-11,client_server,16g,2026-08-28T10:50:07.324045+00:00,full+client,8g,16.0,0-11,sha256:de1e13ca94377fa5a27aafd0e9fc200df9692b15152f0090fdf074074ea5e397,postgres@sha256:de1e13ca94377fa5a27aafd0e9fc200df9692b15152f0090fdf074074ea5e397,16g,45.3,0.1,1.1,did not converge,0,False,,,PostgreSQL 17.10,,,,,,,,,,,,,,,,,,,,302.5,0.0,851.2,0.0,851.1,True,852.3,806.9,1001.3,8.0,4.1,138.9,963.8,0.0,2361.9,963.8,5276352,3571.4,3455.8,508.8,0.0,1.0,0.0,0.1,1.0,27445158,4572.7,3463.8,138.9,3602.7,2362.0,0.0,512.9,32721510,20260828T100017Z,runs_page_b7c6c800d.jsonl,"comparator row, unaffected by the ArcadeDB re-pin b7c6c800d -> 8d6af9475 (DECISIONS #42: re-measure ArcadeDB arms, carry comparators)",,,,,,,,,,,,,,,,,,,,,,,,,,,,,,,,,,,,,,,17.22,,,,,,,,,,,,,,,,,,,,,-c shared_buffers=4GB -c effective_cache_size=12GB -c work_mem=64MB -c maintenance_work_mem=1GB -c max_wal_size=4GB,,,,,,,,,,,,,,,,,,,,,,,,,,,,,,,,,,,,,,,,,,,,,,,,,,,,,,,,,,,,,,,,,,,,,,,,,,,,,,,6001215,200000,1,,,,,,,,,,,2.356,10.209,,,,,,,,,,,,,,,,,,,,,,,,,,,,,,,,,,,,,,,,,,,,,,,,,,,,,,,,,,,,,,,,,,,,,,,,,,,,,,,,,,,,,,,,,,
l1tpc_postgres_tuned_olap_tpch1_r5,8d6af9475,l1tpc,postgres_tuned,olap,tpch1,5,paper,0-11,client_server,16g,2026-09-10T18:42:21.143889+00:00,full+client,8g,16.0,0-11,sha256:de1e13ca94377fa5a27aafd0e9fc200df9692b15152f0090fdf074074ea5e397,postgres@sha256:de1e13ca94377fa5a27aafd0e9fc200df9692b15152f0090fdf074074ea5e397,16g,45.3,0.1,1.1,,0,False,,,PostgreSQL 17.10,,,,,,,,,,,,,,,,,,,,,0.0,851.2,0.0,851.2,True,852.3,806.9,1463.7,35.5,4.2,562.3,1387.3,0.0,2353.2,1386.9,135289219,3572.9,3449.4,775.7,0.0,1.0,0.0,1.9,1.0,26617951,5036.6,3484.9,562.3,4047.2,2355.1,0.0,779.9,161907170,20260910T161931Z,,,,,,,,,,,,,,,,,,,,,,,,,,,l1tpc_postgres_tuned_olap_tpch1_r5.clientlog,"OCI runtime exec failed: exec failed: unable to start container process: exec: ""java"": executable file not found in $PAT",l1tpc_postgres_tuned_olap_tpch1_r5.serverlog,,,,,,,,,,,,16.95,,,,,,,,,,,,,,,,,,,,,-c shared_buffers=4GB -c effective_cache_size=12GB -c work_mem=64MB -c maintenance_work_mem=1GB -c max_wal_size=4GB,,,,,,,,,,,,,,,,,,,,,,,,,,,,,,,,,,,,,,,,,,,,,,,,,,,,,,,,,,,,,,,,,,,,,,,,,,,,,,,6001215,200000,1,339.13,348.08,392.05,339.06,4,102.06,107.92,107.92,102.05,1,,,,,,,,,,,,,,,,,,,,,,,,,,,,,,,,,,,,,,,,,,,,,,,,,,,,,,,,,,,,,,,,,,,,,,,,,,,,,,,,,,,,,,,,,,,,
l1tpc_sqlite_olap_tpch1_r1,8d6af9475,l1tpc,sqlite,olap,tpch1,1,paper,0-11,embedded,16g,2026-09-11T19:12:26.525268+00:00,,,,,,,,,0.1,399.5,,0,False,,,sqlite 3.46.1,,,,,,,,,,,,,,,,,,,,,0.009,,,,,399.5,399.4,,,,,,,,,,3579.3,3456.4,932.1,0.0,708.1,0.0,2534.4,513.1,1050884523,3579.3,3456.4,0.0,3456.4,2534.4,0.0,932.1,1050884523,20260911T183630Z,,,,,,,,,,,,,,,,,,,,,,,,,,,l1tpc_sqlite_olap_tpch1_r1.clientlog,,,,,,,,,,,,,,18.48,,,,,,,,,,,,,,,,,,,,,,,,,,,,,,,,,,,,,,,,,,,,,,,,,,,,,,,,,,,,,,,,,,,,,,,,,,,,,,,,,,,,,,,,,,,,,,,,,,,,6001215,200000,1,9233.49,9267.54,9190.46,9233.52,4,1027.83,1037.79,1030.77,1027.81,1,,,,,,,,,,,,,,,,,,,,,,,,,,,,,,,,,,,,,,,,,,,,,,,,,,,,,,,,,,,,,,,,,,,,,,,,,,,,,,,,,,,,,,,,,,,,
l1tpc_sqlite_oltp_tpch1_r1,8d6af9475,l1tpc,sqlite,oltp,tpch1,1,paper,0-11,embedded,16g,2026-09-11T20:05:31.418717+00:00,,,,,,,,,0.1,399.5,,0,False,,,sqlite 3.46.1,,,,,,,,,,,,,,,,,,,,16799.7,0.014,,,,,399.5,399.4,,,,,,,,,,3546.4,3443.7,737.8,0.0,513.1,0.0,1610.2,513.1,26567149,3546.4,3443.7,0.0,3443.7,1610.2,0.0,737.8,26567149,20260911T183630Z,,,,,,,,,,,,,,,,,,,,,,,,,,,l1tpc_sqlite_oltp_tpch1_r1.clientlog,,,,,,,,,,,,,,18.99,,,,,,,,,,,,,,,,,,,,,,,,,,,,,,,,,,,,,,,,,,,,,,,,,,,,,,,,,,,,,,,,,,,,,,,,,,,,,,,,,,,,,,,,,,,,,,,,,,,,6001215,200000,1,,,,,,,,,,,0.012,0.027,,,,,,,,,,,,,,,,,,,,,,,,,,,,,,,,,,,,,,,,,,,,,,,,,,,,,,,,,,,,,,,,,,,,,,,,,,,,,,,,,,,,,,,,,,
l1tpc_sqlite_olap_tpch1_r2,8d6af9475,l1tpc,sqlite,olap,tpch1,2,paper,0-11,embedded,16g,2026-09-11T19:29:59.556398+00:00,,,,,,,,,0.1,399.5,,0,False,,,sqlite 3.46.1,,,,,,,,,,,,,,,,,,,,,0.009,,,,,399.5,399.4,,,,,,,,,,3560.2,3423.4,921.9,0.0,708.1,0.0,1864.0,513.1,1049950971,3560.2,3423.4,0.0,3423.4,1864.0,0.0,921.9,1049950971,20260911T183630Z,,,,,,,,,,,,,,,,,,,,,,,,,,,l1tpc_sqlite_olap_tpch1_r2.clientlog,,,,,,,,,,,,,,18.58,,,,,,,,,,,,,,,,,,,,,,,,,,,,,,,,,,,,,,,,,,,,,,,,,,,,,,,,,,,,,,,,,,,,,,,,,,,,,,,,,,,,,,,,,,,,,,,,,,,,6001215,200000,1,9222.7,9392.23,9220.21,9222.79,4,1020.29,1030.21,1023.17,1020.28,1,,,,,,,,,,,,,,,,,,,,,,,,,,,,,,,,,,,,,,,,,,,,,,,,,,,,,,,,,,,,,,,,,,,,,,,,,,,,,,,,,,,,,,,,,,,,
l1tpc_sqlite_oltp_tpch1_r2,8d6af9475,l1tpc,sqlite,oltp,tpch1,2,paper,0-11,embedded,16g,2026-09-11T20:05:58.889997+00:00,,,,,,,,,0.1,399.5,,0,False,,,sqlite 3.46.1,,,,,,,,,,,,,,,,,,,,16252.7,0.013,,,,,399.5,399.4,,,,,,,,,,3568.0,3454.9,746.6,0.0,513.1,0.0,1610.1,513.1,26668668,3568.0,3454.9,0.0,3454.9,1610.1,0.0,746.6,26668668,20260911T183630Z,,,,,,,,,,,,,,,,,,,,,,,,,,,l1tpc_sqlite_oltp_tpch1_r2.clientlog,,,,,,,,,,,,,,19.14,,,,,,,,,,,,,,,,,,,,,,,,,,,,,,,,,,,,,,,,,,,,,,,,,,,,,,,,,,,,,,,,,,,,,,,,,,,,,,,,,,,,,,,,,,,,,,,,,,,,6001215,200000,1,,,,,,,,,,,0.011,0.027,,,,,,,,,,,,,,,,,,,,,,,,,,,,,,,,,,,,,,,,,,,,,,,,,,,,,,,,,,,,,,,,,,,,,,,,,,,,,,,,,,,,,,,,,,
l1tpc_sqlite_olap_tpch1_r3,8d6af9475,l1tpc,sqlite,olap,tpch1,3,paper,0-11,embedded,16g,2026-09-11T18:36:31.020808+00:00,,,,,,,,,0.1,399.5,,0,False,,,sqlite 3.46.1,,,,,,,,,,,,,,,,,,,,,0.009,,,,,399.5,399.4,,,,,,,,,,3570.0,3457.5,918.2,0.0,708.4,0.5,1790.5,513.4,1042901982,3570.0,3457.5,0.0,3457.5,1790.5,0.5,918.2,1042901982,20260911T183630Z,,,,,,,,,,,,,,,,,,,,,,,,,,,l1tpc_sqlite_olap_tpch1_r3.clientlog,,,,,,,,,,,,,,18.56,,,,,,,,,,,,,,,,,,,,,,,,,,,,,,,,,,,,,,,,,,,,,,,,,,,,,,,,,,,,,,,,,,,,,,,,,,,,,,,,,,,,,,,,,,,,,,,,,,,,6001215,200000,1,9160.13,9196.5,9150.24,9160.55,4,1018.6,1024.97,1021.94,1018.59,1,,,,,,,,,,,,,,,,,,,,,,,,,,,,,,,,,,,,,,,,,,,,,,,,,,,,,,,,,,,,,,,,,,,,,,,,,,,,,,,,,,,,,,,,,,,,
l1tpc_sqlite_oltp_tpch1_r3,8d6af9475,l1tpc,sqlite,oltp,tpch1,3,paper,0-11,embedded,16g,2026-09-11T18:54:23.050648+00:00,,,,,,,,,0.1,399.5,,0,False,,,sqlite 3.46.1,,,,,,,,,,,,,,,,,,,,25096.8,0.012,,,,,399.5,399.4,,,,,,,,,,3551.2,3432.6,740.1,0.0,513.2,0.0,1632.0,513.2,26589145,3551.2,3432.6,0.0,3432.6,1632.0,0.0,740.1,26589145,20260911T183630Z,,,,,,,,,,,,,,,,,,,,,,,,,,,l1tpc_sqlite_oltp_tpch1_r3.clientlog,,,,,,,,,,,,,,18.36,,,,,,,,,,,,,,,,,,,,,,,,,,,,,,,,,,,,,,,,,,,,,,,,,,,,,,,,,,,,,,,,,,,,,,,,,,,,,,,,,,,,,,,,,,,,,,,,,,,,6001215,200000,1,,,,,,,,,,,0.011,0.017,,,,,,,,,,,,,,,,,,,,,,,,,,,,,,,,,,,,,,,,,,,,,,,,,,,,,,,,,,,,,,,,,,,,,,,,,,,,,,,,,,,,,,,,,,
l1tpc_sqlite_oltp_tpch1_r4,8d6af9475,l1tpc,sqlite,oltp,tpch1,4,paper,0-11,embedded,16g,2026-09-11T18:53:55.685685+00:00,,,,,,,,,0.1,399.5,,0,False,,,sqlite 3.46.1,,,,,,,,,,,,,,,,,,,,26787.4,0.012,,,,,399.5,399.4,,,,,,,,,,3571.7,3424.7,749.9,0.0,465.1,0.0,1173.5,400.3,26423590,3571.7,3424.7,0.0,3424.7,1173.5,0.0,749.9,26423590,20260911T183630Z,,,,,,,,,,,,,,,,,,,,,,,,,,,l1tpc_sqlite_oltp_tpch1_r4.clientlog,,,,,,,,,,,,,,18.87,,,,,,,,,,,,,,,,,,,,,,,,,,,,,,,,,,,,,,,,,,,,,,,,,,,,,,,,,,,,,,,,,,,,,,,,,,,,,,,,,,,,,,,,,,,,,,,,,,,,6001215,200000,1,,,,,,,,,,,0.011,0.017,,,,,,,,,,,,,,,,,,,,,,,,,,,,,,,,,,,,,,,,,,,,,,,,,,,,,,,,,,,,,,,,,,,,,,,,,,,,,,,,,,,,,,,,,,
l1tpc_sqlite_olap_tpch1_r4,8d6af9475,l1tpc,sqlite,olap,tpch1,4,paper,0-11,embedded,16g,2026-09-11T18:54:50.016082+00:00,,,,,,,,,0.1,399.5,,0,False,,,sqlite 3.46.1,,,,,,,,,,,,,,,,,,,,,0.009,,,,,399.5,399.4,,,,,,,,,,3551.8,3442.2,894.1,0.0,708.1,0.0,1820.9,513.1,1054212168,3551.8,3442.2,0.0,3442.2,1820.9,0.0,894.1,1054212168,20260911T183630Z,,,,,,,,,,,,,,,,,,,,,,,,,,,l1tpc_sqlite_olap_tpch1_r4.clientlog,,,,,,,,,,,,,,18.73,,,,,,,,,,,,,,,,,,,,,,,,,,,,,,,,,,,,,,,,,,,,,,,,,,,,,,,,,,,,,,,,,,,,,,,,,,,,,,,,,,,,,,,,,,,,,,,,,,,,6001215,200000,1,9254.79,9294.73,9224.3,9255.13,4,1031.08,1039.08,1035.9,1031.06,1,,,,,,,,,,,,,,,,,,,,,,,,,,,,,,,,,,,,,,,,,,,,,,,,,,,,,,,,,,,,,,,,,,,,,,,,,,,,,,,,,,,,,,,,,,,,
l1tpc_sqlite_olap_tpch1_r5,8d6af9475,l1tpc,sqlite,olap,tpch1,5,paper,0-11,embedded,16g,2026-09-11T19:47:31.243460+00:00,,,,,,,,,0.1,399.5,,0,False,,,sqlite 3.46.1,,,,,,,,,,,,,,,,,,,,,0.009,,,,,399.5,399.4,,,,,,,,,,3571.5,3470.3,188.9,0.0,708.1,0.0,1910.5,399.4,1051621475,3571.5,3470.3,0.0,3470.3,1910.5,0.0,188.9,1051621475,20260911T183630Z,,,,,,,,,,,,,,,,,,,,,,,,,,,l1tpc_sqlite_olap_tpch1_r5.clientlog,,,,,,,,,,,,,,18.15,,,,,,,,,,,,,,,,,,,,,,,,,,,,,,,,,,,,,,,,,,,,,,,,,,,,,,,,,,,,,,,,,,,,,,,,,,,,,,,,,,,,,,,,,,,,,,,,,,,,6001215,200000,1,9239.09,9264.94,9221.23,9239.39,4,1027.34,1033.03,1030.83,1027.27,1,,,,,,,,,,,,,,,,,,,,,,,,,,,,,,,,,,,,,,,,,,,,,,,,,,,,,,,,,,,,,,,,,,,,,,,,,,,,,,,,,,,,,,,,,,,,
l1tpc_sqlite_oltp_tpch1_r5,8d6af9475,l1tpc,sqlite,oltp,tpch1,5,paper,0-11,embedded,16g,2026-09-11T20:05:04.427923+00:00,,,,,,,,,0.1,399.5,,0,False,,,sqlite 3.46.1,,,,,,,,,,,,,,,,,,,,19884.9,0.02,,,,,399.5,399.4,,,,,,,,,,3561.5,3446.7,745.2,0.0,513.1,0.0,1610.2,513.1,26310487,3561.5,3446.7,0.0,3446.7,1610.2,0.0,745.2,26310487,20260911T183630Z,,,,,,,,,,,,,,,,,,,,,,,,,,,l1tpc_sqlite_oltp_tpch1_r5.clientlog,,,,,,,,,,,,,,18.5,,,,,,,,,,,,,,,,,,,,,,,,,,,,,,,,,,,,,,,,,,,,,,,,,,,,,,,,,,,,,,,,,,,,,,,,,,,,,,,,,,,,,,,,,,,,,,,,,,,,6001215,200000,1,,,,,,,,,,,0.011,0.019,,,,,,,,,,,,,,,,,,,,,,,,,,,,,,,,,,,,,,,,,,,,,,,,,,,,,,,,,,,,,,,,,,,,,,,,,,,,,,,,,,,,,,,,,,
l2_arcadedb_graph_embedded_olap_sf1_r1,8d6af9475,l2,arcadedb_graph_embedded,olap,sf1,1,paper,0-11,embedded,8g,2026-09-10T12:43:32.602278+00:00,,,,,,,,,0.1,15.9,,0,False,,0.563,26.9.1.dev0,,,,,,,,,,,,,,,,,,,,,0.03,,,,,15.9,15.8,,,,,,,,,,2860.3,2769.4,1791.4,0.0,69.5,0.0,129.1,15.9,21481622,2860.3,2769.4,0.0,2769.4,129.1,0.0,1791.4,21481622,20260910T123213Z,,,,,,,,,,,,,,,,,,,,,,,,,,,l2_arcadedb_graph_embedded_olap_sf1_r1.clientlog,,,,,,,,,,,,,,3.18,,,,,,,,,,,,,4g,,,,,,,,,10995,ldbc-sf1,121.95,9.5,10.11,14.49,8.6,6.27,100,10,99.81,39.08,63.78,64.0,41.91,37.8,100,10,115.03,40.63,43.83,56.54,41.17,39.14,100,10,True,9892,180623,9892,,,,,,,,,,,,,,,,,,,,,,,,,,,,,,,,,,,,,,,,,,,,,,,,,,,,,,,,,,,,,,,,1.057,,,,,,,,,,,,,,,,,,,,,,,,,,,,,,,,,,,,,,,,,,,,,,,,,,,,,,,,,,,,,,,,,,,,,,,,,,,,,,,,,,,,,,,,,
l2_arcadedb_graph_embedded_oltp_sf1_r1,8d6af9475,l2,arcadedb_graph_embedded,oltp,sf1,1,paper,0-11,embedded,8g,2026-09-10T12:42:46.926276+00:00,,,,,,,,,0.1,12.7,,0,False,,0.617,26.9.1.dev0,,,,,,,,,,,,,,,,,,,,,0.099,,,,,12.7,12.6,,,,,,,,,,1874.0,1794.6,1794.6,0.0,69.9,0.0,25.2,12.7,17927597,1874.0,1794.6,0.0,1794.6,25.2,0.0,1794.6,17927597,20260910T123213Z,,,,,,,,,,,,,,,,,,,,,,,,,,,l2_arcadedb_graph_embedded_oltp_sf1_r1.clientlog,,,,,,,,,,,,,,2.15,,,,,,,,,,,,,4g,,,,,,,,,10995,ldbc-sf1,,,,,,,,,,,,,,,,,,,,,,,,,,9892,180623,9892,,,0.508,0.745,0.94,0.446,0.74,1.176,0.713,3.369,6.416,0.198,0.25,0.358,0.319,0.406,0.549,0.721,3.815,9.908,0.559,0.734,0.831,2.45,,,,,,,,,,,,,,,,,,,,,,,,,,,,,,,,,,,,,,,,,,,,,,,,,,,,,,,,,,,,,,,,,,,,,,,,,,,,,,,,,,,,,,,,,,,,,,,,,,,,,,,,,,,,,,,,,,,,,,,,,,,,,,,,,
l2_arcadedb_graph_embedded_olap_sf1_r1,8d6af9475,l2,arcadedb_graph_embedded,olap,sf1,1,paper,0-11,embedded,8g,2026-09-10T13:53:15.929755+00:00,,,,,,,,,0.1,12.6,,0,False,,0.596,26.9.1.dev0,,,,,,,,,,,,,,,,,,,,,0.023,,,,,12.6,12.5,,,,,,,,,,2861.2,2779.2,2287.1,0.0,69.5,0.0,139.0,12.6,38069984,2861.2,2779.2,0.0,2779.2,139.0,0.0,2287.1,38069984,20260910T134741Z,,,,,,,,,,,,,,,,,,,,,,,,,,,l2_arcadedb_graph_embedded_olap_sf1_r1.clientlog,,,,,,,,,,,,,,2.14,,,,,,,,,,,,,4g,,,,,,,,,10995,ldbc-sf1,202.22,37.46,50.63,51.18,41.72,36.1,100,10,194.33,107.4,110.58,118.73,107.86,104.2,100,10,127.94,110.48,113.29,122.69,110.85,107.91,100,10,False,9892,180623,9892,,,,,,,,,,,,,,,,,,,,,,,,,,,,,,,,,,,,,,,,,,,,,,,,,,,,,,,,,,,,,,,,0.0,,,,,,nogav,,,,,,,,,,,,,,,,,,,,,,,,,,,,,,,,,,,,,,,,,,,,,,,,,,,,,,,,,,,,,,,,,,,,,,,,,,,,,,,,,,,
l2_arcadedb_graph_embedded_olap_sf1_r2,8d6af9475,l2,arcadedb_graph_embedded,olap,sf1,2,paper,0-11,embedded,8g,2026-09-10T12:43:46.751274+00:00,,,,,,,,,0.1,15.9,,0,False,,0.575,26.9.1.dev0,,,,,,,,,,,,,,,,,,,,,0.028,,,,,15.9,15.8,,,,,,,,,,2842.2,2760.9,2760.9,0.0,69.5,0.0,129.1,69.5,22128076,2842.2,2760.9,0.0,2760.9,129.1,0.0,2760.9,22128076,20260910T123213Z,,,,,,,,,,,,,,,,,,,,,,,,,,,l2_arcadedb_graph_embedded_olap_sf1_r2.clientlog,,,,,,,,,,,,,,3.22,,,,,,,,,,,,,4g,,,,,,,,,10995,ldbc-sf1,145.54,9.83,10.19,15.82,8.79,6.5,100,10,93.4,40.6,69.13,69.96,43.31,39.41,100,10,67.11,42.84,45.88,52.92,43.44,41.37,100,10,True,9892,180623,9892,,,,,,,,,,,,,,,,,,,,,,,,,,,,,,,,,,,,,,,,,,,,,,,,,,,,,,,,,,,,,,,,1.05,,,,,,,,,,,,,,,,,,,,,,,,,,,,,,,,,,,,,,,,,,,,,,,,,,,,,,,,,,,,,,,,,,,,,,,,,,,,,,,,,,,,,,,,,
l2_arcadedb_graph_embedded_oltp_sf1_r2,8d6af9475,l2,arcadedb_graph_embedded,oltp,sf1,2,paper,0-11,embedded,8g,2026-09-10T12:45:47.513732+00:00,,,,,,,,,0.1,12.7,,0,False,,0.573,26.9.1.dev0,,,,,,,,,,,,,,,,,,,,,0.061,,,,,12.7,12.6,,,,,,,,,,1873.9,1794.0,1794.0,0.0,69.5,0.0,25.2,12.7,17955815,1873.9,1794.0,0.0,1794.0,25.2,0.0,1794.0,17955815,20260910T123213Z,,,,,,,,,,,,,,,,,,,,,,,,,,,l2_arcadedb_graph_embedded_oltp_sf1_r2.clientlog,,,,,,,,,,,,,,2.13,,,,,,,,,,,,,4g,,,,,,,,,10995,ldbc-sf1,,,,,,,,,,,,,,,,,,,,,,,,,,9892,180623,9892,,,0.502,0.764,0.947,0.444,0.738,1.154,0.699,3.449,6.541,0.203,0.25,0.399,0.33,0.406,0.54,0.727,3.786,10.105,0.561,0.769,0.853,2.49,,,,,,,,,,,,,,,,,,,,,,,,,,,,,,,,,,,,,,,,,,,,,,,,,,,,,,,,,,,,,,,,,,,,,,,,,,,,,,,,,,,,,,,,,,,,,,,,,,,,,,,,,,,,,,,,,,,,,,,,,,,,,,,,,
l2_arcadedb_graph_embedded_olap_sf1_r2,8d6af9475,l2,arcadedb_graph_embedded,olap,sf1,2,paper,0-11,embedded,8g,2026-09-10T13:53:46.155293+00:00,,,,,,,,,0.1,12.6,,0,False,,0.566,26.9.1.dev0,,,,,,,,,,,,,,,,,,,,,0.023,,,,,12.6,12.5,,,,,,,,,,2834.9,2753.5,2753.5,0.0,69.5,0.0,139.0,69.5,38959722,2834.9,2753.5,0.0,2753.5,139.0,0.0,2753.5,38959722,20260910T134741Z,,,,,,,,,,,,,,,,,,,,,,,,,,,l2_arcadedb_graph_embedded_olap_sf1_r2.clientlog,,,,,,,,,,,,,,2.16,,,,,,,,,,,,,4g,,,,,,,,,10995,ldbc-sf1,202.31,40.99,55.02,70.6,45.28,38.36,100,10,193.53,108.91,111.77,118.91,109.38,106.19,100,10,145.33,110.76,113.1,118.23,111.06,108.79,100,10,False,9892,180623,9892,,,,,,,,,,,,,,,,,,,,,,,,,,,,,,,,,,,,,,,,,,,,,,,,,,,,,,,,,,,,,,,,0.0,,,,,,nogav,,,,,,,,,,,,,,,,,,,,,,,,,,,,,,,,,,,,,,,,,,,,,,,,,,,,,,,,,,,,,,,,,,,,,,,,,,,,,,,,,,,
l2_arcadedb_graph_embedded_oltp_sf1_r3,8d6af9475,l2,arcadedb_graph_embedded,oltp,sf1,3,paper,0-11,embedded,8g,2026-09-10T12:42:40.460441+00:00,,,,,,,,,0.1,12.7,,0,False,,0.589,26.9.1.dev0,,,,,,,,,,,,,,,,,,,,,0.084,,,,,12.7,12.6,,,,,,,,,,1852.1,1772.2,1772.2,0.0,69.5,0.0,25.2,12.7,17543108,1852.1,1772.2,0.0,1772.2,25.2,0.0,1772.2,17543108,20260910T123213Z,,,,,,,,,,,,,,,,,,,,,,,,,,,l2_arcadedb_graph_embedded_oltp_sf1_r3.clientlog,,,,,,,,,,,,,,2.11,,,,,,,,,,,,,4g,,,,,,,,,10995,ldbc-sf1,,,,,,,,,,,,,,,,,,,,,,,,,,9892,180623,9892,,,0.49,0.695,0.984,0.451,0.763,1.256,0.672,3.298,6.219,0.2,0.246,0.4,0.325,0.4,0.519,0.728,3.784,10.219,0.554,0.709,0.819,2.45,,,,,,,,,,,,,,,,,,,,,,,,,,,,,,,,,,,,,,,,,,,,,,,,,,,,,,,,,,,,,,,,,,,,,,,,,,,,,,,,,,,,,,,,,,,,,,,,,,,,,,,,,,,,,,,,,,,,,,,,,,,,,,,,,
l2_arcadedb_graph_embedded_olap_sf1_r3,8d6af9475,l2,arcadedb_graph_embedded,olap,sf1,3,paper,0-11,embedded,8g,2026-09-10T12:45:53.918687+00:00,,,,,,,,,0.1,15.9,,0,False,,0.57,26.9.1.dev0,,,,,,,,,,,,,,,,,,,,,0.037,,,,,15.9,15.8,,,,,,,,,,2868.8,2783.4,2783.4,0.0,69.5,0.0,129.1,15.9,22129173,2868.8,2783.4,0.0,2783.4,129.1,0.0,2783.4,22129173,20260910T123213Z,,,,,,,,,,,,,,,,,,,,,,,,,,,l2_arcadedb_graph_embedded_olap_sf1_r3.clientlog,,,,,,,,,,,,,,3.16,,,,,,,,,,,,,4g,,,,,,,,,10995,ldbc-sf1,121.8,9.77,10.73,18.83,8.98,6.41,100,10,94.87,41.88,71.33,72.54,44.9,40.12,100,10,67.34,42.88,46.49,62.32,43.69,41.59,100,10,True,9892,180623,9892,,,,,,,,,,,,,,,,,,,,,,,,,,,,,,,,,,,,,,,,,,,,,,,,,,,,,,,,,,,,,,,,1.048,,,,,,,,,,,,,,,,,,,,,,,,,,,,,,,,,,,,,,,,,,,,,,,,,,,,,,,,,,,,,,,,,,,,,,,,,,,,,,,,,,,,,,,,,
l2_arcadedb_graph_embedded_olap_sf1_r3,8d6af9475,l2,arcadedb_graph_embedded,olap,sf1,3,paper,0-11,embedded,8g,2026-09-10T13:49:01.372656+00:00,,,,,,,,,0.1,12.6,,0,False,,0.568,26.9.1.dev0,,,,,,,,,,,,,,,,,,,,,0.023,,,,,12.6,12.5,,,,,,,,,,2863.9,2782.6,2782.6,0.0,69.5,0.0,139.0,69.5,38377580,2863.9,2782.6,0.0,2782.6,139.0,0.0,2782.6,38377580,20260910T134741Z,,,,,,,,,,,,,,,,,,,,,,,,,,,l2_arcadedb_graph_embedded_olap_sf1_r3.clientlog,,,,,,,,,,,,,,2.21,,,,,,,,,,,,,4g,,,,,,,,,10995,ldbc-sf1,203.63,38.07,51.46,56.16,42.2,36.25,100,10,178.37,108.93,112.29,115.1,109.24,105.72,100,10,148.43,111.18,113.72,115.92,111.32,108.06,100,10,False,9892,180623,9892,,,,,,,,,,,,,,,,,,,,,,,,,,,,,,,,,,,,,,,,,,,,,,,,,,,,,,,,,,,,,,,,0.0,,,,,,nogav,,,,,,,,,,,,,,,,,,,,,,,,,,,,,,,,,,,,,,,,,,,,,,,,,,,,,,,,,,,,,,,,,,,,,,,,,,,,,,,,,,,
l2_arcadedb_graph_embedded_olap_sf1_r4,8d6af9475,l2,arcadedb_graph_embedded,olap,sf1,4,paper,0-11,embedded,8g,2026-09-10T12:44:01.188632+00:00,,,,,,,,,0.1,15.9,,0,False,,0.585,26.9.1.dev0,,,,,,,,,,,,,,,,,,,,,0.029,,,,,15.9,15.8,,,,,,,,,,2856.7,2766.9,271.8,0.0,69.5,0.0,139.0,15.9,22324622,2856.7,2766.9,0.0,2766.9,139.0,0.0,271.8,22324622,20260910T123213Z,,,,,,,,,,,,,,,,,,,,,,,,,,,l2_arcadedb_graph_embedded_olap_sf1_r4.clientlog,,,,,,,,,,,,,,3.26,,,,,,,,,,,,,4g,,,,,,,,,10995,ldbc-sf1,123.1,9.84,10.77,23.13,9.78,6.27,100,10,94.59,40.72,68.26,83.51,43.85,39.49,100,10,112.95,43.26,45.14,46.61,44.12,41.86,100,10,True,9892,180623,9892,,,,,,,,,,,,,,,,,,,,,,,,,,,,,,,,,,,,,,,,,,,,,,,,,,,,,,,,,,,,,,,,1.045,,,,,,,,,,,,,,,,,,,,,,,,,,,,,,,,,,,,,,,,,,,,,,,,,,,,,,,,,,,,,,,,,,,,,,,,,,,,,,,,,,,,,,,,,
l2_arcadedb_graph_embedded_oltp_sf1_r4,8d6af9475,l2,arcadedb_graph_embedded,oltp,sf1,4,paper,0-11,embedded,8g,2026-09-10T12:32:27.925489+00:00,,,,,,,,,0.1,12.7,,0,False,,0.582,26.9.1.dev0,,,,,,,,,,,,,,,,,,,,,0.06,,,,,12.7,12.6,,,,,,,,,,1902.1,1821.8,1821.8,0.0,69.9,0.0,25.2,12.7,18148468,1902.1,1821.8,0.0,1821.8,25.2,0.0,1821.8,18148468,20260910T123213Z,,,,,,,,,,,,,,,,,,,,,,,,,,,l2_arcadedb_graph_embedded_oltp_sf1_r4.clientlog,,,,,,,,,,,,,,2.17,,,,,,,,,,,,,4g,,,,,,,,,10995,ldbc-sf1,,,,,,,,,,,,,,,,,,,,,,,,,,9892,180623,9892,,,0.486,0.729,0.928,0.446,0.752,1.241,0.638,3.202,6.317,0.197,0.244,0.399,0.314,0.399,0.513,0.76,3.782,9.475,0.581,0.818,1.016,2.44,,,,,,,,,,,,,,,,,,,,,,,,,,,,,,,,,,,,,,,,,,,,,,,,,,,,,,,,,,,,,,,,,,,,,,,,,,,,,,,,,,,,,,,,,,,,,,,,,,,,,,,,,,,,,,,,,,,,,,,,,,,,,,,,,
l2_arcadedb_graph_embedded_olap_sf1_r4,8d6af9475,l2,arcadedb_graph_embedded,olap,sf1,4,paper,0-11,embedded,8g,2026-09-10T13:48:31.553077+00:00,,,,,,,,,0.1,12.6,,0,False,,0.575,26.9.1.dev0,,,,,,,,,,,,,,,,,,,,,0.031,,,,,12.6,12.5,,,,,,,,,,2841.7,2760.0,871.5,0.0,69.5,0.0,139.0,12.6,37706145,2841.7,2760.0,0.0,2760.0,139.0,0.0,871.5,37706145,20260910T134741Z,,,,,,,,,,,,,,,,,,,,,,,,,,,l2_arcadedb_graph_embedded_olap_sf1_r4.clientlog,,,,,,,,,,,,,,2.18,,,,,,,,,,,,,4g,,,,,,,,,10995,ldbc-sf1,206.69,36.92,50.59,72.06,41.2,36.24,100,10,180.14,104.74,107.43,135.46,105.76,102.5,100,10,126.43,107.71,109.64,118.37,108.05,105.18,100,10,False,9892,180623,9892,,,,,,,,,,,,,,,,,,,,,,,,,,,,,,,,,,,,,,,,,,,,,,,,,,,,,,,,,,,,,,,,0.0,,,,,,nogav,,,,,,,,,,,,,,,,,,,,,,,,,,,,,,,,,,,,,,,,,,,,,,,,,,,,,,,,,,,,,,,,,,,,,,,,,,,,,,,,,,,
l2_arcadedb_graph_embedded_olap_sf1_r5,8d6af9475,l2,arcadedb_graph_embedded,olap,sf1,5,paper,0-11,embedded,8g,2026-09-10T12:32:14.255705+00:00,,,,,,,,,0.1,15.9,,0,False,,0.567,26.9.1.dev0,,,,,,,,,,,,,,,,,,,,,0.037,,,,,15.9,15.8,,,,,,,,,,2861.7,2769.5,2769.5,0.0,80.2,21.3,129.1,80.2,20993704,2861.7,2769.5,0.0,2769.5,129.1,21.3,2769.5,20993704,20260910T123213Z,,,,,,,,,,,,,,,,,,,,,,,,,,,l2_arcadedb_graph_embedded_olap_sf1_r5.clientlog,,,,,,,,,,,,,,3.17,,,,,,,,,,,,,4g,,,,,,,,,10995,ldbc-sf1,144.03,9.77,10.27,17.75,8.77,6.29,100,10,102.5,37.28,62.94,63.58,40.33,36.73,100,10,66.05,38.43,41.12,53.85,39.21,38.07,100,10,True,9892,180623,9892,,,,,,,,,,,,,,,,,,,,,,,,,,,,,,,,,,,,,,,,,,,,,,,,,,,,,,,,,,,,,,,,1.047,,,,,,,,,,,,,,,,,,,,,,,,,,,,,,,,,,,,,,,,,,,,,,,,,,,,,,,,,,,,,,,,,,,,,,,,,,,,,,,,,,,,,,,,,
l2_arcadedb_graph_embedded_oltp_sf1_r5,8d6af9475,l2,arcadedb_graph_embedded,oltp,sf1,5,paper,0-11,embedded,8g,2026-09-10T12:34:52.651246+00:00,,,,,,,,,0.1,12.7,,0,False,,0.562,26.9.1.dev0,,,,,,,,,,,,,,,,,,,,,0.062,,,,,12.7,12.6,,,,,,,,,,1864.6,1784.7,45.2,0.0,69.5,0.0,25.2,12.7,17880952,1864.6,1784.7,0.0,1784.7,25.2,0.0,45.2,17880952,20260910T123213Z,,,,,,,,,,,,,,,,,,,,,,,,,,,l2_arcadedb_graph_embedded_oltp_sf1_r5.clientlog,,,,,,,,,,,,,,2.11,,,,,,,,,,,,,4g,,,,,,,,,10995,ldbc-sf1,,,,,,,,,,,,,,,,,,,,,,,,,,9892,180623,9892,,,0.483,0.733,0.979,0.47,0.748,1.186,0.714,3.38,7.738,0.2,0.25,0.409,0.313,0.4,0.52,0.7,3.608,9.579,0.574,0.733,0.864,2.5,,,,,,,,,,,,,,,,,,,,,,,,,,,,,,,,,,,,,,,,,,,,,,,,,,,,,,,,,,,,,,,,,,,,,,,,,,,,,,,,,,,,,,,,,,,,,,,,,,,,,,,,,,,,,,,,,,,,,,,,,,,,,,,,,
l2_arcadedb_graph_embedded_olap_sf1_r5,8d6af9475,l2,arcadedb_graph_embedded,olap,sf1,5,paper,0-11,embedded,8g,2026-09-10T13:52:45.975674+00:00,,,,,,,,,0.1,12.6,,0,False,,0.59,26.9.1.dev0,,,,,,,,,,,,,,,,,,,,,0.023,,,,,12.6,12.5,,,,,,,,,,2837.6,2756.3,357.0,0.0,69.5,0.0,139.0,12.6,37970808,2837.6,2756.3,0.0,2756.3,139.0,0.0,357.0,37970808,20260910T134741Z,,,,,,,,,,,,,,,,,,,,,,,,,,,l2_arcadedb_graph_embedded_olap_sf1_r5.clientlog,,,,,,,,,,,,,,2.16,,,,,,,,,,,,,4g,,,,,,,,,10995,ldbc-sf1,205.56,37.05,50.49,63.44,41.55,35.95,100,10,188.65,106.22,108.76,114.69,106.5,103.5,100,10,190.53,108.23,110.08,121.24,108.55,105.3,100,10,False,9892,180623,9892,,,,,,,,,,,,,,,,,,,,,,,,,,,,,,,,,,,,,,,,,,,,,,,,,,,,,,,,,,,,,,,,0.0,,,,,,nogav,,,,,,,,,,,,,,,,,,,,,,,,,,,,,,,,,,,,,,,,,,,,,,,,,,,,,,,,,,,,,,,,,,,,,,,,,,,,,,,,,,,
l2_arcadedb_graph_server_oltp_sf1_r1,8d6af9475,l2,arcadedb_graph_server,oltp,sf1,1,paper,0-11,client_server,8g,2026-09-10T12:32:34.345035+00:00,full+client,8g,8.0,0-11,sha256:49058eefd65d6a6a297fa7fc4c2f1600edbf9e3b3d495cbae0f64815498cb9d9,arcadedb-c25:8d6af9475,8g,0.3,0.1,0.1,,0,False,,7.657,server:26.9.1-SNAPSHOT (build 8d6af94753ea8446bd13ac1aed2bb79eaf78dc90/1788075753609/main),,,,,,,,,,,,,,,,,,,,,0.0,70.2,70.2,0.0,True,70.3,69.9,3489.9,3385.7,3385.5,0.0,71.9,3.6,150.1,71.9,36518276,24.4,21.4,19.1,0.0,0.1,0.0,0.1,0.1,2095729,3514.3,3407.1,0.0,3407.1,150.2,3.6,3404.5,38614005,20260910T123213Z,,,,,,,,,,,,,,,,,,,,,,,,,,,l2_arcadedb_graph_server_oltp_sf1_r1.clientlog,,l2_arcadedb_graph_server_oltp_sf1_r1.serverlog,,,,,,,,,,,,7.4,,,,,,,,,,,,,4g,,,,,,,,,10995,ldbc-sf1,,,,,,,,,,,,,,,,,,,,,,,,,,9892,180623,9892,4g,,1.214,1.624,1.964,1.099,1.789,2.128,1.497,4.232,7.399,0.873,1.047,1.122,0.947,1.118,1.262,1.375,3.702,6.673,1.306,1.746,1.943,4.88,,,,,,,,,,,,,,,,,,,,,,,,,,,,,,,,,,,,,,,,,,,,,,,,,,,,,,,,,,,,,,,,,,,,,,,,,,,,,,,,,,,,,,,,,,,,,,,,,,,,,,,,,,,,,,,,,,,,,,,,,,,,,,,,,
l2_arcadedb_graph_server_olap_sf1_r1,8d6af9475,l2,arcadedb_graph_server,olap,sf1,1,paper,0-11,client_server,8g,2026-09-10T12:44:41.970275+00:00,full+client,8g,8.0,0-11,sha256:49058eefd65d6a6a297fa7fc4c2f1600edbf9e3b3d495cbae0f64815498cb9d9,arcadedb-c25:8d6af9475,8g,0.3,0.1,0.1,,0,False,,7.648,server:26.9.1-SNAPSHOT (build 8d6af94753ea8446bd13ac1aed2bb79eaf78dc90/1788075753609/main),,,,,,,,,,,,,,,,,,,,,0.0,69.6,69.6,0.0,True,69.7,69.3,3518.7,3419.6,3419.6,0.0,69.5,0.0,139.2,69.5,41568370,24.3,21.4,19.1,0.0,0.1,0.0,0.1,0.1,749682,3543.0,3441.0,0.0,3441.0,139.4,0.0,3438.6,42318052,20260910T123213Z,,,,,,,,,,,,,,,,,,,,,,,,,,,l2_arcadedb_graph_server_olap_sf1_r1.clientlog,,l2_arcadedb_graph_server_olap_sf1_r1.serverlog,,,,,,,,,,,,8.55,,,,,,,,,,,,,4g,,,,,,,,,10995,ldbc-sf1,160.01,8.16,11.18,17.06,8.72,7.71,100,10,93.09,43.59,47.59,48.73,44.21,41.83,100,10,70.13,45.71,50.27,53.59,46.29,43.76,100,10,True,9892,180623,9892,4g,,,,,,,,,,,,,,,,,,,,,,,,,,,,,,,,,,,,,,,,,,,,,,,,,,,,,,,,,,,,,,,1.039,,,,,,,,,,,,,,,,,,,,,,,,,,,,,,,,,,,,,,,,,,,,,,,,,,,,,,,,,,,,,,,,,,,,,,,,,,,,,,,,,,,,,,,,,
l2_arcadedb_graph_server_olap_sf1_r1,8d6af9475,l2,arcadedb_graph_server,olap,sf1,1,paper,0-11,client_server,8g,2026-09-10T13:50:20.879480+00:00,full+client,8g,8.0,0-11,sha256:49058eefd65d6a6a297fa7fc4c2f1600edbf9e3b3d495cbae0f64815498cb9d9,arcadedb-c25:8d6af9475,8g,0.3,0.1,0.1,,0,False,,7.564,server:26.9.1-SNAPSHOT (build 8d6af94753ea8446bd13ac1aed2bb79eaf78dc90/1788075753609/main),,,,,,,,,,,,,,,,,,,,,0.0,69.6,69.6,0.0,True,69.7,69.3,3491.9,3389.4,3389.4,0.0,69.5,0.0,139.2,69.5,57139719,24.3,21.4,19.1,0.0,0.1,0.0,0.1,0.1,752748,3516.1,3410.8,0.0,3410.8,139.4,0.0,3408.5,57892467,20260910T134741Z,,,,,,,,,,,,,,,,,,,,,,,,,,,l2_arcadedb_graph_server_olap_sf1_r1.clientlog,,l2_arcadedb_graph_server_olap_sf1_r1.serverlog,,,,,,,,,,,,7.64,,,,,,,,,,,,,4g,,,,,,,,,10995,ldbc-sf1,232.43,37.63,40.21,48.14,38.01,36.2,100,10,162.9,107.72,110.6,113.53,107.94,103.57,100,10,128.02,108.02,111.02,111.78,108.05,103.99,100,10,False,9892,180623,9892,4g,,,,,,,,,,,,,,,,,,,,,,,,,,,,,,,,,,,,,,,,,,,,,,,,,,,,,,,,,,,,,,,0.0,,,,,,nogav,,,,,,,,,,,,,,,,,,,,,,,,,,,,,,,,,,,,,,,,,,,,,,,,,,,,,,,,,,,,,,,,,,,,,,,,,,,,,,,,,,,
l2_arcadedb_graph_server_oltp_sf1_r2,8d6af9475,l2,arcadedb_graph_server,oltp,sf1,2,paper,0-11,client_server,8g,2026-09-10T12:34:27.306484+00:00,full+client,8g,8.0,0-11,sha256:49058eefd65d6a6a297fa7fc4c2f1600edbf9e3b3d495cbae0f64815498cb9d9,arcadedb-c25:8d6af9475,8g,0.3,0.1,0.1,,0,False,,7.118,server:26.9.1-SNAPSHOT (build 8d6af94753ea8446bd13ac1aed2bb79eaf78dc90/1788075753609/main),,,,,,,,,,,,,,,,,,,,,0.0,70.2,70.2,0.0,True,70.3,69.9,3479.7,3378.1,3378.1,0.0,70.1,0.0,150.1,70.1,36436088,24.6,21.4,19.1,0.0,0.1,0.0,0.1,0.1,2128018,3504.3,3399.5,0.0,3399.5,150.2,0.0,3397.1,38564106,20260910T123213Z,,,,,,,,,,,,,,,,,,,,,,,,,,,l2_arcadedb_graph_server_oltp_sf1_r2.clientlog,,l2_arcadedb_graph_server_oltp_sf1_r2.serverlog,,,,,,,,,,,,7.42,,,,,,,,,,,,,4g,,,,,,,,,10995,ldbc-sf1,,,,,,,,,,,,,,,,,,,,,,,,,,9892,180623,9892,4g,,1.242,1.688,2.025,1.146,1.828,2.262,1.449,3.882,7.792,0.744,0.996,1.123,0.935,1.097,1.285,1.361,3.612,5.476,1.342,1.698,1.822,4.77,,,,,,,,,,,,,,,,,,,,,,,,,,,,,,,,,,,,,,,,,,,,,,,,,,,,,,,,,,,,,,,,,,,,,,,,,,,,,,,,,,,,,,,,,,,,,,,,,,,,,,,,,,,,,,,,,,,,,,,,,,,,,,,,,
l2_arcadedb_graph_server_olap_sf1_r2,8d6af9475,l2,arcadedb_graph_server,olap,sf1,2,paper,0-11,client_server,8g,2026-09-10T12:41:52.842195+00:00,full+client,8g,8.0,0-11,sha256:49058eefd65d6a6a297fa7fc4c2f1600edbf9e3b3d495cbae0f64815498cb9d9,arcadedb-c25:8d6af9475,8g,0.3,0.1,0.1,,0,False,,7.836,server:26.9.1-SNAPSHOT (build 8d6af94753ea8446bd13ac1aed2bb79eaf78dc90/1788075753609/main),,,,,,,,,,,,,,,,,,,,,0.0,69.6,69.6,0.0,True,69.7,69.3,3482.2,3380.2,3380.2,0.0,69.5,0.0,139.2,69.5,41232098,24.5,21.4,19.1,0.0,0.1,0.0,0.1,0.1,730075,3506.7,3401.7,0.0,3401.7,139.3,0.0,3399.3,41962173,20260910T123213Z,,,,,,,,,,,,,,,,,,,,,,,,,,,l2_arcadedb_graph_server_olap_sf1_r2.clientlog,,l2_arcadedb_graph_server_olap_sf1_r2.serverlog,,,,,,,,,,,,8.51,,,,,,,,,,,,,4g,,,,,,,,,10995,ldbc-sf1,164.94,8.22,11.45,17.86,8.78,7.88,100,10,94.53,42.28,46.29,52.09,42.76,40.17,100,10,63.98,45.69,49.12,50.46,45.92,43.93,100,10,True,9892,180623,9892,4g,,,,,,,,,,,,,,,,,,,,,,,,,,,,,,,,,,,,,,,,,,,,,,,,,,,,,,,,,,,,,,,1.036,,,,,,,,,,,,,,,,,,,,,,,,,,,,,,,,,,,,,,,,,,,,,,,,,,,,,,,,,,,,,,,,,,,,,,,,,,,,,,,,,,,,,,,,,
l2_arcadedb_graph_server_olap_sf1_r2,8d6af9475,l2,arcadedb_graph_server,olap,sf1,2,paper,0-11,client_server,8g,2026-09-10T13:51:08.220965+00:00,full+client,8g,8.0,0-11,sha256:49058eefd65d6a6a297fa7fc4c2f1600edbf9e3b3d495cbae0f64815498cb9d9,arcadedb-c25:8d6af9475,8g,0.3,0.1,0.1,,0,False,,7.945,server:26.9.1-SNAPSHOT (build 8d6af94753ea8446bd13ac1aed2bb79eaf78dc90/1788075753609/main),,,,,,,,,,,,,,,,,,,,,0.0,69.6,69.6,0.0,True,69.7,69.3,3479.0,3375.7,3375.7,0.0,69.5,0.0,139.2,69.5,58629317,23.9,21.4,19.1,0.0,0.1,0.0,0.1,0.1,788498,3502.8,3397.1,0.0,3397.1,139.4,0.0,3394.7,59417815,20260910T134741Z,,,,,,,,,,,,,,,,,,,,,,,,,,,l2_arcadedb_graph_server_olap_sf1_r2.clientlog,,l2_arcadedb_graph_server_olap_sf1_r2.serverlog,,,,,,,,,,,,7.54,,,,,,,,,,,,,4g,,,,,,,,,10995,ldbc-sf1,222.89,38.39,40.86,48.92,38.93,37.19,100,10,165.69,116.8,120.59,122.95,116.96,113.68,100,10,167.52,116.78,120.54,124.73,117.28,112.22,100,10,False,9892,180623,9892,4g,,,,,,,,,,,,,,,,,,,,,,,,,,,,,,,,,,,,,,,,,,,,,,,,,,,,,,,,,,,,,,,0.0,,,,,,nogav,,,,,,,,,,,,,,,,,,,,,,,,,,,,,,,,,,,,,,,,,,,,,,,,,,,,,,,,,,,,,,,,,,,,,,,,,,,,,,,,,,,
l2_arcadedb_graph_server_oltp_sf1_r3,8d6af9475,l2,arcadedb_graph_server,oltp,sf1,3,paper,0-11,client_server,8g,2026-09-10T12:37:30.103757+00:00,full+client,8g,8.0,0-11,sha256:49058eefd65d6a6a297fa7fc4c2f1600edbf9e3b3d495cbae0f64815498cb9d9,arcadedb-c25:8d6af9475,8g,0.3,0.1,0.1,,0,False,,7.513,server:26.9.1-SNAPSHOT (build 8d6af94753ea8446bd13ac1aed2bb79eaf78dc90/1788075753609/main),,,,,,,,,,,,,,,,,,,,,0.0,70.2,70.2,0.0,True,70.3,69.9,3494.2,3391.1,3391.1,0.0,70.1,0.0,140.4,70.1,37019837,24.9,21.4,19.1,0.0,0.1,0.0,0.1,0.1,2024043,3519.0,3412.5,0.0,3412.5,140.5,0.0,3410.2,39043880,20260910T123213Z,,,,,,,,,,,,,,,,,,,,,,,,,,,l2_arcadedb_graph_server_oltp_sf1_r3.clientlog,,l2_arcadedb_graph_server_oltp_sf1_r3.serverlog,,,,,,,,,,,,7.45,,,,,,,,,,,,,4g,,,,,,,,,10995,ldbc-sf1,,,,,,,,,,,,,,,,,,,,,,,,,,9892,180623,9892,4g,,1.257,1.785,2.284,1.2,1.882,2.218,1.49,3.955,7.299,0.86,1.025,1.09,0.94,1.095,1.178,1.369,3.709,5.43,1.141,1.579,1.717,4.8,,,,,,,,,,,,,,,,,,,,,,,,,,,,,,,,,,,,,,,,,,,,,,,,,,,,,,,,,,,,,,,,,,,,,,,,,,,,,,,,,,,,,,,,,,,,,,,,,,,,,,,,,,,,,,,,,,,,,,,,,,,,,,,,,
l2_arcadedb_graph_server_olap_sf1_r3,8d6af9475,l2,arcadedb_graph_server,olap,sf1,3,paper,0-11,client_server,8g,2026-09-10T12:45:14.590117+00:00,full+client,8g,8.0,0-11,sha256:49058eefd65d6a6a297fa7fc4c2f1600edbf9e3b3d495cbae0f64815498cb9d9,arcadedb-c25:8d6af9475,8g,0.3,0.1,0.1,,0,False,,7.955,server:26.9.1-SNAPSHOT (build 8d6af94753ea8446bd13ac1aed2bb79eaf78dc90/1788075753609/main),,,,,,,,,,,,,,,,,,,,,0.0,69.6,69.6,0.0,True,69.7,69.3,3493.5,3394.4,3394.4,0.0,69.5,0.0,139.2,69.5,42258693,24.3,21.4,19.1,0.0,0.1,0.0,0.1,0.1,733990,3517.8,3415.8,0.0,3415.8,139.3,0.0,3413.5,42992683,20260910T123213Z,,,,,,,,,,,,,,,,,,,,,,,,,,,l2_arcadedb_graph_server_olap_sf1_r3.clientlog,,l2_arcadedb_graph_server_olap_sf1_r3.serverlog,,,,,,,,,,,,8.6,,,,,,,,,,,,,4g,,,,,,,,,10995,ldbc-sf1,157.78,8.36,11.48,16.84,8.95,7.84,100,10,96.0,43.3,46.88,49.85,43.69,41.01,100,10,70.85,45.43,48.74,58.32,46.03,43.71,100,10,True,9892,180623,9892,4g,,,,,,,,,,,,,,,,,,,,,,,,,,,,,,,,,,,,,,,,,,,,,,,,,,,,,,,,,,,,,,,1.042,,,,,,,,,,,,,,,,,,,,,,,,,,,,,,,,,,,,,,,,,,,,,,,,,,,,,,,,,,,,,,,,,,,,,,,,,,,,,,,,,,,,,,,,,
l2_arcadedb_graph_server_olap_sf1_r3,8d6af9475,l2,arcadedb_graph_server,olap,sf1,3,paper,0-11,client_server,8g,2026-09-10T13:47:41.251506+00:00,full+client,8g,8.0,0-11,sha256:49058eefd65d6a6a297fa7fc4c2f1600edbf9e3b3d495cbae0f64815498cb9d9,arcadedb-c25:8d6af9475,8g,0.3,0.1,0.1,,0,False,,7.895,server:26.9.1-SNAPSHOT (build 8d6af94753ea8446bd13ac1aed2bb79eaf78dc90/1788075753609/main),,,,,,,,,,,,,,,,,,,,,0.0,69.6,69.6,0.0,True,69.7,69.3,3496.3,3398.7,3395.4,0.0,69.5,0.0,139.2,69.5,59181092,24.3,21.4,19.1,0.0,0.1,0.0,0.1,0.1,746625,3520.6,3420.1,0.0,3420.1,139.3,0.0,3414.5,59927717,20260910T134741Z,,,,,,,,,,,,,,,,,,,,,,,,,,,l2_arcadedb_graph_server_olap_sf1_r3.clientlog,,l2_arcadedb_graph_server_olap_sf1_r3.serverlog,,,,,,,,,,,,7.57,,,,,,,,,,,,,4g,,,,,,,,,10995,ldbc-sf1,215.35,39.35,41.97,48.7,39.74,37.78,100,10,164.82,120.66,124.54,128.95,120.83,116.79,100,10,135.25,120.14,122.96,123.59,120.17,116.42,100,10,False,9892,180623,9892,4g,,,,,,,,,,,,,,,,,,,,,,,,,,,,,,,,,,,,,,,,,,,,,,,,,,,,,,,,,,,,,,,0.0,,,,,,nogav,,,,,,,,,,,,,,,,,,,,,,,,,,,,,,,,,,,,,,,,,,,,,,,,,,,,,,,,,,,,,,,,,,,,,,,,,,,,,,,,,,,
l2_arcadedb_graph_server_oltp_sf1_r4,8d6af9475,l2,arcadedb_graph_server,oltp,sf1,4,paper,0-11,client_server,8g,2026-09-10T12:38:46.468013+00:00,full+client,8g,8.0,0-11,sha256:49058eefd65d6a6a297fa7fc4c2f1600edbf9e3b3d495cbae0f64815498cb9d9,arcadedb-c25:8d6af9475,8g,0.3,0.1,0.1,,0,False,,7.64,server:26.9.1-SNAPSHOT (build 8d6af94753ea8446bd13ac1aed2bb79eaf78dc90/1788075753609/main),,,,,,,,,,,,,,,,,,,,,0.0,70.2,70.2,0.0,True,70.3,69.9,3486.4,3386.2,3386.2,0.0,70.1,0.0,140.4,70.1,37218677,24.6,21.4,19.1,0.0,0.1,0.0,0.1,0.1,2087375,3511.0,3407.6,0.0,3407.6,140.5,0.0,3405.2,39306052,20260910T123213Z,,,,,,,,,,,,,,,,,,,,,,,,,,,l2_arcadedb_graph_server_oltp_sf1_r4.clientlog,,l2_arcadedb_graph_server_oltp_sf1_r4.serverlog,,,,,,,,,,,,7.46,,,,,,,,,,,,,4g,,,,,,,,,10995,ldbc-sf1,,,,,,,,,,,,,,,,,,,,,,,,,,9892,180623,9892,4g,,1.149,1.929,2.434,1.222,1.747,2.013,1.557,4.061,8.556,0.874,1.026,1.11,0.841,1.014,1.119,1.202,3.516,5.428,1.346,1.915,2.134,4.81,,,,,,,,,,,,,,,,,,,,,,,,,,,,,,,,,,,,,,,,,,,,,,,,,,,,,,,,,,,,,,,,,,,,,,,,,,,,,,,,,,,,,,,,,,,,,,,,,,,,,,,,,,,,,,,,,,,,,,,,,,,,,,,,,
l2_arcadedb_graph_server_olap_sf1_r4,8d6af9475,l2,arcadedb_graph_server,olap,sf1,4,paper,0-11,client_server,8g,2026-09-10T12:36:58.299103+00:00,full+client,8g,8.0,0-11,sha256:49058eefd65d6a6a297fa7fc4c2f1600edbf9e3b3d495cbae0f64815498cb9d9,arcadedb-c25:8d6af9475,8g,0.3,0.1,0.1,,0,False,,7.189,server:26.9.1-SNAPSHOT (build 8d6af94753ea8446bd13ac1aed2bb79eaf78dc90/1788075753609/main),,,,,,,,,,,,,,,,,,,,,0.0,69.6,69.6,0.0,True,69.7,69.3,3478.7,3378.5,3378.5,0.0,70.3,1.6,139.2,70.3,40858124,24.5,21.4,19.1,0.0,0.1,0.0,0.1,0.1,734387,3503.2,3399.9,0.0,3399.9,139.3,1.6,3397.5,41592511,20260910T123213Z,,,,,,,,,,,,,,,,,,,,,,,,,,,l2_arcadedb_graph_server_olap_sf1_r4.clientlog,,l2_arcadedb_graph_server_olap_sf1_r4.serverlog,,,,,,,,,,,,8.43,,,,,,,,,,,,,4g,,,,,,,,,10995,ldbc-sf1,166.54,8.06,11.32,16.83,8.63,7.64,100,10,95.55,42.78,46.23,48.43,43.26,41.26,100,10,130.07,44.92,48.84,94.69,46.21,43.66,100,10,True,9892,180623,9892,4g,,,,,,,,,,,,,,,,,,,,,,,,,,,,,,,,,,,,,,,,,,,,,,,,,,,,,,,,,,,,,,,1.047,,,,,,,,,,,,,,,,,,,,,,,,,,,,,,,,,,,,,,,,,,,,,,,,,,,,,,,,,,,,,,,,,,,,,,,,,,,,,,,,,,,,,,,,,
l2_arcadedb_graph_server_olap_sf1_r4,8d6af9475,l2,arcadedb_graph_server,olap,sf1,4,paper,0-11,client_server,8g,2026-09-10T13:49:31.904705+00:00,full+client,8g,8.0,0-11,sha256:49058eefd65d6a6a297fa7fc4c2f1600edbf9e3b3d495cbae0f64815498cb9d9,arcadedb-c25:8d6af9475,8g,0.3,0.1,0.1,,0,False,,7.651,server:26.9.1-SNAPSHOT (build 8d6af94753ea8446bd13ac1aed2bb79eaf78dc90/1788075753609/main),,,,,,,,,,,,,,,,,,,,,0.0,69.6,69.6,0.0,True,69.7,69.3,3472.1,3368.6,3368.6,0.0,69.5,0.0,139.2,69.5,58067536,24.5,21.4,19.1,0.0,0.1,0.0,0.1,0.1,753765,3496.6,3390.0,0.0,3390.0,139.3,0.0,3387.7,58821301,20260910T134741Z,,,,,,,,,,,,,,,,,,,,,,,,,,,l2_arcadedb_graph_server_olap_sf1_r4.clientlog,,l2_arcadedb_graph_server_olap_sf1_r4.serverlog,,,,,,,,,,,,7.6,,,,,,,,,,,,,4g,,,,,,,,,10995,ldbc-sf1,242.3,36.95,39.69,48.22,37.61,35.42,100,10,168.22,115.71,119.72,122.47,116.0,112.66,100,10,133.98,115.65,118.67,119.13,115.82,111.86,100,10,False,9892,180623,9892,4g,,,,,,,,,,,,,,,,,,,,,,,,,,,,,,,,,,,,,,,,,,,,,,,,,,,,,,,,,,,,,,,0.0,,,,,,nogav,,,,,,,,,,,,,,,,,,,,,,,,,,,,,,,,,,,,,,,,,,,,,,,,,,,,,,,,,,,,,,,,,,,,,,,,,,,,,,,,,,,
l2_arcadedb_graph_server_olap_sf1_r5,8d6af9475,l2,arcadedb_graph_server,olap,sf1,5,paper,0-11,client_server,8g,2026-09-10T12:41:20.301744+00:00,full+client,8g,8.0,0-11,sha256:49058eefd65d6a6a297fa7fc4c2f1600edbf9e3b3d495cbae0f64815498cb9d9,arcadedb-c25:8d6af9475,8g,0.3,0.1,0.1,,0,False,,7.862,server:26.9.1-SNAPSHOT (build 8d6af94753ea8446bd13ac1aed2bb79eaf78dc90/1788075753609/main),,,,,,,,,,,,,,,,,,,,,0.0,69.6,69.6,0.0,True,69.7,69.3,3502.5,3407.1,3403.1,0.0,69.5,0.0,139.2,69.5,42110664,24.6,21.4,19.1,0.0,0.1,0.0,0.1,0.1,740790,3527.0,3428.5,0.0,3428.5,139.3,0.0,3422.2,42851454,20260910T123213Z,,,,,,,,,,,,,,,,,,,,,,,,,,,l2_arcadedb_graph_server_olap_sf1_r5.clientlog,,l2_arcadedb_graph_server_olap_sf1_r5.serverlog,,,,,,,,,,,,8.53,,,,,,,,,,,,,4g,,,,,,,,,10995,ldbc-sf1,170.42,8.44,11.72,18.88,9.1,7.85,100,10,96.61,42.97,46.11,48.06,43.32,41.58,100,10,71.59,44.99,48.6,55.03,45.51,43.58,100,10,True,9892,180623,9892,4g,,,,,,,,,,,,,,,,,,,,,,,,,,,,,,,,,,,,,,,,,,,,,,,,,,,,,,,,,,,,,,,1.048,,,,,,,,,,,,,,,,,,,,,,,,,,,,,,,,,,,,,,,,,,,,,,,,,,,,,,,,,,,,,,,,,,,,,,,,,,,,,,,,,,,,,,,,,
l2_arcadedb_graph_server_oltp_sf1_r5,8d6af9475,l2,arcadedb_graph_server,oltp,sf1,5,paper,0-11,client_server,8g,2026-09-10T12:44:16.122140+00:00,full+client,8g,8.0,0-11,sha256:49058eefd65d6a6a297fa7fc4c2f1600edbf9e3b3d495cbae0f64815498cb9d9,arcadedb-c25:8d6af9475,8g,0.3,0.1,0.1,,0,False,,7.615,server:26.9.1-SNAPSHOT (build 8d6af94753ea8446bd13ac1aed2bb79eaf78dc90/1788075753609/main),,,,,,,,,,,,,,,,,,,,,0.0,70.2,70.2,0.0,True,70.3,69.9,3546.2,3459.0,3443.0,0.0,70.1,0.0,150.1,70.1,36794178,24.9,21.4,19.1,0.0,0.1,0.0,0.1,0.1,2085289,3571.1,3480.4,0.0,3480.4,150.2,0.0,3462.1,38879467,20260910T123213Z,,,,,,,,,,,,,,,,,,,,,,,,,,,l2_arcadedb_graph_server_oltp_sf1_r5.clientlog,,l2_arcadedb_graph_server_oltp_sf1_r5.serverlog,,,,,,,,,,,,7.54,,,,,,,,,,,,,4g,,,,,,,,,10995,ldbc-sf1,,,,,,,,,,,,,,,,,,,,,,,,,,9892,180623,9892,4g,,1.26,1.936,2.428,1.236,1.728,2.005,1.408,3.913,6.988,0.765,0.997,1.052,0.82,1.088,1.253,1.168,3.44,5.443,1.412,1.708,1.832,4.71,,,,,,,,,,,,,,,,,,,,,,,,,,,,,,,,,,,,,,,,,,,,,,,,,,,,,,,,,,,,,,,,,,,,,,,,,,,,,,,,,,,,,,,,,,,,,,,,,,,,,,,,,,,,,,,,,,,,,,,,,,,,,,,,,
l2_arcadedb_graph_server_olap_sf1_r5,8d6af9475,l2,arcadedb_graph_server,olap,sf1,5,paper,0-11,client_server,8g,2026-09-10T13:51:57.615037+00:00,full+client,8g,8.0,0-11,sha256:49058eefd65d6a6a297fa7fc4c2f1600edbf9e3b3d495cbae0f64815498cb9d9,arcadedb-c25:8d6af9475,8g,0.3,0.1,0.1,,0,False,,7.302,server:26.9.1-SNAPSHOT (build 8d6af94753ea8446bd13ac1aed2bb79eaf78dc90/1788075753609/main),,,,,,,,,,,,,,,,,,,,,0.0,69.6,69.6,0.0,True,69.7,69.3,3486.7,3383.9,3383.9,0.0,69.5,0.0,139.2,69.5,58051824,24.2,21.4,19.1,0.0,0.1,0.0,0.1,0.1,747741,3510.9,3405.3,0.0,3405.3,139.3,0.0,3402.9,58799565,20260910T134741Z,,,,,,,,,,,,,,,,,,,,,,,,,,,l2_arcadedb_graph_server_olap_sf1_r5.clientlog,,l2_arcadedb_graph_server_olap_sf1_r5.serverlog,,,,,,,,,,,,7.55,,,,,,,,,,,,,4g,,,,,,,,,10995,ldbc-sf1,226.11,38.58,41.88,48.26,39.05,37.0,100,10,164.36,114.0,117.64,122.74,114.78,110.56,100,10,134.07,116.52,120.11,124.01,117.31,113.33,100,10,False,9892,180623,9892,4g,,,,,,,,,,,,,,,,,,,,,,,,,,,,,,,,,,,,,,,,,,,,,,,,,,,,,,,,,,,,,,,0.0,,,,,,nogav,,,,,,,,,,,,,,,,,,,,,,,,,,,,,,,,,,,,,,,,,,,,,,,,,,,,,,,,,,,,,,,,,,,,,,,,,,,,,,,,,,,
l2_ladybug_graph_oltp_sf1_r1,8d6af9475,l2,ladybug_graph,oltp,sf1,1,paper,0-11,embedded,8g,2026-09-10T12:34:15.528584+00:00,,,,,,,,,0.5,6.1,,0,False,,0.149,ladybug:0.19.1,,,,,,,,,,,,,,,,,,,,,0.073,,,,,6.1,5.6,,,,,,,,,,243.6,221.0,221.0,0.0,10.1,0.2,15.2,5.1,24591232,243.6,221.0,0.0,221.0,15.2,0.2,221.0,24591232,20260910T123213Z,,,,,,,,,,,,,,,,,,,,,,,,,,,l2_ladybug_graph_oltp_sf1_r1.clientlog,,,,,,,,,,,,,,0.53,,,,,,,,,,,,,,,,,,,,,,10995,ldbc-sf1,,,,,,,,,,,,,,,,,,,,,,,,,,9892,180623,9892,,,0.16,0.204,0.255,1.059,1.214,1.273,4.055,4.532,4.714,0.162,0.209,0.239,1.064,1.224,1.276,4.051,4.505,4.681,9.765,11.391,17.893,10.22,,,,,,,,,,,,,,,,,,,,,,,,,,,,,,,,,,,,,,,,,,,,,,,,,,,,,,,,,,,,,,,,,,,,,,,,,,,,,,,,,,,,,,,,,,,,,,,,,,,,,,,,,,,,,,,,,,,,,,,,,,,,,,,,,
l2_ladybug_graph_olap_sf1_r1,8d6af9475,l2,ladybug_graph,olap,sf1,1,paper,0-11,embedded,8g,2026-09-10T12:38:07.610148+00:00,,,,,,,,,0.5,5.0,,0,False,,0.131,ladybug:0.19.1,,,,,,,,,,,,,,,,,,,,,0.046,,,,,5.0,4.5,,,,,,,,,,238.1,218.9,218.9,0.0,11.2,0.0,11.0,4.9,6236175,238.1,218.9,0.0,218.9,11.0,0.0,218.9,6236175,20260910T123213Z,,,,,,,,,,,,,,,,,,,,,,,,,,,l2_ladybug_graph_olap_sf1_r1.clientlog,,,,,,,,,,,,,,0.47,,,,,,,,,,,,,,,,,,,,,,10995,ldbc-sf1,8.18,0.86,1.01,1.2,0.85,0.68,100,10,13.14,9.85,10.58,10.83,9.89,8.57,100,10,10.37,9.13,10.15,10.79,9.21,8.31,100,10,True,9892,180623,9892,,,,,,,,,,,,,,,,,,,,,,,,,,,,,,,,,,,,,,,,,,,,,,,,,,,,,,,,,,,,,,,,,,,,,,,,,,,,,,,,,,,,,,,,,,,,,,,,,,,,,,,,,,,,,,,,,,,,,,,,,,,,,,,,,,,,,,,,,,,,,,,,,,,,,,,,,
l2_ladybug_graph_olap_sf1_r2,8d6af9475,l2,ladybug_graph,olap,sf1,2,paper,0-11,embedded,8g,2026-09-10T12:33:00.590442+00:00,,,,,,,,,0.6,5.0,,0,False,,0.166,ladybug:0.19.1,,,,,,,,,,,,,,,,,,,,,0.046,,,,,5.0,4.4,,,,,,,,,,253.1,224.5,224.5,0.0,25.5,31.7,11.0,20.7,6107064,253.1,224.5,0.0,224.5,11.0,31.7,224.5,6107064,20260910T123213Z,,,,,,,,,,,,,,,,,,,,,,,,,,,l2_ladybug_graph_olap_sf1_r2.clientlog,,,,,,,,,,,,,,0.46,,,,,,,,,,,,,,,,,,,,,,10995,ldbc-sf1,10.71,0.87,1.14,1.45,0.89,0.7,100,10,16.42,9.72,10.56,11.2,9.81,8.96,100,10,10.08,9.05,9.97,10.3,9.17,8.13,100,10,True,9892,180623,9892,,,,,,,,,,,,,,,,,,,,,,,,,,,,,,,,,,,,,,,,,,,,,,,,,,,,,,,,,,,,,,,,,,,,,,,,,,,,,,,,,,,,,,,,,,,,,,,,,,,,,,,,,,,,,,,,,,,,,,,,,,,,,,,,,,,,,,,,,,,,,,,,,,,,,,,,,
l2_ladybug_graph_oltp_sf1_r2,8d6af9475,l2,ladybug_graph,oltp,sf1,2,paper,0-11,embedded,8g,2026-09-10T12:40:28.321916+00:00,,,,,,,,,0.5,6.1,,0,False,,0.129,ladybug:0.19.1,,,,,,,,,,,,,,,,,,,,,0.071,,,,,6.1,5.6,,,,,,,,,,237.3,223.9,223.9,0.0,11.1,0.0,15.2,5.0,24363783,237.3,223.9,0.0,223.9,15.2,0.0,223.9,24363783,20260910T123213Z,,,,,,,,,,,,,,,,,,,,,,,,,,,l2_ladybug_graph_oltp_sf1_r2.clientlog,,,,,,,,,,,,,,0.47,,,,,,,,,,,,,,,,,,,,,,10995,ldbc-sf1,,,,,,,,,,,,,,,,,,,,,,,,,,9892,180623,9892,,,0.161,0.185,0.234,1.048,1.21,1.251,4.016,4.531,4.678,0.158,0.176,0.211,1.043,1.221,1.269,4.048,4.537,4.717,9.836,18.23,19.281,10.56,,,,,,,,,,,,,,,,,,,,,,,,,,,,,,,,,,,,,,,,,,,,,,,,,,,,,,,,,,,,,,,,,,,,,,,,,,,,,,,,,,,,,,,,,,,,,,,,,,,,,,,,,,,,,,,,,,,,,,,,,,,,,,,,,
l2_ladybug_graph_oltp_sf1_r3,8d6af9475,l2,ladybug_graph,oltp,sf1,3,paper,0-11,embedded,8g,2026-09-10T12:34:59.056124+00:00,,,,,,,,,0.4,6.1,,0,False,,0.143,ladybug:0.19.1,,,,,,,,,,,,,,,,,,,,,0.072,,,,,6.1,5.7,,,,,,,,,,243.4,220.7,216.5,0.0,9.2,0.0,17.0,7.1,24626200,243.4,220.7,0.0,220.7,17.0,0.0,216.5,24626200,20260910T123213Z,,,,,,,,,,,,,,,,,,,,,,,,,,,l2_ladybug_graph_oltp_sf1_r3.clientlog,,,,,,,,,,,,,,0.52,,,,,,,,,,,,,,,,,,,,,,10995,ldbc-sf1,,,,,,,,,,,,,,,,,,,,,,,,,,9892,180623,9892,,,0.161,0.202,0.251,1.051,1.229,1.269,4.035,4.495,4.67,0.163,0.198,0.232,1.041,1.229,1.272,4.059,4.524,4.766,9.928,17.866,19.172,10.87,,,,,,,,,,,,,,,,,,,,,,,,,,,,,,,,,,,,,,,,,,,,,,,,,,,,,,,,,,,,,,,,,,,,,,,,,,,,,,,,,,,,,,,,,,,,,,,,,,,,,,,,,,,,,,,,,,,,,,,,,,,,,,,,,
l2_ladybug_graph_olap_sf1_r3,8d6af9475,l2,ladybug_graph,olap,sf1,3,paper,0-11,embedded,8g,2026-09-10T12:40:40.233816+00:00,,,,,,,,,0.4,5.0,,0,False,,0.129,ladybug:0.19.1,,,,,,,,,,,,,,,,,,,,,0.046,,,,,5.0,4.6,,,,,,,,,,238.3,218.6,218.6,0.0,11.2,0.0,11.0,4.9,6134166,238.3,218.6,0.0,218.6,11.0,0.0,218.6,6134166,20260910T123213Z,,,,,,,,,,,,,,,,,,,,,,,,,,,l2_ladybug_graph_olap_sf1_r3.clientlog,,,,,,,,,,,,,,0.47,,,,,,,,,,,,,,,,,,,,,,10995,ldbc-sf1,8.15,0.85,1.08,1.51,0.87,0.69,100,10,13.96,9.91,10.62,10.96,9.92,8.94,100,10,10.42,9.17,10.04,10.27,9.2,8.19,100,10,True,9892,180623,9892,,,,,,,,,,,,,,,,,,,,,,,,,,,,,,,,,,,,,,,,,,,,,,,,,,,,,,,,,,,,,,,,,,,,,,,,,,,,,,,,,,,,,,,,,,,,,,,,,,,,,,,,,,,,,,,,,,,,,,,,,,,,,,,,,,,,,,,,,,,,,,,,,,,,,,,,,
l2_ladybug_graph_oltp_sf1_r4,8d6af9475,l2,ladybug_graph,oltp,sf1,4,paper,0-11,embedded,8g,2026-09-10T12:42:28.560289+00:00,,,,,,,,,0.4,6.1,,0,False,,0.129,ladybug:0.19.1,,,,,,,,,,,,,,,,,,,,,0.071,,,,,6.1,5.7,,,,,,,,,,243.1,223.7,219.6,0.0,11.1,0.0,17.0,7.1,24587455,243.1,223.7,0.0,223.7,17.0,0.0,219.6,24587455,20260910T123213Z,,,,,,,,,,,,,,,,,,,,,,,,,,,l2_ladybug_graph_oltp_sf1_r4.clientlog,,,,,,,,,,,,,,0.49,,,,,,,,,,,,,,,,,,,,,,10995,ldbc-sf1,,,,,,,,,,,,,,,,,,,,,,,,,,9892,180623,9892,,,0.161,0.204,0.246,1.049,1.225,1.261,4.038,4.519,4.806,0.161,0.199,0.238,1.057,1.224,1.284,4.034,4.549,4.955,9.822,16.164,19.22,10.4,,,,,,,,,,,,,,,,,,,,,,,,,,,,,,,,,,,,,,,,,,,,,,,,,,,,,,,,,,,,,,,,,,,,,,,,,,,,,,,,,,,,,,,,,,,,,,,,,,,,,,,,,,,,,,,,,,,,,,,,,,,,,,,,,
l2_ladybug_graph_olap_sf1_r4,8d6af9475,l2,ladybug_graph,olap,sf1,4,paper,0-11,embedded,8g,2026-09-10T12:42:53.510865+00:00,,,,,,,,,0.3,5.0,,0,False,,0.129,ladybug:0.19.1,,,,,,,,,,,,,,,,,,,,,0.042,,,,,5.0,4.7,,,,,,,,,,239.9,224.1,224.1,0.0,11.1,0.0,11.0,4.9,6193496,239.9,224.1,0.0,224.1,11.0,0.0,224.1,6193496,20260910T123213Z,,,,,,,,,,,,,,,,,,,,,,,,,,,l2_ladybug_graph_olap_sf1_r4.clientlog,,,,,,,,,,,,,,0.47,,,,,,,,,,,,,,,,,,,,,,10995,ldbc-sf1,8.2,0.85,1.01,1.2,0.85,0.68,100,10,14.01,9.68,10.3,10.95,9.72,8.83,100,10,9.63,9.19,9.88,10.35,9.22,7.86,100,10,True,9892,180623,9892,,,,,,,,,,,,,,,,,,,,,,,,,,,,,,,,,,,,,,,,,,,,,,,,,,,,,,,,,,,,,,,,,,,,,,,,,,,,,,,,,,,,,,,,,,,,,,,,,,,,,,,,,,,,,,,,,,,,,,,,,,,,,,,,,,,,,,,,,,,,,,,,,,,,,,,,,
l2_ladybug_graph_oltp_sf1_r5,8d6af9475,l2,ladybug_graph,oltp,sf1,5,paper,0-11,embedded,8g,2026-09-10T12:37:55.925625+00:00,,,,,,,,,0.5,6.1,,0,False,,0.129,ladybug:0.19.1,,,,,,,,,,,,,,,,,,,,,0.07,,,,,6.1,5.6,,,,,,,,,,236.5,219.3,215.7,0.0,11.2,0.0,15.2,5.3,24568876,236.5,219.3,0.0,219.3,15.2,0.0,215.7,24568876,20260910T123213Z,,,,,,,,,,,,,,,,,,,,,,,,,,,l2_ladybug_graph_oltp_sf1_r5.clientlog,,,,,,,,,,,,,,0.47,,,,,,,,,,,,,,,,,,,,,,10995,ldbc-sf1,,,,,,,,,,,,,,,,,,,,,,,,,,9892,180623,9892,,,0.16,0.199,0.232,1.051,1.22,1.291,4.017,4.548,4.721,0.158,0.185,0.229,1.029,1.213,1.258,4.039,4.54,4.886,9.821,11.825,12.983,10.21,,,,,,,,,,,,,,,,,,,,,,,,,,,,,,,,,,,,,,,,,,,,,,,,,,,,,,,,,,,,,,,,,,,,,,,,,,,,,,,,,,,,,,,,,,,,,,,,,,,,,,,,,,,,,,,,,,,,,,,,,,,,,,,,,
l2_ladybug_graph_olap_sf1_r5,8d6af9475,l2,ladybug_graph,olap,sf1,5,paper,0-11,embedded,8g,2026-09-10T12:42:25.196388+00:00,,,,,,,,,0.4,5.0,,0,False,,0.128,ladybug:0.19.1,,,,,,,,,,,,,,,,,,,,,0.047,,,,,5.0,4.6,,,,,,,,,,242.3,222.7,222.7,0.0,11.1,0.0,11.0,4.9,6067273,242.3,222.7,0.0,222.7,11.0,0.0,222.7,6067273,20260910T123213Z,,,,,,,,,,,,,,,,,,,,,,,,,,,l2_ladybug_graph_olap_sf1_r5.clientlog,,,,,,,,,,,,,,0.48,,,,,,,,,,,,,,,,,,,,,,10995,ldbc-sf1,8.08,0.87,1.01,1.84,0.89,0.71,100,10,13.04,9.82,10.55,10.7,9.81,8.52,100,10,10.63,9.1,9.89,9.98,9.14,7.93,100,10,True,9892,180623,9892,,,,,,,,,,,,,,,,,,,,,,,,,,,,,,,,,,,,,,,,,,,,,,,,,,,,,,,,,,,,,,,,,,,,,,,,,,,,,,,,,,,,,,,,,,,,,,,,,,,,,,,,,,,,,,,,,,,,,,,,,,,,,,,,,,,,,,,,,,,,,,,,,,,,,,,,,
l2_neo4j_graph_olap_sf1_r1,8d6af9475,l2,neo4j_graph,olap,sf1,1,paper,0-11,client_server,8g,2026-09-10T14:54:37.223060+00:00,full+client,8g,8.0,0-11,sha256:4bae36aff76271e27fd6a6ed0835413f86a284cd179cfb1cb7d188f5f7533aca,neo4j@sha256:4bae36aff76271e27fd6a6ed0835413f86a284cd179cfb1cb7d188f5f7533aca,8g,769.1,0.6,1.1,,0,False,,1.138,neo4j:5.26.28,,,,,,,,,,,,,,,,,,,,,0.0,783.8,253.2,530.6,True,784.9,15.2,4969.4,4618.3,4598.4,0.0,323.3,0.0,649.6,323.3,43417214,93.0,86.8,86.8,0.0,0.9,0.0,0.4,0.9,3416187,5062.5,4705.1,0.0,4705.1,650.0,0.0,4685.2,46833401,20260910T145218Z,,,,,,,,,,,,,,,,,,,,,,,,,,,l2_neo4j_graph_olap_sf1_r1.clientlog,,l2_neo4j_graph_olap_sf1_r1.serverlog,,,,,,,,,,,,5.23,,,,,,,,,,,,,4g,,,,,,,,,10995,ldbc-sf1,193.37,29.31,37.89,44.49,30.26,27.84,100,10,126.95,55.77,58.47,68.27,56.18,52.86,100,10,134.07,52.26,54.63,63.81,52.62,49.7,100,10,True,9892,180623,9892,4g,3.0g,,,,,,,,,,,,,,,,,,,,,,,,,,,,,,,,,,,,,,,,,,,,,,,,,,,,,,,,,,,,,,,,,,,,,,,,,,,,,,,,,,,,,,,,,,,,,,,,,,,,,,,,,,,,,,,,,,,,,,,,,,,,,,,,,,,,,,,,,,,,,,,,,,,,,,,
l2_neo4j_graph_oltp_sf1_r1,8d6af9475,l2,neo4j_graph,oltp,sf1,1,paper,0-11,client_server,8g,2026-09-10T14:56:57.989123+00:00,full+client,8g,8.0,0-11,sha256:4bae36aff76271e27fd6a6ed0835413f86a284cd179cfb1cb7d188f5f7533aca,neo4j@sha256:4bae36aff76271e27fd6a6ed0835413f86a284cd179cfb1cb7d188f5f7533aca,8g,769.1,0.4,1.1,,0,False,,1.094,neo4j:5.26.28,,,,,,,,,,,,,,,,,,,,,0.0,784.0,253.2,530.8,True,785.1,15.6,5047.1,4680.4,4680.3,0.0,323.9,0.0,660.9,323.9,48444227,93.5,87.0,87.0,0.0,0.9,0.0,0.3,0.9,4466281,5140.6,4767.4,0.0,4767.4,661.2,0.0,4767.3,52910508,20260910T145218Z,,,,,,,,,,,,,,,,,,,,,,,,,,,l2_neo4j_graph_oltp_sf1_r1.clientlog,,l2_neo4j_graph_oltp_sf1_r1.serverlog,,,,,,,,,,,,5.12,,,,,,,,,,,,,4g,,,,,,,,,10995,ldbc-sf1,,,,,,,,,,,,,,,,,,,,,,,,,,9892,180623,9892,4g,3.0g,4.854,8.389,10.58,4.127,5.829,6.388,3.853,4.911,6.201,2.327,3.046,3.269,0.37,2.4,2.7,0.449,1.011,1.536,7.214,12.927,18.834,12.94,,,,,,,,,,,,,,,,,,,,,,,,,,,,,,,,,,,,,,,,,,,,,,,,,,,,,,,,,,,,,,,,,,,,,,,,,,,,,,,,,,,,,,,,,,,,,,,,,,,,,,,,,,,,,,,,,,,,,,,,,,,,,,,,,
l2_neo4j_graph_oltp_sf1_r2,8d6af9475,l2,neo4j_graph,oltp,sf1,2,paper,0-11,client_server,8g,2026-09-10T14:57:32.982341+00:00,full+client,8g,8.0,0-11,sha256:4bae36aff76271e27fd6a6ed0835413f86a284cd179cfb1cb7d188f5f7533aca,neo4j@sha256:4bae36aff76271e27fd6a6ed0835413f86a284cd179cfb1cb7d188f5f7533aca,8g,769.1,0.5,1.1,,0,False,,1.08,neo4j:5.26.28,,,,,,,,,,,,,,,,,,,,,0.0,784.0,253.2,530.8,True,785.1,15.5,5019.4,4652.1,4638.9,0.0,323.9,0.0,659.9,323.9,48247171,93.3,86.9,86.9,0.0,0.9,0.0,0.4,0.9,4538364,5112.7,4738.9,0.0,4738.9,660.2,0.0,4725.7,52785535,20260910T145218Z,,,,,,,,,,,,,,,,,,,,,,,,,,,l2_neo4j_graph_oltp_sf1_r2.clientlog,,l2_neo4j_graph_oltp_sf1_r2.serverlog,,,,,,,,,,,,5.11,,,,,,,,,,,,,4g,,,,,,,,,10995,ldbc-sf1,,,,,,,,,,,,,,,,,,,,,,,,,,9892,180623,9892,4g,3.0g,5.196,8.785,10.606,4.462,6.211,6.848,3.636,5.111,6.362,2.216,2.912,3.373,0.357,2.42,2.84,0.49,1.083,3.265,7.134,12.712,14.811,12.97,,,,,,,,,,,,,,,,,,,,,,,,,,,,,,,,,,,,,,,,,,,,,,,,,,,,,,,,,,,,,,,,,,,,,,,,,,,,,,,,,,,,,,,,,,,,,,,,,,,,,,,,,,,,,,,,,,,,,,,,,,,,,,,,,
l2_neo4j_graph_olap_sf1_r2,8d6af9475,l2,neo4j_graph,olap,sf1,2,paper,0-11,client_server,8g,2026-09-10T14:55:12.747216+00:00,full+client,8g,8.0,0-11,sha256:4bae36aff76271e27fd6a6ed0835413f86a284cd179cfb1cb7d188f5f7533aca,neo4j@sha256:4bae36aff76271e27fd6a6ed0835413f86a284cd179cfb1cb7d188f5f7533aca,8g,769.1,0.4,1.1,,0,False,,1.066,neo4j:5.26.28,,,,,,,,,,,,,,,,,,,,,0.0,783.8,253.2,530.6,True,784.9,15.4,4958.1,4590.5,4590.5,0.0,323.3,0.0,649.6,323.3,43648977,93.2,86.9,86.9,0.0,0.9,0.0,0.3,0.9,3384373,5051.4,4677.4,0.0,4677.4,649.9,0.0,4677.4,47033350,20260910T145218Z,,,,,,,,,,,,,,,,,,,,,,,,,,,l2_neo4j_graph_olap_sf1_r2.clientlog,,l2_neo4j_graph_olap_sf1_r2.serverlog,,,,,,,,,,,,5.11,,,,,,,,,,,,,4g,,,,,,,,,10995,ldbc-sf1,197.31,30.63,35.86,44.26,31.29,28.18,100,10,153.93,55.16,59.2,69.7,56.02,52.54,100,10,135.66,52.63,56.17,57.39,53.22,50.6,100,10,True,9892,180623,9892,4g,3.0g,,,,,,,,,,,,,,,,,,,,,,,,,,,,,,,,,,,,,,,,,,,,,,,,,,,,,,,,,,,,,,,,,,,,,,,,,,,,,,,,,,,,,,,,,,,,,,,,,,,,,,,,,,,,,,,,,,,,,,,,,,,,,,,,,,,,,,,,,,,,,,,,,,,,,,,
l2_neo4j_graph_oltp_sf1_r3,8d6af9475,l2,neo4j_graph,oltp,sf1,3,paper,0-11,client_server,8g,2026-09-10T14:53:28.167545+00:00,full+client,8g,8.0,0-11,sha256:4bae36aff76271e27fd6a6ed0835413f86a284cd179cfb1cb7d188f5f7533aca,neo4j@sha256:4bae36aff76271e27fd6a6ed0835413f86a284cd179cfb1cb7d188f5f7533aca,8g,769.1,0.6,1.1,,0,False,,1.096,neo4j:5.26.28,,,,,,,,,,,,,,,,,,,,,0.0,784.0,253.2,530.8,True,785.1,15.4,5001.6,4631.4,4631.4,0.0,323.8,0.0,659.4,323.8,48238456,92.8,86.8,86.8,0.0,0.9,0.0,0.4,0.9,4452241,5094.4,4718.3,0.0,4718.3,659.8,0.0,4718.3,52690697,20260910T145218Z,,,,,,,,,,,,,,,,,,,,,,,,,,,l2_neo4j_graph_oltp_sf1_r3.clientlog,,l2_neo4j_graph_oltp_sf1_r3.serverlog,,,,,,,,,,,,5.0,,,,,,,,,,,,,4g,,,,,,,,,10995,ldbc-sf1,,,,,,,,,,,,,,,,,,,,,,,,,,9892,180623,9892,4g,3.0g,4.905,8.927,10.899,4.085,5.707,6.306,3.825,4.881,6.371,2.275,3.173,3.539,0.334,2.392,2.778,0.441,0.944,1.459,7.233,13.381,18.311,12.87,,,,,,,,,,,,,,,,,,,,,,,,,,,,,,,,,,,,,,,,,,,,,,,,,,,,,,,,,,,,,,,,,,,,,,,,,,,,,,,,,,,,,,,,,,,,,,,,,,,,,,,,,,,,,,,,,,,,,,,,,,,,,,,,,
l2_neo4j_graph_olap_sf1_r3,8d6af9475,l2,neo4j_graph,olap,sf1,3,paper,0-11,client_server,8g,2026-09-10T14:52:19.075378+00:00,full+client,8g,8.0,0-11,sha256:4bae36aff76271e27fd6a6ed0835413f86a284cd179cfb1cb7d188f5f7533aca,neo4j@sha256:4bae36aff76271e27fd6a6ed0835413f86a284cd179cfb1cb7d188f5f7533aca,8g,769.1,0.4,1.1,,0,False,,1.104,neo4j:5.26.28,,,,,,,,,,,,,,,,,,,,,0.0,783.8,253.2,530.6,True,784.9,15.4,4954.6,4586.9,4586.9,0.0,323.3,0.0,649.6,323.3,43698295,93.0,86.9,86.9,0.0,0.9,0.0,0.1,0.9,3263457,5047.6,4673.7,0.0,4673.7,649.8,0.0,4673.7,46961752,20260910T145218Z,,,,,,,,,,,,,,,,,,,,,,,,,,,l2_neo4j_graph_olap_sf1_r3.clientlog,,l2_neo4j_graph_olap_sf1_r3.serverlog,,,,,,,,,,,,5.2,,,,,,,,,,,,,4g,,,,,,,,,10995,ldbc-sf1,245.29,28.06,35.09,41.17,28.95,26.86,100,10,141.77,57.08,59.12,67.22,57.43,55.21,100,10,132.23,50.0,52.27,60.01,50.36,47.73,100,10,True,9892,180623,9892,4g,3.0g,,,,,,,,,,,,,,,,,,,,,,,,,,,,,,,,,,,,,,,,,,,,,,,,,,,,,,,,,,,,,,,,,,,,,,,,,,,,,,,,,,,,,,,,,,,,,,,,,,,,,,,,,,,,,,,,,,,,,,,,,,,,,,,,,,,,,,,,,,,,,,,,,,,,,,,
l2_neo4j_graph_olap_sf1_r4,8d6af9475,l2,neo4j_graph,olap,sf1,4,paper,0-11,client_server,8g,2026-09-10T14:54:01.808372+00:00,full+client,8g,8.0,0-11,sha256:4bae36aff76271e27fd6a6ed0835413f86a284cd179cfb1cb7d188f5f7533aca,neo4j@sha256:4bae36aff76271e27fd6a6ed0835413f86a284cd179cfb1cb7d188f5f7533aca,8g,769.1,0.4,1.1,,0,False,,1.082,neo4j:5.26.28,,,,,,,,,,,,,,,,,,,,,0.0,783.8,253.2,530.6,True,784.9,15.4,5005.3,4637.3,4637.3,0.0,323.3,0.0,649.6,323.3,43792672,93.5,86.8,86.8,0.0,0.9,0.0,0.1,0.9,3350532,5098.8,4724.2,0.0,4724.2,649.8,0.0,4724.2,47143204,20260910T145218Z,,,,,,,,,,,,,,,,,,,,,,,,,,,l2_neo4j_graph_olap_sf1_r4.clientlog,,l2_neo4j_graph_olap_sf1_r4.serverlog,,,,,,,,,,,,5.22,,,,,,,,,,,,,4g,,,,,,,,,10995,ldbc-sf1,190.76,29.65,38.3,41.06,30.71,27.9,100,10,136.69,57.24,61.82,73.47,58.04,54.63,100,10,132.57,51.78,55.03,60.84,52.23,50.02,100,10,True,9892,180623,9892,4g,3.0g,,,,,,,,,,,,,,,,,,,,,,,,,,,,,,,,,,,,,,,,,,,,,,,,,,,,,,,,,,,,,,,,,,,,,,,,,,,,,,,,,,,,,,,,,,,,,,,,,,,,,,,,,,,,,,,,,,,,,,,,,,,,,,,,,,,,,,,,,,,,,,,,,,,,,,,
l2_neo4j_graph_oltp_sf1_r4,8d6af9475,l2,neo4j_graph,oltp,sf1,4,paper,0-11,client_server,8g,2026-09-10T14:52:54.254082+00:00,full+client,8g,8.0,0-11,sha256:4bae36aff76271e27fd6a6ed0835413f86a284cd179cfb1cb7d188f5f7533aca,neo4j@sha256:4bae36aff76271e27fd6a6ed0835413f86a284cd179cfb1cb7d188f5f7533aca,8g,769.1,0.4,1.1,,0,False,,1.072,neo4j:5.26.28,,,,,,,,,,,,,,,,,,,,,0.0,784.0,253.2,530.8,True,785.1,15.6,5008.1,4643.9,4639.6,0.0,323.8,0.0,659.4,323.8,48408294,93.7,86.9,86.9,0.0,0.9,0.0,0.4,0.9,4405198,5101.8,4730.8,0.0,4730.8,659.7,0.0,4726.5,52813492,20260910T145218Z,,,,,,,,,,,,,,,,,,,,,,,,,,,l2_neo4j_graph_oltp_sf1_r4.clientlog,,l2_neo4j_graph_oltp_sf1_r4.serverlog,,,,,,,,,,,,4.99,,,,,,,,,,,,,4g,,,,,,,,,10995,ldbc-sf1,,,,,,,,,,,,,,,,,,,,,,,,,,9892,180623,9892,4g,3.0g,5.076,8.279,10.887,4.306,5.985,6.994,3.732,5.055,6.461,2.272,3.297,3.599,0.404,2.397,2.636,0.504,1.059,3.483,7.129,14.001,19.937,13.24,,,,,,,,,,,,,,,,,,,,,,,,,,,,,,,,,,,,,,,,,,,,,,,,,,,,,,,,,,,,,,,,,,,,,,,,,,,,,,,,,,,,,,,,,,,,,,,,,,,,,,,,,,,,,,,,,,,,,,,,,,,,,,,,,
l2_neo4j_graph_oltp_sf1_r5,8d6af9475,l2,neo4j_graph,oltp,sf1,5,paper,0-11,client_server,8g,2026-09-10T14:56:23.581944+00:00,full+client,8g,8.0,0-11,sha256:4bae36aff76271e27fd6a6ed0835413f86a284cd179cfb1cb7d188f5f7533aca,neo4j@sha256:4bae36aff76271e27fd6a6ed0835413f86a284cd179cfb1cb7d188f5f7533aca,8g,769.1,0.5,1.1,,0,False,,1.106,neo4j:5.26.28,,,,,,,,,,,,,,,,,,,,,0.0,784.0,253.2,530.8,True,785.1,15.5,4999.5,4640.1,4627.8,0.0,323.9,0.0,663.0,323.9,48770581,93.3,86.9,86.9,0.0,0.9,0.0,0.3,0.9,4518371,5092.7,4727.0,0.0,4727.0,663.3,0.0,4714.7,53288952,20260910T145218Z,,,,,,,,,,,,,,,,,,,,,,,,,,,l2_neo4j_graph_oltp_sf1_r5.clientlog,,l2_neo4j_graph_oltp_sf1_r5.serverlog,,,,,,,,,,,,5.22,,,,,,,,,,,,,4g,,,,,,,,,10995,ldbc-sf1,,,,,,,,,,,,,,,,,,,,,,,,,,9892,180623,9892,4g,3.0g,4.954,8.956,10.704,4.007,5.975,6.865,4.018,5.294,6.495,2.41,3.647,4.2,0.334,2.221,2.623,0.513,1.127,2.517,7.752,16.767,21.422,13.63,,,,,,,,,,,,,,,,,,,,,,,,,,,,,,,,,,,,,,,,,,,,,,,,,,,,,,,,,,,,,,,,,,,,,,,,,,,,,,,,,,,,,,,,,,,,,,,,,,,,,,,,,,,,,,,,,,,,,,,,,,,,,,,,,
l2_neo4j_graph_olap_sf1_r5,8d6af9475,l2,neo4j_graph,olap,sf1,5,paper,0-11,client_server,8g,2026-09-10T14:55:47.786051+00:00,full+client,8g,8.0,0-11,sha256:4bae36aff76271e27fd6a6ed0835413f86a284cd179cfb1cb7d188f5f7533aca,neo4j@sha256:4bae36aff76271e27fd6a6ed0835413f86a284cd179cfb1cb7d188f5f7533aca,8g,769.1,0.4,1.1,,0,False,,1.069,neo4j:5.26.28,,,,,,,,,,,,,,,,,,,,,0.0,783.8,253.2,530.6,True,784.9,15.4,4965.1,4601.0,4597.4,0.0,323.3,0.0,649.6,323.3,44474016,93.2,87.0,87.0,0.0,0.9,0.0,0.3,0.9,3350171,5058.2,4687.9,0.0,4687.9,649.9,0.0,4684.4,47824187,20260910T145218Z,,,,,,,,,,,,,,,,,,,,,,,,,,,l2_neo4j_graph_olap_sf1_r5.clientlog,,l2_neo4j_graph_olap_sf1_r5.serverlog,,,,,,,,,,,,5.27,,,,,,,,,,,,,4g,,,,,,,,,10995,ldbc-sf1,228.45,30.68,37.09,41.75,31.49,28.53,100,10,150.83,58.44,63.3,71.75,59.04,55.87,100,10,137.94,54.71,57.48,63.57,55.04,52.34,100,10,True,9892,180623,9892,4g,3.0g,,,,,,,,,,,,,,,,,,,,,,,,,,,,,,,,,,,,,,,,,,,,,,,,,,,,,,,,,,,,,,,,,,,,,,,,,,,,,,,,,,,,,,,,,,,,,,,,,,,,,,,,,,,,,,,,,,,,,,,,,,,,,,,,,,,,,,,,,,,,,,,,,,,,,,,
l2_arcadedb_graph_embedded_olap_sf10_r1,8d6af9475,l2,arcadedb_graph_embedded,olap,sf10,1,paper,0-11,embedded,24g,2026-09-10T13:31:21.947594+00:00,,,,,,,,,0.1,161.2,,0,False,,0.59,26.9.1.dev0,,,,,,,,,,,,,,,,,,,,,0.074,,,,,161.2,161.1,,,,,,,,,,8608.1,8373.4,1242.6,0.0,269.8,0.2,887.5,161.3,135230354,8608.1,8373.4,0.0,8373.4,887.5,0.2,1242.6,135230354,20260910T124608Z,,,,,,,,,,,,,,,,,,,,,,,,,,,l2_arcadedb_graph_embedded_olap_sf10_r1.clientlog,,,,,,,,,,,,,,24.79,,,,,,,,,,,,,12g,,,,,,,,,72949,ldbc-sf10,208.6,52.41,54.26,62.59,52.97,51.22,100,10,503.79,435.06,446.91,459.79,436.99,429.14,100,10,542.2,444.51,447.97,462.38,445.18,440.07,100,10,True,65645,1938516,65645,,,,,,,,,,,,,,,,,,,,,,,,,,,,,,,,,,,,,,,,,,,,,,,,,,,,,,,,,,,,,,,,2.058,,,,,,,,,,,,,,,,,,,,,,,,,,,,,,,,,,,,,,,,,,,,,,,,,,,,,,,,,,,,,,,,,,,,,,,,,,,,,,,,,,,,,,,,,
l2_arcadedb_graph_embedded_oltp_sf10_r1,8d6af9475,l2,arcadedb_graph_embedded,oltp,sf10,1,paper,0-11,embedded,24g,2026-09-10T13:27:00.438964+00:00,,,,,,,,,0.1,128.6,,0,False,,0.588,26.9.1.dev0,,,,,,,,,,,,,,,,,,,,,0.084,,,,,128.6,128.5,,,,,,,,,,8459.3,8242.3,2155.8,0.0,248.1,0.0,924.5,128.5,39890886,8459.3,8242.3,0.0,8242.3,924.5,0.0,2155.8,39890886,20260910T124608Z,,,,,,,,,,,,,,,,,,,,,,,,,,,l2_arcadedb_graph_embedded_oltp_sf10_r1.clientlog,,,,,,,,,,,,,,22.96,,,,,,,,,,,,,12g,,,,,,,,,72949,ldbc-sf10,,,,,,,,,,,,,,,,,,,,,,,,,,65645,1938516,65645,,,0.481,0.801,1.116,0.614,1.011,1.364,1.671,9.55,17.366,0.238,0.313,0.478,0.325,0.418,0.528,1.282,7.948,15.745,0.663,0.796,0.974,1.65,,,,,,,,,,,,,,,,,,,,,,,,,,,,,,,,,,,,,,,,,,,,,,,,,,,,,,,,,,,,,,,,,,,,,,,,,,,,,,,,,,,,,,,,,,,,,,,,,,,,,,,,,,,,,,,,,,,,,,,,,,,,,,,,,
l2_arcadedb_graph_embedded_olap_sf10_r1,8d6af9475,l2,arcadedb_graph_embedded,olap,sf10,1,paper,0-11,embedded,24g,2026-09-10T14:39:25.726440+00:00,,,,,,,,,0.1,128.6,,0,False,,0.61,26.9.1.dev0,,,,,,,,,,,,,,,,,,,,,0.022,,,,,128.6,128.5,,,,,,,,,,8540.0,8365.6,134.6,0.0,243.9,0.0,970.7,128.5,310334300,8540.0,8365.6,0.0,8365.6,970.7,0.0,134.6,310334300,20260910T135417Z,,,,,,,,,,,,,,,,,,,,,,,,,,,l2_arcadedb_graph_embedded_olap_sf10_r1.clientlog,,,,,,,,,,,,,,23.0,,,,,,,,,,,,,12g,,,,,,,,,72949,ldbc-sf10,572.38,370.89,380.4,387.35,371.69,365.58,100,10,1244.56,1150.43,1158.41,1185.44,1151.62,1140.48,100,10,1206.13,1156.61,1168.6,1180.75,1157.63,1147.05,100,10,False,65645,1938516,65645,,,,,,,,,,,,,,,,,,,,,,,,,,,,,,,,,,,,,,,,,,,,,,,,,,,,,,,,,,,,,,,,0.0,,,,,,nogav,,,,,,,,,,,,,,,,,,,,,,,,,,,,,,,,,,,,,,,,,,,,,,,,,,,,,,,,,,,,,,,,,,,,,,,,,,,,,,,,,,,
l2_arcadedb_graph_embedded_olap_sf10_r2,8d6af9475,l2,arcadedb_graph_embedded,olap,sf10,2,paper,0-11,embedded,24g,2026-09-10T13:33:23.315863+00:00,,,,,,,,,0.1,161.2,,0,False,,0.587,26.9.1.dev0,,,,,,,,,,,,,,,,,,,,,0.061,,,,,161.2,161.1,,,,,,,,,,8661.7,8394.6,1024.4,0.0,225.0,0.0,1019.6,161.2,137578447,8661.7,8394.6,0.0,8394.6,1019.6,0.0,1024.4,137578447,20260910T124608Z,,,,,,,,,,,,,,,,,,,,,,,,,,,l2_arcadedb_graph_embedded_olap_sf10_r2.clientlog,,,,,,,,,,,,,,24.89,,,,,,,,,,,,,12g,,,,,,,,,72949,ldbc-sf10,212.9,51.32,53.66,61.49,52.2,50.64,100,10,517.85,435.29,442.12,446.39,435.8,427.45,100,10,523.66,461.13,466.0,468.91,461.46,449.06,100,10,True,65645,1938516,65645,,,,,,,,,,,,,,,,,,,,,,,,,,,,,,,,,,,,,,,,,,,,,,,,,,,,,,,,,,,,,,,,2.058,,,,,,,,,,,,,,,,,,,,,,,,,,,,,,,,,,,,,,,,,,,,,,,,,,,,,,,,,,,,,,,,,,,,,,,,,,,,,,,,,,,,,,,,,
l2_arcadedb_graph_embedded_oltp_sf10_r2,8d6af9475,l2,arcadedb_graph_embedded,oltp,sf10,2,paper,0-11,embedded,24g,2026-09-10T13:45:11.343304+00:00,,,,,,,,,0.1,128.6,,0,False,,0.581,26.9.1.dev0,,,,,,,,,,,,,,,,,,,,,0.035,,,,,128.6,128.5,,,,,,,,,,8467.6,8240.9,7256.5,0.0,275.5,0.0,916.0,128.5,39545816,8467.6,8240.9,0.0,8240.9,916.0,0.0,7256.5,39545816,20260910T124608Z,,,,,,,,,,,,,,,,,,,,,,,,,,,l2_arcadedb_graph_embedded_oltp_sf10_r2.clientlog,,,,,,,,,,,,,,22.59,,,,,,,,,,,,,12g,,,,,,,,,72949,ldbc-sf10,,,,,,,,,,,,,,,,,,,,,,,,,,65645,1938516,65645,,,0.5,0.865,0.954,0.601,0.991,1.412,1.623,9.685,19.513,0.236,0.307,0.362,0.32,0.425,0.568,1.237,7.998,15.396,0.611,0.724,0.794,1.67,,,,,,,,,,,,,,,,,,,,,,,,,,,,,,,,,,,,,,,,,,,,,,,,,,,,,,,,,,,,,,,,,,,,,,,,,,,,,,,,,,,,,,,,,,,,,,,,,,,,,,,,,,,,,,,,,,,,,,,,,,,,,,,,,
l2_arcadedb_graph_embedded_olap_sf10_r2,8d6af9475,l2,arcadedb_graph_embedded,olap,sf10,2,paper,0-11,embedded,24g,2026-09-10T14:44:21.648071+00:00,,,,,,,,,0.1,128.6,,0,False,,0.586,26.9.1.dev0,,,,,,,,,,,,,,,,,,,,,0.022,,,,,128.6,128.5,,,,,,,,,,8456.5,8272.7,4378.6,0.0,227.3,0.0,1010.2,128.5,316390404,8456.5,8272.7,0.0,8272.7,1010.2,0.0,4378.6,316390404,20260910T135417Z,,,,,,,,,,,,,,,,,,,,,,,,,,,l2_arcadedb_graph_embedded_olap_sf10_r2.clientlog,,,,,,,,,,,,,,23.0,,,,,,,,,,,,,12g,,,,,,,,,72949,ldbc-sf10,555.23,360.13,370.28,375.66,360.94,358.56,100,10,1290.65,1173.56,1184.95,1191.02,1173.46,1151.95,100,10,1304.11,1207.92,1220.36,1230.57,1209.21,1199.68,100,10,False,65645,1938516,65645,,,,,,,,,,,,,,,,,,,,,,,,,,,,,,,,,,,,,,,,,,,,,,,,,,,,,,,,,,,,,,,,0.0,,,,,,nogav,,,,,,,,,,,,,,,,,,,,,,,,,,,,,,,,,,,,,,,,,,,,,,,,,,,,,,,,,,,,,,,,,,,,,,,,,,,,,,,,,,,
l2_arcadedb_graph_embedded_oltp_sf10_r3,8d6af9475,l2,arcadedb_graph_embedded,oltp,sf10,3,paper,0-11,embedded,24g,2026-09-10T13:26:34.223430+00:00,,,,,,,,,0.1,128.6,,0,False,,0.587,26.9.1.dev0,,,,,,,,,,,,,,,,,,,,,0.035,,,,,128.6,128.5,,,,,,,,,,8418.6,8202.4,2571.0,0.0,262.2,0.0,986.4,128.5,39400206,8418.6,8202.4,0.0,8202.4,986.4,0.0,2571.0,39400206,20260910T124608Z,,,,,,,,,,,,,,,,,,,,,,,,,,,l2_arcadedb_graph_embedded_oltp_sf10_r3.clientlog,,,,,,,,,,,,,,22.76,,,,,,,,,,,,,12g,,,,,,,,,72949,ldbc-sf10,,,,,,,,,,,,,,,,,,,,,,,,,,65645,1938516,65645,,,0.505,0.81,1.081,0.607,0.997,1.398,1.579,9.507,16.521,0.249,0.329,0.456,0.322,0.44,0.544,1.263,7.794,15.287,0.659,0.778,0.946,1.65,,,,,,,,,,,,,,,,,,,,,,,,,,,,,,,,,,,,,,,,,,,,,,,,,,,,,,,,,,,,,,,,,,,,,,,,,,,,,,,,,,,,,,,,,,,,,,,,,,,,,,,,,,,,,,,,,,,,,,,,,,,,,,,,,
l2_arcadedb_graph_embedded_olap_sf10_r3,8d6af9475,l2,arcadedb_graph_embedded,olap,sf10,3,paper,0-11,embedded,24g,2026-09-10T13:45:37.355934+00:00,,,,,,,,,0.1,161.2,,0,False,,0.585,26.9.1.dev0,,,,,,,,,,,,,,,,,,,,,0.087,,,,,161.2,161.1,,,,,,,,,,8679.6,8384.6,4850.8,0.0,251.8,0.0,982.4,161.2,137476766,8679.6,8384.6,0.0,8384.6,982.4,0.0,4850.8,137476766,20260910T124608Z,,,,,,,,,,,,,,,,,,,,,,,,,,,l2_arcadedb_graph_embedded_olap_sf10_r3.clientlog,,,,,,,,,,,,,,25.01,,,,,,,,,,,,,12g,,,,,,,,,72949,ldbc-sf10,251.88,51.94,53.35,56.72,52.2,50.66,100,10,520.57,450.78,457.76,465.37,450.67,440.93,100,10,610.34,448.76,455.46,468.66,449.76,443.16,100,10,True,65645,1938516,65645,,,,,,,,,,,,,,,,,,,,,,,,,,,,,,,,,,,,,,,,,,,,,,,,,,,,,,,,,,,,,,,,2.059,,,,,,,,,,,,,,,,,,,,,,,,,,,,,,,,,,,,,,,,,,,,,,,,,,,,,,,,,,,,,,,,,,,,,,,,,,,,,,,,,,,,,,,,,
l2_arcadedb_graph_embedded_olap_sf10_r3,8d6af9475,l2,arcadedb_graph_embedded,olap,sf10,3,paper,0-11,embedded,24g,2026-09-10T14:05:26.837902+00:00,,,,,,,,,0.1,128.6,,0,False,,0.592,26.9.1.dev0,,,,,,,,,,,,,,,,,,,,,0.022,,,,,128.6,128.5,,,,,,,,,,8514.1,8348.5,5549.7,0.0,240.6,0.0,1029.4,128.5,315733684,8514.1,8348.5,0.0,8348.5,1029.4,0.0,5549.7,315733684,20260910T135417Z,,,,,,,,,,,,,,,,,,,,,,,,,,,l2_arcadedb_graph_embedded_olap_sf10_r3.clientlog,,,,,,,,,,,,,,22.86,,,,,,,,,,,,,12g,,,,,,,,,72949,ldbc-sf10,557.62,358.05,368.85,374.33,359.37,356.41,100,10,1201.02,1170.63,1188.35,1198.17,1171.13,1148.2,100,10,1286.27,1200.87,1208.4,1211.11,1201.02,1189.12,100,10,False,65645,1938516,65645,,,,,,,,,,,,,,,,,,,,,,,,,,,,,,,,,,,,,,,,,,,,,,,,,,,,,,,,,,,,,,,,0.0,,,,,,nogav,,,,,,,,,,,,,,,,,,,,,,,,,,,,,,,,,,,,,,,,,,,,,,,,,,,,,,,,,,,,,,,,,,,,,,,,,,,,,,,,,,,
l2_arcadedb_graph_embedded_olap_sf10_r4,8d6af9475,l2,arcadedb_graph_embedded,olap,sf10,4,paper,0-11,embedded,24g,2026-09-10T13:35:26.202894+00:00,,,,,,,,,0.1,161.2,,0,False,,0.589,26.9.1.dev0,,,,,,,,,,,,,,,,,,,,,0.072,,,,,161.2,161.1,,,,,,,,,,8694.0,8388.6,7990.4,0.0,246.7,0.0,1019.1,161.2,138699446,8694.0,8388.6,0.0,8388.6,1019.1,0.0,7990.4,138699446,20260910T124608Z,,,,,,,,,,,,,,,,,,,,,,,,,,,l2_arcadedb_graph_embedded_olap_sf10_r4.clientlog,,,,,,,,,,,,,,25.15,,,,,,,,,,,,,12g,,,,,,,,,72949,ldbc-sf10,205.64,52.43,54.27,64.56,52.85,51.32,100,10,519.35,440.17,448.51,472.51,441.16,433.27,100,10,509.34,464.07,469.21,470.79,464.55,458.64,100,10,True,65645,1938516,65645,,,,,,,,,,,,,,,,,,,,,,,,,,,,,,,,,,,,,,,,,,,,,,,,,,,,,,,,,,,,,,,,2.049,,,,,,,,,,,,,,,,,,,,,,,,,,,,,,,,,,,,,,,,,,,,,,,,,,,,,,,,,,,,,,,,,,,,,,,,,,,,,,,,,,,,,,,,,
l2_arcadedb_graph_embedded_oltp_sf10_r4,8d6af9475,l2,arcadedb_graph_embedded,oltp,sf10,4,paper,0-11,embedded,24g,2026-09-10T12:48:13.959506+00:00,,,,,,,,,0.1,128.6,,0,False,,0.603,26.9.1.dev0,,,,,,,,,,,,,,,,,,,,,0.057,,,,,128.6,128.5,,,,,,,,,,8532.1,8315.2,4802.0,0.0,232.6,0.0,1048.6,128.5,39743908,8532.1,8315.2,0.0,8315.2,1048.6,0.0,4802.0,39743908,20260910T124608Z,,,,,,,,,,,,,,,,,,,,,,,,,,,l2_arcadedb_graph_embedded_oltp_sf10_r4.clientlog,,,,,,,,,,,,,,22.97,,,,,,,,,,,,,12g,,,,,,,,,72949,ldbc-sf10,,,,,,,,,,,,,,,,,,,,,,,,,,65645,1938516,65645,,,0.495,0.811,1.026,0.636,1.09,1.393,1.72,9.633,17.51,0.25,0.411,0.483,0.349,0.514,0.621,1.403,8.179,16.235,0.661,0.776,0.924,1.7,,,,,,,,,,,,,,,,,,,,,,,,,,,,,,,,,,,,,,,,,,,,,,,,,,,,,,,,,,,,,,,,,,,,,,,,,,,,,,,,,,,,,,,,,,,,,,,,,,,,,,,,,,,,,,,,,,,,,,,,,,,,,,,,,
l2_arcadedb_graph_embedded_olap_sf10_r4,8d6af9475,l2,arcadedb_graph_embedded,olap,sf10,4,paper,0-11,embedded,24g,2026-09-10T14:00:24.410212+00:00,,,,,,,,,0.1,128.6,,0,False,,0.587,26.9.1.dev0,,,,,,,,,,,,,,,,,,,,,0.022,,,,,128.6,128.5,,,,,,,,,,8478.0,8304.6,772.0,0.0,253.2,0.0,890.9,128.5,317261426,8478.0,8304.6,0.0,8304.6,890.9,0.0,772.0,317261426,20260910T135417Z,,,,,,,,,,,,,,,,,,,,,,,,,,,l2_arcadedb_graph_embedded_olap_sf10_r4.clientlog,,,,,,,,,,,,,,22.73,,,,,,,,,,,,,12g,,,,,,,,,72949,ldbc-sf10,561.14,361.93,370.27,375.72,362.98,360.9,100,10,1273.1,1182.68,1195.32,1211.96,1183.23,1165.93,100,10,1249.85,1202.49,1209.03,1214.4,1202.42,1192.89,100,10,False,65645,1938516,65645,,,,,,,,,,,,,,,,,,,,,,,,,,,,,,,,,,,,,,,,,,,,,,,,,,,,,,,,,,,,,,,,0.0,,,,,,nogav,,,,,,,,,,,,,,,,,,,,,,,,,,,,,,,,,,,,,,,,,,,,,,,,,,,,,,,,,,,,,,,,,,,,,,,,,,,,,,,,,,,
l2_arcadedb_graph_embedded_olap_sf10_r5,8d6af9475,l2,arcadedb_graph_embedded,olap,sf10,5,paper,0-11,embedded,24g,2026-09-10T12:46:09.099858+00:00,,,,,,,,,0.1,161.2,,0,False,,0.59,26.9.1.dev0,,,,,,,,,,,,,,,,,,,,,0.073,,,,,161.2,161.1,,,,,,,,,,8754.8,8394.8,1345.9,0.0,349.7,176.2,940.8,249.3,139498795,8754.8,8394.8,0.0,8394.8,940.8,176.2,1345.9,139498795,20260910T124608Z,,,,,,,,,,,,,,,,,,,,,,,,,,,l2_arcadedb_graph_embedded_olap_sf10_r5.clientlog,,,,,,,,,,,,,,25.17,,,,,,,,,,,,,12g,,,,,,,,,72949,ldbc-sf10,207.43,52.92,55.17,59.74,53.27,51.55,100,10,520.23,447.47,456.87,474.87,448.35,437.13,100,10,561.01,464.04,469.85,473.92,464.53,458.45,100,10,True,65645,1938516,65645,,,,,,,,,,,,,,,,,,,,,,,,,,,,,,,,,,,,,,,,,,,,,,,,,,,,,,,,,,,,,,,,2.055,,,,,,,,,,,,,,,,,,,,,,,,,,,,,,,,,,,,,,,,,,,,,,,,,,,,,,,,,,,,,,,,,,,,,,,,,,,,,,,,,,,,,,,,,
l2_arcadedb_graph_embedded_oltp_sf10_r5,8d6af9475,l2,arcadedb_graph_embedded,oltp,sf10,5,paper,0-11,embedded,24g,2026-09-10T12:56:49.439635+00:00,,,,,,,,,0.1,128.6,,0,False,,0.595,26.9.1.dev0,,,,,,,,,,,,,,,,,,,,,0.057,,,,,128.6,128.5,,,,,,,,,,8516.6,8295.7,8295.7,0.0,268.9,0.0,839.1,128.5,40246669,8516.6,8295.7,0.0,8295.7,839.1,0.0,8295.7,40246669,20260910T124608Z,,,,,,,,,,,,,,,,,,,,,,,,,,,l2_arcadedb_graph_embedded_oltp_sf10_r5.clientlog,,,,,,,,,,,,,,22.87,,,,,,,,,,,,,12g,,,,,,,,,72949,ldbc-sf10,,,,,,,,,,,,,,,,,,,,,,,,,,65645,1938516,65645,,,0.506,0.797,0.991,0.623,1.005,1.437,1.742,9.988,17.463,0.234,0.303,0.381,0.34,0.563,0.811,1.295,8.181,15.6,0.623,0.721,0.826,1.65,,,,,,,,,,,,,,,,,,,,,,,,,,,,,,,,,,,,,,,,,,,,,,,,,,,,,,,,,,,,,,,,,,,,,,,,,,,,,,,,,,,,,,,,,,,,,,,,,,,,,,,,,,,,,,,,,,,,,,,,,,,,,,,,,
l2_arcadedb_graph_embedded_olap_sf10_r5,8d6af9475,l2,arcadedb_graph_embedded,olap,sf10,5,paper,0-11,embedded,24g,2026-09-10T14:34:33.437100+00:00,,,,,,,,,0.1,128.6,,0,False,,0.599,26.9.1.dev0,,,,,,,,,,,,,,,,,,,,,0.021,,,,,128.6,128.5,,,,,,,,,,8519.9,8275.2,8275.2,0.0,268.6,0.0,895.5,128.5,306646075,8519.9,8275.2,0.0,8275.2,895.5,0.0,8275.2,306646075,20260910T135417Z,,,,,,,,,,,,,,,,,,,,,,,,,,,l2_arcadedb_graph_embedded_olap_sf10_r5.clientlog,,,,,,,,,,,,,,22.88,,,,,,,,,,,,,12g,,,,,,,,,72949,ldbc-sf10,570.8,368.89,378.95,382.64,370.67,367.41,100,10,1253.67,1126.15,1132.87,1140.5,1125.47,1102.24,100,10,1229.38,1147.57,1158.94,1170.78,1148.31,1131.63,100,10,False,65645,1938516,65645,,,,,,,,,,,,,,,,,,,,,,,,,,,,,,,,,,,,,,,,,,,,,,,,,,,,,,,,,,,,,,,,0.0,,,,,,nogav,,,,,,,,,,,,,,,,,,,,,,,,,,,,,,,,,,,,,,,,,,,,,,,,,,,,,,,,,,,,,,,,,,,,,,,,,,,,,,,,,,,
l2_arcadedb_graph_server_oltp_sf10_r1,8d6af9475,l2,arcadedb_graph_server,oltp,sf10,1,paper,0-11,client_server,24g,2026-09-10T12:48:40.527006+00:00,full+client,8g,24.0,0-11,sha256:49058eefd65d6a6a297fa7fc4c2f1600edbf9e3b3d495cbae0f64815498cb9d9,arcadedb-c25:8d6af9475,24g,0.3,0.1,0.1,,0,False,,8.396,server:26.9.1-SNAPSHOT (build 8d6af94753ea8446bd13ac1aed2bb79eaf78dc90/1788075753609/main),,,,,,,,,,,,,,,,,,,,,0.0,183.8,183.8,0.0,True,183.9,183.5,8332.8,8103.0,8103.0,0.0,197.9,0.0,1349.1,183.8,99509140,24.8,21.5,20.5,0.0,0.1,0.0,0.1,0.1,4285974,8357.6,8124.6,0.0,8124.6,1349.2,0.0,8123.5,103795114,20260910T124608Z,,,,,,,,,,,,,,,,,,,,,,,,,,,l2_arcadedb_graph_server_oltp_sf10_r1.clientlog,,l2_arcadedb_graph_server_oltp_sf10_r1.serverlog,,,,,,,,,,,,71.72,,,,,,,,,,,,,12g,,,,,,,,,72949,ldbc-sf10,,,,,,,,,,,,,,,,,,,,,,,,,,65645,1938516,65645,12g,,1.195,1.416,1.59,1.347,1.883,2.232,2.486,10.187,17.064,0.933,1.101,1.189,0.984,1.145,1.288,1.926,8.673,16.404,1.385,1.67,1.808,2.65,,,,,,,,,,,,,,,,,,,,,,,,,,,,,,,,,,,,,,,,,,,,,,,,,,,,,,,,,,,,,,,,,,,,,,,,,,,,,,,,,,,,,,,,,,,,,,,,,,,,,,,,,,,,,,,,,,,,,,,,,,,,,,,,,
l2_arcadedb_graph_server_olap_sf10_r1,8d6af9475,l2,arcadedb_graph_server,olap,sf10,1,paper,0-11,client_server,24g,2026-09-10T13:38:59.135461+00:00,full+client,8g,24.0,0-11,sha256:49058eefd65d6a6a297fa7fc4c2f1600edbf9e3b3d495cbae0f64815498cb9d9,arcadedb-c25:8d6af9475,24g,0.3,0.1,0.1,,0,False,,7.855,server:26.9.1-SNAPSHOT (build 8d6af94753ea8446bd13ac1aed2bb79eaf78dc90/1788075753609/main),,,,,,,,,,,,,,,,,,,,,0.0,179.6,179.6,0.0,True,179.7,179.3,8464.0,8241.0,8241.0,0.0,218.1,0.0,1329.2,179.5,197407031,25.0,21.6,19.0,0.0,0.1,0.0,0.1,0.1,3717788,8489.1,8262.5,0.0,8262.5,1329.3,0.0,8260.0,201124819,20260910T124608Z,,,,,,,,,,,,,,,,,,,,,,,,,,,l2_arcadedb_graph_server_olap_sf10_r1.clientlog,,l2_arcadedb_graph_server_olap_sf10_r1.serverlog,,,,,,,,,,,,73.05,,,,,,,,,,,,,12g,,,,,,,,,72949,ldbc-sf10,244.41,55.2,57.56,64.73,55.52,53.61,100,10,533.13,452.36,464.41,468.57,453.7,443.17,100,10,535.7,458.11,462.7,476.27,458.32,451.25,100,10,True,65645,1938516,65645,12g,,,,,,,,,,,,,,,,,,,,,,,,,,,,,,,,,,,,,,,,,,,,,,,,,,,,,,,,,,,,,,,2.045,,,,,,,,,,,,,,,,,,,,,,,,,,,,,,,,,,,,,,,,,,,,,,,,,,,,,,,,,,,,,,,,,,,,,,,,,,,,,,,,,,,,,,,,,
l2_arcadedb_graph_server_olap_sf10_r1,8d6af9475,l2,arcadedb_graph_server,olap,sf10,1,paper,0-11,client_server,24g,2026-09-10T14:16:29.143683+00:00,full+client,8g,24.0,0-11,sha256:49058eefd65d6a6a297fa7fc4c2f1600edbf9e3b3d495cbae0f64815498cb9d9,arcadedb-c25:8d6af9475,24g,0.3,0.1,0.1,,0,False,,7.718,server:26.9.1-SNAPSHOT (build 8d6af94753ea8446bd13ac1aed2bb79eaf78dc90/1788075753609/main),,,,,,,,,,,,,,,,,,,,,0.0,128.6,128.6,0.0,True,128.7,128.3,8308.4,8138.5,8134.9,0.0,196.8,0.0,1224.5,128.5,367251591,25.0,21.6,19.0,0.0,0.1,0.0,0.1,0.1,3767614,8333.4,8160.1,0.0,8160.1,1224.6,0.0,8153.9,371019205,20260910T135417Z,,,,,,,,,,,,,,,,,,,,,,,,,,,l2_arcadedb_graph_server_olap_sf10_r1.clientlog,,l2_arcadedb_graph_server_olap_sf10_r1.serverlog,,,,,,,,,,,,70.86,,,,,,,,,,,,,12g,,,,,,,,,72949,ldbc-sf10,566.61,341.6,349.56,354.37,342.64,338.29,100,10,1255.07,1168.53,1184.55,1191.34,1170.21,1149.17,100,10,1283.96,1165.87,1177.33,1191.84,1166.71,1135.05,100,10,False,65645,1938516,65645,12g,,,,,,,,,,,,,,,,,,,,,,,,,,,,,,,,,,,,,,,,,,,,,,,,,,,,,,,,,,,,,,,0.0,,,,,,nogav,,,,,,,,,,,,,,,,,,,,,,,,,,,,,,,,,,,,,,,,,,,,,,,,,,,,,,,,,,,,,,,,,,,,,,,,,,,,,,,,,,,
l2_arcadedb_graph_server_oltp_sf10_r2,8d6af9475,l2,arcadedb_graph_server,oltp,sf10,2,paper,0-11,client_server,24g,2026-09-10T12:55:22.092788+00:00,full+client,8g,24.0,0-11,sha256:49058eefd65d6a6a297fa7fc4c2f1600edbf9e3b3d495cbae0f64815498cb9d9,arcadedb-c25:8d6af9475,24g,0.3,0.1,0.1,,0,False,,7.433,server:26.9.1-SNAPSHOT (build 8d6af94753ea8446bd13ac1aed2bb79eaf78dc90/1788075753609/main),,,,,,,,,,,,,,,,,,,,,0.0,166.8,166.8,0.0,True,166.9,166.5,8311.8,8101.9,8101.9,0.0,199.3,0.0,1329.7,166.7,97679774,25.2,21.6,20.5,0.0,0.1,0.0,0.1,0.1,4272457,8337.0,8123.4,0.0,8123.4,1329.8,0.0,8122.4,101952231,20260910T124608Z,,,,,,,,,,,,,,,,,,,,,,,,,,,l2_arcadedb_graph_server_oltp_sf10_r2.clientlog,,l2_arcadedb_graph_server_oltp_sf10_r2.serverlog,,,,,,,,,,,,71.01,,,,,,,,,,,,,12g,,,,,,,,,72949,ldbc-sf10,,,,,,,,,,,,,,,,,,,,,,,,,,65645,1938516,65645,12g,,1.168,1.506,1.655,1.33,1.753,2.108,2.556,11.121,19.421,0.958,1.125,1.185,0.984,1.116,1.246,1.862,8.389,15.69,1.388,1.669,1.797,2.66,,,,,,,,,,,,,,,,,,,,,,,,,,,,,,,,,,,,,,,,,,,,,,,,,,,,,,,,,,,,,,,,,,,,,,,,,,,,,,,,,,,,,,,,,,,,,,,,,,,,,,,,,,,,,,,,,,,,,,,,,,,,,,,,,
l2_arcadedb_graph_server_olap_sf10_r2,8d6af9475,l2,arcadedb_graph_server,olap,sf10,2,paper,0-11,client_server,24g,2026-09-10T13:22:52.487140+00:00,full+client,8g,24.0,0-11,sha256:49058eefd65d6a6a297fa7fc4c2f1600edbf9e3b3d495cbae0f64815498cb9d9,arcadedb-c25:8d6af9475,24g,0.3,0.1,0.1,,0,False,,7.493,server:26.9.1-SNAPSHOT (build 8d6af94753ea8446bd13ac1aed2bb79eaf78dc90/1788075753609/main),,,,,,,,,,,,,,,,,,,,,0.0,128.6,128.6,0.0,True,128.7,128.3,8364.7,8194.0,8194.0,0.0,224.3,0.0,1227.6,128.5,206901063,25.0,21.6,19.0,0.0,0.1,0.0,0.1,0.1,3775424,8389.7,8215.6,0.0,8215.6,1227.7,0.0,8213.0,210676487,20260910T124608Z,,,,,,,,,,,,,,,,,,,,,,,,,,,l2_arcadedb_graph_server_olap_sf10_r2.clientlog,,l2_arcadedb_graph_server_olap_sf10_r2.serverlog,,,,,,,,,,,,73.21,,,,,,,,,,,,,12g,,,,,,,,,72949,ldbc-sf10,230.89,57.68,59.09,66.93,57.94,56.25,100,10,569.63,491.02,502.26,512.04,491.73,481.92,100,10,585.31,513.08,519.61,523.47,513.09,503.92,100,10,True,65645,1938516,65645,12g,,,,,,,,,,,,,,,,,,,,,,,,,,,,,,,,,,,,,,,,,,,,,,,,,,,,,,,,,,,,,,,2.046,,,,,,,,,,,,,,,,,,,,,,,,,,,,,,,,,,,,,,,,,,,,,,,,,,,,,,,,,,,,,,,,,,,,,,,,,,,,,,,,,,,,,,,,,
l2_arcadedb_graph_server_olap_sf10_r2,8d6af9475,l2,arcadedb_graph_server,olap,sf10,2,paper,0-11,client_server,24g,2026-09-10T14:22:25.306926+00:00,full+client,8g,24.0,0-11,sha256:49058eefd65d6a6a297fa7fc4c2f1600edbf9e3b3d495cbae0f64815498cb9d9,arcadedb-c25:8d6af9475,24g,0.3,0.1,0.1,,0,False,,7.615,server:26.9.1-SNAPSHOT (build 8d6af94753ea8446bd13ac1aed2bb79eaf78dc90/1788075753609/main),,,,,,,,,,,,,,,,,,,,,0.0,153.4,153.4,0.0,True,153.5,153.1,8346.3,8163.2,8146.2,0.0,200.0,0.0,1286.5,153.3,376194555,25.1,21.5,19.0,0.0,0.1,0.0,0.1,0.1,3798577,8371.5,8184.7,0.0,8184.7,1286.6,0.0,8165.2,379993132,20260910T135417Z,,,,,,,,,,,,,,,,,,,,,,,,,,,l2_arcadedb_graph_server_olap_sf10_r2.clientlog,,l2_arcadedb_graph_server_olap_sf10_r2.serverlog,,,,,,,,,,,,70.36,,,,,,,,,,,,,12g,,,,,,,,,72949,ldbc-sf10,586.63,353.59,359.13,363.34,353.44,348.43,100,10,1288.17,1194.96,1206.3,1219.11,1195.24,1179.9,100,10,1304.43,1218.39,1229.99,1232.74,1217.97,1202.09,100,10,False,65645,1938516,65645,12g,,,,,,,,,,,,,,,,,,,,,,,,,,,,,,,,,,,,,,,,,,,,,,,,,,,,,,,,,,,,,,,0.0,,,,,,nogav,,,,,,,,,,,,,,,,,,,,,,,,,,,,,,,,,,,,,,,,,,,,,,,,,,,,,,,,,,,,,,,,,,,,,,,,,,,,,,,,,,,
l2_arcadedb_graph_server_oltp_sf10_r3,8d6af9475,l2,arcadedb_graph_server,oltp,sf10,3,paper,0-11,client_server,24g,2026-09-10T13:06:25.762628+00:00,full+client,8g,24.0,0-11,sha256:49058eefd65d6a6a297fa7fc4c2f1600edbf9e3b3d495cbae0f64815498cb9d9,arcadedb-c25:8d6af9475,24g,0.3,0.1,0.1,,0,False,,7.75,server:26.9.1-SNAPSHOT (build 8d6af94753ea8446bd13ac1aed2bb79eaf78dc90/1788075753609/main),,,,,,,,,,,,,,,,,,,,,0.0,179.7,179.7,0.0,True,179.8,179.4,8333.6,8107.7,8107.7,0.0,193.4,0.0,1344.9,179.6,98525251,24.5,21.5,20.9,0.0,0.1,0.0,0.1,0.1,4279301,8358.1,8129.2,0.0,8129.2,1345.0,0.0,8128.6,102804552,20260910T124608Z,,,,,,,,,,,,,,,,,,,,,,,,,,,l2_arcadedb_graph_server_oltp_sf10_r3.clientlog,,l2_arcadedb_graph_server_oltp_sf10_r3.serverlog,,,,,,,,,,,,71.18,,,,,,,,,,,,,12g,,,,,,,,,72949,ldbc-sf10,,,,,,,,,,,,,,,,,,,,,,,,,,65645,1938516,65645,12g,,1.17,1.891,2.105,1.382,1.819,2.186,2.529,10.921,18.977,0.942,1.047,1.127,1.016,1.207,1.311,2.002,8.637,16.014,1.597,1.96,2.156,2.77,,,,,,,,,,,,,,,,,,,,,,,,,,,,,,,,,,,,,,,,,,,,,,,,,,,,,,,,,,,,,,,,,,,,,,,,,,,,,,,,,,,,,,,,,,,,,,,,,,,,,,,,,,,,,,,,,,,,,,,,,,,,,,,,,
l2_arcadedb_graph_server_olap_sf10_r3,8d6af9475,l2,arcadedb_graph_server,olap,sf10,3,paper,0-11,client_server,24g,2026-09-10T13:42:04.544426+00:00,full+client,8g,24.0,0-11,sha256:49058eefd65d6a6a297fa7fc4c2f1600edbf9e3b3d495cbae0f64815498cb9d9,arcadedb-c25:8d6af9475,24g,0.3,0.1,0.1,,0,False,,7.694,server:26.9.1-SNAPSHOT (build 8d6af94753ea8446bd13ac1aed2bb79eaf78dc90/1788075753609/main),,,,,,,,,,,,,,,,,,,,,0.0,175.3,175.3,0.0,True,175.4,175.0,8452.8,8230.8,8230.8,0.0,202.4,0.0,1322.7,175.2,199784337,24.9,21.6,19.0,0.0,0.1,0.0,0.1,0.1,3798332,8477.7,8252.3,0.0,8252.3,1322.8,0.0,8249.8,203582669,20260910T124608Z,,,,,,,,,,,,,,,,,,,,,,,,,,,l2_arcadedb_graph_server_olap_sf10_r3.clientlog,,l2_arcadedb_graph_server_olap_sf10_r3.serverlog,,,,,,,,,,,,73.15,,,,,,,,,,,,,12g,,,,,,,,,72949,ldbc-sf10,225.3,55.35,57.13,63.68,55.67,53.74,100,10,538.67,456.38,468.7,476.05,458.21,447.3,100,10,552.03,469.21,473.95,478.08,469.14,462.27,100,10,True,65645,1938516,65645,12g,,,,,,,,,,,,,,,,,,,,,,,,,,,,,,,,,,,,,,,,,,,,,,,,,,,,,,,,,,,,,,,2.041,,,,,,,,,,,,,,,,,,,,,,,,,,,,,,,,,,,,,,,,,,,,,,,,,,,,,,,,,,,,,,,,,,,,,,,,,,,,,,,,,,,,,,,,,
l2_arcadedb_graph_server_olap_sf10_r3,8d6af9475,l2,arcadedb_graph_server,olap,sf10,3,paper,0-11,client_server,24g,2026-09-10T13:54:17.099548+00:00,full+client,8g,24.0,0-11,sha256:49058eefd65d6a6a297fa7fc4c2f1600edbf9e3b3d495cbae0f64815498cb9d9,arcadedb-c25:8d6af9475,24g,0.3,0.1,0.1,,0,False,,7.957,server:26.9.1-SNAPSHOT (build 8d6af94753ea8446bd13ac1aed2bb79eaf78dc90/1788075753609/main),,,,,,,,,,,,,,,,,,,,,0.0,179.5,179.5,0.0,True,179.6,179.2,8368.0,8149.2,8145.1,0.0,197.8,0.0,1329.8,179.4,378864483,25.2,21.6,19.0,0.0,0.1,0.0,0.1,0.1,3806176,8393.2,8170.7,0.0,8170.7,1329.9,0.0,8164.1,382670659,20260910T135417Z,,,,,,,,,,,,,,,,,,,,,,,,,,,l2_arcadedb_graph_server_olap_sf10_r3.clientlog,,l2_arcadedb_graph_server_olap_sf10_r3.serverlog,,,,,,,,,,,,70.94,,,,,,,,,,,,,12g,,,,,,,,,72949,ldbc-sf10,565.43,338.38,344.63,347.56,338.88,333.27,100,10,1300.77,1236.23,1245.86,1256.26,1237.48,1225.24,100,10,1303.4,1211.46,1220.48,1226.87,1212.2,1196.42,100,10,False,65645,1938516,65645,12g,,,,,,,,,,,,,,,,,,,,,,,,,,,,,,,,,,,,,,,,,,,,,,,,,,,,,,,,,,,,,,,0.0,,,,,,nogav,,,,,,,,,,,,,,,,,,,,,,,,,,,,,,,,,,,,,,,,,,,,,,,,,,,,,,,,,,,,,,,,,,,,,,,,,,,,,,,,,,,
l2_arcadedb_graph_server_oltp_sf10_r4,8d6af9475,l2,arcadedb_graph_server,oltp,sf10,4,paper,0-11,client_server,24g,2026-09-10T13:11:57.615442+00:00,full+client,8g,24.0,0-11,sha256:49058eefd65d6a6a297fa7fc4c2f1600edbf9e3b3d495cbae0f64815498cb9d9,arcadedb-c25:8d6af9475,24g,0.3,0.1,0.1,,0,False,,7.812,server:26.9.1-SNAPSHOT (build 8d6af94753ea8446bd13ac1aed2bb79eaf78dc90/1788075753609/main),,,,,,,,,,,,,,,,,,,,,0.0,136.1,136.1,0.0,True,136.2,135.8,8314.2,8097.3,8097.3,0.0,206.2,0.0,1312.0,136.1,98372644,25.0,21.5,20.9,0.0,0.1,0.0,0.1,0.1,4292208,8339.2,8118.8,0.0,8118.8,1312.2,0.0,8118.2,102664852,20260910T124608Z,,,,,,,,,,,,,,,,,,,,,,,,,,,l2_arcadedb_graph_server_oltp_sf10_r4.clientlog,,l2_arcadedb_graph_server_oltp_sf10_r4.serverlog,,,,,,,,,,,,71.37,,,,,,,,,,,,,12g,,,,,,,,,72949,ldbc-sf10,,,,,,,,,,,,,,,,,,,,,,,,,,65645,1938516,65645,12g,,1.192,1.551,1.767,1.339,1.96,2.588,2.321,11.021,19.334,0.944,1.11,1.265,1.015,1.237,1.354,1.949,8.591,15.861,1.44,1.727,1.898,2.68,,,,,,,,,,,,,,,,,,,,,,,,,,,,,,,,,,,,,,,,,,,,,,,,,,,,,,,,,,,,,,,,,,,,,,,,,,,,,,,,,,,,,,,,,,,,,,,,,,,,,,,,,,,,,,,,,,,,,,,,,,,,,,,,,
l2_arcadedb_graph_server_olap_sf10_r4,8d6af9475,l2,arcadedb_graph_server,olap,sf10,4,paper,0-11,client_server,24g,2026-09-10T13:03:21.320425+00:00,full+client,8g,24.0,0-11,sha256:49058eefd65d6a6a297fa7fc4c2f1600edbf9e3b3d495cbae0f64815498cb9d9,arcadedb-c25:8d6af9475,24g,0.3,0.1,0.1,,0,False,,7.318,server:26.9.1-SNAPSHOT (build 8d6af94753ea8446bd13ac1aed2bb79eaf78dc90/1788075753609/main),,,,,,,,,,,,,,,,,,,,,0.0,179.6,179.6,0.0,True,179.7,179.3,8457.0,8233.7,8233.7,0.0,197.9,0.1,1336.5,179.5,196413081,24.9,21.6,19.0,0.0,0.1,0.0,0.1,0.1,3842234,8481.9,8255.2,0.0,8255.2,1336.6,0.1,8252.7,200255315,20260910T124608Z,,,,,,,,,,,,,,,,,,,,,,,,,,,l2_arcadedb_graph_server_olap_sf10_r4.clientlog,,l2_arcadedb_graph_server_olap_sf10_r4.serverlog,,,,,,,,,,,,72.6,,,,,,,,,,,,,12g,,,,,,,,,72949,ldbc-sf10,237.58,57.3,58.55,65.61,57.52,55.79,100,10,527.4,453.05,465.04,472.35,453.87,440.39,100,10,595.29,456.08,459.44,460.12,456.12,451.92,100,10,True,65645,1938516,65645,12g,,,,,,,,,,,,,,,,,,,,,,,,,,,,,,,,,,,,,,,,,,,,,,,,,,,,,,,,,,,,,,,2.044,,,,,,,,,,,,,,,,,,,,,,,,,,,,,,,,,,,,,,,,,,,,,,,,,,,,,,,,,,,,,,,,,,,,,,,,,,,,,,,,,,,,,,,,,
l2_arcadedb_graph_server_olap_sf10_r4,8d6af9475,l2,arcadedb_graph_server,olap,sf10,4,paper,0-11,client_server,24g,2026-09-10T14:10:27.537950+00:00,full+client,8g,24.0,0-11,sha256:49058eefd65d6a6a297fa7fc4c2f1600edbf9e3b3d495cbae0f64815498cb9d9,arcadedb-c25:8d6af9475,24g,0.3,0.1,0.1,,0,False,,8.109,server:26.9.1-SNAPSHOT (build 8d6af94753ea8446bd13ac1aed2bb79eaf78dc90/1788075753609/main),,,,,,,,,,,,,,,,,,,,,0.0,188.2,188.2,0.0,True,188.3,187.9,8378.7,8164.0,8147.0,0.0,193.1,0.0,1341.6,188.1,373710754,24.9,21.6,19.0,0.0,0.1,0.0,0.1,0.1,3858230,8403.6,8185.5,0.0,8185.5,1341.7,0.0,8166.0,377568984,20260910T135417Z,,,,,,,,,,,,,,,,,,,,,,,,,,,l2_arcadedb_graph_server_olap_sf10_r4.clientlog,,l2_arcadedb_graph_server_olap_sf10_r4.serverlog,,,,,,,,,,,,71.26,,,,,,,,,,,,,12g,,,,,,,,,72949,ldbc-sf10,566.81,349.95,359.95,364.62,352.04,345.73,100,10,1259.42,1191.53,1200.92,1216.69,1192.03,1179.05,100,10,1286.83,1181.47,1192.81,1210.76,1183.93,1171.38,100,10,False,65645,1938516,65645,12g,,,,,,,,,,,,,,,,,,,,,,,,,,,,,,,,,,,,,,,,,,,,,,,,,,,,,,,,,,,,,,,0.0,,,,,,nogav,,,,,,,,,,,,,,,,,,,,,,,,,,,,,,,,,,,,,,,,,,,,,,,,,,,,,,,,,,,,,,,,,,,,,,,,,,,,,,,,,,,
l2_arcadedb_graph_server_olap_sf10_r5,8d6af9475,l2,arcadedb_graph_server,olap,sf10,5,paper,0-11,client_server,24g,2026-09-10T13:19:45.963659+00:00,full+client,8g,24.0,0-11,sha256:49058eefd65d6a6a297fa7fc4c2f1600edbf9e3b3d495cbae0f64815498cb9d9,arcadedb-c25:8d6af9475,24g,0.3,0.1,0.1,,0,False,,8.062,server:26.9.1-SNAPSHOT (build 8d6af94753ea8446bd13ac1aed2bb79eaf78dc90/1788075753609/main),,,,,,,,,,,,,,,,,,,,,0.0,179.6,179.6,0.0,True,179.7,179.3,8453.0,8229.5,8229.5,0.0,202.3,0.0,1321.2,179.5,198965661,24.9,21.6,19.0,0.0,0.1,0.0,0.1,0.1,3833698,8478.0,8251.1,0.0,8251.1,1321.3,0.0,8248.6,202799359,20260910T124608Z,,,,,,,,,,,,,,,,,,,,,,,,,,,l2_arcadedb_graph_server_olap_sf10_r5.clientlog,,l2_arcadedb_graph_server_olap_sf10_r5.serverlog,,,,,,,,,,,,72.95,,,,,,,,,,,,,12g,,,,,,,,,72949,ldbc-sf10,232.14,56.79,58.85,65.63,56.94,55.27,100,10,519.65,449.69,462.52,467.92,450.98,441.25,100,10,577.77,471.74,477.27,479.24,471.78,457.43,100,10,True,65645,1938516,65645,12g,,,,,,,,,,,,,,,,,,,,,,,,,,,,,,,,,,,,,,,,,,,,,,,,,,,,,,,,,,,,,,,2.041,,,,,,,,,,,,,,,,,,,,,,,,,,,,,,,,,,,,,,,,,,,,,,,,,,,,,,,,,,,,,,,,,,,,,,,,,,,,,,,,,,,,,,,,,
l2_arcadedb_graph_server_oltp_sf10_r5,8d6af9475,l2,arcadedb_graph_server,oltp,sf10,5,paper,0-11,client_server,24g,2026-09-10T13:37:30.329440+00:00,full+client,8g,24.0,0-11,sha256:49058eefd65d6a6a297fa7fc4c2f1600edbf9e3b3d495cbae0f64815498cb9d9,arcadedb-c25:8d6af9475,24g,0.3,0.1,0.1,,0,False,,8.251,server:26.9.1-SNAPSHOT (build 8d6af94753ea8446bd13ac1aed2bb79eaf78dc90/1788075753609/main),,,,,,,,,,,,,,,,,,,,,0.0,128.8,128.8,0.0,True,128.9,128.5,8304.3,8084.5,8084.5,0.0,201.1,0.0,1247.4,128.7,97328554,24.8,21.5,20.9,0.0,0.1,0.0,0.1,0.1,4269826,8329.1,8106.0,0.0,8106.0,1247.5,0.0,8105.4,101598380,20260910T124608Z,,,,,,,,,,,,,,,,,,,,,,,,,,,l2_arcadedb_graph_server_oltp_sf10_r5.clientlog,,l2_arcadedb_graph_server_oltp_sf10_r5.serverlog,,,,,,,,,,,,71.53,,,,,,,,,,,,,12g,,,,,,,,,72949,ldbc-sf10,,,,,,,,,,,,,,,,,,,,,,,,,,65645,1938516,65645,12g,,1.209,1.42,1.758,1.386,1.802,2.163,2.5,10.858,17.265,0.948,1.096,1.194,0.873,1.008,1.11,1.954,8.753,16.593,1.411,1.586,1.782,2.67,,,,,,,,,,,,,,,,,,,,,,,,,,,,,,,,,,,,,,,,,,,,,,,,,,,,,,,,,,,,,,,,,,,,,,,,,,,,,,,,,,,,,,,,,,,,,,,,,,,,,,,,,,,,,,,,,,,,,,,,,,,,,,,,,
l2_arcadedb_graph_server_olap_sf10_r5,8d6af9475,l2,arcadedb_graph_server,olap,sf10,5,paper,0-11,client_server,24g,2026-09-10T14:28:29.303334+00:00,full+client,8g,24.0,0-11,sha256:49058eefd65d6a6a297fa7fc4c2f1600edbf9e3b3d495cbae0f64815498cb9d9,arcadedb-c25:8d6af9475,24g,0.3,0.1,0.1,,0,False,,8.013,server:26.9.1-SNAPSHOT (build 8d6af94753ea8446bd13ac1aed2bb79eaf78dc90/1788075753609/main),,,,,,,,,,,,,,,,,,,,,0.0,192.4,192.4,0.0,True,192.5,192.1,8370.9,8134.3,8134.3,0.0,197.2,0.0,1350.7,192.3,375975666,24.8,21.5,19.0,0.0,0.1,0.0,0.1,0.1,3747833,8395.8,8155.9,0.0,8155.9,1350.8,0.0,8153.4,379723499,20260910T135417Z,,,,,,,,,,,,,,,,,,,,,,,,,,,l2_arcadedb_graph_server_olap_sf10_r5.clientlog,,l2_arcadedb_graph_server_olap_sf10_r5.serverlog,,,,,,,,,,,,71.36,,,,,,,,,,,,,12g,,,,,,,,,72949,ldbc-sf10,592.23,349.82,359.58,362.96,351.2,343.18,100,10,1294.4,1209.03,1226.4,1232.64,1210.02,1191.22,100,10,1267.4,1190.92,1205.16,1207.34,1192.06,1176.0,100,10,False,65645,1938516,65645,12g,,,,,,,,,,,,,,,,,,,,,,,,,,,,,,,,,,,,,,,,,,,,,,,,,,,,,,,,,,,,,,,0.0,,,,,,nogav,,,,,,,,,,,,,,,,,,,,,,,,,,,,,,,,,,,,,,,,,,,,,,,,,,,,,,,,,,,,,,,,,,,,,,,,,,,,,,,,,,,
l2_ladybug_graph_oltp_sf10_r1,8d6af9475,l2,ladybug_graph,oltp,sf10,1,paper,0-11,embedded,24g,2026-09-10T12:55:11.944367+00:00,,,,,,,,,0.1,53.9,,0,False,,0.128,ladybug:0.19.1,,,,,,,,,,,,,,,,,,,,,0.176,,,,,53.9,53.8,,,,,,,,,,477.1,366.3,366.3,0.0,96.6,0.0,123.1,56.3,16305516,477.1,366.3,0.0,366.3,123.1,0.0,366.3,16305516,20260910T124608Z,,,,,,,,,,,,,,,,,,,,,,,,,,,l2_ladybug_graph_oltp_sf10_r1.clientlog,,,,,,,,,,,,,,3.65,,,,,,,,,,,,,,,,,,,,,,72949,ldbc-sf10,,,,,,,,,,,,,,,,,,,,,,,,,,65645,1938516,65645,,,0.163,0.238,0.376,1.707,3.63,4.157,5.537,9.765,10.52,0.164,0.213,0.26,1.556,3.49,3.99,5.523,9.792,10.635,9.753,10.53,11.375,5.23,,,,,,,,,,,,,,,,,,,,,,,,,,,,,,,,,,,,,,,,,,,,,,,,,,,,,,,,,,,,,,,,,,,,,,,,,,,,,,,,,,,,,,,,,,,,,,,,,,,,,,,,,,,,,,,,,,,,,,,,,,,,,,,,,
l2_ladybug_graph_olap_sf10_r1,8d6af9475,l2,ladybug_graph,olap,sf10,1,paper,0-11,embedded,24g,2026-09-10T13:08:04.768569+00:00,,,,,,,,,0.1,30.8,,0,False,,0.119,ladybug:0.19.1,,,,,,,,,,,,,,,,,,,,,0.044,,,,,30.8,30.7,,,,,,,,,,472.8,358.7,358.7,0.0,96.6,0.0,64.4,30.7,22085865,472.8,358.7,0.0,358.7,64.4,0.0,358.7,22085865,20260910T124608Z,,,,,,,,,,,,,,,,,,,,,,,,,,,l2_ladybug_graph_olap_sf10_r1.clientlog,,,,,,,,,,,,,,3.67,,,,,,,,,,,,,,,,,,,,,,72949,ldbc-sf10,10.29,2.68,3.01,3.32,2.69,2.42,100,10,68.26,61.22,62.78,63.46,61.38,59.83,100,10,56.36,54.39,56.24,56.98,54.53,52.49,100,10,True,65645,1938516,65645,,,,,,,,,,,,,,,,,,,,,,,,,,,,,,,,,,,,,,,,,,,,,,,,,,,,,,,,,,,,,,,,,,,,,,,,,,,,,,,,,,,,,,,,,,,,,,,,,,,,,,,,,,,,,,,,,,,,,,,,,,,,,,,,,,,,,,,,,,,,,,,,,,,,,,,,,
l2_ladybug_graph_olap_sf10_r2,8d6af9475,l2,ladybug_graph,olap,sf10,2,paper,0-11,embedded,24g,2026-09-10T12:50:09.596115+00:00,,,,,,,,,0.1,30.8,,0,False,,0.132,ladybug:0.19.1,,,,,,,,,,,,,,,,,,,,,0.05,,,,,30.8,30.7,,,,,,,,,,491.9,380.5,380.5,0.0,84.5,0.0,64.5,30.8,22358594,491.9,380.5,0.0,380.5,64.5,0.0,380.5,22358594,20260910T124608Z,,,,,,,,,,,,,,,,,,,,,,,,,,,l2_ladybug_graph_olap_sf10_r2.clientlog,,,,,,,,,,,,,,3.78,,,,,,,,,,,,,,,,,,,,,,72949,ldbc-sf10,9.82,2.69,3.02,3.16,2.72,2.43,100,10,70.52,62.53,63.85,64.03,62.41,59.78,100,10,55.7,55.07,57.26,57.85,55.28,52.79,100,10,True,65645,1938516,65645,,,,,,,,,,,,,,,,,,,,,,,,,,,,,,,,,,,,,,,,,,,,,,,,,,,,,,,,,,,,,,,,,,,,,,,,,,,,,,,,,,,,,,,,,,,,,,,,,,,,,,,,,,,,,,,,,,,,,,,,,,,,,,,,,,,,,,,,,,,,,,,,,,,,,,,,,
l2_ladybug_graph_oltp_sf10_r2,8d6af9475,l2,ladybug_graph,oltp,sf10,2,paper,0-11,embedded,24g,2026-09-10T13:15:45.011201+00:00,,,,,,,,,0.1,52.6,,0,False,,0.129,ladybug:0.19.1,,,,,,,,,,,,,,,,,,,,,0.176,,,,,52.6,52.5,,,,,,,,,,489.9,376.1,376.1,0.0,96.6,0.0,66.1,51.4,16310383,489.9,376.1,0.0,376.1,66.1,0.0,376.1,16310383,20260910T124608Z,,,,,,,,,,,,,,,,,,,,,,,,,,,l2_ladybug_graph_oltp_sf10_r2.clientlog,,,,,,,,,,,,,,3.67,,,,,,,,,,,,,,,,,,,,,,72949,ldbc-sf10,,,,,,,,,,,,,,,,,,,,,,,,,,65645,1938516,65645,,,0.167,0.256,0.36,1.598,3.511,4.494,5.539,10.043,10.89,0.165,0.206,0.237,1.579,3.37,3.68,5.676,10.291,11.196,9.767,11.12,11.654,5.25,,,,,,,,,,,,,,,,,,,,,,,,,,,,,,,,,,,,,,,,,,,,,,,,,,,,,,,,,,,,,,,,,,,,,,,,,,,,,,,,,,,,,,,,,,,,,,,,,,,,,,,,,,,,,,,,,,,,,,,,,,,,,,,,,
l2_ladybug_graph_oltp_sf10_r3,8d6af9475,l2,ladybug_graph,oltp,sf10,3,paper,0-11,embedded,24g,2026-09-10T12:57:15.982032+00:00,,,,,,,,,0.1,52.8,,0,False,,0.128,ladybug:0.19.1,,,,,,,,,,,,,,,,,,,,,0.179,,,,,52.8,52.7,,,,,,,,,,485.8,385.6,385.6,0.0,95.7,0.0,66.1,48.9,16481313,485.8,385.6,0.0,385.6,66.1,0.0,385.6,16481313,20260910T124608Z,,,,,,,,,,,,,,,,,,,,,,,,,,,l2_ladybug_graph_oltp_sf10_r3.clientlog,,,,,,,,,,,,,,3.69,,,,,,,,,,,,,,,,,,,,,,72949,ldbc-sf10,,,,,,,,,,,,,,,,,,,,,,,,,,65645,1938516,65645,,,0.167,0.251,0.39,1.877,4.043,4.999,5.685,10.156,11.014,0.164,0.201,0.239,1.669,3.652,4.097,5.493,9.879,10.61,9.675,11.084,11.414,5.26,,,,,,,,,,,,,,,,,,,,,,,,,,,,,,,,,,,,,,,,,,,,,,,,,,,,,,,,,,,,,,,,,,,,,,,,,,,,,,,,,,,,,,,,,,,,,,,,,,,,,,,,,,,,,,,,,,,,,,,,,,,,,,,,,
l2_ladybug_graph_olap_sf10_r3,8d6af9475,l2,ladybug_graph,olap,sf10,3,paper,0-11,embedded,24g,2026-09-10T13:15:55.155869+00:00,,,,,,,,,0.1,30.9,,0,False,,0.128,ladybug:0.19.1,,,,,,,,,,,,,,,,,,,,,0.045,,,,,30.9,30.8,,,,,,,,,,477.7,364.2,364.2,0.0,96.7,0.0,64.5,30.8,22093455,477.7,364.2,0.0,364.2,64.5,0.0,364.2,22093455,20260910T124608Z,,,,,,,,,,,,,,,,,,,,,,,,,,,l2_ladybug_graph_olap_sf10_r3.clientlog,,,,,,,,,,,,,,3.66,,,,,,,,,,,,,,,,,,,,,,72949,ldbc-sf10,9.88,2.69,3.1,3.18,2.72,2.39,100,10,68.62,61.33,62.88,63.47,61.5,59.84,100,10,55.16,53.85,55.46,56.03,53.94,51.72,100,10,True,65645,1938516,65645,,,,,,,,,,,,,,,,,,,,,,,,,,,,,,,,,,,,,,,,,,,,,,,,,,,,,,,,,,,,,,,,,,,,,,,,,,,,,,,,,,,,,,,,,,,,,,,,,,,,,,,,,,,,,,,,,,,,,,,,,,,,,,,,,,,,,,,,,,,,,,,,,,,,,,,,,
l2_ladybug_graph_oltp_sf10_r4,8d6af9475,l2,ladybug_graph,oltp,sf10,4,paper,0-11,embedded,24g,2026-09-10T13:26:23.736393+00:00,,,,,,,,,0.1,53.8,,0,False,,0.135,ladybug:0.19.1,,,,,,,,,,,,,,,,,,,,,0.177,,,,,53.8,53.7,,,,,,,,,,493.9,375.1,331.2,0.0,89.7,0.0,66.0,30.8,16358117,493.9,375.1,0.0,375.1,66.0,0.0,331.2,16358117,20260910T124608Z,,,,,,,,,,,,,,,,,,,,,,,,,,,l2_ladybug_graph_oltp_sf10_r4.clientlog,,,,,,,,,,,,,,3.73,,,,,,,,,,,,,,,,,,,,,,72949,ldbc-sf10,,,,,,,,,,,,,,,,,,,,,,,,,,65645,1938516,65645,,,0.171,0.23,0.29,1.657,3.518,4.076,5.555,10.055,10.476,0.161,0.195,0.238,1.665,3.493,3.886,5.446,10.031,10.82,9.86,14.553,15.833,5.34,,,,,,,,,,,,,,,,,,,,,,,,,,,,,,,,,,,,,,,,,,,,,,,,,,,,,,,,,,,,,,,,,,,,,,,,,,,,,,,,,,,,,,,,,,,,,,,,,,,,,,,,,,,,,,,,,,,,,,,,,,,,,,,,,
l2_ladybug_graph_olap_sf10_r4,8d6af9475,l2,ladybug_graph,olap,sf10,4,paper,0-11,embedded,24g,2026-09-10T13:27:26.969819+00:00,,,,,,,,,0.1,30.8,,0,False,,0.159,ladybug:0.19.1,,,,,,,,,,,,,,,,,,,,,0.048,,,,,30.8,30.7,,,,,,,,,,478.6,362.6,362.6,0.0,84.5,0.0,64.4,30.7,22634895,478.6,362.6,0.0,362.6,64.4,0.0,362.6,22634895,20260910T124608Z,,,,,,,,,,,,,,,,,,,,,,,,,,,l2_ladybug_graph_olap_sf10_r4.clientlog,,,,,,,,,,,,,,3.85,,,,,,,,,,,,,,,,,,,,,,72949,ldbc-sf10,9.91,2.76,2.99,3.08,2.76,2.46,100,10,72.69,63.32,65.02,65.8,63.34,61.54,100,10,58.98,55.69,58.67,58.93,55.93,53.57,100,10,True,65645,1938516,65645,,,,,,,,,,,,,,,,,,,,,,,,,,,,,,,,,,,,,,,,,,,,,,,,,,,,,,,,,,,,,,,,,,,,,,,,,,,,,,,,,,,,,,,,,,,,,,,,,,,,,,,,,,,,,,,,,,,,,,,,,,,,,,,,,,,,,,,,,,,,,,,,,,,,,,,,,
l2_ladybug_graph_oltp_sf10_r5,8d6af9475,l2,ladybug_graph,oltp,sf10,5,paper,0-11,embedded,24g,2026-09-10T13:07:54.009547+00:00,,,,,,,,,0.1,53.1,,0,False,,0.147,ladybug:0.19.1,,,,,,,,,,,,,,,,,,,,,0.183,,,,,53.1,53.0,,,,,,,,,,497.9,374.1,374.1,0.0,84.8,0.0,66.2,30.8,16439151,497.9,374.1,0.0,374.1,66.2,0.0,374.1,16439151,20260910T124608Z,,,,,,,,,,,,,,,,,,,,,,,,,,,l2_ladybug_graph_oltp_sf10_r5.clientlog,,,,,,,,,,,,,,3.78,,,,,,,,,,,,,,,,,,,,,,72949,ldbc-sf10,,,,,,,,,,,,,,,,,,,,,,,,,,65645,1938516,65645,,,0.169,0.257,0.434,1.635,3.474,4.073,5.598,10.055,10.92,0.16,0.203,0.235,1.742,3.648,5.126,5.449,10.117,10.927,9.862,18.035,19.158,5.51,,,,,,,,,,,,,,,,,,,,,,,,,,,,,,,,,,,,,,,,,,,,,,,,,,,,,,,,,,,,,,,,,,,,,,,,,,,,,,,,,,,,,,,,,,,,,,,,,,,,,,,,,,,,,,,,,,,,,,,,,,,,,,,,,
l2_ladybug_graph_olap_sf10_r5,8d6af9475,l2,ladybug_graph,olap,sf10,5,paper,0-11,embedded,24g,2026-09-10T13:26:07.097102+00:00,,,,,,,,,0.1,30.8,,0,False,,0.129,ladybug:0.19.1,,,,,,,,,,,,,,,,,,,,,0.045,,,,,30.8,30.7,,,,,,,,,,492.9,339.6,339.6,0.0,96.7,0.0,64.5,30.8,22092301,492.9,339.6,0.0,339.6,64.5,0.0,339.6,22092301,20260910T124608Z,,,,,,,,,,,,,,,,,,,,,,,,,,,l2_ladybug_graph_olap_sf10_r5.clientlog,,,,,,,,,,,,,,3.65,,,,,,,,,,,,,,,,,,,,,,72949,ldbc-sf10,10.1,2.7,2.96,4.01,2.74,2.46,100,10,69.33,61.93,63.06,63.33,61.87,59.58,100,10,57.05,54.44,56.65,57.77,54.77,52.86,100,10,True,65645,1938516,65645,,,,,,,,,,,,,,,,,,,,,,,,,,,,,,,,,,,,,,,,,,,,,,,,,,,,,,,,,,,,,,,,,,,,,,,,,,,,,,,,,,,,,,,,,,,,,,,,,,,,,,,,,,,,,,,,,,,,,,,,,,,,,,,,,,,,,,,,,,,,,,,,,,,,,,,,,
l2_neo4j_graph_olap_sf10_r1,8d6af9475,l2,neo4j_graph,olap,sf10,1,paper,0-11,client_server,24g,2026-09-10T15:07:34.557479+00:00,full+client,8g,24.0,0-11,sha256:4bae36aff76271e27fd6a6ed0835413f86a284cd179cfb1cb7d188f5f7533aca,neo4j@sha256:4bae36aff76271e27fd6a6ed0835413f86a284cd179cfb1cb7d188f5f7533aca,24g,769.1,0.1,1.1,,0,False,,1.066,neo4j:5.26.28,,,,,,,,,,,,,,,,,,,,,0.0,1449.8,253.2,1196.6,True,1450.9,681.7,13822.7,13139.8,13139.7,0.0,618.8,0.0,2845.9,613.2,214867855,101.9,96.0,96.0,0.0,0.9,0.0,1.9,0.9,19373677,13924.7,13235.8,0.0,13235.8,2847.8,0.0,13235.7,234241532,20260910T145806Z,,,,,,,,,,,,,,,,,,,,,,,,,,,l2_neo4j_graph_olap_sf10_r1.clientlog,,l2_neo4j_graph_olap_sf10_r1.serverlog,,,,,,,,,,,,45.14,,,,,,,,,,,,,12g,,,,,,,,,72949,ldbc-sf10,522.64,318.59,326.1,330.16,319.03,313.86,100,10,711.12,635.49,642.94,646.29,635.83,627.24,100,10,663.26,583.66,589.44,591.66,583.93,576.24,100,10,True,65645,1938516,65645,12g,11.0g,,,,,,,,,,,,,,,,,,,,,,,,,,,,,,,,,,,,,,,,,,,,,,,,,,,,,,,,,,,,,,,,,,,,,,,,,,,,,,,,,,,,,,,,,,,,,,,,,,,,,,,,,,,,,,,,,,,,,,,,,,,,,,,,,,,,,,,,,,,,,,,,,,,,,,,
l2_neo4j_graph_oltp_sf10_r1,8d6af9475,l2,neo4j_graph,oltp,sf10,1,paper,0-11,client_server,24g,2026-09-10T15:19:28.221952+00:00,full+client,8g,24.0,0-11,sha256:4bae36aff76271e27fd6a6ed0835413f86a284cd179cfb1cb7d188f5f7533aca,neo4j@sha256:4bae36aff76271e27fd6a6ed0835413f86a284cd179cfb1cb7d188f5f7533aca,24g,769.1,0.1,1.1,,0,False,,1.067,neo4j:5.26.28,,,,,,,,,,,,,,,,,,,,,0.0,1449.8,253.2,1196.6,True,1450.9,681.7,13850.4,13167.1,13154.8,0.0,617.3,0.0,2843.7,613.4,66452489,102.5,96.6,96.6,0.0,0.9,0.0,1.9,0.9,19788396,13952.9,13263.7,0.0,13263.7,2845.6,0.0,13251.4,86240885,20260910T145806Z,,,,,,,,,,,,,,,,,,,,,,,,,,,l2_neo4j_graph_oltp_sf10_r1.clientlog,,l2_neo4j_graph_oltp_sf10_r1.serverlog,,,,,,,,,,,,45.38,,,,,,,,,,,,,12g,,,,,,,,,72949,ldbc-sf10,,,,,,,,,,,,,,,,,,,,,,,,,,65645,1938516,65645,12g,11.0g,5.789,9.137,10.901,5.746,6.952,7.509,4.766,7.648,10.055,0.522,0.912,6.935,0.614,0.989,1.187,0.819,2.478,4.007,8.239,18.353,21.386,6.21,,,,,,,,,,,,,,,,,,,,,,,,,,,,,,,,,,,,,,,,,,,,,,,,,,,,,,,,,,,,,,,,,,,,,,,,,,,,,,,,,,,,,,,,,,,,,,,,,,,,,,,,,,,,,,,,,,,,,,,,,,,,,,,,,
l2_neo4j_graph_oltp_sf10_r2,8d6af9475,l2,neo4j_graph,oltp,sf10,2,paper,0-11,client_server,24g,2026-09-10T15:20:35.853892+00:00,full+client,8g,24.0,0-11,sha256:4bae36aff76271e27fd6a6ed0835413f86a284cd179cfb1cb7d188f5f7533aca,neo4j@sha256:4bae36aff76271e27fd6a6ed0835413f86a284cd179cfb1cb7d188f5f7533aca,24g,769.1,0.1,1.1,,0,False,,1.055,neo4j:5.26.28,,,,,,,,,,,,,,,,,,,,,0.0,1449.8,253.2,1196.6,True,1450.9,681.7,13891.4,13207.7,13201.2,0.0,616.9,0.0,2843.9,613.4,66467330,102.5,96.6,96.6,0.0,0.9,0.0,1.9,0.9,19894674,13993.9,13304.3,0.0,13304.3,2845.8,0.0,13297.9,86362004,20260910T145806Z,,,,,,,,,,,,,,,,,,,,,,,,,,,l2_neo4j_graph_oltp_sf10_r2.clientlog,,l2_neo4j_graph_oltp_sf10_r2.serverlog,,,,,,,,,,,,45.6,,,,,,,,,,,,,12g,,,,,,,,,72949,ldbc-sf10,,,,,,,,,,,,,,,,,,,,,,,,,,65645,1938516,65645,12g,11.0g,5.622,7.838,10.541,5.367,6.669,8.039,4.89,7.448,9.825,0.555,0.911,7.157,0.602,0.796,1.035,0.827,2.279,3.786,7.81,14.058,21.47,5.9,,,,,,,,,,,,,,,,,,,,,,,,,,,,,,,,,,,,,,,,,,,,,,,,,,,,,,,,,,,,,,,,,,,,,,,,,,,,,,,,,,,,,,,,,,,,,,,,,,,,,,,,,,,,,,,,,,,,,,,,,,,,,,,,,
l2_neo4j_graph_olap_sf10_r2,8d6af9475,l2,neo4j_graph,olap,sf10,2,paper,0-11,client_server,24g,2026-09-10T15:11:11.363917+00:00,full+client,8g,24.0,0-11,sha256:4bae36aff76271e27fd6a6ed0835413f86a284cd179cfb1cb7d188f5f7533aca,neo4j@sha256:4bae36aff76271e27fd6a6ed0835413f86a284cd179cfb1cb7d188f5f7533aca,24g,769.1,0.1,1.1,,0,False,,1.066,neo4j:5.26.28,,,,,,,,,,,,,,,,,,,,,0.0,1449.8,253.2,1196.6,True,1450.9,681.7,13848.3,13183.2,13165.6,0.0,619.9,0.0,2839.9,613.2,211380681,101.8,95.6,95.6,0.0,0.9,0.0,1.9,0.9,19277439,13950.1,13278.9,0.0,13278.9,2841.8,0.0,13261.3,230658120,20260910T145806Z,,,,,,,,,,,,,,,,,,,,,,,,,,,l2_neo4j_graph_olap_sf10_r2.clientlog,,l2_neo4j_graph_olap_sf10_r2.serverlog,,,,,,,,,,,,45.14,,,,,,,,,,,,,12g,,,,,,,,,72949,ldbc-sf10,509.88,312.0,315.82,322.67,312.34,306.99,100,10,713.78,630.86,638.99,642.94,631.59,623.3,100,10,657.76,559.26,566.29,569.63,559.8,552.62,100,10,True,65645,1938516,65645,12g,11.0g,,,,,,,,,,,,,,,,,,,,,,,,,,,,,,,,,,,,,,,,,,,,,,,,,,,,,,,,,,,,,,,,,,,,,,,,,,,,,,,,,,,,,,,,,,,,,,,,,,,,,,,,,,,,,,,,,,,,,,,,,,,,,,,,,,,,,,,,,,,,,,,,,,,,,,,
l2_neo4j_graph_oltp_sf10_r3,8d6af9475,l2,neo4j_graph,oltp,sf10,3,paper,0-11,client_server,24g,2026-09-10T15:02:48.866905+00:00,full+client,8g,24.0,0-11,sha256:4bae36aff76271e27fd6a6ed0835413f86a284cd179cfb1cb7d188f5f7533aca,neo4j@sha256:4bae36aff76271e27fd6a6ed0835413f86a284cd179cfb1cb7d188f5f7533aca,24g,769.1,0.1,1.1,,0,False,,1.057,neo4j:5.26.28,,,,,,,,,,,,,,,,,,,,,0.0,1449.8,253.2,1196.6,True,1450.9,681.7,13860.7,13174.7,13162.2,0.0,613.8,0.0,2832.6,613.4,65326263,102.7,96.7,96.7,0.0,0.9,0.0,1.9,0.9,19783071,13963.4,13271.4,0.0,13271.4,2834.5,0.0,13258.8,85109334,20260910T145806Z,,,,,,,,,,,,,,,,,,,,,,,,,,,l2_neo4j_graph_oltp_sf10_r3.clientlog,,l2_neo4j_graph_oltp_sf10_r3.serverlog,,,,,,,,,,,,45.55,,,,,,,,,,,,,12g,,,,,,,,,72949,ldbc-sf10,,,,,,,,,,,,,,,,,,,,,,,,,,65645,1938516,65645,12g,11.0g,5.548,8.354,10.275,5.476,6.904,7.32,4.786,7.106,10.421,0.521,0.746,0.953,0.578,0.742,0.86,0.833,2.36,3.832,7.741,12.88,13.735,5.72,,,,,,,,,,,,,,,,,,,,,,,,,,,,,,,,,,,,,,,,,,,,,,,,,,,,,,,,,,,,,,,,,,,,,,,,,,,,,,,,,,,,,,,,,,,,,,,,,,,,,,,,,,,,,,,,,,,,,,,,,,,,,,,,,
l2_neo4j_graph_olap_sf10_r3,8d6af9475,l2,neo4j_graph,olap,sf10,3,paper,0-11,client_server,24g,2026-09-10T14:58:06.929019+00:00,full+client,8g,24.0,0-11,sha256:4bae36aff76271e27fd6a6ed0835413f86a284cd179cfb1cb7d188f5f7533aca,neo4j@sha256:4bae36aff76271e27fd6a6ed0835413f86a284cd179cfb1cb7d188f5f7533aca,24g,769.1,0.1,1.1,,0,False,,1.065,neo4j:5.26.28,,,,,,,,,,,,,,,,,,,,,0.0,1449.8,253.2,1196.6,True,1450.9,681.7,13847.2,13161.9,13161.9,0.0,618.0,0.0,2840.5,613.2,210713140,101.6,95.9,95.9,0.0,0.9,0.0,1.9,0.9,19436271,13948.8,13257.7,0.0,13257.7,2842.4,0.0,13257.7,230149411,20260910T145806Z,,,,,,,,,,,,,,,,,,,,,,,,,,,l2_neo4j_graph_olap_sf10_r3.clientlog,,l2_neo4j_graph_olap_sf10_r3.serverlog,,,,,,,,,,,,45.71,,,,,,,,,,,,,12g,,,,,,,,,72949,ldbc-sf10,499.79,309.86,315.84,322.98,310.01,303.35,100,10,746.85,638.7,648.92,656.27,639.34,628.44,100,10,634.56,558.08,564.15,566.23,558.16,550.44,100,10,True,65645,1938516,65645,12g,11.0g,,,,,,,,,,,,,,,,,,,,,,,,,,,,,,,,,,,,,,,,,,,,,,,,,,,,,,,,,,,,,,,,,,,,,,,,,,,,,,,,,,,,,,,,,,,,,,,,,,,,,,,,,,,,,,,,,,,,,,,,,,,,,,,,,,,,,,,,,,,,,,,,,,,,,,,
l2_neo4j_graph_olap_sf10_r4,8d6af9475,l2,neo4j_graph,olap,sf10,4,paper,0-11,client_server,24g,2026-09-10T15:03:57.114315+00:00,full+client,8g,24.0,0-11,sha256:4bae36aff76271e27fd6a6ed0835413f86a284cd179cfb1cb7d188f5f7533aca,neo4j@sha256:4bae36aff76271e27fd6a6ed0835413f86a284cd179cfb1cb7d188f5f7533aca,24g,769.1,0.1,1.1,,0,False,,1.133,neo4j:5.26.28,,,,,,,,,,,,,,,,,,,,,0.0,1449.8,253.2,1196.6,True,1450.9,681.7,13852.8,13184.3,13169.7,0.0,618.5,0.0,2831.2,613.2,214025901,101.7,96.0,96.0,0.0,0.9,0.0,1.9,0.9,19242197,13954.5,13280.3,0.0,13280.3,2833.1,0.0,13265.7,233268098,20260910T145806Z,,,,,,,,,,,,,,,,,,,,,,,,,,,l2_neo4j_graph_olap_sf10_r4.clientlog,,l2_neo4j_graph_olap_sf10_r4.serverlog,,,,,,,,,,,,45.36,,,,,,,,,,,,,12g,,,,,,,,,72949,ldbc-sf10,518.41,325.35,329.88,335.43,325.71,320.3,100,10,719.86,634.74,643.46,647.59,635.24,626.05,100,10,658.28,578.57,586.16,595.69,579.53,571.1,100,10,True,65645,1938516,65645,12g,11.0g,,,,,,,,,,,,,,,,,,,,,,,,,,,,,,,,,,,,,,,,,,,,,,,,,,,,,,,,,,,,,,,,,,,,,,,,,,,,,,,,,,,,,,,,,,,,,,,,,,,,,,,,,,,,,,,,,,,,,,,,,,,,,,,,,,,,,,,,,,,,,,,,,,,,,,,
l2_neo4j_graph_oltp_sf10_r4,8d6af9475,l2,neo4j_graph,oltp,sf10,4,paper,0-11,client_server,24g,2026-09-10T15:01:40.941059+00:00,full+client,8g,24.0,0-11,sha256:4bae36aff76271e27fd6a6ed0835413f86a284cd179cfb1cb7d188f5f7533aca,neo4j@sha256:4bae36aff76271e27fd6a6ed0835413f86a284cd179cfb1cb7d188f5f7533aca,24g,769.1,0.1,1.1,,0,False,,1.082,neo4j:5.26.28,,,,,,,,,,,,,,,,,,,,,0.0,1449.8,253.2,1196.6,True,1450.9,681.7,13855.5,13188.6,13164.9,0.0,615.4,0.0,2830.2,613.4,65169209,102.9,96.6,96.6,0.0,0.9,0.0,1.9,0.9,19736367,13958.5,13285.2,0.0,13285.2,2832.1,0.0,13261.5,84905576,20260910T145806Z,,,,,,,,,,,,,,,,,,,,,,,,,,,l2_neo4j_graph_oltp_sf10_r4.clientlog,,l2_neo4j_graph_oltp_sf10_r4.serverlog,,,,,,,,,,,,45.09,,,,,,,,,,,,,12g,,,,,,,,,72949,ldbc-sf10,,,,,,,,,,,,,,,,,,,,,,,,,,65645,1938516,65645,12g,11.0g,5.873,8.868,10.383,5.592,7.043,7.56,4.451,6.724,9.656,0.558,0.732,0.889,0.592,0.885,7.353,0.832,2.132,3.616,7.531,12.697,17.329,5.73,,,,,,,,,,,,,,,,,,,,,,,,,,,,,,,,,,,,,,,,,,,,,,,,,,,,,,,,,,,,,,,,,,,,,,,,,,,,,,,,,,,,,,,,,,,,,,,,,,,,,,,,,,,,,,,,,,,,,,,,,,,,,,,,,
l2_neo4j_graph_oltp_sf10_r5,8d6af9475,l2,neo4j_graph,oltp,sf10,5,paper,0-11,client_server,24g,2026-09-10T15:18:20.696760+00:00,full+client,8g,24.0,0-11,sha256:4bae36aff76271e27fd6a6ed0835413f86a284cd179cfb1cb7d188f5f7533aca,neo4j@sha256:4bae36aff76271e27fd6a6ed0835413f86a284cd179cfb1cb7d188f5f7533aca,24g,769.1,0.1,1.1,,0,False,,1.071,neo4j:5.26.28,,,,,,,,,,,,,,,,,,,,,0.0,1449.8,253.2,1196.6,True,1450.9,681.7,13862.1,13178.2,13174.6,0.0,619.6,0.0,2847.1,613.4,66190764,102.4,96.6,82.9,0.0,1.0,0.0,1.9,1.0,20197421,13964.5,13274.9,0.0,13274.9,2849.0,0.0,13257.4,86388185,20260910T145806Z,,,,,,,,,,,,,,,,,,,,,,,,,,,l2_neo4j_graph_oltp_sf10_r5.clientlog,,l2_neo4j_graph_oltp_sf10_r5.serverlog,,,,,,,,,,,,45.8,,,,,,,,,,,,,12g,,,,,,,,,72949,ldbc-sf10,,,,,,,,,,,,,,,,,,,,,,,,,,65645,1938516,65645,12g,11.0g,5.669,9.026,9.928,5.455,6.909,7.427,4.892,7.143,9.952,0.531,0.821,0.943,0.556,1.06,10.939,0.85,2.442,4.029,7.854,13.065,14.389,5.82,,,,,,,,,,,,,,,,,,,,,,,,,,,,,,,,,,,,,,,,,,,,,,,,,,,,,,,,,,,,,,,,,,,,,,,,,,,,,,,,,,,,,,,,,,,,,,,,,,,,,,,,,,,,,,,,,,,,,,,,,,,,,,,,,
l2_neo4j_graph_olap_sf10_r5,8d6af9475,l2,neo4j_graph,olap,sf10,5,paper,0-11,client_server,24g,2026-09-10T15:14:44.819401+00:00,full+client,8g,24.0,0-11,sha256:4bae36aff76271e27fd6a6ed0835413f86a284cd179cfb1cb7d188f5f7533aca,neo4j@sha256:4bae36aff76271e27fd6a6ed0835413f86a284cd179cfb1cb7d188f5f7533aca,24g,769.1,0.1,1.1,,0,False,,1.1,neo4j:5.26.28,,,,,,,,,,,,,,,,,,,,,0.0,1449.8,253.2,1196.6,True,1450.9,681.7,13867.0,13187.8,13187.8,0.0,620.5,0.0,2829.3,613.2,212588386,101.4,95.6,95.6,0.0,0.9,0.0,1.9,0.9,19471959,13968.4,13283.4,0.0,13283.4,2831.2,0.0,13283.4,232060345,20260910T145806Z,,,,,,,,,,,,,,,,,,,,,,,,,,,l2_neo4j_graph_olap_sf10_r5.clientlog,,l2_neo4j_graph_olap_sf10_r5.serverlog,,,,,,,,,,,,45.74,,,,,,,,,,,,,12g,,,,,,,,,72949,ldbc-sf10,507.38,314.13,321.57,324.27,315.28,308.28,100,10,704.43,624.99,635.61,637.74,625.58,616.07,100,10,653.85,578.72,585.03,587.02,579.34,572.13,100,10,True,65645,1938516,65645,12g,11.0g,,,,,,,,,,,,,,,,,,,,,,,,,,,,,,,,,,,,,,,,,,,,,,,,,,,,,,,,,,,,,,,,,,,,,,,,,,,,,,,,,,,,,,,,,,,,,,,,,,,,,,,,,,,,,,,,,,,,,,,,,,,,,,,,,,,,,,,,,,,,,,,,,,,,,,,
l3d_arcadedb_dense_embedded_search_deep10m_r1,8d6af9475,l3d,arcadedb_dense_embedded,search,deep10m,1,paper,0-11,embedded,36g,2026-08-31T14:39:04+00:00,,,,,,,,,0.1,7744.7,did not converge,0,False,,0.42,26.9.1.dev0,,,,,,,,,,,,,,,,,,,,,0.236,,,,,7744.7,7744.6,,,,,,,,,,36864.0,28946.7,4049.4,0.0,7662.1,1252.3,15501.9,7649.3,22159357715,36864.0,28946.7,0.0,28946.7,15501.9,1252.3,4049.4,22159357715,20260830T124459Z,,,,,,,,,,,,,,,,,,,,,,,,,,,,,,9990000,96,10,1000,32,100,100,32,32,arcadedb_maxconnections_per_layer,fp32,2295.14,4352.7,"{'vectorCacheHits': 0, 'unverifiedGraphReuses': 0, 'estimatedRebuildWork': 999000000, 'compactedPages': 0, 'closeTimeRebuildPending': 0, 'graphNodeCount': 9990000, 'stalePrefixGraphReuses': 0, 'asyncRebuildInProgress': 0, 'deltaVectorsCount': 1002, 'rebuildSnapshotGeneration': 1, 'groupedSearchesMergingDelta': 0, 'deltaScanBudget': 9223372036854775807, 'searchOperations': 0, 'liveVectorCacheSize': 0, 'compactionCount': 0, 'beamWidth': 100, 'groupedSearchesGroupsUnavailable': 0, 'vectorFetchFromQuantized': 0, 'deltaScanWorkTarget': 999000000, 'estimatedLocationIndexBytes': 343695972, 'totalVectors': 9990000, 'graphRebuildCount': 1, 'estimatedOrdinalMapBytes': 39960000, 'maxConnections': 32, 'mutablePages': 429, 'preFilterSearches': 0, 'rebuildsDeferredForMemory': 0, 'groupedSearchesShortOfLimit': 0, 'bruteForceScans': 0, 'avgInsertLatencyMs': 0, 'mutationsSinceRebuild': 0, 'vectorFetchFromDocuments': 1588461, 'searchVectorCacheCapacity': 0, 'deltaScanWorkSinceRebuild': 0, 'deletedVectors': 0, 'avgSearchLatencyMs': 0, 'pooledGraphSearchers': 0, 'graphState': 1, 'mutationsThreshold': 100, 'effectiveMutationsThreshold': 50000, 'persistedGraphNodeCount': 9990000, 'graphBuildParallelism': 11, 'insertOperations': 19980000, 'graphWalkVisitedAvg': 0, 'vectorCacheMisses': 0, 'vectorFetchFromGraph': 0, 'activeVectors': 9990000, 'dimensions': 96}",8.312,20.933,83.092,13.724,1446.166,72.8,980,20,0.9545,"{'vectorCacheHits': 463138, 'unverifiedGraphReuses': 0, 'estimatedRebuildWork': 999000000, 'compactedPages': 0, 'closeTimeRebuildPending': 0, 'graphNodeCount': 9990000, 'stalePrefixGraphReuses': 0, 'asyncRebuildInProgress': 0, 'deltaVectorsCount': 1002, 'rebuildSnapshotGeneration': 1, 'groupedSearchesMergingDelta': 0, 'deltaScanBudget': 2357, 'searchOperations': 1000, 'liveVectorCacheSize': 0, 'compactionCount': 0, 'beamWidth': 100, 'groupedSearchesGroupsUnavailable': 0, 'vectorFetchFromQuantized': 0, 'deltaScanWorkTarget': 999000000, 'estimatedLocationIndexBytes': 343695972, 'totalVectors': 9990000, 'graphRebuildCount': 1, 'estimatedOrdinalMapBytes': 39960000, 'maxConnections': 32, 'mutablePages': 429, 'preFilterSearches': 0, 'rebuildsDeferredForMemory': 0, 'groupedSearchesShortOfLimit': 0, 'bruteForceScans': 0, 'avgInsertLatencyMs': 0, 'mutationsSinceRebuild': 0, 'vectorFetchFromDocuments': 3499409, 'searchVectorCacheCapacity': 8388608, 'deltaScanWorkSinceRebuild': 1002000, 'deletedVectors': 0, 'avgSearchLatencyMs': 13, 'pooledGraphSearchers': 1, 'graphState': 1, 'mutationsThreshold': 100, 'effectiveMutationsThreshold': 50000, 'persistedGraphNodeCount': 9990000, 'graphBuildParallelism': 11, 'insertOperations': 19980000, 'graphWalkVisitedAvg': 2357, 'vectorCacheMisses': 1648626, 'vectorFetchFromGraph': 0, 'activeVectors': 9990000, 'dimensions': 96}",24g,l3d_dense.py,engine,container:dfc40e0e74ed (host unknown),dbbench:arcadedb,26.9.1.dev0,26.9.1.dev0,,,,,,,,,,,,,,,,,,,,,,,,,,,,,,,,,,,,,,,,,,,,,,,,,,,,,,,,,,,,,,,,,,,,,,,,,,,,,,,,,,,,,,,,,,,,,,,,,0,0,engine auto: whole corpus when it fits graphBuildCacheMaxHeapPercent (default 25) of AVAILABLE heap,25,,,,,,,,,,,,,,,,,,,,,,,,,,,,,,,,,,,,,,,,,,,,,,,,,,,,,,,,,,,,,,,,,,,,,,,,,,,,,,,,,,,,,
l3d_arcadedb_dense_embedded_search_deep10m_r2,8d6af9475,l3d,arcadedb_dense_embedded,search,deep10m,2,paper,0-11,embedded,36g,2026-08-31T04:32:32+00:00,,,,,,,,,0.1,7744.7,did not converge,0,False,,0.394,26.9.1.dev0,,,,,,,,,,,,,,,,,,,,,0.222,,,,,7744.7,7744.6,,,,,,,,,,36864.0,28964.3,2467.2,0.0,7639.1,1741.9,15565.0,7606.8,24198910300,36864.0,28964.3,0.0,28964.3,15565.0,1741.9,2467.2,24198910300,20260830T124459Z,,,,,,,,,,,,,,,,,,,,,,,,,,,,,,9990000,96,10,1000,32,100,100,32,32,arcadedb_maxconnections_per_layer,fp32,2500.23,3995.6,"{'vectorCacheHits': 0, 'unverifiedGraphReuses': 0, 'estimatedRebuildWork': 999000000, 'compactedPages': 0, 'closeTimeRebuildPending': 0, 'graphNodeCount': 9990000, 'stalePrefixGraphReuses': 0, 'asyncRebuildInProgress': 0, 'deltaVectorsCount': 958, 'rebuildSnapshotGeneration': 1, 'groupedSearchesMergingDelta': 0, 'deltaScanBudget': 9223372036854775807, 'searchOperations': 0, 'liveVectorCacheSize': 0, 'compactionCount': 0, 'beamWidth': 100, 'groupedSearchesGroupsUnavailable': 0, 'vectorFetchFromQuantized': 0, 'deltaScanWorkTarget': 999000000, 'estimatedLocationIndexBytes': 343695972, 'totalVectors': 9990000, 'graphRebuildCount': 1, 'estimatedOrdinalMapBytes': 39960000, 'maxConnections': 32, 'mutablePages': 429, 'preFilterSearches': 0, 'rebuildsDeferredForMemory': 0, 'groupedSearchesShortOfLimit': 0, 'bruteForceScans': 0, 'avgInsertLatencyMs': 0, 'mutationsSinceRebuild': 0, 'vectorFetchFromDocuments': 809095251, 'searchVectorCacheCapacity': 0, 'deltaScanWorkSinceRebuild': 0, 'deletedVectors': 0, 'avgSearchLatencyMs': 0, 'pooledGraphSearchers': 0, 'graphState': 1, 'mutationsThreshold': 100, 'effectiveMutationsThreshold': 50000, 'persistedGraphNodeCount': 9990000, 'graphBuildParallelism': 11, 'insertOperations': 19980000, 'graphWalkVisitedAvg': 0, 'vectorCacheMisses': 0, 'vectorFetchFromGraph': 0, 'activeVectors': 9990000, 'dimensions': 96}",8.988,21.455,100.825,14.797,1455.76,67.5,980,20,0.952,"{'vectorCacheHits': 239132, 'unverifiedGraphReuses': 0, 'estimatedRebuildWork': 999000000, 'compactedPages': 0, 'closeTimeRebuildPending': 0, 'graphNodeCount': 9990000, 'stalePrefixGraphReuses': 0, 'asyncRebuildInProgress': 0, 'deltaVectorsCount': 958, 'rebuildSnapshotGeneration': 1, 'groupedSearchesMergingDelta': 0, 'deltaScanBudget': 2415, 'searchOperations': 1000, 'liveVectorCacheSize': 0, 'compactionCount': 0, 'beamWidth': 100, 'groupedSearchesGroupsUnavailable': 0, 'vectorFetchFromQuantized': 0, 'deltaScanWorkTarget': 999000000, 'estimatedLocationIndexBytes': 343695972, 'totalVectors': 9990000, 'graphRebuildCount': 1, 'estimatedOrdinalMapBytes': 39960000, 'maxConnections': 32, 'mutablePages': 429, 'preFilterSearches': 0, 'rebuildsDeferredForMemory': 0, 'groupedSearchesShortOfLimit': 0, 'bruteForceScans': 0, 'avgInsertLatencyMs': 0, 'mutationsSinceRebuild': 0, 'vectorFetchFromDocuments': 811096677, 'searchVectorCacheCapacity': 8388608, 'deltaScanWorkSinceRebuild': 958000, 'deletedVectors': 0, 'avgSearchLatencyMs': 14, 'pooledGraphSearchers': 1, 'graphState': 1, 'mutationsThreshold': 100, 'effectiveMutationsThreshold': 50000, 'persistedGraphNodeCount': 9990000, 'graphBuildParallelism': 11, 'insertOperations': 19980000, 'graphWalkVisitedAvg': 2415, 'vectorCacheMisses': 1122655, 'vectorFetchFromGraph': 0, 'activeVectors': 9990000, 'dimensions': 96}",24g,l3d_dense.py,engine,container:d1e0a5f07ee6 (host unknown),dbbench:arcadedb,26.9.1.dev0,26.9.1.dev0,,,,,,,,,,,,,,,,,,,,,,,,,,,,,,,,,,,,,,,,,,,,,,,,,,,,,,,,,,,,,,,,,,,,,,,,,,,,,,,,,,,,,,,,,,,,,,,,,0,0,engine auto: whole corpus when it fits graphBuildCacheMaxHeapPercent (default 25) of AVAILABLE heap,25,,,,,,,,,,,,,,,,,,,,,,,,,,,,,,,,,,,,,,,,,,,,,,,,,,,,,,,,,,,,,,,,,,,,,,,,,,,,,,,,,,,,,
l3d_arcadedb_dense_embedded_search_deep10m_r3,8d6af9475,l3d,arcadedb_dense_embedded,search,deep10m,3,paper,0-11,embedded,36g,2026-08-31T06:13:37+00:00,,,,,,,,,0.1,7744.7,did not converge,0,False,,0.406,26.9.1.dev0,,,,,,,,,,,,,,,,,,,,,0.152,,,,,7744.7,7744.6,,,,,,,,,,36864.0,28963.5,1898.7,0.0,7637.7,1511.5,15502.5,7637.1,21962648066,36864.0,28963.5,0.0,28963.5,15502.5,1511.5,1898.7,21962648066,20260830T124459Z,,,,,,,,,,,,,,,,,,,,,,,,,,,,,,9990000,96,10,1000,32,100,100,32,32,arcadedb_maxconnections_per_layer,fp32,2284.75,4372.5,"{'vectorCacheHits': 0, 'unverifiedGraphReuses': 0, 'estimatedRebuildWork': 999000000, 'compactedPages': 0, 'closeTimeRebuildPending': 0, 'graphNodeCount': 9990000, 'stalePrefixGraphReuses': 0, 'asyncRebuildInProgress': 0, 'deltaVectorsCount': 1031, 'rebuildSnapshotGeneration': 1, 'groupedSearchesMergingDelta': 0, 'deltaScanBudget': 9223372036854775807, 'searchOperations': 0, 'liveVectorCacheSize': 0, 'compactionCount': 0, 'beamWidth': 100, 'groupedSearchesGroupsUnavailable': 0, 'vectorFetchFromQuantized': 0, 'deltaScanWorkTarget': 999000000, 'estimatedLocationIndexBytes': 343695972, 'totalVectors': 9990000, 'graphRebuildCount': 1, 'estimatedOrdinalMapBytes': 39960000, 'maxConnections': 32, 'mutablePages': 429, 'preFilterSearches': 0, 'rebuildsDeferredForMemory': 0, 'groupedSearchesShortOfLimit': 0, 'bruteForceScans': 0, 'avgInsertLatencyMs': 0, 'mutationsSinceRebuild': 0, 'vectorFetchFromDocuments': 273964, 'searchVectorCacheCapacity': 0, 'deltaScanWorkSinceRebuild': 0, 'deletedVectors': 0, 'avgSearchLatencyMs': 0, 'pooledGraphSearchers': 0, 'graphState': 1, 'mutationsThreshold': 100, 'effectiveMutationsThreshold': 50000, 'persistedGraphNodeCount': 9990000, 'graphBuildParallelism': 11, 'insertOperations': 19980000, 'graphWalkVisitedAvg': 0, 'vectorCacheMisses': 0, 'vectorFetchFromGraph': 0, 'activeVectors': 9990000, 'dimensions': 96}",8.326,21.042,92.17,13.843,1402.871,72.2,980,20,0.9543,"{'vectorCacheHits': 542952, 'unverifiedGraphReuses': 0, 'estimatedRebuildWork': 999000000, 'compactedPages': 0, 'closeTimeRebuildPending': 0, 'graphNodeCount': 9990000, 'stalePrefixGraphReuses': 0, 'asyncRebuildInProgress': 0, 'deltaVectorsCount': 1031, 'rebuildSnapshotGeneration': 1, 'groupedSearchesMergingDelta': 0, 'deltaScanBudget': 2392, 'searchOperations': 1000, 'liveVectorCacheSize': 0, 'compactionCount': 0, 'beamWidth': 100, 'groupedSearchesGroupsUnavailable': 0, 'vectorFetchFromQuantized': 0, 'deltaScanWorkTarget': 999000000, 'estimatedLocationIndexBytes': 343695972, 'totalVectors': 9990000, 'graphRebuildCount': 1, 'estimatedOrdinalMapBytes': 39960000, 'maxConnections': 32, 'mutablePages': 429, 'preFilterSearches': 0, 'rebuildsDeferredForMemory': 0, 'groupedSearchesShortOfLimit': 0, 'bruteForceScans': 0, 'avgInsertLatencyMs': 0, 'mutationsSinceRebuild': 0, 'vectorFetchFromDocuments': 2137039, 'searchVectorCacheCapacity': 8388608, 'deltaScanWorkSinceRebuild': 1031000, 'deletedVectors': 0, 'avgSearchLatencyMs': 13, 'pooledGraphSearchers': 1, 'graphState': 1, 'mutationsThreshold': 100, 'effectiveMutationsThreshold': 50000, 'persistedGraphNodeCount': 9990000, 'graphBuildParallelism': 11, 'insertOperations': 19980000, 'graphWalkVisitedAvg': 2392, 'vectorCacheMisses': 1805420, 'vectorFetchFromGraph': 0, 'activeVectors': 9990000, 'dimensions': 96}",24g,l3d_dense.py,engine,container:3973c5f4d13c (host unknown),dbbench:arcadedb,26.9.1.dev0,26.9.1.dev0,,,,,,,,,,,,,,,,,,,,,,,,,,,,,,,,,,,,,,,,,,,,,,,,,,,,,,,,,,,,,,,,,,,,,,,,,,,,,,,,,,,,,,,,,,,,,,,,,0,0,engine auto: whole corpus when it fits graphBuildCacheMaxHeapPercent (default 25) of AVAILABLE heap,25,,,,,,,,,,,,,,,,,,,,,,,,,,,,,,,,,,,,,,,,,,,,,,,,,,,,,,,,,,,,,,,,,,,,,,,,,,,,,,,,,,,,,
l3d_arcadedb_dense_embedded_search_deep10m_r4,8d6af9475,l3d,arcadedb_dense_embedded,search,deep10m,4,paper,0-11,embedded,36g,2026-08-31T15:21:48+00:00,,,,,,,,,0.1,7744.7,did not converge,0,False,,0.398,26.9.1.dev0,,,,,,,,,,,,,,,,,,,,,0.199,,,,,7744.7,7744.6,,,,,,,,,,36864.0,28974.6,2212.4,0.0,7627.7,1715.2,15565.8,7595.5,24560951995,36864.0,28974.6,0.0,28974.6,15565.8,1715.2,2212.4,24560951995,20260830T124459Z,,,,,,,,,,,,,,,,,,,,,,,,,,,,,,9990000,96,10,1000,32,100,100,32,32,arcadedb_maxconnections_per_layer,fp32,2547.21,3921.9,"{'vectorCacheHits': 0, 'unverifiedGraphReuses': 0, 'estimatedRebuildWork': 999000000, 'compactedPages': 0, 'closeTimeRebuildPending': 0, 'graphNodeCount': 9990000, 'stalePrefixGraphReuses': 0, 'asyncRebuildInProgress': 0, 'deltaVectorsCount': 915, 'rebuildSnapshotGeneration': 1, 'groupedSearchesMergingDelta': 0, 'deltaScanBudget': 9223372036854775807, 'searchOperations': 0, 'liveVectorCacheSize': 0, 'compactionCount': 0, 'beamWidth': 100, 'groupedSearchesGroupsUnavailable': 0, 'vectorFetchFromQuantized': 0, 'deltaScanWorkTarget': 999000000, 'estimatedLocationIndexBytes': 343695972, 'totalVectors': 9990000, 'graphRebuildCount': 1, 'estimatedOrdinalMapBytes': 39960000, 'maxConnections': 32, 'mutablePages': 429, 'preFilterSearches': 0, 'rebuildsDeferredForMemory': 0, 'groupedSearchesShortOfLimit': 0, 'bruteForceScans': 0, 'avgInsertLatencyMs': 0, 'mutationsSinceRebuild': 0, 'vectorFetchFromDocuments': 817130085, 'searchVectorCacheCapacity': 0, 'deltaScanWorkSinceRebuild': 0, 'deletedVectors': 0, 'avgSearchLatencyMs': 0, 'pooledGraphSearchers': 0, 'graphState': 1, 'mutationsThreshold': 100, 'effectiveMutationsThreshold': 50000, 'persistedGraphNodeCount': 9990000, 'graphBuildParallelism': 11, 'insertOperations': 19980000, 'graphWalkVisitedAvg': 0, 'vectorCacheMisses': 0, 'vectorFetchFromGraph': 0, 'activeVectors': 9990000, 'dimensions': 96}",8.434,20.418,77.178,12.395,1140.485,80.6,980,20,0.9534,"{'vectorCacheHits': 561941, 'unverifiedGraphReuses': 0, 'estimatedRebuildWork': 999000000, 'compactedPages': 0, 'closeTimeRebuildPending': 0, 'graphNodeCount': 9990000, 'stalePrefixGraphReuses': 0, 'asyncRebuildInProgress': 0, 'deltaVectorsCount': 915, 'rebuildSnapshotGeneration': 1, 'groupedSearchesMergingDelta': 0, 'deltaScanBudget': 2372, 'searchOperations': 1000, 'liveVectorCacheSize': 0, 'compactionCount': 0, 'beamWidth': 100, 'groupedSearchesGroupsUnavailable': 0, 'vectorFetchFromQuantized': 0, 'deltaScanWorkTarget': 999000000, 'estimatedLocationIndexBytes': 343695972, 'totalVectors': 9990000, 'graphRebuildCount': 1, 'estimatedOrdinalMapBytes': 39960000, 'maxConnections': 32, 'mutablePages': 429, 'preFilterSearches': 0, 'rebuildsDeferredForMemory': 0, 'groupedSearchesShortOfLimit': 0, 'bruteForceScans': 0, 'avgInsertLatencyMs': 0, 'mutationsSinceRebuild': 0, 'vectorFetchFromDocuments': 818975993, 'searchVectorCacheCapacity': 8388608, 'deltaScanWorkSinceRebuild': 915000, 'deletedVectors': 0, 'avgSearchLatencyMs': 12, 'pooledGraphSearchers': 1, 'graphState': 1, 'mutationsThreshold': 100, 'effectiveMutationsThreshold': 50000, 'persistedGraphNodeCount': 9990000, 'graphBuildParallelism': 11, 'insertOperations': 19980000, 'graphWalkVisitedAvg': 2372, 'vectorCacheMisses': 1845908, 'vectorFetchFromGraph': 0, 'activeVectors': 9990000, 'dimensions': 96}",24g,l3d_dense.py,engine,container:fdf655eba421 (host unknown),dbbench:arcadedb,26.9.1.dev0,26.9.1.dev0,,,,,,,,,,,,,,,,,,,,,,,,,,,,,,,,,,,,,,,,,,,,,,,,,,,,,,,,,,,,,,,,,,,,,,,,,,,,,,,,,,,,,,,,,,,,,,,,,0,0,engine auto: whole corpus when it fits graphBuildCacheMaxHeapPercent (default 25) of AVAILABLE heap,25,,,,,,,,,,,,,,,,,,,,,,,,,,,,,,,,,,,,,,,,,,,,,,,,,,,,,,,,,,,,,,,,,,,,,,,,,,,,,,,,,,,,,
l3d_arcadedb_dense_embedded_search_deep10m_r5,8d6af9475,l3d,arcadedb_dense_embedded,search,deep10m,5,paper,0-11,embedded,36g,2026-08-30T14:24:35+00:00,,,,,,,,,0.1,7744.7,did not converge,0,False,,0.402,26.9.1.dev0,,,,,,,,,,,,,,,,,,,,,0.154,,,,,7744.7,7744.6,,,,,,,,,,36864.0,28985.5,1077.6,0.0,7621.2,1958.0,15604.1,7570.0,23191479111,36864.0,28985.5,0.0,28985.5,15604.1,1958.0,1077.6,23191479111,20260830T124459Z,,,,,,,,,,,,,,,,,,,,,,,,,,,,,,9990000,96,10,1000,32,100,100,32,32,arcadedb_maxconnections_per_layer,fp32,2385.88,4187.1,"{'vectorCacheHits': 0, 'unverifiedGraphReuses': 0, 'estimatedRebuildWork': 999000000, 'compactedPages': 0, 'closeTimeRebuildPending': 0, 'graphNodeCount': 9990000, 'stalePrefixGraphReuses': 0, 'asyncRebuildInProgress': 0, 'deltaVectorsCount': 925, 'rebuildSnapshotGeneration': 1, 'groupedSearchesMergingDelta': 0, 'deltaScanBudget': 9223372036854775807, 'searchOperations': 0, 'liveVectorCacheSize': 0, 'compactionCount': 0, 'beamWidth': 100, 'groupedSearchesGroupsUnavailable': 0, 'vectorFetchFromQuantized': 0, 'deltaScanWorkTarget': 999000000, 'estimatedLocationIndexBytes': 343695972, 'totalVectors': 9990000, 'graphRebuildCount': 1, 'estimatedOrdinalMapBytes': 39960000, 'maxConnections': 32, 'mutablePages': 429, 'preFilterSearches': 0, 'rebuildsDeferredForMemory': 0, 'groupedSearchesShortOfLimit': 0, 'bruteForceScans': 0, 'avgInsertLatencyMs': 0, 'mutationsSinceRebuild': 0, 'vectorFetchFromDocuments': 781884556, 'searchVectorCacheCapacity': 0, 'deltaScanWorkSinceRebuild': 0, 'deletedVectors': 0, 'avgSearchLatencyMs': 0, 'pooledGraphSearchers': 0, 'graphState': 1, 'mutationsThreshold': 100, 'effectiveMutationsThreshold': 50000, 'persistedGraphNodeCount': 9990000, 'graphBuildParallelism': 11, 'insertOperations': 19980000, 'graphWalkVisitedAvg': 0, 'vectorCacheMisses': 0, 'vectorFetchFromGraph': 0, 'activeVectors': 9990000, 'dimensions': 96}",8.52,19.792,87.759,12.73,1396.966,78.5,980,20,0.9531,"{'vectorCacheHits': 542769, 'unverifiedGraphReuses': 0, 'estimatedRebuildWork': 999000000, 'compactedPages': 0, 'closeTimeRebuildPending': 0, 'graphNodeCount': 9990000, 'stalePrefixGraphReuses': 0, 'asyncRebuildInProgress': 0, 'deltaVectorsCount': 925, 'rebuildSnapshotGeneration': 1, 'groupedSearchesMergingDelta': 0, 'deltaScanBudget': 2337, 'searchOperations': 1000, 'liveVectorCacheSize': 0, 'compactionCount': 0, 'beamWidth': 100, 'groupedSearchesGroupsUnavailable': 0, 'vectorFetchFromQuantized': 0, 'deltaScanWorkTarget': 999000000, 'estimatedLocationIndexBytes': 343695972, 'totalVectors': 9990000, 'graphRebuildCount': 1, 'estimatedOrdinalMapBytes': 39960000, 'maxConnections': 32, 'mutablePages': 429, 'preFilterSearches': 0, 'rebuildsDeferredForMemory': 0, 'groupedSearchesShortOfLimit': 0, 'bruteForceScans': 0, 'avgInsertLatencyMs': 0, 'mutationsSinceRebuild': 0, 'vectorFetchFromDocuments': 783741582, 'searchVectorCacheCapacity': 8388608, 'deltaScanWorkSinceRebuild': 925000, 'deletedVectors': 0, 'avgSearchLatencyMs': 12, 'pooledGraphSearchers': 1, 'graphState': 1, 'mutationsThreshold': 100, 'effectiveMutationsThreshold': 50000, 'persistedGraphNodeCount': 9990000, 'graphBuildParallelism': 11, 'insertOperations': 19980000, 'graphWalkVisitedAvg': 2337, 'vectorCacheMisses': 1813090, 'vectorFetchFromGraph': 0, 'activeVectors': 9990000, 'dimensions': 96}",24g,l3d_dense.py,engine,container:a90efaaf5b7f (host unknown),dbbench:arcadedb,26.9.1.dev0,26.9.1.dev0,,,,,,,,,,,,,,,,,,,,,,,,,,,,,,,,,,,,,,,,,,,,,,,,,,,,,,,,,,,,,,,,,,,,,,,,,,,,,,,,,,,,,,,,,,,,,,,,,0,0,engine auto: whole corpus when it fits graphBuildCacheMaxHeapPercent (default 25) of AVAILABLE heap,25,,,,,,,,,,,,,,,,,,,,,,,,,,,,,,,,,,,,,,,,,,,,,,,,,,,,,,,,,,,,,,,,,,,,,,,,,,,,,,,,,,,,,
l3d_arcadedb_dense_embedded_int8_search_deep10m_r1,8d6af9475,l3d,arcadedb_dense_embedded_int8,search,deep10m,1,paper,0-11,embedded,36g,2026-08-31T03:50:32+00:00,,,,,,,,,0.1,8773.9,did not converge,0,False,,0.393,26.9.1.dev0,,,,,,,,,,,,,,,,,,,,,0.154,,,,,8773.9,8773.8,,,,,,,,,,36864.0,29013.7,58.9,0.0,7572.7,251.1,17644.9,7527.7,38959182064,36864.0,29013.7,0.0,29013.7,17644.9,251.1,58.9,38959182064,20260830T124459Z,,,,,,,,,,,,,,,,,,,,,,,,,,,,,,9990000,96,10,1000,32,100,100,32,32,arcadedb_maxconnections_per_layer,INT8,3735.19,2674.6,"{'vectorCacheHits': 0, 'unverifiedGraphReuses': 0, 'estimatedRebuildWork': 999000000, 'compactedPages': 0, 'closeTimeRebuildPending': 0, 'graphNodeCount': 9990000, 'stalePrefixGraphReuses': 0, 'asyncRebuildInProgress': 0, 'deltaVectorsCount': 1144, 'rebuildSnapshotGeneration': 1, 'groupedSearchesMergingDelta': 0, 'deltaScanBudget': 9223372036854775807, 'searchOperations': 0, 'liveVectorCacheSize': 0, 'compactionCount': 0, 'beamWidth': 100, 'groupedSearchesGroupsUnavailable': 0, 'vectorFetchFromQuantized': 22763177832, 'deltaScanWorkTarget': 999000000, 'estimatedLocationIndexBytes': 343695972, 'totalVectors': 9990000, 'graphRebuildCount': 1, 'estimatedOrdinalMapBytes': 39960000, 'maxConnections': 32, 'mutablePages': 4546, 'preFilterSearches': 0, 'rebuildsDeferredForMemory': 0, 'groupedSearchesShortOfLimit': 0, 'bruteForceScans': 0, 'avgInsertLatencyMs': 0, 'mutationsSinceRebuild': 0, 'vectorFetchFromDocuments': 0, 'searchVectorCacheCapacity': 0, 'deltaScanWorkSinceRebuild': 0, 'deletedVectors': 0, 'avgSearchLatencyMs': 0, 'pooledGraphSearchers': 0, 'graphState': 1, 'mutationsThreshold': 100, 'effectiveMutationsThreshold': 50000, 'persistedGraphNodeCount': 9990000, 'graphBuildParallelism': 11, 'insertOperations': 19980000, 'graphWalkVisitedAvg': 0, 'vectorCacheMisses': 0, 'vectorFetchFromGraph': 0, 'activeVectors': 9990000, 'dimensions': 96}",2.758,3.771,4.745,2.777,5.612,359.5,980,20,0.9432,"{'vectorCacheHits': 562721, 'unverifiedGraphReuses': 0, 'estimatedRebuildWork': 999000000, 'compactedPages': 0, 'closeTimeRebuildPending': 0, 'graphNodeCount': 9990000, 'stalePrefixGraphReuses': 0, 'asyncRebuildInProgress': 0, 'deltaVectorsCount': 1144, 'rebuildSnapshotGeneration': 1, 'groupedSearchesMergingDelta': 0, 'deltaScanBudget': 2362, 'searchOperations': 1000, 'liveVectorCacheSize': 0, 'compactionCount': 0, 'beamWidth': 100, 'groupedSearchesGroupsUnavailable': 0, 'vectorFetchFromQuantized': 22765025812, 'deltaScanWorkTarget': 999000000, 'estimatedLocationIndexBytes': 343695972, 'totalVectors': 9990000, 'graphRebuildCount': 1, 'estimatedOrdinalMapBytes': 39960000, 'maxConnections': 32, 'mutablePages': 4546, 'preFilterSearches': 0, 'rebuildsDeferredForMemory': 0, 'groupedSearchesShortOfLimit': 0, 'bruteForceScans': 0, 'avgInsertLatencyMs': 0, 'mutationsSinceRebuild': 0, 'vectorFetchFromDocuments': 0, 'searchVectorCacheCapacity': 16777216, 'deltaScanWorkSinceRebuild': 1144000, 'deletedVectors': 0, 'avgSearchLatencyMs': 2, 'pooledGraphSearchers': 1, 'graphState': 1, 'mutationsThreshold': 100, 'effectiveMutationsThreshold': 50000, 'persistedGraphNodeCount': 9990000, 'graphBuildParallelism': 11, 'insertOperations': 19980000, 'graphWalkVisitedAvg': 2362, 'vectorCacheMisses': 1847980, 'vectorFetchFromGraph': 0, 'activeVectors': 9990000, 'dimensions': 96}",24g,l3d_dense.py,engine,container:166ad4fcd6ea (host unknown),dbbench:arcadedb,26.9.1.dev0,26.9.1.dev0,,,,,,,,,,,,,,,,,,,,,,,,,,,,,,,,,,,,,,,,,,,,,,,,,,,,,,,,,,,,,,,,,,,,,,,,,,,,,,,,,,,,,,,,,,,,,,,,,0,0,engine auto: whole corpus when it fits graphBuildCacheMaxHeapPercent (default 25) of AVAILABLE heap,25,,,,,,,,,,,,,,,,,,,,,,,,,,,,,,,,,,,,,,,,,,,,,,,,,,,,,,,,,,,,,,,,,,,,,,,,,,,,,,,,,,,,,
l3d_arcadedb_dense_embedded_int8_search_deep10m_r2,8d6af9475,l3d,arcadedb_dense_embedded_int8,search,deep10m,2,paper,0-11,embedded,36g,2026-08-31T05:35:13+00:00,,,,,,,,,0.1,8773.9,did not converge,0,False,,0.396,26.9.1.dev0,,,,,,,,,,,,,,,,,,,,,0.211,,,,,8773.9,8773.8,,,,,,,,,,36864.0,28930.9,1299.1,0.0,7657.0,234.6,17659.0,7601.5,39020747816,36864.0,28930.9,0.0,28930.9,17659.0,234.6,1299.1,39020747816,20260830T124459Z,,,,,,,,,,,,,,,,,,,,,,,,,,,,,,9990000,96,10,1000,32,100,100,32,32,arcadedb_maxconnections_per_layer,INT8,3752.7,2662.1,"{'vectorCacheHits': 0, 'unverifiedGraphReuses': 0, 'estimatedRebuildWork': 999000000, 'compactedPages': 0, 'closeTimeRebuildPending': 0, 'graphNodeCount': 9990000, 'stalePrefixGraphReuses': 0, 'asyncRebuildInProgress': 0, 'deltaVectorsCount': 941, 'rebuildSnapshotGeneration': 1, 'groupedSearchesMergingDelta': 0, 'deltaScanBudget': 9223372036854775807, 'searchOperations': 0, 'liveVectorCacheSize': 0, 'compactionCount': 0, 'beamWidth': 100, 'groupedSearchesGroupsUnavailable': 0, 'vectorFetchFromQuantized': 22780978002, 'deltaScanWorkTarget': 999000000, 'estimatedLocationIndexBytes': 343695972, 'totalVectors': 9990000, 'graphRebuildCount': 1, 'estimatedOrdinalMapBytes': 39960000, 'maxConnections': 32, 'mutablePages': 4546, 'preFilterSearches': 0, 'rebuildsDeferredForMemory': 0, 'groupedSearchesShortOfLimit': 0, 'bruteForceScans': 0, 'avgInsertLatencyMs': 0, 'mutationsSinceRebuild': 0, 'vectorFetchFromDocuments': 0, 'searchVectorCacheCapacity': 0, 'deltaScanWorkSinceRebuild': 0, 'deletedVectors': 0, 'avgSearchLatencyMs': 0, 'pooledGraphSearchers': 0, 'graphState': 1, 'mutationsThreshold': 100, 'effectiveMutationsThreshold': 50000, 'persistedGraphNodeCount': 9990000, 'graphBuildParallelism': 11, 'insertOperations': 19980000, 'graphWalkVisitedAvg': 0, 'vectorCacheMisses': 0, 'vectorFetchFromGraph': 0, 'activeVectors': 9990000, 'dimensions': 96}",2.755,3.917,4.716,2.786,6.406,358.3,980,20,0.9447,"{'vectorCacheHits': 560241, 'unverifiedGraphReuses': 0, 'estimatedRebuildWork': 999000000, 'compactedPages': 0, 'closeTimeRebuildPending': 0, 'graphNodeCount': 9990000, 'stalePrefixGraphReuses': 0, 'asyncRebuildInProgress': 0, 'deltaVectorsCount': 941, 'rebuildSnapshotGeneration': 1, 'groupedSearchesMergingDelta': 0, 'deltaScanBudget': 2390, 'searchOperations': 1000, 'liveVectorCacheSize': 0, 'compactionCount': 0, 'beamWidth': 100, 'groupedSearchesGroupsUnavailable': 0, 'vectorFetchFromQuantized': 22782824919, 'deltaScanWorkTarget': 999000000, 'estimatedLocationIndexBytes': 343695972, 'totalVectors': 9990000, 'graphRebuildCount': 1, 'estimatedOrdinalMapBytes': 39960000, 'maxConnections': 32, 'mutablePages': 4546, 'preFilterSearches': 0, 'rebuildsDeferredForMemory': 0, 'groupedSearchesShortOfLimit': 0, 'bruteForceScans': 0, 'avgInsertLatencyMs': 0, 'mutationsSinceRebuild': 0, 'vectorFetchFromDocuments': 0, 'searchVectorCacheCapacity': 16777216, 'deltaScanWorkSinceRebuild': 941000, 'deletedVectors': 0, 'avgSearchLatencyMs': 2, 'pooledGraphSearchers': 1, 'graphState': 1, 'mutationsThreshold': 100, 'effectiveMutationsThreshold': 50000, 'persistedGraphNodeCount': 9990000, 'graphBuildParallelism': 11, 'insertOperations': 19980000, 'graphWalkVisitedAvg': 2390, 'vectorCacheMisses': 1846917, 'vectorFetchFromGraph': 0, 'activeVectors': 9990000, 'dimensions': 96}",24g,l3d_dense.py,engine,container:00a230c9b853 (host unknown),dbbench:arcadedb,26.9.1.dev0,26.9.1.dev0,,,,,,,,,,,,,,,,,,,,,,,,,,,,,,,,,,,,,,,,,,,,,,,,,,,,,,,,,,,,,,,,,,,,,,,,,,,,,,,,,,,,,,,,,,,,,,,,,0,0,engine auto: whole corpus when it fits graphBuildCacheMaxHeapPercent (default 25) of AVAILABLE heap,25,,,,,,,,,,,,,,,,,,,,,,,,,,,,,,,,,,,,,,,,,,,,,,,,,,,,,,,,,,,,,,,,,,,,,,,,,,,,,,,,,,,,,
l3d_arcadedb_dense_embedded_int8_search_deep10m_r3,8d6af9475,l3d,arcadedb_dense_embedded_int8,search,deep10m,3,paper,0-11,embedded,36g,2026-08-31T01:30:06+00:00,,,,,,,,,0.1,8773.9,did not converge,0,False,,0.436,26.9.1.dev0,,,,,,,,,,,,,,,,,,,,,0.168,,,,,8773.9,8773.8,,,,,,,,,,36864.0,28968.2,3124.8,0.0,7615.2,234.2,17569.9,7611.3,37782703475,36864.0,28968.2,0.0,28968.2,17569.9,234.2,3124.8,37782703475,20260830T124459Z,,,,,,,,,,,,,,,,,,,,,,,,,,,,,,9990000,96,10,1000,32,100,100,32,32,arcadedb_maxconnections_per_layer,INT8,3646.84,2739.4,"{'vectorCacheHits': 0, 'unverifiedGraphReuses': 0, 'estimatedRebuildWork': 999000000, 'compactedPages': 0, 'closeTimeRebuildPending': 0, 'graphNodeCount': 9990000, 'stalePrefixGraphReuses': 0, 'asyncRebuildInProgress': 0, 'deltaVectorsCount': 1023, 'rebuildSnapshotGeneration': 1, 'groupedSearchesMergingDelta': 0, 'deltaScanBudget': 9223372036854775807, 'searchOperations': 0, 'liveVectorCacheSize': 0, 'compactionCount': 0, 'beamWidth': 100, 'groupedSearchesGroupsUnavailable': 0, 'vectorFetchFromQuantized': 22817190716, 'deltaScanWorkTarget': 999000000, 'estimatedLocationIndexBytes': 343695972, 'totalVectors': 9990000, 'graphRebuildCount': 1, 'estimatedOrdinalMapBytes': 39960000, 'maxConnections': 32, 'mutablePages': 4546, 'preFilterSearches': 0, 'rebuildsDeferredForMemory': 0, 'groupedSearchesShortOfLimit': 0, 'bruteForceScans': 0, 'avgInsertLatencyMs': 0, 'mutationsSinceRebuild': 0, 'vectorFetchFromDocuments': 0, 'searchVectorCacheCapacity': 0, 'deltaScanWorkSinceRebuild': 0, 'deletedVectors': 0, 'avgSearchLatencyMs': 0, 'pooledGraphSearchers': 0, 'graphState': 1, 'mutationsThreshold': 100, 'effectiveMutationsThreshold': 50000, 'persistedGraphNodeCount': 9990000, 'graphBuildParallelism': 11, 'insertOperations': 19980000, 'graphWalkVisitedAvg': 0, 'vectorCacheMisses': 0, 'vectorFetchFromGraph': 0, 'activeVectors': 9990000, 'dimensions': 96}",2.758,3.832,4.453,2.78,5.549,359.0,980,20,0.946,"{'vectorCacheHits': 564696, 'unverifiedGraphReuses': 0, 'estimatedRebuildWork': 999000000, 'compactedPages': 0, 'closeTimeRebuildPending': 0, 'graphNodeCount': 9990000, 'stalePrefixGraphReuses': 0, 'asyncRebuildInProgress': 0, 'deltaVectorsCount': 1023, 'rebuildSnapshotGeneration': 1, 'groupedSearchesMergingDelta': 0, 'deltaScanBudget': 2430, 'searchOperations': 1000, 'liveVectorCacheSize': 0, 'compactionCount': 0, 'beamWidth': 100, 'groupedSearchesGroupsUnavailable': 0, 'vectorFetchFromQuantized': 22819038466, 'deltaScanWorkTarget': 999000000, 'estimatedLocationIndexBytes': 343695972, 'totalVectors': 9990000, 'graphRebuildCount': 1, 'estimatedOrdinalMapBytes': 39960000, 'maxConnections': 32, 'mutablePages': 4546, 'preFilterSearches': 0, 'rebuildsDeferredForMemory': 0, 'groupedSearchesShortOfLimit': 0, 'bruteForceScans': 0, 'avgInsertLatencyMs': 0, 'mutationsSinceRebuild': 0, 'vectorFetchFromDocuments': 0, 'searchVectorCacheCapacity': 16777216, 'deltaScanWorkSinceRebuild': 1023000, 'deletedVectors': 0, 'avgSearchLatencyMs': 2, 'pooledGraphSearchers': 1, 'graphState': 1, 'mutationsThreshold': 100, 'effectiveMutationsThreshold': 50000, 'persistedGraphNodeCount': 9990000, 'graphBuildParallelism': 11, 'insertOperations': 19980000, 'graphWalkVisitedAvg': 2430, 'vectorCacheMisses': 1847750, 'vectorFetchFromGraph': 0, 'activeVectors': 9990000, 'dimensions': 96}",24g,l3d_dense.py,engine,container:11b6065da920 (host unknown),dbbench:arcadedb,26.9.1.dev0,26.9.1.dev0,,,,,,,,,,,,,,,,,,,,,,,,,,,,,,,,,,,,,,,,,,,,,,,,,,,,,,,,,,,,,,,,,,,,,,,,,,,,,,,,,,,,,,,,,,,,,,,,,0,0,engine auto: whole corpus when it fits graphBuildCacheMaxHeapPercent (default 25) of AVAILABLE heap,25,,,,,,,,,,,,,,,,,,,,,,,,,,,,,,,,,,,,,,,,,,,,,,,,,,,,,,,,,,,,,,,,,,,,,,,,,,,,,,,,,,,,,
l3d_arcadedb_dense_embedded_int8_search_deep10m_r4,8d6af9475,l3d,arcadedb_dense_embedded_int8,search,deep10m,4,paper,0-11,embedded,36g,2026-08-30T18:38:05+00:00,,,,,,,,,0.1,8773.9,did not converge,0,False,,0.422,26.9.1.dev0,,,,,,,,,,,,,,,,,,,,,0.219,,,,,8773.9,8773.8,,,,,,,,,,36864.0,28914.7,6273.0,0.0,7677.1,232.1,17646.0,7624.5,38097845266,36864.0,28914.7,0.0,28914.7,17646.0,232.1,6273.0,38097845266,20260830T124459Z,,,,,,,,,,,,,,,,,,,,,,,,,,,,,,9990000,96,10,1000,32,100,100,32,32,arcadedb_maxconnections_per_layer,INT8,3667.77,2723.7,"{'vectorCacheHits': 0, 'unverifiedGraphReuses': 0, 'estimatedRebuildWork': 999000000, 'compactedPages': 0, 'closeTimeRebuildPending': 0, 'graphNodeCount': 9990000, 'stalePrefixGraphReuses': 0, 'asyncRebuildInProgress': 0, 'deltaVectorsCount': 1197, 'rebuildSnapshotGeneration': 1, 'groupedSearchesMergingDelta': 0, 'deltaScanBudget': 9223372036854775807, 'searchOperations': 0, 'liveVectorCacheSize': 0, 'compactionCount': 0, 'beamWidth': 100, 'groupedSearchesGroupsUnavailable': 0, 'vectorFetchFromQuantized': 22767082250, 'deltaScanWorkTarget': 999000000, 'estimatedLocationIndexBytes': 343695972, 'totalVectors': 9990000, 'graphRebuildCount': 1, 'estimatedOrdinalMapBytes': 39960000, 'maxConnections': 32, 'mutablePages': 4546, 'preFilterSearches': 0, 'rebuildsDeferredForMemory': 0, 'groupedSearchesShortOfLimit': 0, 'bruteForceScans': 0, 'avgInsertLatencyMs': 0, 'mutationsSinceRebuild': 0, 'vectorFetchFromDocuments': 0, 'searchVectorCacheCapacity': 0, 'deltaScanWorkSinceRebuild': 0, 'deletedVectors': 0, 'avgSearchLatencyMs': 0, 'pooledGraphSearchers': 0, 'graphState': 1, 'mutationsThreshold': 100, 'effectiveMutationsThreshold': 50000, 'persistedGraphNodeCount': 9990000, 'graphBuildParallelism': 11, 'insertOperations': 19980000, 'graphWalkVisitedAvg': 0, 'vectorCacheMisses': 0, 'vectorFetchFromGraph': 0, 'activeVectors': 9990000, 'dimensions': 96}",2.778,3.792,4.333,2.776,5.29,359.6,980,20,0.9407,"{'vectorCacheHits': 562060, 'unverifiedGraphReuses': 0, 'estimatedRebuildWork': 999000000, 'compactedPages': 0, 'closeTimeRebuildPending': 0, 'graphNodeCount': 9990000, 'stalePrefixGraphReuses': 0, 'asyncRebuildInProgress': 0, 'deltaVectorsCount': 1197, 'rebuildSnapshotGeneration': 1, 'groupedSearchesMergingDelta': 0, 'deltaScanBudget': 2365, 'searchOperations': 1000, 'liveVectorCacheSize': 0, 'compactionCount': 0, 'beamWidth': 100, 'groupedSearchesGroupsUnavailable': 0, 'vectorFetchFromQuantized': 22768929800, 'deltaScanWorkTarget': 999000000, 'estimatedLocationIndexBytes': 343695972, 'totalVectors': 9990000, 'graphRebuildCount': 1, 'estimatedOrdinalMapBytes': 39960000, 'maxConnections': 32, 'mutablePages': 4546, 'preFilterSearches': 0, 'rebuildsDeferredForMemory': 0, 'groupedSearchesShortOfLimit': 0, 'bruteForceScans': 0, 'avgInsertLatencyMs': 0, 'mutationsSinceRebuild': 0, 'vectorFetchFromDocuments': 0, 'searchVectorCacheCapacity': 8388608, 'deltaScanWorkSinceRebuild': 1197000, 'deletedVectors': 0, 'avgSearchLatencyMs': 2, 'pooledGraphSearchers': 1, 'graphState': 1, 'mutationsThreshold': 100, 'effectiveMutationsThreshold': 50000, 'persistedGraphNodeCount': 9990000, 'graphBuildParallelism': 11, 'insertOperations': 19980000, 'graphWalkVisitedAvg': 2365, 'vectorCacheMisses': 1847550, 'vectorFetchFromGraph': 0, 'activeVectors': 9990000, 'dimensions': 96}",24g,l3d_dense.py,engine,container:0aa56c6a8e2f (host unknown),dbbench:arcadedb,26.9.1.dev0,26.9.1.dev0,,,,,,,,,,,,,,,,,,,,,,,,,,,,,,,,,,,,,,,,,,,,,,,,,,,,,,,,,,,,,,,,,,,,,,,,,,,,,,,,,,,,,,,,,,,,,,,,,0,0,engine auto: whole corpus when it fits graphBuildCacheMaxHeapPercent (default 25) of AVAILABLE heap,25,,,,,,,,,,,,,,,,,,,,,,,,,,,,,,,,,,,,,,,,,,,,,,,,,,,,,,,,,,,,,,,,,,,,,,,,,,,,,,,,,,,,,
l3d_arcadedb_dense_embedded_int8_search_deep10m_r5,8d6af9475,l3d,arcadedb_dense_embedded_int8,search,deep10m,5,paper,0-11,embedded,36g,2026-08-30T13:44:31+00:00,,,,,,,,,0.1,8773.9,did not converge,0,False,,0.378,26.9.1.dev0,,,,,,,,,,,,,,,,,,,,,0.179,,,,,8773.9,8773.8,,,,,,,,,,36864.0,28912.7,2074.7,0.0,7680.5,251.5,17632.3,7631.8,36891840236,36864.0,28912.7,0.0,28912.7,17632.3,251.5,2074.7,36891840236,20260830T124459Z,,,,,,,,,,,,,,,,,,,,,,,,,,,,,,9990000,96,10,1000,32,100,100,32,32,arcadedb_maxconnections_per_layer,INT8,3560.31,2805.9,"{'vectorCacheHits': 0, 'unverifiedGraphReuses': 0, 'estimatedRebuildWork': 999000000, 'compactedPages': 0, 'closeTimeRebuildPending': 0, 'graphNodeCount': 9990000, 'stalePrefixGraphReuses': 0, 'asyncRebuildInProgress': 0, 'deltaVectorsCount': 1158, 'rebuildSnapshotGeneration': 1, 'groupedSearchesMergingDelta': 0, 'deltaScanBudget': 9223372036854775807, 'searchOperations': 0, 'liveVectorCacheSize': 0, 'compactionCount': 0, 'beamWidth': 100, 'groupedSearchesGroupsUnavailable': 0, 'vectorFetchFromQuantized': 22756800679, 'deltaScanWorkTarget': 999000000, 'estimatedLocationIndexBytes': 343695972, 'totalVectors': 9990000, 'graphRebuildCount': 1, 'estimatedOrdinalMapBytes': 39960000, 'maxConnections': 32, 'mutablePages': 4546, 'preFilterSearches': 0, 'rebuildsDeferredForMemory': 0, 'groupedSearchesShortOfLimit': 0, 'bruteForceScans': 0, 'avgInsertLatencyMs': 0, 'mutationsSinceRebuild': 0, 'vectorFetchFromDocuments': 0, 'searchVectorCacheCapacity': 0, 'deltaScanWorkSinceRebuild': 0, 'deletedVectors': 0, 'avgSearchLatencyMs': 0, 'pooledGraphSearchers': 0, 'graphState': 1, 'mutationsThreshold': 100, 'effectiveMutationsThreshold': 50000, 'persistedGraphNodeCount': 9990000, 'graphBuildParallelism': 11, 'insertOperations': 19980000, 'graphWalkVisitedAvg': 0, 'vectorCacheMisses': 0, 'vectorFetchFromGraph': 0, 'activeVectors': 9990000, 'dimensions': 96}",2.786,4.446,5.565,2.857,6.886,349.4,980,20,0.9415,"{'vectorCacheHits': 556558, 'unverifiedGraphReuses': 0, 'estimatedRebuildWork': 999000000, 'compactedPages': 0, 'closeTimeRebuildPending': 0, 'graphNodeCount': 9990000, 'stalePrefixGraphReuses': 0, 'asyncRebuildInProgress': 0, 'deltaVectorsCount': 1158, 'rebuildSnapshotGeneration': 1, 'groupedSearchesMergingDelta': 0, 'deltaScanBudget': 2381, 'searchOperations': 1000, 'liveVectorCacheSize': 0, 'compactionCount': 0, 'beamWidth': 100, 'groupedSearchesGroupsUnavailable': 0, 'vectorFetchFromQuantized': 22758650591, 'deltaScanWorkTarget': 999000000, 'estimatedLocationIndexBytes': 343695972, 'totalVectors': 9990000, 'graphRebuildCount': 1, 'estimatedOrdinalMapBytes': 39960000, 'maxConnections': 32, 'mutablePages': 4546, 'preFilterSearches': 0, 'rebuildsDeferredForMemory': 0, 'groupedSearchesShortOfLimit': 0, 'bruteForceScans': 0, 'avgInsertLatencyMs': 0, 'mutationsSinceRebuild': 0, 'vectorFetchFromDocuments': 0, 'searchVectorCacheCapacity': 8388608, 'deltaScanWorkSinceRebuild': 1158000, 'deletedVectors': 0, 'avgSearchLatencyMs': 2, 'pooledGraphSearchers': 1, 'graphState': 1, 'mutationsThreshold': 100, 'effectiveMutationsThreshold': 50000, 'persistedGraphNodeCount': 9990000, 'graphBuildParallelism': 11, 'insertOperations': 19980000, 'graphWalkVisitedAvg': 2381, 'vectorCacheMisses': 1847096, 'vectorFetchFromGraph': 0, 'activeVectors': 9990000, 'dimensions': 96}",24g,l3d_dense.py,engine,container:502f9ba282e5 (host unknown),dbbench:arcadedb,26.9.1.dev0,26.9.1.dev0,,,,,,,,,,,,,,,,,,,,,,,,,,,,,,,,,,,,,,,,,,,,,,,,,,,,,,,,,,,,,,,,,,,,,,,,,,,,,,,,,,,,,,,,,,,,,,,,,0,0,engine auto: whole corpus when it fits graphBuildCacheMaxHeapPercent (default 25) of AVAILABLE heap,25,,,,,,,,,,,,,,,,,,,,,,,,,,,,,,,,,,,,,,,,,,,,,,,,,,,,,,,,,,,,,,,,,,,,,,,,,,,,,,,,,,,,,
l3d_arcadedb_dense_server_search_deep10m_r1,8d6af9475,l3d,arcadedb_dense_server,search,deep10m,1,paper,0-11,client_server,8g,2026-08-30T12:44:53+00:00,full+client,8g,36.0,0-11,arcadedb-c25:8d6af9475,arcadedb-c25:8d6af9475,36g,0.3,0.1,0.1,did not converge,0,False,,7.43,server:26.9.1-SNAPSHOT (build 8d6af94753ea8446bd13ac1aed2bb79eaf78dc90/1788075753609/main),,,,,,,,,,,,,,,,,,,,,0.0,7753.8,7753.8,0.0,True,7753.9,7753.5,33428.6,25414.6,25410.7,0.0,7753.2,1467.5,15525.6,7753.2,24132307823,3876.9,3690.8,3690.8,0.0,0.1,0.0,0.2,0.1,308803939,37305.5,29105.5,0.0,29105.5,15525.7,1467.5,29101.5,24441111762,20260830T114831Z,,,,,,,,,,,,,,,,,,,,,,,,,,,,,,9990000,96,10,1000,32,100,100,32,32,arcadedb_maxconnections_per_layer,fp32,3355.45,2977.2,{},8.376,22.448,109.201,14.221,1420.533,70.3,980,20,0.9542,{},24g,l3d_dense.py,client,container:be792ad767f6 (host unknown),dbbench:client,server:26.9.1-SNAPSHOT (build 8d6af94753ea8446bd13ac1aed2bb79eaf78dc90/1788075753609/main),unknown (PackageNotFoundError),,,,,,,,,,,,,,,,,,,,,,,,,,,,,,,,,24g,,,,,,,,,,,,,,,,,,,,,,,,,,,,,,,,,,,,,,,,,,,,,,,,,,,,,,,,,,,,,,,,0,0,engine auto: whole corpus when it fits graphBuildCacheMaxHeapPercent (default 25) of AVAILABLE heap,25,,,,,,,,,,,,,,,,,,,,,,,,,,,,,,,,,,,,,,,,,,,,,,,,,,,,,,,,,,,,,,,,,,,,,,,,,,,,,,,,,,,,,
l3d_arcadedb_dense_server_search_deep10m_r2,8d6af9475,l3d,arcadedb_dense_server,search,deep10m,2,paper,0-11,client_server,8g,2026-08-31T00:29:08+00:00,full+client,8g,36.0,0-11,arcadedb-c25:8d6af9475,arcadedb-c25:8d6af9475,36g,0.3,0.1,0.1,did not converge,0,False,,8.7,server:26.9.1-SNAPSHOT (build 8d6af94753ea8446bd13ac1aed2bb79eaf78dc90/1788075753609/main),,,,,,,,,,,,,,,,,,,,,0.0,7810.7,7810.7,0.0,True,7810.8,7810.4,33507.6,25411.1,25410.3,0.0,7811.0,0.2,15647.3,7811.0,103551206889,3876.6,3704.6,28.6,0.0,0.1,0.0,0.2,0.1,321642842,37384.2,29115.8,0.0,29115.8,15647.5,0.2,25438.9,103872849731,20260830T124459Z,,,,,,,,,,,,,,,,,,,,,,,,,,,,,,9990000,96,10,1000,32,100,100,32,32,arcadedb_maxconnections_per_layer,fp32,11428.67,874.1,{},8.494,19.293,91.921,11.27,169.175,88.7,980,20,0.9519,{},24g,l3d_dense.py,client,container:69cc94347bba (host unknown),dbbench:client,server:26.9.1-SNAPSHOT (build 8d6af94753ea8446bd13ac1aed2bb79eaf78dc90/1788075753609/main),unknown (PackageNotFoundError),,,,,,,,,,,,,,,,,,,,,,,,,,,,,,,,,24g,,,,,,,,,,,,,,,,,,,,,,,,,,,,,,,,,,,,,,,,,,,,,,,,,,,,,,,,,,,,,,,,0,0,engine auto: whole corpus when it fits graphBuildCacheMaxHeapPercent (default 25) of AVAILABLE heap,25,,,,,,,,,,,,,,,,,,,,,,,,,,,,,,,,,,,,,,,,,,,,,,,,,,,,,,,,,,,,,,,,,,,,,,,,,,,,,,,,,,,,,
l3d_arcadedb_dense_server_search_deep10m_r3,8d6af9475,l3d,arcadedb_dense_server,search,deep10m,3,paper,0-11,client_server,8g,2026-08-31T10:48:07+00:00,full+client,8g,36.0,0-11,arcadedb-c25:8d6af9475,arcadedb-c25:8d6af9475,36g,0.3,0.1,0.1,did not converge,0,False,,8.46,server:26.9.1-SNAPSHOT (build 8d6af94753ea8446bd13ac1aed2bb79eaf78dc90/1788075753609/main),,,,,,,,,,,,,,,,,,,,,0.0,7752.2,7752.2,0.0,True,7752.3,7751.9,33408.9,25371.5,25370.5,0.0,7752.1,0.0,15529.6,7752.1,106749970078,3876.5,3690.9,3690.9,0.0,0.1,0.0,0.2,0.1,320841698,37285.3,29062.4,0.0,29062.4,15529.8,0.0,29061.4,107070811776,20260830T124459Z,,,,,,,,,,,,,,,,,,,,,,,,,,,,,,9990000,96,10,1000,32,100,100,32,32,arcadedb_maxconnections_per_layer,fp32,11725.17,852.0,{},7.93,17.018,92.463,10.477,191.424,95.4,980,20,0.9533,{},24g,l3d_dense.py,client,container:0730b83ae518 (host unknown),dbbench:client,server:26.9.1-SNAPSHOT (build 8d6af94753ea8446bd13ac1aed2bb79eaf78dc90/1788075753609/main),unknown (PackageNotFoundError),,,,,,,,,,,,,,,,,,,,,,,,,,,,,,,,,24g,,,,,,,,,,,,,,,,,,,,,,,,,,,,,,,,,,,,,,,,,,,,,,,,,,,,,,,,,,,,,,,,0,0,engine auto: whole corpus when it fits graphBuildCacheMaxHeapPercent (default 25) of AVAILABLE heap,25,,,,,,,,,,,,,,,,,,,,,,,,,,,,,,,,,,,,,,,,,,,,,,,,,,,,,,,,,,,,,,,,,,,,,,,,,,,,,,,,,,,,,
l3d_arcadedb_dense_server_search_deep10m_r4,8d6af9475,l3d,arcadedb_dense_server,search,deep10m,4,paper,0-11,client_server,8g,2026-08-31T14:00:26+00:00,full+client,8g,36.0,0-11,arcadedb-c25:8d6af9475,arcadedb-c25:8d6af9475,36g,0.3,0.1,0.1,did not converge,0,False,,8.523,server:26.9.1-SNAPSHOT (build 8d6af94753ea8446bd13ac1aed2bb79eaf78dc90/1788075753609/main),,,,,,,,,,,,,,,,,,,,,0.0,7792.4,7792.4,0.0,True,7792.5,7792.1,33488.5,25409.1,25408.9,0.0,7793.1,1.6,15611.0,7793.1,104290766525,3876.6,3690.9,3690.9,0.0,0.1,0.0,0.2,0.1,322876580,37365.1,29099.9,0.0,29099.9,15611.2,1.6,29099.8,104613643105,20260830T124459Z,,,,,,,,,,,,,,,,,,,,,,,,,,,,,,9990000,96,10,1000,32,100,100,32,32,arcadedb_maxconnections_per_layer,fp32,11510.49,867.9,{},7.704,17.828,76.821,10.346,210.584,96.6,980,20,0.9543,{},24g,l3d_dense.py,client,container:48d9e65178ad (host unknown),dbbench:client,server:26.9.1-SNAPSHOT (build 8d6af94753ea8446bd13ac1aed2bb79eaf78dc90/1788075753609/main),unknown (PackageNotFoundError),,,,,,,,,,,,,,,,,,,,,,,,,,,,,,,,,24g,,,,,,,,,,,,,,,,,,,,,,,,,,,,,,,,,,,,,,,,,,,,,,,,,,,,,,,,,,,,,,,,0,0,engine auto: whole corpus when it fits graphBuildCacheMaxHeapPercent (default 25) of AVAILABLE heap,25,,,,,,,,,,,,,,,,,,,,,,,,,,,,,,,,,,,,,,,,,,,,,,,,,,,,,,,,,,,,,,,,,,,,,,,,,,,,,,,,,,,,,
l3d_arcadedb_dense_server_search_deep10m_r5,8d6af9475,l3d,arcadedb_dense_server,search,deep10m,5,paper,0-11,client_server,8g,2026-08-30T17:36:45+00:00,full+client,8g,36.0,0-11,arcadedb-c25:8d6af9475,arcadedb-c25:8d6af9475,36g,0.3,0.1,0.1,did not converge,0,False,,8.32,server:26.9.1-SNAPSHOT (build 8d6af94753ea8446bd13ac1aed2bb79eaf78dc90/1788075753609/main),,,,,,,,,,,,,,,,,,,,,0.0,7785.6,7785.6,0.0,True,7785.7,7785.3,33451.0,25379.4,25378.8,0.0,7785.5,0.0,15596.9,7785.5,104684324281,3883.4,3826.6,3690.8,0.0,9.9,19.6,0.2,9.9,322072544,37334.4,29206.1,0.0,29206.1,15597.1,19.6,29069.6,105006396825,20260830T124459Z,,,,,,,,,,,,,,,,,,,,,,,,,,,,,,9990000,96,10,1000,32,100,100,32,32,arcadedb_maxconnections_per_layer,fp32,11505.2,868.3,{},7.686,18.328,84.586,10.529,259.127,94.9,980,20,0.952,{},24g,l3d_dense.py,client,container:b509030096c0 (host unknown),dbbench:client,server:26.9.1-SNAPSHOT (build 8d6af94753ea8446bd13ac1aed2bb79eaf78dc90/1788075753609/main),unknown (PackageNotFoundError),,,,,,,,,,,,,,,,,,,,,,,,,,,,,,,,,24g,,,,,,,,,,,,,,,,,,,,,,,,,,,,,,,,,,,,,,,,,,,,,,,,,,,,,,,,,,,,,,,,0,0,engine auto: whole corpus when it fits graphBuildCacheMaxHeapPercent (default 25) of AVAILABLE heap,25,,,,,,,,,,,,,,,,,,,,,,,,,,,,,,,,,,,,,,,,,,,,,,,,,,,,,,,,,,,,,,,,,,,,,,,,,,,,,,,,,,,,,
l3d_arcadedb_dense_server_int8_search_deep10m_r1,8d6af9475,l3d,arcadedb_dense_server_int8,search,deep10m,1,paper,0-11,client_server,8g,2026-08-30T19:58:49+00:00,full+client,8g,36.0,0-11,arcadedb-c25:8d6af9475,arcadedb-c25:8d6af9475,36g,0.3,0.1,0.1,did not converge,0,False,,8.337,server:26.9.1-SNAPSHOT (build 8d6af94753ea8446bd13ac1aed2bb79eaf78dc90/1788075753609/main),,,,,,,,,,,,,,,,,,,,,0.0,8785.4,8785.4,0.0,True,8785.5,8785.1,34462.2,25352.1,25352.1,0.0,8795.9,21.1,17590.5,8795.9,40912623993,3877.8,3690.8,3690.8,0.0,0.1,0.0,0.2,0.1,323032873,38340.0,29043.0,0.0,29043.0,17590.7,21.1,29043.0,41235656866,20260830T124459Z,,,,,,,,,,,,,,,,,,,,,,,,,,,,,,9990000,96,10,1000,32,100,100,32,32,arcadedb_maxconnections_per_layer,INT8,4826.33,2069.9,{},3.999,6.461,8.488,4.221,11.158,236.5,980,20,0.9448,{},24g,l3d_dense.py,client,container:479414ed3094 (host unknown),dbbench:client,server:26.9.1-SNAPSHOT (build 8d6af94753ea8446bd13ac1aed2bb79eaf78dc90/1788075753609/main),unknown (PackageNotFoundError),,,,,,,,,,,,,,,,,,,,,,,,,,,,,,,,,24g,,,,,,,,,,,,,,,,,,,,,,,,,,,,,,,,,,,,,,,,,,,,,,,,,,,,,,,,,,,,,,,,0,0,engine auto: whole corpus when it fits graphBuildCacheMaxHeapPercent (default 25) of AVAILABLE heap,25,,,,,,,,,,,,,,,,,,,,,,,,,,,,,,,,,,,,,,,,,,,,,,,,,,,,,,,,,,,,,,,,,,,,,,,,,,,,,,,,,,,,,
l3d_arcadedb_dense_server_int8_search_deep10m_r2,8d6af9475,l3d,arcadedb_dense_server_int8,search,deep10m,2,paper,0-11,client_server,8g,2026-08-31T07:32:13+00:00,full+client,8g,36.0,0-11,arcadedb-c25:8d6af9475,arcadedb-c25:8d6af9475,36g,0.3,0.1,0.1,did not converge,0,False,,8.094,server:26.9.1-SNAPSHOT (build 8d6af94753ea8446bd13ac1aed2bb79eaf78dc90/1788075753609/main),,,,,,,,,,,,,,,,,,,,,0.0,8834.8,8834.8,0.0,True,8834.9,8834.5,34507.8,25358.3,25358.3,0.0,8834.7,0.0,17689.2,8834.7,39571943812,3876.7,3804.7,3690.9,0.0,0.1,0.0,0.2,0.1,320715687,38384.6,29163.0,0.0,29163.0,17689.4,0.0,29049.1,39892659499,20260830T124459Z,,,,,,,,,,,,,,,,,,,,,,,,,,,,,,9990000,96,10,1000,32,100,100,32,32,arcadedb_maxconnections_per_layer,INT8,4698.28,2126.3,{},4.034,6.699,9.016,4.314,12.483,231.5,980,20,0.9429,{},24g,l3d_dense.py,client,container:793c4f17e248 (host unknown),dbbench:client,server:26.9.1-SNAPSHOT (build 8d6af94753ea8446bd13ac1aed2bb79eaf78dc90/1788075753609/main),unknown (PackageNotFoundError),,,,,,,,,,,,,,,,,,,,,,,,,,,,,,,,,24g,,,,,,,,,,,,,,,,,,,,,,,,,,,,,,,,,,,,,,,,,,,,,,,,,,,,,,,,,,,,,,,,0,0,engine auto: whole corpus when it fits graphBuildCacheMaxHeapPercent (default 25) of AVAILABLE heap,25,,,,,,,,,,,,,,,,,,,,,,,,,,,,,,,,,,,,,,,,,,,,,,,,,,,,,,,,,,,,,,,,,,,,,,,,,,,,,,,,,,,,,
l3d_arcadedb_dense_server_int8_search_deep10m_r3,8d6af9475,l3d,arcadedb_dense_server_int8,search,deep10m,3,paper,0-11,client_server,8g,2026-08-31T02:48:05+00:00,full+client,8g,36.0,0-11,arcadedb-c25:8d6af9475,arcadedb-c25:8d6af9475,36g,0.3,0.1,0.1,did not converge,0,False,,8.57,server:26.9.1-SNAPSHOT (build 8d6af94753ea8446bd13ac1aed2bb79eaf78dc90/1788075753609/main),,,,,,,,,,,,,,,,,,,,,0.0,8831.7,8831.7,0.0,True,8831.8,8831.4,34522.3,25376.0,25376.0,0.0,8831.6,0.0,17682.9,8831.6,39377803075,3877.2,3690.9,3690.9,0.0,0.1,0.0,0.2,0.1,322753574,38399.5,29066.9,0.0,29066.9,17683.0,0.0,29066.9,39700556649,20260830T124459Z,,,,,,,,,,,,,,,,,,,,,,,,,,,,,,9990000,96,10,1000,32,100,100,32,32,arcadedb_maxconnections_per_layer,INT8,4660.33,2143.6,{},4.029,6.151,6.965,4.278,85.786,233.4,980,20,0.9449,{},24g,l3d_dense.py,client,container:493ddb5e1020 (host unknown),dbbench:client,server:26.9.1-SNAPSHOT (build 8d6af94753ea8446bd13ac1aed2bb79eaf78dc90/1788075753609/main),unknown (PackageNotFoundError),,,,,,,,,,,,,,,,,,,,,,,,,,,,,,,,,24g,,,,,,,,,,,,,,,,,,,,,,,,,,,,,,,,,,,,,,,,,,,,,,,,,,,,,,,,,,,,,,,,0,0,engine auto: whole corpus when it fits graphBuildCacheMaxHeapPercent (default 25) of AVAILABLE heap,25,,,,,,,,,,,,,,,,,,,,,,,,,,,,,,,,,,,,,,,,,,,,,,,,,,,,,,,,,,,,,,,,,,,,,,,,,,,,,,,,,,,,,
l3d_arcadedb_dense_server_int8_search_deep10m_r4,8d6af9475,l3d,arcadedb_dense_server_int8,search,deep10m,4,paper,0-11,client_server,8g,2026-08-30T21:18:10+00:00,full+client,8g,36.0,0-11,arcadedb-c25:8d6af9475,arcadedb-c25:8d6af9475,36g,0.3,0.1,0.1,did not converge,0,False,,8.545,server:26.9.1-SNAPSHOT (build 8d6af94753ea8446bd13ac1aed2bb79eaf78dc90/1788075753609/main),,,,,,,,,,,,,,,,,,,,,0.0,8784.0,8784.0,0.0,True,8784.1,8783.7,34502.9,25405.0,25405.0,0.0,8784.3,0.3,17587.2,8784.3,39953722174,3877.5,3690.8,3690.8,0.0,0.1,0.0,0.2,0.1,322178058,38380.5,29095.9,0.0,29095.9,17587.3,0.3,29095.9,40275900232,20260830T124459Z,,,,,,,,,,,,,,,,,,,,,,,,,,,,,,9990000,96,10,1000,32,100,100,32,32,arcadedb_maxconnections_per_layer,INT8,4738.61,2108.2,{},3.865,6.332,8.109,4.102,13.291,243.4,980,20,0.9445,{},24g,l3d_dense.py,client,container:386d97dd4c07 (host unknown),dbbench:client,server:26.9.1-SNAPSHOT (build 8d6af94753ea8446bd13ac1aed2bb79eaf78dc90/1788075753609/main),unknown (PackageNotFoundError),,,,,,,,,,,,,,,,,,,,,,,,,,,,,,,,,24g,,,,,,,,,,,,,,,,,,,,,,,,,,,,,,,,,,,,,,,,,,,,,,,,,,,,,,,,,,,,,,,,0,0,engine auto: whole corpus when it fits graphBuildCacheMaxHeapPercent (default 25) of AVAILABLE heap,25,,,,,,,,,,,,,,,,,,,,,,,,,,,,,,,,,,,,,,,,,,,,,,,,,,,,,,,,,,,,,,,,,,,,,,,,,,,,,,,,,,,,,
l3d_arcadedb_dense_server_int8_search_deep10m_r5,8d6af9475,l3d,arcadedb_dense_server_int8,search,deep10m,5,paper,0-11,client_server,8g,2026-09-06T01:19:10+00:00,full+client,8g,36.0,0-11,arcadedb-c25:8d6af9475,arcadedb-c25:8d6af9475,36g,0.3,0.1,0.1,did not converge,0,False,,7.389,server:26.9.1-SNAPSHOT (build 8d6af94753ea8446bd13ac1aed2bb79eaf78dc90/1788075753609/main),,,,,,,,,,,,,,,,,,,,,0.0,8798.0,8798.0,0.0,True,8798.1,8797.7,34521.2,25379.2,25379.2,0.0,8810.4,24.9,17615.1,8810.4,40815501650,3876.9,3857.3,3691.0,0.0,0.9,1.6,0.2,0.9,316142634,38398.1,29236.5,0.0,29236.5,17615.3,26.5,29070.1,41131644284,20260905T235912Z,,,,,,,,,,,,,,,,,,,,,,,,,,,l3d_arcadedb_dense_server_int8_search_deep10m_r5.clientlog,,l3d_arcadedb_dense_server_int8_search_deep10m_r5.serverlog,9990000,96,10,1000,32,100,100,32,32,arcadedb_maxconnections_per_layer,INT8,4782.42,2088.9,{},3.88,6.187,7.021,4.198,113.761,237.9,980,20,0.9405,{},24g,l3d_dense.py,client,container:10b45b6b828e (host unknown),dbbench:client,server:26.9.1-SNAPSHOT (build 8d6af94753ea8446bd13ac1aed2bb79eaf78dc90/1788075753609/main),unknown (PackageNotFoundError),,,,,,,,,,,,,,,,,,,,,,,,,,,,,,,,,24g,,,,,,,,,,,,,,,,,,,,,,,,,,,,,,,,,,,,,,,,,100000,,,,,,,,,,,,,,,,,,,,,,,0,0,engine auto: whole corpus when it fits graphBuildCacheMaxHeapPercent (default 25) of AVAILABLE heap,25,,,,,,,,,,,,,,,,,,,,,,,,,,,,,,,,,,,,,,,,,,,,,,,,,,,,,,,,,,,,,,,,,,,,,,,,,,,,,,,,,,,,,
l3d_chroma_dense_search_deep10m_r1,8d6af9475,l3d,chroma_dense,search,deep10m,1,paper,0-11,embedded,36g,2026-08-31T18:45:45+00:00,,,,,,,,,0.1,6744.8,did not converge,0,False,,0.728,1.5.9,,,,,,,,,,,,,,,,,,,,,0.0,,,,,6744.8,6744.7,,,,,,,,,,19987.2,12962.8,1347.7,0.0,6793.8,82.5,1139308.1,6793.8,8443401763,19987.2,12962.8,0.0,12962.8,1139308.1,82.5,1347.7,8443401763,20260831T152522Z,,,,,,,,,,,,,,,,,,,,,,,,,,,,,,9990000,96,10,1000,32,100,100,32,16,hnswlib_m_doubled_at_base,fp32,3841.4,2600.6,{},0.666,0.767,0.843,0.661,1.255,1503.7,980,20,0.9332,{},,l3d_dense.py,engine,container:63ec69b9e5db (host unknown),dbbench:dense,1.5.9,unknown (PackageNotFoundError),chromadb exposes no close(),,,,,,,,,,,,,,,,,,,,,,,,,,,,,,,,,,,,,,,,,,,,,,,,,,,,,,,,,,,,,,,,,,,,,,,,,,,,,,,,,,,,,,,,,,,,,,,,,,,,,,,,,,,,,,,,,,,,,,,,,,,,,,,,,,,,,,,,,,,,,,,,,,,,,,,,,,,,,,,,,,,,,,,,,,,,,,,,,,,,,,,,
l3d_chroma_dense_search_deep10m_r2,b7c6c800d,l3d,chroma_dense,search,deep10m,2,paper,0-11,embedded,36g,2026-08-29T19:32:34+00:00,,,,,,,,,0.1,6744.8,did not converge,0,False,,0.789,1.5.9,,,,,,,,,,,,,,,,,,,,,0.0,,,,,6744.8,6744.7,,,,,,,,,,19987.9,12972.2,1966.8,0.0,6784.0,75.2,1137570.1,6784.0,8444253858,19987.9,12972.2,0.0,12972.2,1137570.1,75.2,1966.8,8444253858,20260829T175421Z,runs_page_b7c6c800d.jsonl,"comparator row, unaffected by the ArcadeDB re-pin b7c6c800d -> 8d6af9475 (DECISIONS #42: re-measure ArcadeDB arms, carry comparators)",,,,,,,,,,,,,,,,,,,,,,,,,,,,9990000,96,10,1000,32,100,100,32,16,hnswlib_m_doubled_at_base,fp32,3831.04,2607.6,{},0.715,0.845,1.008,0.721,1.266,1378.3,980,20,0.9332,{},,l3d_dense.py,engine,container:f7ff88ca3285 (host unknown),dbbench:dense,1.5.9,unknown (PackageNotFoundError),chromadb exposes no close(),,,,,,,,,,,,,,,,,,,,,,,,,,,,,,,,,,,,,,,,,,,,,,,,,,,,,,,,,,,,,,,,,,,,,,,,,,,,,,,,,,,,,,,,,,,,,,,,,,,,,,,,,,,,,,,,,,,,,,,,,,,,,,,,,,,,,,,,,,,,,,,,,,,,,,,,,,,,,,,,,,,,,,,,,,,,,,,,,,,,,,,,
l3d_chroma_dense_search_deep10m_r3,8d6af9475,l3d,chroma_dense,search,deep10m,3,paper,0-11,embedded,36g,2026-08-31T20:52:18+00:00,,,,,,,,,0.1,6744.8,did not converge,0,False,,0.623,1.5.9,,,,,,,,,,,,,,,,,,,,,0.0,,,,,6744.8,6744.7,,,,,,,,,,19940.1,12962.4,1044.6,0.0,6745.9,0.8,1145159.4,6745.9,8433516495,19940.1,12962.4,0.0,12962.4,1145159.4,0.8,1044.6,8433516495,20260831T152522Z,,,,,,,,,,,,,,,,,,,,,,,,,,,,,,9990000,96,10,1000,32,100,100,32,16,hnswlib_m_doubled_at_base,fp32,3843.92,2598.9,{},0.694,0.773,0.853,0.687,1.081,1445.5,980,20,0.9361,{},,l3d_dense.py,engine,container:6e5c33eefc14 (host unknown),dbbench:dense,1.5.9,unknown (PackageNotFoundError),chromadb exposes no close(),,,,,,,,,,,,,,,,,,,,,,,,,,,,,,,,,,,,,,,,,,,,,,,,,,,,,,,,,,,,,,,,,,,,,,,,,,,,,,,,,,,,,,,,,,,,,,,,,,,,,,,,,,,,,,,,,,,,,,,,,,,,,,,,,,,,,,,,,,,,,,,,,,,,,,,,,,,,,,,,,,,,,,,,,,,,,,,,,,,,,,,,
l3d_chroma_dense_search_deep10m_r4,b7c6c800d,l3d,chroma_dense,search,deep10m,4,paper,0-11,embedded,36g,2026-08-30T09:35:43+00:00,,,,,,,,,0.1,6744.8,did not converge,0,False,,0.631,1.5.9,,,,,,,,,,,,,,,,,,,,,0.0,,,,,6744.8,6744.7,,,,,,,,,,19972.6,12995.6,1456.2,0.0,6745.5,1.8,1137372.9,6745.5,8419269215,19972.6,12995.6,0.0,12995.6,1137372.9,1.8,1456.2,8419269215,20260830T083211Z,runs_page_b7c6c800d.jsonl,"comparator row, unaffected by the ArcadeDB re-pin b7c6c800d -> 8d6af9475 (DECISIONS #42: re-measure ArcadeDB arms, carry comparators)",,,,,,,,,,,,,,,,,,,,,,,,,,,,9990000,96,10,1000,32,100,100,32,16,hnswlib_m_doubled_at_base,fp32,3807.56,2623.7,{},0.698,0.809,0.89,0.693,1.189,1432.6,980,20,0.9319,{},,l3d_dense.py,engine,container:6df539b1b2f1 (host unknown),dbbench:dense,1.5.9,unknown (PackageNotFoundError),chromadb exposes no close(),,,,,,,,,,,,,,,,,,,,,,,,,,,,,,,,,,,,,,,,,,,,,,,,,,,,,,,,,,,,,,,,,,,,,,,,,,,,,,,,,,,,,,,,,,,,,,,,,,,,,,,,,,,,,,,,,,,,,,,,,,,,,,,,,,,,,,,,,,,,,,,,,,,,,,,,,,,,,,,,,,,,,,,,,,,,,,,,,,,,,,,,
l3d_chroma_dense_search_deep10m_r5,b7c6c800d,l3d,chroma_dense,search,deep10m,5,paper,0-11,embedded,36g,2026-08-30T10:59:33+00:00,,,,,,,,,0.1,6744.8,did not converge,0,False,,0.674,1.5.9,,,,,,,,,,,,,,,,,,,,,0.0,,,,,6744.8,6744.7,,,,,,,,,,19968.3,12991.2,1983.2,0.0,6745.9,0.0,1140723.9,6744.6,8447624079,19968.3,12991.2,0.0,12991.2,1140723.9,0.0,1983.2,8447624079,20260830T083211Z,runs_page_b7c6c800d.jsonl,"comparator row, unaffected by the ArcadeDB re-pin b7c6c800d -> 8d6af9475 (DECISIONS #42: re-measure ArcadeDB arms, carry comparators)",,,,,,,,,,,,,,,,,,,,,,,,,,,,9990000,96,10,1000,32,100,100,32,16,hnswlib_m_doubled_at_base,fp32,3824.02,2612.4,{},0.686,0.787,0.914,0.682,1.0,1456.3,980,20,0.9357,{},,l3d_dense.py,engine,container:f5eb23ea59fb (host unknown),dbbench:dense,1.5.9,unknown (PackageNotFoundError),chromadb exposes no close(),,,,,,,,,,,,,,,,,,,,,,,,,,,,,,,,,,,,,,,,,,,,,,,,,,,,,,,,,,,,,,,,,,,,,,,,,,,,,,,,,,,,,,,,,,,,,,,,,,,,,,,,,,,,,,,,,,,,,,,,,,,,,,,,,,,,,,,,,,,,,,,,,,,,,,,,,,,,,,,,,,,,,,,,,,,,,,,,,,,,,,,,
l3d_duckdb_vss_dense_search_deep10m_r1,8d6af9475,l3d,duckdb_vss_dense,search,deep10m,1,paper,0-11,embedded,36g,2026-08-31T21:39:04+00:00,,,,,,,,,0.1,8277.8,did not converge,0,False,,0.531,1.5.5,,,,,,,,,,,,,,,,,,,,,0.426,,,,,8277.8,8277.7,,,,,,,,,,30481.9,25781.0,5858.1,0.0,8278.6,0.0,16557.1,8277.7,9754950966,30481.9,25781.0,0.0,25781.0,16557.1,0.0,5858.1,9754950966,20260831T152522Z,,,,,,,,,,,,,,,,,,,,,,,,,,,,,,9990000,96,10,1000,32,100,100,32,16,hnswlib_m_doubled_at_base,fp32,836.73,11939.3,{},2.717,4.541,7.287,2.905,10.622,343.3,980,20,0.931,{},,l3d_dense.py,engine,container:6a46e3c8a1ed (host unknown),dbbench:dense,1.5.5,unknown (PackageNotFoundError),,,,,,,,,,,,,,,,,,,,,,,,,,,,,,,,,,,,,,,,,,,,,,,,,,,,,,,,,,,,,,,,,,,,,,,,,,,,,,,,,,,,,,,,,,,,,,,,,,,,,,,,,,,,,,,,,,,,,,,,,,,,,,,,,,,,,,,,,,,,,,,,,,,,,,,,,,,,,,,,,,,,,,,,,,,,,,,,,,,,,,,,,
l3d_duckdb_vss_dense_search_deep10m_r2,8d6af9475,l3d,duckdb_vss_dense,search,deep10m,2,paper,0-11,embedded,36g,2026-08-31T18:59:50+00:00,,,,,,,,,0.1,8277.8,did not converge,0,False,,0.51,1.5.5,,,,,,,,,,,,,,,,,,,,,0.416,,,,,8277.8,8277.7,,,,,,,,,,30160.0,25612.2,43.3,0.0,8302.0,48.6,16557.1,8302.0,9745838109,30160.0,25612.2,0.0,25612.2,16557.1,48.6,43.3,9745838109,20260831T152522Z,,,,,,,,,,,,,,,,,,,,,,,,,,,,,,9990000,96,10,1000,32,100,100,32,16,hnswlib_m_doubled_at_base,fp32,835.84,11952.1,{},2.738,4.151,6.488,2.888,9.988,345.4,980,20,0.9338,{},,l3d_dense.py,engine,container:8c039a0c6c97 (host unknown),dbbench:dense,1.5.5,unknown (PackageNotFoundError),,,,,,,,,,,,,,,,,,,,,,,,,,,,,,,,,,,,,,,,,,,,,,,,,,,,,,,,,,,,,,,,,,,,,,,,,,,,,,,,,,,,,,,,,,,,,,,,,,,,,,,,,,,,,,,,,,,,,,,,,,,,,,,,,,,,,,,,,,,,,,,,,,,,,,,,,,,,,,,,,,,,,,,,,,,,,,,,,,,,,,,,,
l3d_duckdb_vss_dense_search_deep10m_r3,8d6af9475,l3d,duckdb_vss_dense,search,deep10m,3,paper,0-11,embedded,36g,2026-08-31T21:53:23+00:00,,,,,,,,,0.1,8277.8,did not converge,0,False,,0.578,1.5.5,,,,,,,,,,,,,,,,,,,,,0.405,,,,,8277.8,8277.7,,,,,,,,,,30280.1,25789.5,5666.7,0.0,8278.6,0.0,16557.1,8277.7,9931017108,30280.1,25789.5,0.0,25789.5,16557.1,0.0,5666.7,9931017108,20260831T152522Z,,,,,,,,,,,,,,,,,,,,,,,,,,,,,,9990000,96,10,1000,32,100,100,32,16,hnswlib_m_doubled_at_base,fp32,851.63,11730.5,{},2.751,4.492,7.085,2.948,11.744,338.3,980,20,0.9316,{},,l3d_dense.py,engine,container:e94a0a1b0781 (host unknown),dbbench:dense,1.5.5,unknown (PackageNotFoundError),,,,,,,,,,,,,,,,,,,,,,,,,,,,,,,,,,,,,,,,,,,,,,,,,,,,,,,,,,,,,,,,,,,,,,,,,,,,,,,,,,,,,,,,,,,,,,,,,,,,,,,,,,,,,,,,,,,,,,,,,,,,,,,,,,,,,,,,,,,,,,,,,,,,,,,,,,,,,,,,,,,,,,,,,,,,,,,,,,,,,,,,,
l3d_duckdb_vss_dense_search_deep10m_r4,b7c6c800d,l3d,duckdb_vss_dense,search,deep10m,4,paper,0-11,embedded,36g,2026-08-30T07:28:52+00:00,,,,,,,,,0.1,8277.8,did not converge,0,False,,0.626,1.5.5,,,,,,,,,,,,,,,,,,,,,0.428,,,,,8277.8,8277.7,,,,,,,,,,30231.6,25915.5,5232.4,0.0,8278.6,0.0,16557.1,8277.7,9876524842,30231.6,25915.5,0.0,25915.5,16557.1,0.0,5232.4,9876524842,20260829T175421Z,runs_page_b7c6c800d.jsonl,"comparator row, unaffected by the ArcadeDB re-pin b7c6c800d -> 8d6af9475 (DECISIONS #42: re-measure ArcadeDB arms, carry comparators)",,,,,,,,,,,,,,,,,,,,,,,,,,,,9990000,96,10,1000,32,100,100,32,16,hnswlib_m_doubled_at_base,fp32,847.5,11787.6,{},2.735,4.492,6.955,2.915,12.44,342.2,980,20,0.9369,{},,l3d_dense.py,engine,container:3d3056856e68 (host unknown),dbbench:dense,1.5.5,unknown (PackageNotFoundError),,,,,,,,,,,,,,,,,,,,,,,,,,,,,,,,,,,,,,,,,,,,,,,,,,,,,,,,,,,,,,,,,,,,,,,,,,,,,,,,,,,,,,,,,,,,,,,,,,,,,,,,,,,,,,,,,,,,,,,,,,,,,,,,,,,,,,,,,,,,,,,,,,,,,,,,,,,,,,,,,,,,,,,,,,,,,,,,,,,,,,,,,
l3d_duckdb_vss_dense_search_deep10m_r5,b7c6c800d,l3d,duckdb_vss_dense,search,deep10m,5,paper,0-11,embedded,36g,2026-08-30T06:46:44+00:00,,,,,,,,,0.1,8277.8,did not converge,0,False,,0.543,1.5.5,,,,,,,,,,,,,,,,,,,,,0.445,,,,,8277.8,8277.7,,,,,,,,,,29718.9,25537.2,6952.0,0.0,8303.6,51.7,16557.1,8303.6,9895504879,29718.9,25537.2,0.0,25537.2,16557.1,51.7,6952.0,9895504879,20260829T175421Z,runs_page_b7c6c800d.jsonl,"comparator row, unaffected by the ArcadeDB re-pin b7c6c800d -> 8d6af9475 (DECISIONS #42: re-measure ArcadeDB arms, carry comparators)",,,,,,,,,,,,,,,,,,,,,,,,,,,,9990000,96,10,1000,32,100,100,32,16,hnswlib_m_doubled_at_base,fp32,848.82,11769.3,{},2.747,4.587,7.196,2.948,14.339,338.4,980,20,0.9341,{},,l3d_dense.py,engine,container:73a72dc6b343 (host unknown),dbbench:dense,1.5.5,unknown (PackageNotFoundError),,,,,,,,,,,,,,,,,,,,,,,,,,,,,,,,,,,,,,,,,,,,,,,,,,,,,,,,,,,,,,,,,,,,,,,,,,,,,,,,,,,,,,,,,,,,,,,,,,,,,,,,,,,,,,,,,,,,,,,,,,,,,,,,,,,,,,,,,,,,,,,,,,,,,,,,,,,,,,,,,,,,,,,,,,,,,,,,,,,,,,,,,
l3d_lancedb_dense_search_deep10m_r1,8d6af9475,l3d,lancedb_dense,search,deep10m,1,paper,0-11,embedded,36g,2026-08-31T21:12:17+00:00,,,,,,,,,0.1,6984.4,did not converge,0,False,,1.169,0.37.1,,,,,,,,,,,,,,,,,,,,,0.0,,,,,6984.4,6984.3,,,,,,,,,,20801.3,13345.7,1909.2,0.0,7062.5,156.7,13968.4,7062.5,3112166385,20801.3,13345.7,0.0,13345.7,13968.4,156.7,1909.2,3112166385,20260831T152522Z,,,,,,,,,,,,,,,,,,,,,,,,,,,,,,9990000,96,10,1000,32,100,100,32,16,hnswlib_m_doubled_at_base,INT8,236.45,42250.1,{},411.084,427.77,437.399,411.855,491.326,2.4,980,20,0.9328,{},,l3d_dense.py,engine,container:4eaeeb3f8a9c (host unknown),dbbench:dense,0.37.1,unknown (PackageNotFoundError),lancedb exposes no close(),,,,,,,,,,,,,,,,,,,,,,,,,,,,,,,,,,,,,,,,,,,,,,,,,,,,,,,,,,,,,,,,,,,,,,,,,,,,,,,,,,,,,,,,,,,,,,,,,,,,,,,,,,,,,,,,,,,,,,,,,,,,,,,,,,,,,,,,,,,,,,,,,,,,,,,,,,,,,,,,,,,,,,,,,,,,,,,,,,,,,,,,
l3d_lancedb_dense_search_deep10m_r2,b7c6c800d,l3d,lancedb_dense,search,deep10m,2,paper,0-11,embedded,36g,2026-08-29T19:43:59+00:00,,,,,,,,,0.1,6987.3,did not converge,0,False,,1.047,0.37.1,,,,,,,,,,,,,,,,,,,,,0.0,,,,,6987.3,6987.2,,,,,,,,,,20983.7,13666.6,3275.8,0.0,7085.8,197.4,13974.2,7085.8,3066226846,20983.7,13666.6,0.0,13666.6,13974.2,197.4,3275.8,3066226846,20260829T175421Z,runs_page_b7c6c800d.jsonl,"comparator row, unaffected by the ArcadeDB re-pin b7c6c800d -> 8d6af9475 (DECISIONS #42: re-measure ArcadeDB arms, carry comparators)",,,,,,,,,,,,,,,,,,,,,,,,,,,,9990000,96,10,1000,32,100,100,32,16,hnswlib_m_doubled_at_base,fp32,227.59,43895.2,{},450.217,463.445,470.297,450.871,532.358,2.2,980,20,0.9286,{},,l3d_dense.py,engine,container:2efa230c3ddf (host unknown),dbbench:dense,0.37.1,unknown (PackageNotFoundError),lancedb exposes no close(),,,,,,,,,,,,,,,,,,,,,,,,,,,,,,,,,,,,,,,,,,,,,,,,,,,,,,,,,,,,,,,,,,,,,,,,,,,,,,,,,,,,,,,,,,,,,,,,,,,,,,,,,,,,,,,,,,,,,,,,,,,,,,,,,,,,,,,,,,,,,,,,,,,,,,,,,,,,,,,,,,,,,,,,,,,,,,,,,,,,,,,,
l3d_lancedb_dense_search_deep10m_r3,8d6af9475,l3d,lancedb_dense,search,deep10m,3,paper,0-11,embedded,36g,2026-08-31T22:05:22+00:00,,,,,,,,,0.1,6978.7,did not converge,0,False,,1.054,0.37.1,,,,,,,,,,,,,,,,,,,,,0.0,,,,,6978.7,6978.6,,,,,,,,,,20725.8,13446.8,286.1,0.0,6978.5,0.0,13957.0,6978.5,3256256134,20725.8,13446.8,0.0,13446.8,13957.0,0.0,286.1,3256256134,20260831T152522Z,,,,,,,,,,,,,,,,,,,,,,,,,,,,,,9990000,96,10,1000,32,100,100,32,16,hnswlib_m_doubled_at_base,INT8,241.62,41345.8,{},471.093,493.476,501.585,472.605,551.57,2.1,980,20,0.9305,{},,l3d_dense.py,engine,container:19d00af4a2de (host unknown),dbbench:dense,0.37.1,unknown (PackageNotFoundError),lancedb exposes no close(),,,,,,,,,,,,,,,,,,,,,,,,,,,,,,,,,,,,,,,,,,,,,,,,,,,,,,,,,,,,,,,,,,,,,,,,,,,,,,,,,,,,,,,,,,,,,,,,,,,,,,,,,,,,,,,,,,,,,,,,,,,,,,,,,,,,,,,,,,,,,,,,,,,,,,,,,,,,,,,,,,,,,,,,,,,,,,,,,,,,,,,,
l3d_lancedb_dense_search_deep10m_r4,8d6af9475,l3d,lancedb_dense,search,deep10m,4,paper,0-11,embedded,36g,2026-08-31T21:25:00+00:00,,,,,,,,,0.1,6983.9,did not converge,0,False,,0.938,0.37.1,,,,,,,,,,,,,,,,,,,,,0.0,,,,,6983.9,6983.8,,,,,,,,,,21342.9,14127.3,4253.0,0.0,6983.7,0.0,13967.5,6983.7,3193517732,21342.9,14127.3,0.0,14127.3,13967.5,0.0,4253.0,3193517732,20260831T152522Z,,,,,,,,,,,,,,,,,,,,,,,,,,,,,,9990000,96,10,1000,32,100,100,32,16,hnswlib_m_doubled_at_base,INT8,228.23,43771.9,{},528.41,543.966,550.177,529.015,626.919,1.9,980,20,0.9301,{},,l3d_dense.py,engine,container:fe46884b2388 (host unknown),dbbench:dense,0.37.1,unknown (PackageNotFoundError),lancedb exposes no close(),,,,,,,,,,,,,,,,,,,,,,,,,,,,,,,,,,,,,,,,,,,,,,,,,,,,,,,,,,,,,,,,,,,,,,,,,,,,,,,,,,,,,,,,,,,,,,,,,,,,,,,,,,,,,,,,,,,,,,,,,,,,,,,,,,,,,,,,,,,,,,,,,,,,,,,,,,,,,,,,,,,,,,,,,,,,,,,,,,,,,,,,
l3d_lancedb_dense_search_deep10m_r5,b7c6c800d,l3d,lancedb_dense,search,deep10m,5,paper,0-11,embedded,36g,2026-08-29T20:22:18+00:00,,,,,,,,,0.1,6986.2,did not converge,0,False,,1.055,0.37.1,,,,,,,,,,,,,,,,,,,,,0.0,,,,,6986.2,6986.1,,,,,,,,,,20894.9,13669.5,4862.6,0.0,6986.0,0.0,13971.9,6986.0,3186274045,20894.9,13669.5,0.0,13669.5,13971.9,0.0,4862.6,3186274045,20260829T175421Z,runs_page_b7c6c800d.jsonl,"comparator row, unaffected by the ArcadeDB re-pin b7c6c800d -> 8d6af9475 (DECISIONS #42: re-measure ArcadeDB arms, carry comparators)",,,,,,,,,,,,,,,,,,,,,,,,,,,,9990000,96,10,1000,32,100,100,32,16,hnswlib_m_doubled_at_base,fp32,234.39,42620.5,{},476.274,492.621,506.744,477.214,571.315,2.1,980,20,0.9335,{},,l3d_dense.py,engine,container:5723dfa448f1 (host unknown),dbbench:dense,0.37.1,unknown (PackageNotFoundError),lancedb exposes no close(),,,,,,,,,,,,,,,,,,,,,,,,,,,,,,,,,,,,,,,,,,,,,,,,,,,,,,,,,,,,,,,,,,,,,,,,,,,,,,,,,,,,,,,,,,,,,,,,,,,,,,,,,,,,,,,,,,,,,,,,,,,,,,,,,,,,,,,,,,,,,,,,,,,,,,,,,,,,,,,,,,,,,,,,,,,,,,,,,,,,,,,,
l3d_milvus_dense_search_deep10m_r1,8d6af9475,l3d,milvus_dense,search,deep10m,1,paper,0-11,client_server,8g,2026-09-07T01:30:22+00:00,full+client,8g,36.0,0-11,milvusdb/milvus@sha256:0ea40276f8111f0183e72c8ee3144f3b9aafcd30571bd947de1ed0d22ee9dd56,milvusdb/milvus@sha256:0ea40276f8111f0183e72c8ee3144f3b9aafcd30571bd947de1ed0d22ee9dd56,36g,200.9,0.1,1.1,did not converge,0,False,,0.346,milvus:pkg/v2.6.13,,,,,,,,,,,,,,,,,,,,,0.0,30469.9,30469.9,0.0,True,30471.0,30270.0,36864.0,12005.0,7304.3,0.0,26743.3,0.0,91420.5,25720.8,7827712425,3876.8,3792.8,75.5,0.0,1.0,0.0,1.9,1.0,158787730,40740.8,15797.8,0.0,15797.8,91422.4,0.0,7379.8,7986500155,20260906T215752Z,,,,,,,,,,,,,,,,,,,,,,,,,,,l3d_milvus_dense_search_deep10m_r1.clientlog,"OCI runtime exec failed: exec failed: unable to start container process: exec: ""java"": executable file not found in $PAT",l3d_milvus_dense_search_deep10m_r1.serverlog,9990000,96,10,1000,32,100,100,32,16,hnswlib_m_doubled_at_base,fp32,1446.06,6908.5,"{'milvus_index_type': 'HNSW', 'milvus_state': 'Finished', 'milvus_indexed_rows': 9990000, 'milvus_total_rows': 9990000, 'milvus_pending_index_rows': 0, 'milvus_metric_type': 'L2', 'milvus_persistent_segments': 4, 'milvus_loaded_segments': 4, 'milvus_compactions_forced': 2, 'milvus_segments_trace': [8, 4, 4]}",1.409,1.567,1.625,1.405,2.321,709.2,980,20,0.9766,"{'milvus_index_type': 'HNSW', 'milvus_state': 'Finished', 'milvus_indexed_rows': 9990000, 'milvus_total_rows': 9990000, 'milvus_pending_index_rows': 0, 'milvus_metric_type': 'L2', 'milvus_persistent_segments': 4, 'milvus_loaded_segments': 4, 'milvus_compactions_forced': 2, 'milvus_segments_trace': [8, 4, 4]}",,l3d_dense.py,client,container:246aaf7f2354 (host unknown),dbbench:client,milvus:pkg/v2.6.13,unknown (PackageNotFoundError),,milvus run standalone,,,,,,,,,,,,,,,,,,,,,,,,,,,,,,,,,,,,,,,,,,,,,,,,,,,,,,,,,,,,,,,,,,,,,,,,,,,,,,,,,,,,,,,,,,,,,,,,,,,,,,,,,,,,,,,,,,,,,,,,,,,,,,,,,,,,,,,,,,,,,,,,,,,,,,,,,,,,,,,,,,,,,,,,,,,,,,,,,,,,,,,
l3d_milvus_dense_search_deep10m_r2,8d6af9475,l3d,milvus_dense,search,deep10m,2,paper,0-11,client_server,8g,2026-09-07T01:54:33+00:00,full+client,8g,36.0,0-11,milvusdb/milvus@sha256:0ea40276f8111f0183e72c8ee3144f3b9aafcd30571bd947de1ed0d22ee9dd56,milvusdb/milvus@sha256:0ea40276f8111f0183e72c8ee3144f3b9aafcd30571bd947de1ed0d22ee9dd56,36g,271.3,0.1,1.1,did not converge,0,False,,0.36,milvus:pkg/v2.6.13,,,,,,,,,,,,,,,,,,,,,0.0,30460.9,30460.9,0.0,True,30462.0,30190.6,36864.0,12187.9,5805.4,0.0,25832.8,0.3,91402.6,25648.6,7857146830,3876.8,3792.4,3741.0,0.0,1.0,0.0,1.9,1.0,165094089,40740.8,15980.3,0.0,15980.3,91404.5,0.3,9546.4,8022240919,20260906T215752Z,,,,,,,,,,,,,,,,,,,,,,,,,,,l3d_milvus_dense_search_deep10m_r2.clientlog,"OCI runtime exec failed: exec failed: unable to start container process: exec: ""java"": executable file not found in $PAT",l3d_milvus_dense_search_deep10m_r2.serverlog,9990000,96,10,1000,32,100,100,32,16,hnswlib_m_doubled_at_base,fp32,1440.0,6937.5,"{'milvus_index_type': 'HNSW', 'milvus_state': 'Finished', 'milvus_indexed_rows': 9990000, 'milvus_total_rows': 9990000, 'milvus_pending_index_rows': 0, 'milvus_metric_type': 'L2', 'milvus_persistent_segments': 4, 'milvus_loaded_segments': 4, 'milvus_compactions_forced': 2, 'milvus_segments_trace': [9, 4, 4]}",1.413,1.562,1.64,1.409,2.056,707.2,980,20,0.978,"{'milvus_index_type': 'HNSW', 'milvus_state': 'Finished', 'milvus_indexed_rows': 9990000, 'milvus_total_rows': 9990000, 'milvus_pending_index_rows': 0, 'milvus_metric_type': 'L2', 'milvus_persistent_segments': 4, 'milvus_loaded_segments': 4, 'milvus_compactions_forced': 2, 'milvus_segments_trace': [9, 4, 4]}",,l3d_dense.py,client,container:0ff5a6f02422 (host unknown),dbbench:client,milvus:pkg/v2.6.13,unknown (PackageNotFoundError),,milvus run standalone,,,,,,,,,,,,,,,,,,,,,,,,,,,,,,,,,,,,,,,,,,,,,,,,,,,,,,,,,,,,,,,,,,,,,,,,,,,,,,,,,,,,,,,,,,,,,,,,,,,,,,,,,,,,,,,,,,,,,,,,,,,,,,,,,,,,,,,,,,,,,,,,,,,,,,,,,,,,,,,,,,,,,,,,,,,,,,,,,,,,,,,
l3d_milvus_dense_search_deep10m_r3,8d6af9475,l3d,milvus_dense,search,deep10m,3,paper,0-11,client_server,8g,2026-09-06T23:07:58+00:00,full+client,8g,36.0,0-11,milvusdb/milvus@sha256:0ea40276f8111f0183e72c8ee3144f3b9aafcd30571bd947de1ed0d22ee9dd56,milvusdb/milvus@sha256:0ea40276f8111f0183e72c8ee3144f3b9aafcd30571bd947de1ed0d22ee9dd56,36g,200.9,0.1,1.1,did not converge,0,False,,0.343,milvus:pkg/v2.6.13,,,,,,,,,,,,,,,,,,,,,0.0,30448.9,30448.9,0.0,True,30450.0,30249.0,36864.0,12025.9,5810.0,0.0,26046.8,0.3,91377.3,25619.1,7459764823,3877.4,3792.7,3741.3,0.0,1.0,0.0,1.9,1.0,156015574,40741.4,15818.6,0.0,15818.6,91379.2,0.3,9551.3,7615780397,20260906T215752Z,,,,,,,,,,,,,,,,,,,,,,,,,,,l3d_milvus_dense_search_deep10m_r3.clientlog,"OCI runtime exec failed: exec failed: unable to start container process: exec: ""java"": executable file not found in $PAT",l3d_milvus_dense_search_deep10m_r3.serverlog,9990000,96,10,1000,32,100,100,32,16,hnswlib_m_doubled_at_base,fp32,1369.87,7292.7,"{'milvus_index_type': 'HNSW', 'milvus_state': 'Finished', 'milvus_indexed_rows': 9990000, 'milvus_total_rows': 9990000, 'milvus_pending_index_rows': 0, 'milvus_metric_type': 'L2', 'milvus_persistent_segments': 4, 'milvus_loaded_segments': 4, 'milvus_compactions_forced': 2, 'milvus_segments_trace': [9, 4, 4]}",1.385,1.54,1.614,1.383,2.325,720.1,980,20,0.9723,"{'milvus_index_type': 'HNSW', 'milvus_state': 'Finished', 'milvus_indexed_rows': 9990000, 'milvus_total_rows': 9990000, 'milvus_pending_index_rows': 0, 'milvus_metric_type': 'L2', 'milvus_persistent_segments': 4, 'milvus_loaded_segments': 4, 'milvus_compactions_forced': 2, 'milvus_segments_trace': [9, 4, 4]}",,l3d_dense.py,client,container:492d5bb0aa56 (host unknown),dbbench:client,milvus:pkg/v2.6.13,unknown (PackageNotFoundError),,milvus run standalone,,,,,,,,,,,,,,,,,,,,,,,,,,,,,,,,,,,,,,,,,,,,,,,,,,,,,,,,,,,,,,,,,,,,,,,,,,,,,,,,,,,,,,,,,,,,,,,,,,,,,,,,,,,,,,,,,,,,,,,,,,,,,,,,,,,,,,,,,,,,,,,,,,,,,,,,,,,,,,,,,,,,,,,,,,,,,,,,,,,,,,,
l3d_milvus_dense_search_deep10m_r4,8d6af9475,l3d,milvus_dense,search,deep10m,4,paper,0-11,client_server,8g,2026-09-06T22:44:57+00:00,full+client,8g,36.0,0-11,milvusdb/milvus@sha256:0ea40276f8111f0183e72c8ee3144f3b9aafcd30571bd947de1ed0d22ee9dd56,milvusdb/milvus@sha256:0ea40276f8111f0183e72c8ee3144f3b9aafcd30571bd947de1ed0d22ee9dd56,36g,271.3,0.1,1.1,did not converge,0,False,,0.338,milvus:pkg/v2.6.13,,,,,,,,,,,,,,,,,,,,,0.0,30462.1,30462.1,0.0,True,30463.2,30191.8,36864.0,12700.1,5827.5,0.0,26199.3,0.0,91403.6,25604.5,7468224964,3876.7,3796.6,77.4,0.0,1.0,0.0,1.9,1.0,151570635,40740.7,16496.7,0.0,16496.7,91405.5,0.0,5904.9,7619795599,20260906T215752Z,,,,,,,,,,,,,,,,,,,,,,,,,,,l3d_milvus_dense_search_deep10m_r4.clientlog,"OCI runtime exec failed: exec failed: unable to start container process: exec: ""java"": executable file not found in $PAT",l3d_milvus_dense_search_deep10m_r4.serverlog,9990000,96,10,1000,32,100,100,32,16,hnswlib_m_doubled_at_base,fp32,1397.44,7148.8,"{'milvus_index_type': 'HNSW', 'milvus_state': 'Finished', 'milvus_indexed_rows': 9990000, 'milvus_total_rows': 9990000, 'milvus_pending_index_rows': 0, 'milvus_metric_type': 'L2', 'milvus_persistent_segments': 4, 'milvus_loaded_segments': 4, 'milvus_compactions_forced': 2, 'milvus_segments_trace': [8, 4, 4]}",1.389,1.529,1.604,1.386,2.717,718.8,980,20,0.9756,"{'milvus_index_type': 'HNSW', 'milvus_state': 'Finished', 'milvus_indexed_rows': 9990000, 'milvus_total_rows': 9990000, 'milvus_pending_index_rows': 0, 'milvus_metric_type': 'L2', 'milvus_persistent_segments': 4, 'milvus_loaded_segments': 4, 'milvus_compactions_forced': 2, 'milvus_segments_trace': [8, 4, 4]}",,l3d_dense.py,client,container:30cd7e9192c1 (host unknown),dbbench:client,milvus:pkg/v2.6.13,unknown (PackageNotFoundError),,milvus run standalone,,,,,,,,,,,,,,,,,,,,,,,,,,,,,,,,,,,,,,,,,,,,,,,,,,,,,,,,,,,,,,,,,,,,,,,,,,,,,,,,,,,,,,,,,,,,,,,,,,,,,,,,,,,,,,,,,,,,,,,,,,,,,,,,,,,,,,,,,,,,,,,,,,,,,,,,,,,,,,,,,,,,,,,,,,,,,,,,,,,,,,,
l3d_milvus_dense_search_deep10m_r5,8d6af9475,l3d,milvus_dense,search,deep10m,5,paper,0-11,client_server,8g,2026-09-07T01:06:05+00:00,full+client,8g,36.0,0-11,milvusdb/milvus@sha256:0ea40276f8111f0183e72c8ee3144f3b9aafcd30571bd947de1ed0d22ee9dd56,milvusdb/milvus@sha256:0ea40276f8111f0183e72c8ee3144f3b9aafcd30571bd947de1ed0d22ee9dd56,36g,271.3,0.1,1.1,did not converge,0,False,,0.347,milvus:pkg/v2.6.13,,,,,,,,,,,,,,,,,,,,,0.0,30464.8,30464.8,0.0,True,30465.9,30194.5,36864.0,12035.4,5757.2,0.0,25996.4,0.1,91410.5,25598.5,7780702082,3877.1,3795.7,3740.8,0.0,1.1,0.2,1.9,1.1,155856980,40741.1,15831.1,0.0,15831.1,91412.4,0.2,9498.0,7936559062,20260906T215752Z,,,,,,,,,,,,,,,,,,,,,,,,,,,l3d_milvus_dense_search_deep10m_r5.clientlog,"OCI runtime exec failed: exec failed: unable to start container process: exec: ""java"": executable file not found in $PAT",l3d_milvus_dense_search_deep10m_r5.serverlog,9990000,96,10,1000,32,100,100,32,16,hnswlib_m_doubled_at_base,fp32,1457.45,6854.4,"{'milvus_index_type': 'HNSW', 'milvus_state': 'Finished', 'milvus_indexed_rows': 9990000, 'milvus_total_rows': 9990000, 'milvus_pending_index_rows': 0, 'milvus_metric_type': 'L2', 'milvus_persistent_segments': 4, 'milvus_loaded_segments': 4, 'milvus_compactions_forced': 2, 'milvus_segments_trace': [8, 4, 4]}",1.407,1.559,1.634,1.401,2.647,710.9,980,20,0.9783,"{'milvus_index_type': 'HNSW', 'milvus_state': 'Finished', 'milvus_indexed_rows': 9990000, 'milvus_total_rows': 9990000, 'milvus_pending_index_rows': 0, 'milvus_metric_type': 'L2', 'milvus_persistent_segments': 4, 'milvus_loaded_segments': 4, 'milvus_compactions_forced': 2, 'milvus_segments_trace': [8, 4, 4]}",,l3d_dense.py,client,container:6dcd2c035cec (host unknown),dbbench:client,milvus:pkg/v2.6.13,unknown (PackageNotFoundError),,milvus run standalone,,,,,,,,,,,,,,,,,,,,,,,,,,,,,,,,,,,,,,,,,,,,,,,,,,,,,,,,,,,,,,,,,,,,,,,,,,,,,,,,,,,,,,,,,,,,,,,,,,,,,,,,,,,,,,,,,,,,,,,,,,,,,,,,,,,,,,,,,,,,,,,,,,,,,,,,,,,,,,,,,,,,,,,,,,,,,,,,,,,,,,,
l3d_milvus_dense_int8_search_deep10m_r1,8d6af9475,l3d,milvus_dense_int8,search,deep10m,1,paper,0-11,client_server,8g,2026-09-06T23:55:28+00:00,full+client,8g,36.0,0-11,milvusdb/milvus@sha256:0ea40276f8111f0183e72c8ee3144f3b9aafcd30571bd947de1ed0d22ee9dd56,milvusdb/milvus@sha256:0ea40276f8111f0183e72c8ee3144f3b9aafcd30571bd947de1ed0d22ee9dd56,36g,271.3,0.1,1.1,did not converge,0,False,,0.347,milvus:pkg/v2.6.13,,,,,,,,,,,,,,,,,,,,,0.0,22658.0,22658.0,0.0,True,22659.1,22387.7,29345.0,9294.1,3913.7,0.0,22437.3,0.0,75796.3,22437.3,7735202485,3876.9,3857.3,3741.2,0.0,1.0,0.0,1.9,1.0,150134418,33221.9,13151.5,0.0,13151.5,75798.2,0.0,7654.9,7885336903,20260906T215752Z,,,,,,,,,,,,,,,,,,,,,,,,,,,l3d_milvus_dense_int8_search_deep10m_r1.clientlog,"OCI runtime exec failed: exec failed: unable to start container process: exec: ""java"": executable file not found in $PAT",l3d_milvus_dense_int8_search_deep10m_r1.serverlog,9990000,96,10,1000,32,100,100,32,16,hnswlib_m_doubled_at_base,INT8,1415.62,7057.0,"{'milvus_index_type': 'HNSW_SQ', 'milvus_state': 'Finished', 'milvus_indexed_rows': 9990000, 'milvus_total_rows': 9990000, 'milvus_pending_index_rows': 0, 'milvus_metric_type': 'L2', 'milvus_persistent_segments': 4, 'milvus_loaded_segments': 4, 'milvus_compactions_forced': 2, 'milvus_segments_trace': [9, 4, 4]}",1.334,1.488,1.568,1.332,2.186,747.6,980,20,0.9577,"{'milvus_index_type': 'HNSW_SQ', 'milvus_state': 'Finished', 'milvus_indexed_rows': 9990000, 'milvus_total_rows': 9990000, 'milvus_pending_index_rows': 0, 'milvus_metric_type': 'L2', 'milvus_persistent_segments': 4, 'milvus_loaded_segments': 4, 'milvus_compactions_forced': 2, 'milvus_segments_trace': [9, 4, 4]}",,l3d_dense.py,client,container:38be79ca78d9 (host unknown),dbbench:client,milvus:pkg/v2.6.13,unknown (PackageNotFoundError),,milvus run standalone,,,,,,,,,,,,,,,,,,,,,,,,,,,,,,,,,,,,,,,,,,,,,,,,,,,,,,,,,,,,,,,,,,,,,,,,,,,,,,,,,,,,,,,,,,,,,,,,,,,,,,,,,,,,,,,,,,,,,,,,,,,,,,,,,,,,,,,,,,,,,,,,,,,,,,,,,,,,,,,,,,,,,,,,,,,,,,,,,,,,,,,
l3d_milvus_dense_int8_search_deep10m_r2,8d6af9475,l3d,milvus_dense_int8,search,deep10m,2,paper,0-11,client_server,8g,2026-09-07T00:19:47+00:00,full+client,8g,36.0,0-11,milvusdb/milvus@sha256:0ea40276f8111f0183e72c8ee3144f3b9aafcd30571bd947de1ed0d22ee9dd56,milvusdb/milvus@sha256:0ea40276f8111f0183e72c8ee3144f3b9aafcd30571bd947de1ed0d22ee9dd56,36g,200.9,0.1,1.1,did not converge,0,False,,0.354,milvus:pkg/v2.6.13,,,,,,,,,,,,,,,,,,,,,0.0,22659.5,22659.5,0.0,True,22660.6,22459.6,28612.7,9405.5,3106.7,0.0,22438.9,0.0,75799.5,22438.9,7909907477,3876.8,3792.9,3741.1,0.0,1.0,0.0,1.9,1.0,146290091,32489.5,13198.4,0.0,13198.4,75801.4,0.0,6847.8,8056197568,20260906T215752Z,,,,,,,,,,,,,,,,,,,,,,,,,,,l3d_milvus_dense_int8_search_deep10m_r2.clientlog,"OCI runtime exec failed: exec failed: unable to start container process: exec: ""java"": executable file not found in $PAT",l3d_milvus_dense_int8_search_deep10m_r2.serverlog,9990000,96,10,1000,32,100,100,32,16,hnswlib_m_doubled_at_base,INT8,1448.5,6896.8,"{'milvus_index_type': 'HNSW_SQ', 'milvus_state': 'Finished', 'milvus_indexed_rows': 9990000, 'milvus_total_rows': 9990000, 'milvus_pending_index_rows': 0, 'milvus_metric_type': 'L2', 'milvus_persistent_segments': 4, 'milvus_loaded_segments': 4, 'milvus_compactions_forced': 2, 'milvus_segments_trace': [8, 4, 4]}",1.385,1.571,1.637,1.387,2.235,718.0,980,20,0.956,"{'milvus_index_type': 'HNSW_SQ', 'milvus_state': 'Finished', 'milvus_indexed_rows': 9990000, 'milvus_total_rows': 9990000, 'milvus_pending_index_rows': 0, 'milvus_metric_type': 'L2', 'milvus_persistent_segments': 4, 'milvus_loaded_segments': 4, 'milvus_compactions_forced': 2, 'milvus_segments_trace': [8, 4, 4]}",,l3d_dense.py,client,container:c2a19dd0a573 (host unknown),dbbench:client,milvus:pkg/v2.6.13,unknown (PackageNotFoundError),,milvus run standalone,,,,,,,,,,,,,,,,,,,,,,,,,,,,,,,,,,,,,,,,,,,,,,,,,,,,,,,,,,,,,,,,,,,,,,,,,,,,,,,,,,,,,,,,,,,,,,,,,,,,,,,,,,,,,,,,,,,,,,,,,,,,,,,,,,,,,,,,,,,,,,,,,,,,,,,,,,,,,,,,,,,,,,,,,,,,,,,,,,,,,,,
l3d_milvus_dense_int8_search_deep10m_r3,8d6af9475,l3d,milvus_dense_int8,search,deep10m,3,paper,0-11,client_server,8g,2026-09-06T22:21:29+00:00,full+client,8g,36.0,0-11,milvusdb/milvus@sha256:0ea40276f8111f0183e72c8ee3144f3b9aafcd30571bd947de1ed0d22ee9dd56,milvusdb/milvus@sha256:0ea40276f8111f0183e72c8ee3144f3b9aafcd30571bd947de1ed0d22ee9dd56,36g,271.3,0.1,1.1,did not converge,0,False,,0.306,milvus:pkg/v2.6.13,,,,,,,,,,,,,,,,,,,,,0.0,22661.2,22661.2,0.0,True,22662.3,22390.9,29101.0,8410.7,3050.2,0.0,22440.5,0.0,75762.1,22440.5,7682011130,3876.7,3832.1,77.7,0.0,1.0,0.0,1.9,1.0,134685951,32977.7,12242.8,0.0,12242.8,75764.0,0.0,3127.9,7816697081,20260906T215752Z,,,,,,,,,,,,,,,,,,,,,,,,,,,l3d_milvus_dense_int8_search_deep10m_r3.clientlog,"OCI runtime exec failed: exec failed: unable to start container process: exec: ""java"": executable file not found in $PAT",l3d_milvus_dense_int8_search_deep10m_r3.serverlog,9990000,96,10,1000,32,100,100,32,16,hnswlib_m_doubled_at_base,INT8,1409.96,7085.3,"{'milvus_index_type': 'HNSW_SQ', 'milvus_state': 'Finished', 'milvus_indexed_rows': 9990000, 'milvus_total_rows': 9990000, 'milvus_pending_index_rows': 0, 'milvus_metric_type': 'L2', 'milvus_persistent_segments': 4, 'milvus_loaded_segments': 4, 'milvus_compactions_forced': 2, 'milvus_segments_trace': [9, 4, 4]}",1.345,1.505,1.591,1.345,2.584,740.4,980,20,0.9567,"{'milvus_index_type': 'HNSW_SQ', 'milvus_state': 'Finished', 'milvus_indexed_rows': 9990000, 'milvus_total_rows': 9990000, 'milvus_pending_index_rows': 0, 'milvus_metric_type': 'L2', 'milvus_persistent_segments': 4, 'milvus_loaded_segments': 4, 'milvus_compactions_forced': 2, 'milvus_segments_trace': [9, 4, 4]}",,l3d_dense.py,client,container:9b0bbd9335b6 (host unknown),dbbench:client,milvus:pkg/v2.6.13,unknown (PackageNotFoundError),,milvus run standalone,,,,,,,,,,,,,,,,,,,,,,,,,,,,,,,,,,,,,,,,,,,,,,,,,,,,,,,,,,,,,,,,,,,,,,,,,,,,,,,,,,,,,,,,,,,,,,,,,,,,,,,,,,,,,,,,,,,,,,,,,,,,,,,,,,,,,,,,,,,,,,,,,,,,,,,,,,,,,,,,,,,,,,,,,,,,,,,,,,,,,,,
l3d_milvus_dense_int8_search_deep10m_r4,8d6af9475,l3d,milvus_dense_int8,search,deep10m,4,paper,0-11,client_server,8g,2026-09-06T23:31:42+00:00,full+client,8g,36.0,0-11,milvusdb/milvus@sha256:0ea40276f8111f0183e72c8ee3144f3b9aafcd30571bd947de1ed0d22ee9dd56,milvusdb/milvus@sha256:0ea40276f8111f0183e72c8ee3144f3b9aafcd30571bd947de1ed0d22ee9dd56,36g,271.3,0.1,1.1,did not converge,0,False,,0.338,milvus:pkg/v2.6.13,,,,,,,,,,,,,,,,,,,,,0.0,22666.0,22666.0,0.0,True,22667.1,22395.7,28854.0,9397.9,3046.7,0.0,22445.6,0.2,75812.3,22445.6,7709911236,3876.5,3792.9,3741.3,0.0,1.0,0.0,1.9,1.0,142371249,32730.5,13190.8,0.0,13190.8,75814.2,0.2,6787.9,7852282485,20260906T215752Z,,,,,,,,,,,,,,,,,,,,,,,,,,,l3d_milvus_dense_int8_search_deep10m_r4.clientlog,"OCI runtime exec failed: exec failed: unable to start container process: exec: ""java"": executable file not found in $PAT",l3d_milvus_dense_int8_search_deep10m_r4.serverlog,9990000,96,10,1000,32,100,100,32,16,hnswlib_m_doubled_at_base,INT8,1413.15,7069.3,"{'milvus_index_type': 'HNSW_SQ', 'milvus_state': 'Finished', 'milvus_indexed_rows': 9990000, 'milvus_total_rows': 9990000, 'milvus_pending_index_rows': 0, 'milvus_metric_type': 'L2', 'milvus_persistent_segments': 4, 'milvus_loaded_segments': 4, 'milvus_compactions_forced': 2, 'milvus_segments_trace': [8, 4, 4]}",1.344,1.501,1.592,1.341,2.48,742.9,980,20,0.9548,"{'milvus_index_type': 'HNSW_SQ', 'milvus_state': 'Finished', 'milvus_indexed_rows': 9990000, 'milvus_total_rows': 9990000, 'milvus_pending_index_rows': 0, 'milvus_metric_type': 'L2', 'milvus_persistent_segments': 4, 'milvus_loaded_segments': 4, 'milvus_compactions_forced': 2, 'milvus_segments_trace': [8, 4, 4]}",,l3d_dense.py,client,container:fc11454887e7 (host unknown),dbbench:client,milvus:pkg/v2.6.13,unknown (PackageNotFoundError),,milvus run standalone,,,,,,,,,,,,,,,,,,,,,,,,,,,,,,,,,,,,,,,,,,,,,,,,,,,,,,,,,,,,,,,,,,,,,,,,,,,,,,,,,,,,,,,,,,,,,,,,,,,,,,,,,,,,,,,,,,,,,,,,,,,,,,,,,,,,,,,,,,,,,,,,,,,,,,,,,,,,,,,,,,,,,,,,,,,,,,,,,,,,,,,
l3d_milvus_dense_int8_search_deep10m_r5,8d6af9475,l3d,milvus_dense_int8,search,deep10m,5,paper,0-11,client_server,8g,2026-09-07T00:41:37+00:00,full+client,8g,36.0,0-11,milvusdb/milvus@sha256:0ea40276f8111f0183e72c8ee3144f3b9aafcd30571bd947de1ed0d22ee9dd56,milvusdb/milvus@sha256:0ea40276f8111f0183e72c8ee3144f3b9aafcd30571bd947de1ed0d22ee9dd56,36g,271.3,0.1,1.1,did not converge,0,False,,0.351,milvus:pkg/v2.6.13,,,,,,,,,,,,,,,,,,,,,0.0,21341.5,21341.5,0.0,True,21342.6,21071.2,27090.6,9862.2,3157.4,0.0,21120.8,0.0,73161.4,21120.8,6998388159,3876.9,3792.3,3740.6,0.0,1.0,0.0,1.9,1.0,144798746,30967.4,13654.5,0.0,13654.5,73163.3,0.0,6898.0,7143186905,20260906T215752Z,,,,,,,,,,,,,,,,,,,,,,,,,,,l3d_milvus_dense_int8_search_deep10m_r5.clientlog,"OCI runtime exec failed: exec failed: unable to start container process: exec: ""java"": executable file not found in $PAT",l3d_milvus_dense_int8_search_deep10m_r5.serverlog,9990000,96,10,1000,32,100,100,32,16,hnswlib_m_doubled_at_base,INT8,1297.92,7696.9,"{'milvus_index_type': 'HNSW_SQ', 'milvus_state': 'Finished', 'milvus_indexed_rows': 9990000, 'milvus_total_rows': 9990000, 'milvus_pending_index_rows': 0, 'milvus_metric_type': 'L2', 'milvus_persistent_segments': 5, 'milvus_loaded_segments': 5, 'milvus_compactions_forced': 2, 'milvus_segments_trace': [9, 5, 5]}",1.441,1.606,1.718,1.44,2.44,691.7,980,20,0.9617,"{'milvus_index_type': 'HNSW_SQ', 'milvus_state': 'Finished', 'milvus_indexed_rows': 9990000, 'milvus_total_rows': 9990000, 'milvus_pending_index_rows': 0, 'milvus_metric_type': 'L2', 'milvus_persistent_segments': 5, 'milvus_loaded_segments': 5, 'milvus_compactions_forced': 2, 'milvus_segments_trace': [9, 5, 5]}",,l3d_dense.py,client,container:59b8bb5ac7e8 (host unknown),dbbench:client,milvus:pkg/v2.6.13,unknown (PackageNotFoundError),,milvus run standalone,,,,,,,,,,,,,,,,,,,,,,,,,,,,,,,,,,,,,,,,,,,,,,,,,,,,,,,,,,,,,,,,,,,,,,,,,,,,,,,,,,,,,,,,,,,,,,,,,,,,,,,,,,,,,,,,,,,,,,,,,,,,,,,,,,,,,,,,,,,,,,,,,,,,,,,,,,,,,,,,,,,,,,,,,,,,,,,,,,,,,,,
l3d_neo4j_dense_search_deep10m_r1,8d6af9475,l3d,neo4j_dense,search,deep10m,1,paper,0-11,client_server,8g,2026-09-12T04:23:54+00:00,full+client,8g,36.0,0-11,neo4j@sha256:1ee8f6fa220f9a4f194d07caa82e12120ee501c06cb38eb245e530737cbdb15b,neo4j@sha256:1ee8f6fa220f9a4f194d07caa82e12120ee501c06cb38eb245e530737cbdb15b,36g,887.3,0.1,1.1,,0,False,,1.209,neo4j:2026.07.1,,,,,,,,,,,,,,,,,,,,,0.0,17509.4,371.4,17138.1,True,17510.5,16623.1,36867.1,34730.3,34729.7,0.0,4976.4,39627.4,49390.4,2009.3,1557194149,3879.2,3865.9,3791.8,0.0,0.9,0.0,1.9,0.5,1242129026,40746.2,38596.2,0.0,38596.2,49392.3,39627.4,38521.5,2799323175,20260912T035209Z,,,,,,,,,,,,,,,,,,,,,,,,,,,l3d_neo4j_dense_search_deep10m_r1.clientlog,,l3d_neo4j_dense_search_deep10m_r1.serverlog,9990000,96,10,1000,32,100,100,32,16,hnswlib_m_doubled_at_base,fp32,1798.12,5555.8,{},84.715,122.127,162.195,90.569,644.037,11.0,980,20,0.9688,{},24g,l3d_dense.py,client,container:7ffad5fd113b (host unknown),dbbench:client,neo4j:2026.07.1,unknown (PackageNotFoundError),,,,,,,,,,,,,,,,,,,,,,,,,,,,,,,,,24g,11.0g,,,,,,,,,,,,,,,,,,,,,,,,,,,,,,,,,,,,,,,,,,,,,,,,,,,,,,,,,,,,,,,,,,,,,,,,,,,,,,,,,,,,,,,,,,,,,,,,,,,,,,,,,,,,,,,,,,,,,,,,,,,,,,,,,,,,,,,,,,,,,,,,,,,,,,2026-09-12 BUGS F36: stamp table lacked the September arms; value is COMPARATOR_M passed to CREATE VECTOR INDEX at this commit,
l3d_neo4j_dense_search_deep10m_r2,8d6af9475,l3d,neo4j_dense,search,deep10m,2,paper,0-11,client_server,8g,2026-09-12T06:31:47+00:00,full+client,8g,36.0,0-11,neo4j@sha256:1ee8f6fa220f9a4f194d07caa82e12120ee501c06cb38eb245e530737cbdb15b,neo4j@sha256:1ee8f6fa220f9a4f194d07caa82e12120ee501c06cb38eb245e530737cbdb15b,36g,887.3,0.1,1.1,,0,False,,1.223,neo4j:2026.07.1,,,,,,,,,,,,,,,,,,,,,0.0,17509.4,371.4,17138.1,True,17510.5,16623.1,36867.4,34734.9,34724.9,0.0,4987.6,40516.8,49428.1,2005.5,1577273892,3879.1,3866.1,3791.0,0.0,0.9,0.0,1.9,0.9,1243610508,40746.5,38601.1,0.0,38601.1,49430.0,40516.8,38515.9,2820884400,20260912T042359Z,,,,,,,,,,,,,,,,,,,,,,,,,,,l3d_neo4j_dense_search_deep10m_r2.clientlog,,l3d_neo4j_dense_search_deep10m_r2.serverlog,9990000,96,10,1000,32,100,100,32,16,hnswlib_m_doubled_at_base,fp32,1806.11,5531.2,{},84.038,115.65,139.657,88.419,554.909,11.3,980,20,0.9688,{},24g,l3d_dense.py,client,container:0d9e21825e60 (host unknown),dbbench:client,neo4j:2026.07.1,unknown (PackageNotFoundError),,,,,,,,,,,,,,,,,,,,,,,,,,,,,,,,,24g,11.0g,,,,,,,,,,,,,,,,,,,,,,,,,,,,,,,,,,,,,,,,,,,,,,,,,,,,,,,,,,,,,,,,,,,,,,,,,,,,,,,,,,,,,,,,,,,,,,,,,,,,,,,,,,,,,,,,,,,,,,,,,,,,,,,,,,,,,,,,,,,,,,,,,,,,,,2026-09-12 BUGS F36: stamp table lacked the September arms; value is COMPARATOR_M passed to CREATE VECTOR INDEX at this commit,
l3d_neo4j_dense_search_deep10m_r3,8d6af9475,l3d,neo4j_dense,search,deep10m,3,paper,0-11,client_server,8g,2026-09-12T05:27:54+00:00,full+client,8g,36.0,0-11,neo4j@sha256:1ee8f6fa220f9a4f194d07caa82e12120ee501c06cb38eb245e530737cbdb15b,neo4j@sha256:1ee8f6fa220f9a4f194d07caa82e12120ee501c06cb38eb245e530737cbdb15b,36g,887.3,0.1,1.1,,0,False,,1.207,neo4j:2026.07.1,,,,,,,,,,,,,,,,,,,,,0.0,17509.4,371.4,17138.1,True,17510.5,16623.1,36867.6,34744.0,34744.0,0.0,4987.6,40147.6,49390.9,1994.2,1565604895,3879.0,3866.3,3793.2,0.0,1.0,0.0,1.9,1.0,1244175529,40746.6,38610.3,0.0,38610.3,49392.8,40147.6,38537.3,2809780424,20260912T042359Z,,,,,,,,,,,,,,,,,,,,,,,,,,,l3d_neo4j_dense_search_deep10m_r3.clientlog,,l3d_neo4j_dense_search_deep10m_r3.serverlog,9990000,96,10,1000,32,100,100,32,16,hnswlib_m_doubled_at_base,fp32,1804.1,5537.4,{},85.248,120.291,145.59,91.27,1699.784,11.0,980,20,0.9688,{},24g,l3d_dense.py,client,container:1bd248257e69 (host unknown),dbbench:client,neo4j:2026.07.1,unknown (PackageNotFoundError),,,,,,,,,,,,,,,,,,,,,,,,,,,,,,,,,24g,11.0g,,,,,,,,,,,,,,,,,,,,,,,,,,,,,,,,,,,,,,,,,,,,,,,,,,,,,,,,,,,,,,,,,,,,,,,,,,,,,,,,,,,,,,,,,,,,,,,,,,,,,,,,,,,,,,,,,,,,,,,,,,,,,,,,,,,,,,,,,,,,,,,,,,,,,,2026-09-12 BUGS F36: stamp table lacked the September arms; value is COMPARATOR_M passed to CREATE VECTOR INDEX at this commit,
l3d_neo4j_dense_search_deep10m_r4,8d6af9475,l3d,neo4j_dense,search,deep10m,4,paper,0-11,client_server,8g,2026-09-12T04:55:56+00:00,full+client,8g,36.0,0-11,neo4j@sha256:1ee8f6fa220f9a4f194d07caa82e12120ee501c06cb38eb245e530737cbdb15b,neo4j@sha256:1ee8f6fa220f9a4f194d07caa82e12120ee501c06cb38eb245e530737cbdb15b,36g,887.3,0.1,1.1,,0,False,,1.298,neo4j:2026.07.1,,,,,,,,,,,,,,,,,,,,,0.0,17509.4,371.4,17138.1,True,17510.5,16623.1,36867.6,34758.4,34757.8,0.0,4987.3,41309.0,49390.9,1970.5,1561545244,7566.4,3866.1,3792.1,0.0,3688.1,7374.1,1.9,3688.1,1248680957,44434.0,38624.5,0.0,38624.5,49392.8,48683.1,38549.9,2810226201,20260912T042359Z,,,,,,,,,,,,,,,,,,,,,,,,,,,l3d_neo4j_dense_search_deep10m_r4.clientlog,,l3d_neo4j_dense_search_deep10m_r4.serverlog,9990000,96,10,1000,32,100,100,32,16,hnswlib_m_doubled_at_base,fp32,1806.85,5529.0,{},86.254,120.231,150.372,90.159,350.587,11.1,980,20,0.9688,{},24g,l3d_dense.py,client,container:6ea107d11fbb (host unknown),dbbench:client,neo4j:2026.07.1,unknown (PackageNotFoundError),,,,,,,,,,,,,,,,,,,,,,,,,,,,,,,,,24g,11.0g,,,,,,,,,,,,,,,,,,,,,,,,,,,,,,,,,,,,,,,,,,,,,,,,,,,,,,,,,,,,,,,,,,,,,,,,,,,,,,,,,,,,,,,,,,,,,,,,,,,,,,,,,,,,,,,,,,,,,,,,,,,,,,,,,,,,,,,,,,,,,,,,,,,,,,2026-09-12 BUGS F36: stamp table lacked the September arms; value is COMPARATOR_M passed to CREATE VECTOR INDEX at this commit,
l3d_neo4j_dense_search_deep10m_r5,8d6af9475,l3d,neo4j_dense,search,deep10m,5,paper,0-11,client_server,8g,2026-09-12T05:59:49+00:00,full+client,8g,36.0,0-11,neo4j@sha256:1ee8f6fa220f9a4f194d07caa82e12120ee501c06cb38eb245e530737cbdb15b,neo4j@sha256:1ee8f6fa220f9a4f194d07caa82e12120ee501c06cb38eb245e530737cbdb15b,36g,887.3,0.1,1.1,,0,False,,1.205,neo4j:2026.07.1,,,,,,,,,,,,,,,,,,,,,0.0,17509.4,371.4,17138.1,True,17510.5,16623.1,36866.9,34739.4,34719.8,0.0,5015.1,38594.8,49428.3,1968.1,1550710498,3878.8,3866.0,3795.0,0.0,0.9,0.0,1.9,0.9,1250254320,40745.7,38605.4,0.0,38605.4,49430.2,38594.8,38514.8,2800964818,20260912T042359Z,,,,,,,,,,,,,,,,,,,,,,,,,,,l3d_neo4j_dense_search_deep10m_r5.clientlog,,l3d_neo4j_dense_search_deep10m_r5.serverlog,9990000,96,10,1000,32,100,100,32,16,hnswlib_m_doubled_at_base,fp32,1804.98,5534.7,{},83.923,116.828,142.845,88.563,813.378,11.3,980,20,0.9688,{},24g,l3d_dense.py,client,container:e6dad8ea5d52 (host unknown),dbbench:client,neo4j:2026.07.1,unknown (PackageNotFoundError),,,,,,,,,,,,,,,,,,,,,,,,,,,,,,,,,24g,11.0g,,,,,,,,,,,,,,,,,,,,,,,,,,,,,,,,,,,,,,,,,,,,,,,,,,,,,,,,,,,,,,,,,,,,,,,,,,,,,,,,,,,,,,,,,,,,,,,,,,,,,,,,,,,,,,,,,,,,,,,,,,,,,,,,,,,,,,,,,,,,,,,,,,,,,,2026-09-12 BUGS F36: stamp table lacked the September arms; value is COMPARATOR_M passed to CREATE VECTOR INDEX at this commit,
l3d_qdrant_dense_search_deep10m_r1,b7c6c800d,l3d,qdrant_dense,search,deep10m,1,paper,0-11,client_server,8g,2026-08-29T18:04:43+00:00,full+client,8g,36.0,0-11,qdrant/qdrant@sha256:75eab8c4ba42096724fdcfde8b4de0b5713d529dde32f285a1f86fdcb2c9e50c,qdrant/qdrant@sha256:75eab8c4ba42096724fdcfde8b4de0b5713d529dde32f285a1f86fdcb2c9e50c,36g,0.0,0.1,1.0,did not converge,0,False,,0.534,qdrant:1.18.2,,,,,,,,,,,,,,,,,,,,,0.0,4533.5,4533.5,0.0,True,4534.5,4534.4,8952.4,2467.5,1328.7,0.0,6532.6,781.9,37790.8,4032.4,4635455173,3882.7,3858.0,3742.1,0.0,8.4,15.1,1.7,8.4,209547628,12835.1,6325.5,0.0,6325.5,37792.5,797.0,5070.8,4845002801,20260829T175421Z,runs_page_b7c6c800d.jsonl,"comparator row, unaffected by the ArcadeDB re-pin b7c6c800d -> 8d6af9475 (DECISIONS #42: re-measure ArcadeDB arms, carry comparators)",,,,,,,,,,,,,,,,,,,,,,,,,,,,9990000,96,10,1000,32,100,100,32,16,hnswlib_m_doubled_at_base,fp32,615.61,16227.7,{},1.27,1.558,1.711,1.295,19.897,769.2,980,20,0.9756,{},,l3d_dense.py,client,container:d2f8757e3a8d (host unknown),dbbench:client,qdrant:1.18.2,unknown (PackageNotFoundError),,,,,,,,,,,,,,,,,,,,,,,,,,,,,,,,,,,,,,,,,,,,,,,,,,,,,,,,,,,,,,,,,,,,,,,,,,,,,,,,,,,,,,,,,,,,,,,,,,,,,,,,,,,,,,,,,,,,,,,,,,,,,,,,,,,,,,,,,,,,,,,,,,,,,,,,,,,,,,,,,,,,,,,,,,,,,,,,,,,,,,,,,
l3d_qdrant_dense_search_deep10m_r2,b7c6c800d,l3d,qdrant_dense,search,deep10m,2,paper,0-11,client_server,8g,2026-08-30T11:17:38+00:00,full+client,8g,36.0,0-11,qdrant/qdrant@sha256:75eab8c4ba42096724fdcfde8b4de0b5713d529dde32f285a1f86fdcb2c9e50c,qdrant/qdrant@sha256:75eab8c4ba42096724fdcfde8b4de0b5713d529dde32f285a1f86fdcb2c9e50c,36g,0.0,0.1,1.0,did not converge,0,False,,0.578,qdrant:1.18.2,,,,,,,,,,,,,,,,,,,,,0.0,4521.8,4521.8,0.0,True,4522.8,4522.7,8100.9,2226.6,1182.6,0.0,5942.3,734.8,35832.2,4026.8,4038252769,3876.3,3837.1,77.9,0.0,0.9,0.0,1.7,0.9,211533567,11977.3,6063.6,0.0,6063.6,35833.9,734.8,1260.5,4249786336,20260830T083211Z,runs_page_b7c6c800d.jsonl,"comparator row, unaffected by the ArcadeDB re-pin b7c6c800d -> 8d6af9475 (DECISIONS #42: re-measure ArcadeDB arms, carry comparators)",,,,,,,,,,,,,,,,,,,,,,,,,,,,9990000,96,10,1000,32,100,100,32,16,hnswlib_m_doubled_at_base,fp32,544.29,18354.2,{},1.261,1.589,1.829,1.299,19.886,766.9,980,20,0.9763,{},,l3d_dense.py,client,container:e2daa6c96d75 (host unknown),dbbench:client,qdrant:1.18.2,unknown (PackageNotFoundError),,,,,,,,,,,,,,,,,,,,,,,,,,,,,,,,,,,,,,,,,,,,,,,,,,,,,,,,,,,,,,,,,,,,,,,,,,,,,,,,,,,,,,,,,,,,,,,,,,,,,,,,,,,,,,,,,,,,,,,,,,,,,,,,,,,,,,,,,,,,,,,,,,,,,,,,,,,,,,,,,,,,,,,,,,,,,,,,,,,,,,,,,
l3d_qdrant_dense_search_deep10m_r3,8d6af9475,l3d,qdrant_dense,search,deep10m,3,paper,0-11,client_server,8g,2026-08-31T17:29:01+00:00,full+client,8g,36.0,0-11,qdrant/qdrant@sha256:75eab8c4ba42096724fdcfde8b4de0b5713d529dde32f285a1f86fdcb2c9e50c,qdrant/qdrant@sha256:75eab8c4ba42096724fdcfde8b4de0b5713d529dde32f285a1f86fdcb2c9e50c,36g,0.0,0.1,1.0,did not converge,0,False,,0.673,qdrant:1.18.2,,,,,,,,,,,,,,,,,,,,,0.0,4522.5,4522.5,0.0,True,4523.5,4523.4,8410.9,2365.9,1177.8,0.0,6025.2,705.9,36656.9,4030.2,4107983166,3876.7,3851.0,81.1,0.0,6.4,11.1,1.7,6.4,216621487,12287.6,6216.9,0.0,6216.9,36658.6,717.1,1259.0,4324604653,20260831T152522Z,,,,,,,,,,,,,,,,,,,,,,,,,,,,"OCI runtime exec failed: exec failed: unable to start container process: exec: ""java"": executable file not found in $PAT",l3d_qdrant_dense_search_deep10m_r3.serverlog,9990000,96,10,1000,32,100,100,32,16,hnswlib_m_doubled_at_base,fp32,553.46,18050.1,{},1.213,1.632,1.784,1.277,18.967,780.0,980,20,0.9796,{},,l3d_dense.py,client,container:ec46de835386 (host unknown),dbbench:client,qdrant:1.18.2,unknown (PackageNotFoundError),,,,,,,,,,,,,,,,,,,,,,,,,,,,,,,,,,,,,,,,,,,,,,,,,,,,,,,,,,,,,,,,,,,,,,,,,,,,,,,,,,,,,,,,,,,,,,,,,,,,,,,,,,,,,,,,,,,,,,,,,,,,,,,,,,,,,,,,,,,,,,,,,,,,,,,,,,,,,,,,,,,,,,,,,,,,,,,,,,,,,,,,,
l3d_qdrant_dense_search_deep10m_r4,b7c6c800d,l3d,qdrant_dense,search,deep10m,4,paper,0-11,client_server,8g,2026-08-30T04:31:41+00:00,full+client,8g,36.0,0-11,qdrant/qdrant@sha256:75eab8c4ba42096724fdcfde8b4de0b5713d529dde32f285a1f86fdcb2c9e50c,qdrant/qdrant@sha256:75eab8c4ba42096724fdcfde8b4de0b5713d529dde32f285a1f86fdcb2c9e50c,36g,0.0,0.1,1.0,did not converge,0,False,,0.658,qdrant:1.18.2,,,,,,,,,,,,,,,,,,,,,0.0,4521.6,4521.6,0.0,True,4522.6,4522.5,8115.6,2232.0,1210.3,0.0,5841.9,727.4,36487.9,3999.0,4052429658,3890.8,3850.8,80.9,0.0,24.5,47.2,1.7,24.5,216341653,12006.4,6082.8,0.0,6082.8,36489.6,774.6,1291.2,4268771311,20260829T175421Z,runs_page_b7c6c800d.jsonl,"comparator row, unaffected by the ArcadeDB re-pin b7c6c800d -> 8d6af9475 (DECISIONS #42: re-measure ArcadeDB arms, carry comparators)",,,,,,,,,,,,,,,,,,,,,,,,,,,,9990000,96,10,1000,32,100,100,32,16,hnswlib_m_doubled_at_base,fp32,542.9,18401.3,{},1.27,1.622,1.79,1.308,19.202,761.9,980,20,0.979,{},,l3d_dense.py,client,container:48f6e44d61d7 (host unknown),dbbench:client,qdrant:1.18.2,unknown (PackageNotFoundError),,,,,,,,,,,,,,,,,,,,,,,,,,,,,,,,,,,,,,,,,,,,,,,,,,,,,,,,,,,,,,,,,,,,,,,,,,,,,,,,,,,,,,,,,,,,,,,,,,,,,,,,,,,,,,,,,,,,,,,,,,,,,,,,,,,,,,,,,,,,,,,,,,,,,,,,,,,,,,,,,,,,,,,,,,,,,,,,,,,,,,,,,
l3d_qdrant_dense_search_deep10m_r5,b7c6c800d,l3d,qdrant_dense,search,deep10m,5,paper,0-11,client_server,8g,2026-08-30T09:47:52+00:00,full+client,8g,36.0,0-11,qdrant/qdrant@sha256:75eab8c4ba42096724fdcfde8b4de0b5713d529dde32f285a1f86fdcb2c9e50c,qdrant/qdrant@sha256:75eab8c4ba42096724fdcfde8b4de0b5713d529dde32f285a1f86fdcb2c9e50c,36g,0.0,0.1,1.0,did not converge,0,False,,0.566,qdrant:1.18.2,,,,,,,,,,,,,,,,,,,,,0.0,4522.6,4522.6,0.0,True,4523.6,4523.5,8316.7,2243.0,1256.2,0.0,5960.8,673.2,35576.9,3995.3,3987028685,3876.6,3836.3,78.0,0.0,0.9,0.0,1.7,0.9,210046706,12193.3,6079.3,0.0,6079.3,35578.6,673.2,1334.2,4197075391,20260830T083211Z,runs_page_b7c6c800d.jsonl,"comparator row, unaffected by the ArcadeDB re-pin b7c6c800d -> 8d6af9475 (DECISIONS #42: re-measure ArcadeDB arms, carry comparators)",,,,,,,,,,,,,,,,,,,,,,,,,,,,9990000,96,10,1000,32,100,100,32,16,hnswlib_m_doubled_at_base,fp32,536.52,18620.1,{},1.279,1.579,1.726,1.31,18.971,760.8,980,20,0.9811,{},,l3d_dense.py,client,container:5b3db757207d (host unknown),dbbench:client,qdrant:1.18.2,unknown (PackageNotFoundError),,,,,,,,,,,,,,,,,,,,,,,,,,,,,,,,,,,,,,,,,,,,,,,,,,,,,,,,,,,,,,,,,,,,,,,,,,,,,,,,,,,,,,,,,,,,,,,,,,,,,,,,,,,,,,,,,,,,,,,,,,,,,,,,,,,,,,,,,,,,,,,,,,,,,,,,,,,,,,,,,,,,,,,,,,,,,,,,,,,,,,,,,
l3d_qdrant_dense_int8_search_deep10m_r1,b7c6c800d,l3d,qdrant_dense_int8,search,deep10m,1,paper,0-11,client_server,8g,2026-08-30T09:55:40+00:00,full+client,8g,36.0,0-11,qdrant/qdrant@sha256:75eab8c4ba42096724fdcfde8b4de0b5713d529dde32f285a1f86fdcb2c9e50c,qdrant/qdrant@sha256:75eab8c4ba42096724fdcfde8b4de0b5713d529dde32f285a1f86fdcb2c9e50c,36g,0.0,0.1,1.0,did not converge,0,False,,0.58,qdrant:1.18.2,,,,,,,,,,,,,,,,,,,,,0.0,5473.7,5473.7,0.0,True,5474.7,5474.6,9262.2,3209.2,2143.5,0.0,6074.1,755.4,44345.4,4025.5,3135495916,3876.3,3850.8,3743.3,0.0,0.8,0.0,1.7,0.8,190268758,13138.5,7060.0,0.0,7060.0,44347.1,755.4,5886.8,3325764674,20260830T083211Z,runs_page_b7c6c800d.jsonl,"comparator row, unaffected by the ArcadeDB re-pin b7c6c800d -> 8d6af9475 (DECISIONS #42: re-measure ArcadeDB arms, carry comparators)",,,,,,,,,,,,,,,,,,,,,,,,,,,,9990000,96,10,1000,32,100,100,32,16,hnswlib_m_doubled_at_base,INT8,457.75,21824.3,{},1.144,1.451,1.595,1.192,19.987,835.7,980,20,0.9792,{},,l3d_dense.py,client,container:2e2d1017adbf (host unknown),dbbench:client,qdrant:1.18.2,unknown (PackageNotFoundError),,,,,,,,,,,,,,,,,,,,,,,,,,,,,,,,,,,,,,,,,,,,,,,,,,,,,,,,,,,,,,,,,,,,,,,,,,,,,,,,,,,,,,,,,,,,,,,,,,,,,,,,,,,,,,,,,,,,,,,,,,,,,,,,,,,,,,,,,,,,,,,,,,,,,,,,,,,,,,,,,,,,,,,,,,,,,,,,,,,,,,,,,
l3d_qdrant_dense_int8_search_deep10m_r2,b7c6c800d,l3d,qdrant_dense_int8,search,deep10m,2,paper,0-11,client_server,8g,2026-08-30T07:14:30+00:00,full+client,8g,36.0,0-11,qdrant/qdrant@sha256:75eab8c4ba42096724fdcfde8b4de0b5713d529dde32f285a1f86fdcb2c9e50c,qdrant/qdrant@sha256:75eab8c4ba42096724fdcfde8b4de0b5713d529dde32f285a1f86fdcb2c9e50c,36g,0.0,0.1,1.0,did not converge,0,False,,0.518,qdrant:1.18.2,,,,,,,,,,,,,,,,,,,,,0.0,5473.9,5473.9,0.0,True,5474.9,5474.8,9389.7,3175.8,2125.1,0.0,6145.7,777.1,44715.8,4031.0,2966432118,3876.8,3850.8,3745.1,0.0,0.8,0.0,1.7,0.8,177777044,13266.5,7026.5,0.0,7026.5,44717.5,777.1,5870.2,3144209162,20260829T175421Z,runs_page_b7c6c800d.jsonl,"comparator row, unaffected by the ArcadeDB re-pin b7c6c800d -> 8d6af9475 (DECISIONS #42: re-measure ArcadeDB arms, carry comparators)",,,,,,,,,,,,,,,,,,,,,,,,,,,,9990000,96,10,1000,32,100,100,32,16,hnswlib_m_doubled_at_base,INT8,432.74,23085.5,{},1.118,1.359,1.446,1.149,18.68,866.7,980,20,0.981,{},,l3d_dense.py,client,container:5700f1096187 (host unknown),dbbench:client,qdrant:1.18.2,unknown (PackageNotFoundError),,,,,,,,,,,,,,,,,,,,,,,,,,,,,,,,,,,,,,,,,,,,,,,,,,,,,,,,,,,,,,,,,,,,,,,,,,,,,,,,,,,,,,,,,,,,,,,,,,,,,,,,,,,,,,,,,,,,,,,,,,,,,,,,,,,,,,,,,,,,,,,,,,,,,,,,,,,,,,,,,,,,,,,,,,,,,,,,,,,,,,,,,
l3d_qdrant_dense_int8_search_deep10m_r3,b7c6c800d,l3d,qdrant_dense_int8,search,deep10m,3,paper,0-11,client_server,8g,2026-08-30T11:08:23+00:00,full+client,8g,36.0,0-11,qdrant/qdrant@sha256:75eab8c4ba42096724fdcfde8b4de0b5713d529dde32f285a1f86fdcb2c9e50c,qdrant/qdrant@sha256:75eab8c4ba42096724fdcfde8b4de0b5713d529dde32f285a1f86fdcb2c9e50c,36g,0.0,0.1,1.0,did not converge,0,False,,0.526,qdrant:1.18.2,,,,,,,,,,,,,,,,,,,,,0.0,5485.7,5485.7,0.0,True,5486.7,5486.6,10006.7,3622.3,2198.1,0.0,6315.4,941.5,50671.4,4033.3,3619406635,3877.2,3850.8,78.0,0.0,0.9,0.0,1.7,0.9,179600250,13883.9,7473.1,0.0,7473.1,50673.1,941.5,2276.1,3799006885,20260830T083211Z,runs_page_b7c6c800d.jsonl,"comparator row, unaffected by the ArcadeDB re-pin b7c6c800d -> 8d6af9475 (DECISIONS #42: re-measure ArcadeDB arms, carry comparators)",,,,,,,,,,,,,,,,,,,,,,,,,,,,9990000,96,10,1000,32,100,100,32,16,hnswlib_m_doubled_at_base,INT8,521.54,19154.9,{},1.091,1.368,1.526,1.132,20.087,879.8,980,20,0.9729,{},,l3d_dense.py,client,container:02be295b83ba (host unknown),dbbench:client,qdrant:1.18.2,unknown (PackageNotFoundError),,,,,,,,,,,,,,,,,,,,,,,,,,,,,,,,,,,,,,,,,,,,,,,,,,,,,,,,,,,,,,,,,,,,,,,,,,,,,,,,,,,,,,,,,,,,,,,,,,,,,,,,,,,,,,,,,,,,,,,,,,,,,,,,,,,,,,,,,,,,,,,,,,,,,,,,,,,,,,,,,,,,,,,,,,,,,,,,,,,,,,,,,
l3d_qdrant_dense_int8_search_deep10m_r4,8d6af9475,l3d,qdrant_dense_int8,search,deep10m,4,paper,0-11,client_server,8g,2026-08-31T16:15:27+00:00,full+client,8g,36.0,0-11,qdrant/qdrant@sha256:75eab8c4ba42096724fdcfde8b4de0b5713d529dde32f285a1f86fdcb2c9e50c,qdrant/qdrant@sha256:75eab8c4ba42096724fdcfde8b4de0b5713d529dde32f285a1f86fdcb2c9e50c,36g,0.0,0.1,1.0,did not converge,0,False,,0.567,qdrant:1.18.2,,,,,,,,,,,,,,,,,,,,,0.0,5484.1,5484.1,0.0,True,5485.1,5485.0,9741.2,3578.5,2166.1,0.0,6520.4,799.3,43330.9,3999.8,3517894925,3879.0,3832.5,80.5,0.0,9.8,17.8,1.7,9.8,181286857,13620.2,7411.0,0.0,7411.0,43332.5,817.1,2246.6,3699181782,20260831T152522Z,,,,,,,,,,,,,,,,,,,,,,,,,,,,"OCI runtime exec failed: exec failed: unable to start container process: exec: ""java"": executable file not found in $PAT",l3d_qdrant_dense_int8_search_deep10m_r4.serverlog,9990000,96,10,1000,32,100,100,32,16,hnswlib_m_doubled_at_base,INT8,496.41,20124.6,{},1.109,1.33,1.487,1.135,19.359,876.9,980,20,0.9776,{},,l3d_dense.py,client,container:7093719d106f (host unknown),dbbench:client,qdrant:1.18.2,unknown (PackageNotFoundError),,,,,,,,,,,,,,,,,,,,,,,,,,,,,,,,,,,,,,,,,,,,,,,,,,,,,,,,,,,,,,,,,,,,,,,,,,,,,,,,,,,,,,,,,,,,,,,,,,,,,,,,,,,,,,,,,,,,,,,,,,,,,,,,,,,,,,,,,,,,,,,,,,,,,,,,,,,,,,,,,,,,,,,,,,,,,,,,,,,,,,,,,
l3d_qdrant_dense_int8_search_deep10m_r5,b7c6c800d,l3d,qdrant_dense_int8,search,deep10m,5,paper,0-11,client_server,8g,2026-08-29T18:28:34+00:00,full+client,8g,36.0,0-11,qdrant/qdrant@sha256:75eab8c4ba42096724fdcfde8b4de0b5713d529dde32f285a1f86fdcb2c9e50c,qdrant/qdrant@sha256:75eab8c4ba42096724fdcfde8b4de0b5713d529dde32f285a1f86fdcb2c9e50c,36g,0.0,0.1,1.0,did not converge,0,False,,0.523,qdrant:1.18.2,,,,,,,,,,,,,,,,,,,,,0.0,5473.7,5473.7,0.0,True,5474.7,5474.6,9300.8,3246.1,2138.8,0.0,6029.9,765.7,45526.4,3983.6,2972091734,3876.0,3850.8,72.0,0.0,0.9,0.0,1.7,0.9,179953334,13176.8,7096.9,0.0,7096.9,45528.1,765.7,2210.8,3152045068,20260829T175421Z,runs_page_b7c6c800d.jsonl,"comparator row, unaffected by the ArcadeDB re-pin b7c6c800d -> 8d6af9475 (DECISIONS #42: re-measure ArcadeDB arms, carry comparators)",,,,,,,,,,,,,,,,,,,,,,,,,,,,9990000,96,10,1000,32,100,100,32,16,hnswlib_m_doubled_at_base,INT8,436.24,22900.3,{},1.106,1.362,1.512,1.152,19.601,864.7,980,20,0.9812,{},,l3d_dense.py,client,container:cc1f2b2b6e22 (host unknown),dbbench:client,qdrant:1.18.2,unknown (PackageNotFoundError),,,,,,,,,,,,,,,,,,,,,,,,,,,,,,,,,,,,,,,,,,,,,,,,,,,,,,,,,,,,,,,,,,,,,,,,,,,,,,,,,,,,,,,,,,,,,,,,,,,,,,,,,,,,,,,,,,,,,,,,,,,,,,,,,,,,,,,,,,,,,,,,,,,,,,,,,,,,,,,,,,,,,,,,,,,,,,,,,,,,,,,,,
l3d_sqlite_vec_dense_search_deep10m_r1,b7c6c800d,l3d,sqlite_vec_dense,search,deep10m,1,paper,0-11,embedded,36g,2026-08-29T20:00:56+00:00,,,,,,,,,0.1,3894.7,did not converge,0,False,,0.017,0.1.9,,,,,,,,,,,,,,,,,,,,,0.0,,,,,3894.7,3894.6,,,,,,,,,,7707.6,3688.8,3687.2,0.0,3894.6,0.0,8758.6,3894.6,990316272,7707.6,3688.8,0.0,3688.8,8758.6,0.0,3687.2,990316272,20260829T175421Z,runs_page_b7c6c800d.jsonl,"comparator row, unaffected by the ArcadeDB re-pin b7c6c800d -> 8d6af9475 (DECISIONS #42: re-measure ArcadeDB arms, carry comparators)",,,,,,,,,,,,,,,,,,,,,,,,,,,,9990000,96,10,1000,32,100,100,32,,exact_scan_no_ann,fp32,72.72,137381.4,{},940.375,944.171,950.829,940.775,960.99,1.1,980,20,1.0,{},,l3d_dense.py,engine,container:d220434e67de (host unknown),dbbench:dense,0.1.9,unknown (PackageNotFoundError),,,,,,,,,,,,,,,,,,,,,,,,,,,,,,,,,,,,,,,,,,,,,,,,,,,,,,,,,,,,,,,,,,,,,,,,,,,,,,,,,,,,,,,,,,,,,,,,,,,,,,,,,,,,,,,,,,,,,,,,,,,,,,,,,,,,,,,,,,,,,,,,,,,,,,,,,,,,,,,,,,,,,,,,,,,,,,,,,,,,,,,,,
l3d_sqlite_vec_dense_search_deep10m_r2,b7c6c800d,l3d,sqlite_vec_dense,search,deep10m,2,paper,0-11,embedded,36g,2026-08-30T07:07:11+00:00,,,,,,,,,0.1,3894.7,did not converge,0,False,,0.034,0.1.9,,,,,,,,,,,,,,,,,,,,,0.009,,,,,3894.7,3894.6,,,,,,,,,,7709.4,3688.8,3688.1,0.0,3895.2,1.2,8758.6,3895.2,989917800,7709.4,3688.8,0.0,3688.8,8758.6,1.2,3688.1,989917800,20260829T175421Z,runs_page_b7c6c800d.jsonl,"comparator row, unaffected by the ArcadeDB re-pin b7c6c800d -> 8d6af9475 (DECISIONS #42: re-measure ArcadeDB arms, carry comparators)",,,,,,,,,,,,,,,,,,,,,,,,,,,,9990000,96,10,1000,32,100,100,32,,exact_scan_no_ann,fp32,76.99,129760.4,{},935.242,937.224,942.317,935.535,949.362,1.1,980,20,1.0,{},,l3d_dense.py,engine,container:45924b93a481 (host unknown),dbbench:dense,0.1.9,unknown (PackageNotFoundError),,,,,,,,,,,,,,,,,,,,,,,,,,,,,,,,,,,,,,,,,,,,,,,,,,,,,,,,,,,,,,,,,,,,,,,,,,,,,,,,,,,,,,,,,,,,,,,,,,,,,,,,,,,,,,,,,,,,,,,,,,,,,,,,,,,,,,,,,,,,,,,,,,,,,,,,,,,,,,,,,,,,,,,,,,,,,,,,,,,,,,,,,
l3d_sqlite_vec_dense_search_deep10m_r3,8d6af9475,l3d,sqlite_vec_dense,search,deep10m,3,paper,0-11,embedded,36g,2026-08-31T16:07:04+00:00,,,,,,,,,0.1,3894.7,did not converge,0,False,,0.027,0.1.9,,,,,,,,,,,,,,,,,,,,,0.009,,,,,3894.7,3894.6,,,,,,,,,,7714.6,3689.0,3687.4,0.0,3901.0,12.9,8758.6,3901.0,984755091,7714.6,3689.0,0.0,3689.0,8758.6,12.9,3687.4,984755091,20260831T152522Z,,,,,,,,,,,,,,,,,,,,,,,,,,,,,,9990000,96,10,1000,32,100,100,32,,exact_scan_no_ann,fp32,79.5,125668.0,{},930.194,936.516,968.722,930.439,970.506,1.1,980,20,1.0,{},,l3d_dense.py,engine,container:c9e4a546c82d (host unknown),dbbench:dense,0.1.9,unknown (PackageNotFoundError),,,,,,,,,,,,,,,,,,,,,,,,,,,,,,,,,,,,,,,,,,,,,,,,,,,,,,,,,,,,,,,,,,,,,,,,,,,,,,,,,,,,,,,,,,,,,,,,,,,,,,,,,,,,,,,,,,,,,,,,,,,,,,,,,,,,,,,,,,,,,,,,,,,,,,,,,,,,,,,,,,,,,,,,,,,,,,,,,,,,,,,,,
l3d_sqlite_vec_dense_search_deep10m_r4,b7c6c800d,l3d,sqlite_vec_dense,search,deep10m,4,paper,0-11,embedded,36g,2026-08-29T18:21:11+00:00,,,,,,,,,0.1,3894.7,did not converge,0,False,,0.034,0.1.9,,,,,,,,,,,,,,,,,,,,,0.009,,,,,3894.7,3894.6,,,,,,,,,,7714.3,3688.8,3687.2,0.0,3900.9,12.5,8758.6,3900.9,958652552,7714.3,3688.8,0.0,3688.8,8758.6,12.5,3687.2,958652552,20260829T175421Z,runs_page_b7c6c800d.jsonl,"comparator row, unaffected by the ArcadeDB re-pin b7c6c800d -> 8d6af9475 (DECISIONS #42: re-measure ArcadeDB arms, carry comparators)",,,,,,,,,,,,,,,,,,,,,,,,,,,,9990000,96,10,1000,32,100,100,32,,exact_scan_no_ann,fp32,76.62,130388.3,{},904.345,906.626,913.854,904.702,923.189,1.1,980,20,1.0,{},,l3d_dense.py,engine,container:927dbd968242 (host unknown),dbbench:dense,0.1.9,unknown (PackageNotFoundError),,,,,,,,,,,,,,,,,,,,,,,,,,,,,,,,,,,,,,,,,,,,,,,,,,,,,,,,,,,,,,,,,,,,,,,,,,,,,,,,,,,,,,,,,,,,,,,,,,,,,,,,,,,,,,,,,,,,,,,,,,,,,,,,,,,,,,,,,,,,,,,,,,,,,,,,,,,,,,,,,,,,,,,,,,,,,,,,,,,,,,,,,
l3d_sqlite_vec_dense_search_deep10m_r5,b7c6c800d,l3d,sqlite_vec_dense,search,deep10m,5,paper,0-11,embedded,36g,2026-08-30T08:08:38+00:00,,,,,,,,,0.1,3894.7,did not converge,0,False,,0.016,0.1.9,,,,,,,,,,,,,,,,,,,,,0.0,,,,,3894.7,3894.6,,,,,,,,,,7707.7,3688.9,28.8,0.0,3894.6,0.0,8758.6,3894.6,982696517,7707.7,3688.9,0.0,3688.9,8758.6,0.0,28.8,982696517,20260830T075149Z,runs_page_b7c6c800d.jsonl,"comparator row, unaffected by the ArcadeDB re-pin b7c6c800d -> 8d6af9475 (DECISIONS #42: re-measure ArcadeDB arms, carry comparators)",,,,,,,,,,,,,,,,,,,,,,,,,,,,9990000,96,10,1000,32,100,100,32,,exact_scan_no_ann,fp32,70.9,140912.3,{},934.13,938.071,944.667,934.608,954.747,1.1,980,20,1.0,{},,l3d_dense.py,engine,container:e4953966cde4 (host unknown),dbbench:dense,0.1.9,unknown (PackageNotFoundError),,,,,,,,,,,,,,,,,,,,,,,,,,,,,,,,,,,,,,,,,,,,,,,,,,,,,,,,,,,,,,,,,,,,,,,,,,,,,,,,,,,,,,,,,,,,,,,,,,,,,,,,,,,,,,,,,,,,,,,,,,,,,,,,,,,,,,,,,,,,,,,,,,,,,,,,,,,,,,,,,,,,,,,,,,,,,,,,,,,,,,,,,
l3d_sqlite_vec_dense_int8_search_deep10m_r1,8d6af9475,l3d,sqlite_vec_dense_int8,search,deep10m,1,paper,0-11,embedded,36g,2026-08-31T22:17:45+00:00,,,,,,,,,0.1,1150.8,did not converge,0,False,,0.019,0.1.9,,,,,,,,,,,,,,,,,,,,,0.0,,,,,1150.8,1150.7,,,,,,,,,,4883.2,3837.9,3687.1,0.0,1150.7,0.0,2698.7,1150.7,724858673,4883.2,3837.9,0.0,3837.9,2698.7,0.0,3687.1,724858673,20260831T152522Z,,,,,,,,,,,,,,,,,,,,,,,,,,,,,,9990000,96,10,1000,32,100,100,32,,exact_scan_no_ann,INT8,61.02,163710.8,{},678.726,684.94,689.048,678.326,699.207,1.5,980,20,0.92,{},,l3d_dense.py,engine,container:bc0754ea5071 (host unknown),dbbench:dense,0.1.9,unknown (PackageNotFoundError),,,,,,,,,,,,,,,,,,,,,,,,,,,,,,,,,,,,,,,,,,,,,,,,,,,,,,,,,,,,,,,,,,,,,,,,,,,,,,,,,,,,,,,,,,,,,,,,,,,,,,,,,,,,,,,,,,,,,,,,,,,,,,,,,,,,,,,,,,,,,,,,,,,,,,,,,,,,,,,,,,,,,,,,,,,,,,,,,,,,,,,,,
l3d_sqlite_vec_dense_int8_search_deep10m_r2,8d6af9475,l3d,sqlite_vec_dense_int8,search,deep10m,2,paper,0-11,embedded,36g,2026-08-31T17:41:39+00:00,,,,,,,,,0.1,1150.8,did not converge,0,False,,0.034,0.1.9,,,,,,,,,,,,,,,,,,,,,0.009,,,,,1150.8,1150.7,,,,,,,,,,4888.9,3689.0,3687.1,0.0,1156.8,12.2,2698.7,1156.8,735286664,4888.9,3689.0,0.0,3689.0,2698.7,12.2,3687.1,735286664,20260831T152522Z,,,,,,,,,,,,,,,,,,,,,,,,,,,,,,9990000,96,10,1000,32,100,100,32,,exact_scan_no_ann,INT8,67.14,148798.0,{},682.555,695.026,698.032,683.167,703.874,1.5,980,20,0.92,{},,l3d_dense.py,engine,container:e522f00743e6 (host unknown),dbbench:dense,0.1.9,unknown (PackageNotFoundError),,,,,,,,,,,,,,,,,,,,,,,,,,,,,,,,,,,,,,,,,,,,,,,,,,,,,,,,,,,,,,,,,,,,,,,,,,,,,,,,,,,,,,,,,,,,,,,,,,,,,,,,,,,,,,,,,,,,,,,,,,,,,,,,,,,,,,,,,,,,,,,,,,,,,,,,,,,,,,,,,,,,,,,,,,,,,,,,,,,,,,,,,
l3d_sqlite_vec_dense_int8_search_deep10m_r3,8d6af9475,l3d,sqlite_vec_dense_int8,search,deep10m,3,paper,0-11,embedded,36g,2026-08-31T19:48:10+00:00,,,,,,,,,0.1,1150.8,did not converge,0,False,,0.02,0.1.9,,,,,,,,,,,,,,,,,,,,,0.0,,,,,1150.8,1150.7,,,,,,,,,,4882.7,3740.7,3687.1,0.0,1150.7,0.0,2698.7,1150.7,734509912,4882.7,3740.7,0.0,3740.7,2698.7,0.0,3687.1,734509912,20260831T152522Z,,,,,,,,,,,,,,,,,,,,,,,,,,,,,,9990000,96,10,1000,32,100,100,32,,exact_scan_no_ann,INT8,65.48,152557.7,{},683.466,693.508,698.069,683.357,701.609,1.5,980,20,0.92,{},,l3d_dense.py,engine,container:2c03db4f2460 (host unknown),dbbench:dense,0.1.9,unknown (PackageNotFoundError),,,,,,,,,,,,,,,,,,,,,,,,,,,,,,,,,,,,,,,,,,,,,,,,,,,,,,,,,,,,,,,,,,,,,,,,,,,,,,,,,,,,,,,,,,,,,,,,,,,,,,,,,,,,,,,,,,,,,,,,,,,,,,,,,,,,,,,,,,,,,,,,,,,,,,,,,,,,,,,,,,,,,,,,,,,,,,,,,,,,,,,,,
l3d_sqlite_vec_dense_int8_search_deep10m_r4,8d6af9475,l3d,sqlite_vec_dense_int8,search,deep10m,4,paper,0-11,embedded,36g,2026-08-31T19:12:21+00:00,,,,,,,,,0.1,1150.8,did not converge,0,False,,0.021,0.1.9,,,,,,,,,,,,,,,,,,,,,0.0,,,,,1150.8,1150.7,,,,,,,,,,4883.1,3689.1,3688.0,0.0,1150.7,0.0,2698.7,1150.7,732480830,4883.1,3689.1,0.0,3689.1,2698.7,0.0,3688.0,732480830,20260831T152522Z,,,,,,,,,,,,,,,,,,,,,,,,,,,,,,9990000,96,10,1000,32,100,100,32,,exact_scan_no_ann,INT8,66.86,149411.0,{},680.108,688.882,692.011,680.694,700.372,1.5,980,20,0.92,{},,l3d_dense.py,engine,container:bb2d3d6f13fd (host unknown),dbbench:dense,0.1.9,unknown (PackageNotFoundError),,,,,,,,,,,,,,,,,,,,,,,,,,,,,,,,,,,,,,,,,,,,,,,,,,,,,,,,,,,,,,,,,,,,,,,,,,,,,,,,,,,,,,,,,,,,,,,,,,,,,,,,,,,,,,,,,,,,,,,,,,,,,,,,,,,,,,,,,,,,,,,,,,,,,,,,,,,,,,,,,,,,,,,,,,,,,,,,,,,,,,,,,
l3d_sqlite_vec_dense_int8_search_deep10m_r5,8d6af9475,l3d,sqlite_vec_dense_int8,search,deep10m,5,paper,0-11,embedded,36g,2026-08-31T16:28:01+00:00,,,,,,,,,0.1,1150.8,did not converge,0,False,,0.029,0.1.9,,,,,,,,,,,,,,,,,,,,,0.0,,,,,1150.8,1150.7,,,,,,,,,,4882.9,3848.7,3687.1,0.0,1150.7,0.0,2698.7,1150.7,731393926,4882.9,3848.7,0.0,3848.7,2698.7,0.0,3687.1,731393926,20260831T152522Z,,,,,,,,,,,,,,,,,,,,,,,,,,,,,,9990000,96,10,1000,32,100,100,32,,exact_scan_no_ann,INT8,64.5,154886.3,{},681.134,690.496,693.683,681.827,697.698,1.5,980,20,0.92,{},,l3d_dense.py,engine,container:00a3f5177b2c (host unknown),dbbench:dense,0.1.9,unknown (PackageNotFoundError),,,,,,,,,,,,,,,,,,,,,,,,,,,,,,,,,,,,,,,,,,,,,,,,,,,,,,,,,,,,,,,,,,,,,,,,,,,,,,,,,,,,,,,,,,,,,,,,,,,,,,,,,,,,,,,,,,,,,,,,,,,,,,,,,,,,,,,,,,,,,,,,,,,,,,,,,,,,,,,,,,,,,,,,,,,,,,,,,,,,,,,,,
l3d_arcadedb_dense_embedded_search_small_r1,8d6af9475,l3d,arcadedb_dense_embedded,search,small,1,paper,0-11,embedded,16g,2026-09-03T14:19:01+00:00,,,,,,,,,0.2,821.7,did not converge,0,False,,0.368,26.9.1.dev0,,,,,,,,,,,,,,,,,,,,,0.057,,,,,821.7,821.5,,,,,,,,,,8343.4,7476.2,4354.4,0.0,822.1,0.0,1645.5,821.7,1526326524,8343.4,7476.2,0.0,7476.2,1645.5,0.0,4354.4,1526326524,20260903T125858Z,,,,,,,,,,,,,,,,,,,,,,,,,,,l3d_arcadedb_dense_embedded_search_small_r1.clientlog,,,1000000,128,10,1000,32,100,100,32,32,arcadedb_maxconnections_per_layer,fp32,165.99,6024.5,"{'vectorCacheHits': 0, 'unverifiedGraphReuses': 0, 'estimatedRebuildWork': 100000000, 'compactedPages': 0, 'closeTimeRebuildPending': 0, 'graphNodeCount': 1000000, 'stalePrefixGraphReuses': 0, 'asyncRebuildInProgress': 0, 'deltaVectorsCount': 1, 'rebuildSnapshotGeneration': 1, 'groupedSearchesMergingDelta': 0, 'deltaScanBudget': 9223372036854775807, 'searchOperations': 0, 'liveVectorCacheSize': 0, 'compactionCount': 0, 'beamWidth': 100, 'groupedSearchesGroupsUnavailable': 0, 'vectorFetchFromQuantized': 0, 'deltaScanWorkTarget': 100000000, 'estimatedLocationIndexBytes': 29358796, 'totalVectors': 1000000, 'graphRebuildCount': 1, 'estimatedOrdinalMapBytes': 4000000, 'maxConnections': 32, 'mutablePages': 38, 'preFilterSearches': 0, 'rebuildsDeferredForMemory': 0, 'groupedSearchesShortOfLimit': 0, 'bruteForceScans': 0, 'avgInsertLatencyMs': 0, 'mutationsSinceRebuild': 0, 'vectorFetchFromDocuments': 0, 'searchVectorCacheCapacity': 0, 'deltaScanWorkSinceRebuild': 0, 'deletedVectors': 0, 'avgSearchLatencyMs': 0, 'pooledGraphSearchers': 0, 'graphState': 1, 'mutationsThreshold': 100, 'effectiveMutationsThreshold': 50000, 'persistedGraphNodeCount': 1000000, 'graphBuildParallelism': 11, 'insertOperations': 2000000, 'graphWalkVisitedAvg': 0, 'vectorCacheMisses': 0, 'vectorFetchFromGraph': 0, 'activeVectors': 1000000, 'dimensions': 128}",2.046,3.783,4.526,2.24,5.22,445.6,980,20,0.9888,"{'vectorCacheHits': 1526893, 'unverifiedGraphReuses': 0, 'estimatedRebuildWork': 100000000, 'compactedPages': 0, 'closeTimeRebuildPending': 0, 'graphNodeCount': 1000000, 'stalePrefixGraphReuses': 0, 'asyncRebuildInProgress': 0, 'deltaVectorsCount': 1, 'rebuildSnapshotGeneration': 1, 'groupedSearchesMergingDelta': 0, 'deltaScanBudget': 1979, 'searchOperations': 1000, 'liveVectorCacheSize': 0, 'compactionCount': 0, 'beamWidth': 100, 'groupedSearchesGroupsUnavailable': 0, 'vectorFetchFromQuantized': 0, 'deltaScanWorkTarget': 100000000, 'estimatedLocationIndexBytes': 29358796, 'totalVectors': 1000000, 'graphRebuildCount': 1, 'estimatedOrdinalMapBytes': 4000000, 'maxConnections': 32, 'mutablePages': 38, 'preFilterSearches': 0, 'rebuildsDeferredForMemory': 0, 'groupedSearchesShortOfLimit': 0, 'bruteForceScans': 0, 'avgInsertLatencyMs': 0, 'mutationsSinceRebuild': 0, 'vectorFetchFromDocuments': 762783, 'searchVectorCacheCapacity': 1048576, 'deltaScanWorkSinceRebuild': 1000, 'deletedVectors': 0, 'avgSearchLatencyMs': 2, 'pooledGraphSearchers': 1, 'graphState': 1, 'mutationsThreshold': 100, 'effectiveMutationsThreshold': 50000, 'persistedGraphNodeCount': 1000000, 'graphBuildParallelism': 11, 'insertOperations': 2000000, 'graphWalkVisitedAvg': 1979, 'vectorCacheMisses': 762783, 'vectorFetchFromGraph': 0, 'activeVectors': 1000000, 'dimensions': 128}",8g,l3d_dense.py,engine,container:d654eb18400d (host unknown),dbbench:arcadedb,26.9.1.dev0,26.9.1.dev0,,,,,,,,,,,,,,,,,,,,,,,,,,,,,,,,,,,,,,,,,,,,,,,,,,,,,,,,,,,,,,,,,,,,,,,,,,1000000,,,,,,,,,,,,,,,,,,,,,,,0,0,engine auto: whole corpus when it fits graphBuildCacheMaxHeapPercent (default 25) of AVAILABLE heap,25,,,,,,,,,,,,,,,,,,,,,,,,,,,,,,,,,,,,,,,,,,,,,,,,,,,,,,,,,,,,,,,,,,,,,,,,,,,,,,,,,,,,,
l3d_arcadedb_dense_embedded_search_small_r2,8d6af9475,l3d,arcadedb_dense_embedded,search,small,2,paper,0-11,embedded,16g,2026-09-03T13:55:14+00:00,,,,,,,,,0.2,821.7,did not converge,0,False,,0.408,26.9.1.dev0,,,,,,,,,,,,,,,,,,,,,0.052,,,,,821.7,821.5,,,,,,,,,,8376.6,7502.9,1969.4,0.0,828.7,0.0,1659.0,821.7,1520030654,8376.6,7502.9,0.0,7502.9,1659.0,0.0,1969.4,1520030654,20260903T125858Z,,,,,,,,,,,,,,,,,,,,,,,,,,,l3d_arcadedb_dense_embedded_search_small_r2.clientlog,,,1000000,128,10,1000,32,100,100,32,32,arcadedb_maxconnections_per_layer,fp32,168.12,5948.1,"{'vectorCacheHits': 0, 'unverifiedGraphReuses': 0, 'estimatedRebuildWork': 100000000, 'compactedPages': 0, 'closeTimeRebuildPending': 0, 'graphNodeCount': 1000000, 'stalePrefixGraphReuses': 0, 'asyncRebuildInProgress': 0, 'deltaVectorsCount': 1, 'rebuildSnapshotGeneration': 1, 'groupedSearchesMergingDelta': 0, 'deltaScanBudget': 9223372036854775807, 'searchOperations': 0, 'liveVectorCacheSize': 0, 'compactionCount': 0, 'beamWidth': 100, 'groupedSearchesGroupsUnavailable': 0, 'vectorFetchFromQuantized': 0, 'deltaScanWorkTarget': 100000000, 'estimatedLocationIndexBytes': 29358796, 'totalVectors': 1000000, 'graphRebuildCount': 1, 'estimatedOrdinalMapBytes': 4000000, 'maxConnections': 32, 'mutablePages': 38, 'preFilterSearches': 0, 'rebuildsDeferredForMemory': 0, 'groupedSearchesShortOfLimit': 0, 'bruteForceScans': 0, 'avgInsertLatencyMs': 0, 'mutationsSinceRebuild': 0, 'vectorFetchFromDocuments': 0, 'searchVectorCacheCapacity': 0, 'deltaScanWorkSinceRebuild': 0, 'deletedVectors': 0, 'avgSearchLatencyMs': 0, 'pooledGraphSearchers': 0, 'graphState': 1, 'mutationsThreshold': 100, 'effectiveMutationsThreshold': 50000, 'persistedGraphNodeCount': 1000000, 'graphBuildParallelism': 11, 'insertOperations': 2000000, 'graphWalkVisitedAvg': 0, 'vectorCacheMisses': 0, 'vectorFetchFromGraph': 0, 'activeVectors': 1000000, 'dimensions': 128}",2.154,3.959,4.731,2.335,5.313,427.5,980,20,0.9886,"{'vectorCacheHits': 1519772, 'unverifiedGraphReuses': 0, 'estimatedRebuildWork': 100000000, 'compactedPages': 0, 'closeTimeRebuildPending': 0, 'graphNodeCount': 1000000, 'stalePrefixGraphReuses': 0, 'asyncRebuildInProgress': 0, 'deltaVectorsCount': 1, 'rebuildSnapshotGeneration': 1, 'groupedSearchesMergingDelta': 0, 'deltaScanBudget': 1963, 'searchOperations': 1000, 'liveVectorCacheSize': 0, 'compactionCount': 0, 'beamWidth': 100, 'groupedSearchesGroupsUnavailable': 0, 'vectorFetchFromQuantized': 0, 'deltaScanWorkTarget': 100000000, 'estimatedLocationIndexBytes': 29358796, 'totalVectors': 1000000, 'graphRebuildCount': 1, 'estimatedOrdinalMapBytes': 4000000, 'maxConnections': 32, 'mutablePages': 38, 'preFilterSearches': 0, 'rebuildsDeferredForMemory': 0, 'groupedSearchesShortOfLimit': 0, 'bruteForceScans': 0, 'avgInsertLatencyMs': 0, 'mutationsSinceRebuild': 0, 'vectorFetchFromDocuments': 762637, 'searchVectorCacheCapacity': 1048576, 'deltaScanWorkSinceRebuild': 1000, 'deletedVectors': 0, 'avgSearchLatencyMs': 2, 'pooledGraphSearchers': 1, 'graphState': 1, 'mutationsThreshold': 100, 'effectiveMutationsThreshold': 50000, 'persistedGraphNodeCount': 1000000, 'graphBuildParallelism': 11, 'insertOperations': 2000000, 'graphWalkVisitedAvg': 1963, 'vectorCacheMisses': 762637, 'vectorFetchFromGraph': 0, 'activeVectors': 1000000, 'dimensions': 128}",8g,l3d_dense.py,engine,container:5957e0e88955 (host unknown),dbbench:arcadedb,26.9.1.dev0,26.9.1.dev0,,,,,,,,,,,,,,,,,,,,,,,,,,,,,,,,,,,,,,,,,,,,,,,,,,,,,,,,,,,,,,,,,,,,,,,,,,1000000,,,,,,,,,,,,,,,,,,,,,,,0,0,engine auto: whole corpus when it fits graphBuildCacheMaxHeapPercent (default 25) of AVAILABLE heap,25,,,,,,,,,,,,,,,,,,,,,,,,,,,,,,,,,,,,,,,,,,,,,,,,,,,,,,,,,,,,,,,,,,,,,,,,,,,,,,,,,,,,,
l3d_arcadedb_dense_embedded_search_small_r3,8d6af9475,l3d,arcadedb_dense_embedded,search,small,3,paper,0-11,embedded,16g,2026-09-03T14:02:18+00:00,,,,,,,,,0.2,821.7,did not converge,0,False,,0.387,26.9.1.dev0,,,,,,,,,,,,,,,,,,,,,0.068,,,,,821.7,821.5,,,,,,,,,,8442.4,7539.6,1403.0,0.0,856.2,0.0,1713.6,821.7,1562869949,8442.4,7539.6,0.0,7539.6,1713.6,0.0,1403.0,1562869949,20260903T125858Z,,,,,,,,,,,,,,,,,,,,,,,,,,,l3d_arcadedb_dense_embedded_search_small_r3.clientlog,,,1000000,128,10,1000,32,100,100,32,32,arcadedb_maxconnections_per_layer,fp32,170.47,5866.1,"{'vectorCacheHits': 0, 'unverifiedGraphReuses': 0, 'estimatedRebuildWork': 100000000, 'compactedPages': 0, 'closeTimeRebuildPending': 0, 'graphNodeCount': 1000000, 'stalePrefixGraphReuses': 0, 'asyncRebuildInProgress': 0, 'deltaVectorsCount': 1, 'rebuildSnapshotGeneration': 1, 'groupedSearchesMergingDelta': 0, 'deltaScanBudget': 9223372036854775807, 'searchOperations': 0, 'liveVectorCacheSize': 0, 'compactionCount': 0, 'beamWidth': 100, 'groupedSearchesGroupsUnavailable': 0, 'vectorFetchFromQuantized': 0, 'deltaScanWorkTarget': 100000000, 'estimatedLocationIndexBytes': 29358796, 'totalVectors': 1000000, 'graphRebuildCount': 1, 'estimatedOrdinalMapBytes': 4000000, 'maxConnections': 32, 'mutablePages': 38, 'preFilterSearches': 0, 'rebuildsDeferredForMemory': 0, 'groupedSearchesShortOfLimit': 0, 'bruteForceScans': 0, 'avgInsertLatencyMs': 0, 'mutationsSinceRebuild': 0, 'vectorFetchFromDocuments': 0, 'searchVectorCacheCapacity': 0, 'deltaScanWorkSinceRebuild': 0, 'deletedVectors': 0, 'avgSearchLatencyMs': 0, 'pooledGraphSearchers': 0, 'graphState': 1, 'mutationsThreshold': 100, 'effectiveMutationsThreshold': 50000, 'persistedGraphNodeCount': 1000000, 'graphBuildParallelism': 11, 'insertOperations': 2000000, 'graphWalkVisitedAvg': 0, 'vectorCacheMisses': 0, 'vectorFetchFromGraph': 0, 'activeVectors': 1000000, 'dimensions': 128}",2.137,4.01,4.923,2.365,5.879,422.1,980,20,0.9887,"{'vectorCacheHits': 1521492, 'unverifiedGraphReuses': 0, 'estimatedRebuildWork': 100000000, 'compactedPages': 0, 'closeTimeRebuildPending': 0, 'graphNodeCount': 1000000, 'stalePrefixGraphReuses': 0, 'asyncRebuildInProgress': 0, 'deltaVectorsCount': 1, 'rebuildSnapshotGeneration': 1, 'groupedSearchesMergingDelta': 0, 'deltaScanBudget': 1982, 'searchOperations': 1000, 'liveVectorCacheSize': 0, 'compactionCount': 0, 'beamWidth': 100, 'groupedSearchesGroupsUnavailable': 0, 'vectorFetchFromQuantized': 0, 'deltaScanWorkTarget': 100000000, 'estimatedLocationIndexBytes': 29358796, 'totalVectors': 1000000, 'graphRebuildCount': 1, 'estimatedOrdinalMapBytes': 4000000, 'maxConnections': 32, 'mutablePages': 38, 'preFilterSearches': 0, 'rebuildsDeferredForMemory': 0, 'groupedSearchesShortOfLimit': 0, 'bruteForceScans': 0, 'avgInsertLatencyMs': 0, 'mutationsSinceRebuild': 0, 'vectorFetchFromDocuments': 763135, 'searchVectorCacheCapacity': 1048576, 'deltaScanWorkSinceRebuild': 1000, 'deletedVectors': 0, 'avgSearchLatencyMs': 2, 'pooledGraphSearchers': 1, 'graphState': 1, 'mutationsThreshold': 100, 'effectiveMutationsThreshold': 50000, 'persistedGraphNodeCount': 1000000, 'graphBuildParallelism': 11, 'insertOperations': 2000000, 'graphWalkVisitedAvg': 1982, 'vectorCacheMisses': 763135, 'vectorFetchFromGraph': 0, 'activeVectors': 1000000, 'dimensions': 128}",8g,l3d_dense.py,engine,container:419932f15a5c (host unknown),dbbench:arcadedb,26.9.1.dev0,26.9.1.dev0,,,,,,,,,,,,,,,,,,,,,,,,,,,,,,,,,,,,,,,,,,,,,,,,,,,,,,,,,,,,,,,,,,,,,,,,,,1000000,,,,,,,,,,,,,,,,,,,,,,,0,0,engine auto: whole corpus when it fits graphBuildCacheMaxHeapPercent (default 25) of AVAILABLE heap,25,,,,,,,,,,,,,,,,,,,,,,,,,,,,,,,,,,,,,,,,,,,,,,,,,,,,,,,,,,,,,,,,,,,,,,,,,,,,,,,,,,,,,
l3d_arcadedb_dense_embedded_search_small_r4,8d6af9475,l3d,arcadedb_dense_embedded,search,small,4,paper,0-11,embedded,16g,2026-09-03T14:21:51+00:00,,,,,,,,,0.1,821.7,did not converge,0,False,,0.378,26.9.1.dev0,,,,,,,,,,,,,,,,,,,,,0.059,,,,,821.7,821.6,,,,,,,,,,8379.6,7498.8,604.3,0.0,835.6,0.0,1672.5,821.7,1506851284,8379.6,7498.8,0.0,7498.8,1672.5,0.0,604.3,1506851284,20260903T125858Z,,,,,,,,,,,,,,,,,,,,,,,,,,,l3d_arcadedb_dense_embedded_search_small_r4.clientlog,,,1000000,128,10,1000,32,100,100,32,32,arcadedb_maxconnections_per_layer,fp32,166.25,6015.1,"{'vectorCacheHits': 0, 'unverifiedGraphReuses': 0, 'estimatedRebuildWork': 100000000, 'compactedPages': 0, 'closeTimeRebuildPending': 0, 'graphNodeCount': 1000000, 'stalePrefixGraphReuses': 0, 'asyncRebuildInProgress': 0, 'deltaVectorsCount': 1, 'rebuildSnapshotGeneration': 1, 'groupedSearchesMergingDelta': 0, 'deltaScanBudget': 9223372036854775807, 'searchOperations': 0, 'liveVectorCacheSize': 0, 'compactionCount': 0, 'beamWidth': 100, 'groupedSearchesGroupsUnavailable': 0, 'vectorFetchFromQuantized': 0, 'deltaScanWorkTarget': 100000000, 'estimatedLocationIndexBytes': 29358796, 'totalVectors': 1000000, 'graphRebuildCount': 1, 'estimatedOrdinalMapBytes': 4000000, 'maxConnections': 32, 'mutablePages': 38, 'preFilterSearches': 0, 'rebuildsDeferredForMemory': 0, 'groupedSearchesShortOfLimit': 0, 'bruteForceScans': 0, 'avgInsertLatencyMs': 0, 'mutationsSinceRebuild': 0, 'vectorFetchFromDocuments': 0, 'searchVectorCacheCapacity': 0, 'deltaScanWorkSinceRebuild': 0, 'deletedVectors': 0, 'avgSearchLatencyMs': 0, 'pooledGraphSearchers': 0, 'graphState': 1, 'mutationsThreshold': 100, 'effectiveMutationsThreshold': 50000, 'persistedGraphNodeCount': 1000000, 'graphBuildParallelism': 11, 'insertOperations': 2000000, 'graphWalkVisitedAvg': 0, 'vectorCacheMisses': 0, 'vectorFetchFromGraph': 0, 'activeVectors': 1000000, 'dimensions': 128}",2.052,3.796,4.44,2.303,77.683,433.3,980,20,0.9883,"{'vectorCacheHits': 1524710, 'unverifiedGraphReuses': 0, 'estimatedRebuildWork': 100000000, 'compactedPages': 0, 'closeTimeRebuildPending': 0, 'graphNodeCount': 1000000, 'stalePrefixGraphReuses': 0, 'asyncRebuildInProgress': 0, 'deltaVectorsCount': 1, 'rebuildSnapshotGeneration': 1, 'groupedSearchesMergingDelta': 0, 'deltaScanBudget': 1980, 'searchOperations': 1000, 'liveVectorCacheSize': 0, 'compactionCount': 0, 'beamWidth': 100, 'groupedSearchesGroupsUnavailable': 0, 'vectorFetchFromQuantized': 0, 'deltaScanWorkTarget': 100000000, 'estimatedLocationIndexBytes': 29358796, 'totalVectors': 1000000, 'graphRebuildCount': 1, 'estimatedOrdinalMapBytes': 4000000, 'maxConnections': 32, 'mutablePages': 38, 'preFilterSearches': 0, 'rebuildsDeferredForMemory': 0, 'groupedSearchesShortOfLimit': 0, 'bruteForceScans': 0, 'avgInsertLatencyMs': 0, 'mutationsSinceRebuild': 0, 'vectorFetchFromDocuments': 762286, 'searchVectorCacheCapacity': 1048576, 'deltaScanWorkSinceRebuild': 1000, 'deletedVectors': 0, 'avgSearchLatencyMs': 2, 'pooledGraphSearchers': 1, 'graphState': 1, 'mutationsThreshold': 100, 'effectiveMutationsThreshold': 50000, 'persistedGraphNodeCount': 1000000, 'graphBuildParallelism': 11, 'insertOperations': 2000000, 'graphWalkVisitedAvg': 1980, 'vectorCacheMisses': 762286, 'vectorFetchFromGraph': 0, 'activeVectors': 1000000, 'dimensions': 128}",8g,l3d_dense.py,engine,container:018b8e5925d9 (host unknown),dbbench:arcadedb,26.9.1.dev0,26.9.1.dev0,,,,,,,,,,,,,,,,,,,,,,,,,,,,,,,,,,,,,,,,,,,,,,,,,,,,,,,,,,,,,,,,,,,,,,,,,,1000000,,,,,,,,,,,,,,,,,,,,,,,0,0,engine auto: whole corpus when it fits graphBuildCacheMaxHeapPercent (default 25) of AVAILABLE heap,25,,,,,,,,,,,,,,,,,,,,,,,,,,,,,,,,,,,,,,,,,,,,,,,,,,,,,,,,,,,,,,,,,,,,,,,,,,,,,,,,,,,,,
l3d_arcadedb_dense_embedded_search_small_r5,8d6af9475,l3d,arcadedb_dense_embedded,search,small,5,paper,0-11,embedded,16g,2026-09-03T13:15:12+00:00,,,,,,,,,0.1,821.7,did not converge,0,False,,0.387,26.9.1.dev0,,,,,,,,,,,,,,,,,,,,,0.065,,,,,821.7,821.6,,,,,,,,,,8711.7,7816.2,2660.9,0.0,849.4,0.0,1699.9,821.7,1448054549,8711.7,7816.2,0.0,7816.2,1699.9,0.0,2660.9,1448054549,20260903T125858Z,,,,,,,,,,,,,,,,,,,,,,,,,,,l3d_arcadedb_dense_embedded_search_small_r5.clientlog,,,1000000,128,10,1000,32,100,100,32,32,arcadedb_maxconnections_per_layer,fp32,159.3,6277.5,"{'vectorCacheHits': 0, 'unverifiedGraphReuses': 0, 'estimatedRebuildWork': 100000000, 'compactedPages': 0, 'closeTimeRebuildPending': 0, 'graphNodeCount': 1000000, 'stalePrefixGraphReuses': 0, 'asyncRebuildInProgress': 0, 'deltaVectorsCount': 2, 'rebuildSnapshotGeneration': 1, 'groupedSearchesMergingDelta': 0, 'deltaScanBudget': 9223372036854775807, 'searchOperations': 0, 'liveVectorCacheSize': 0, 'compactionCount': 0, 'beamWidth': 100, 'groupedSearchesGroupsUnavailable': 0, 'vectorFetchFromQuantized': 0, 'deltaScanWorkTarget': 100000000, 'estimatedLocationIndexBytes': 29358796, 'totalVectors': 1000000, 'graphRebuildCount': 1, 'estimatedOrdinalMapBytes': 4000000, 'maxConnections': 32, 'mutablePages': 38, 'preFilterSearches': 0, 'rebuildsDeferredForMemory': 0, 'groupedSearchesShortOfLimit': 0, 'bruteForceScans': 0, 'avgInsertLatencyMs': 0, 'mutationsSinceRebuild': 0, 'vectorFetchFromDocuments': 0, 'searchVectorCacheCapacity': 0, 'deltaScanWorkSinceRebuild': 0, 'deletedVectors': 0, 'avgSearchLatencyMs': 0, 'pooledGraphSearchers': 0, 'graphState': 1, 'mutationsThreshold': 100, 'effectiveMutationsThreshold': 50000, 'persistedGraphNodeCount': 1000000, 'graphBuildParallelism': 11, 'insertOperations': 2000000, 'graphWalkVisitedAvg': 0, 'vectorCacheMisses': 0, 'vectorFetchFromGraph': 0, 'activeVectors': 1000000, 'dimensions': 128}",2.046,3.852,4.533,2.264,5.081,440.9,980,20,0.988,"{'vectorCacheHits': 1525783, 'unverifiedGraphReuses': 0, 'estimatedRebuildWork': 100000000, 'compactedPages': 0, 'closeTimeRebuildPending': 0, 'graphNodeCount': 1000000, 'stalePrefixGraphReuses': 0, 'asyncRebuildInProgress': 0, 'deltaVectorsCount': 2, 'rebuildSnapshotGeneration': 1, 'groupedSearchesMergingDelta': 0, 'deltaScanBudget': 2000, 'searchOperations': 1000, 'liveVectorCacheSize': 0, 'compactionCount': 0, 'beamWidth': 100, 'groupedSearchesGroupsUnavailable': 0, 'vectorFetchFromQuantized': 0, 'deltaScanWorkTarget': 100000000, 'estimatedLocationIndexBytes': 29358796, 'totalVectors': 1000000, 'graphRebuildCount': 1, 'estimatedOrdinalMapBytes': 4000000, 'maxConnections': 32, 'mutablePages': 38, 'preFilterSearches': 0, 'rebuildsDeferredForMemory': 0, 'groupedSearchesShortOfLimit': 0, 'bruteForceScans': 0, 'avgInsertLatencyMs': 0, 'mutationsSinceRebuild': 0, 'vectorFetchFromDocuments': 763046, 'searchVectorCacheCapacity': 1048576, 'deltaScanWorkSinceRebuild': 2000, 'deletedVectors': 0, 'avgSearchLatencyMs': 2, 'pooledGraphSearchers': 1, 'graphState': 1, 'mutationsThreshold': 100, 'effectiveMutationsThreshold': 50000, 'persistedGraphNodeCount': 1000000, 'graphBuildParallelism': 11, 'insertOperations': 2000000, 'graphWalkVisitedAvg': 2000, 'vectorCacheMisses': 763046, 'vectorFetchFromGraph': 0, 'activeVectors': 1000000, 'dimensions': 128}",8g,l3d_dense.py,engine,container:066ef9a8bacb (host unknown),dbbench:arcadedb,26.9.1.dev0,26.9.1.dev0,,,,,,,,,,,,,,,,,,,,,,,,,,,,,,,,,,,,,,,,,,,,,,,,,,,,,,,,,,,,,,,,,,,,,,,,,,1000000,,,,,,,,,,,,,,,,,,,,,,,0,0,engine auto: whole corpus when it fits graphBuildCacheMaxHeapPercent (default 25) of AVAILABLE heap,25,,,,,,,,,,,,,,,,,,,,,,,,,,,,,,,,,,,,,,,,,,,,,,,,,,,,,,,,,,,,,,,,,,,,,,,,,,,,,,,,,,,,,
l3d_arcadedb_dense_embedded_int8_search_small_r1,8d6af9475,l3d,arcadedb_dense_embedded_int8,search,small,1,paper,0-11,embedded,16g,2026-09-03T13:52:21+00:00,,,,,,,,,0.2,955.5,did not converge,0,False,,0.387,26.9.1.dev0,,,,,,,,,,,,,,,,,,,,,0.051,,,,,955.5,955.3,,,,,,,,,,9479.8,8446.5,382.8,0.0,974.3,0.0,1950.2,955.5,2328775611,9479.8,8446.5,0.0,8446.5,1950.2,0.0,382.8,2328775611,20260903T125858Z,,,,,,,,,,,,,,,,,,,,,,,,,,,l3d_arcadedb_dense_embedded_int8_search_small_r1.clientlog,,,1000000,128,10,1000,32,100,100,32,32,arcadedb_maxconnections_per_layer,INT8,243.84,4101.0,"{'vectorCacheHits': 0, 'unverifiedGraphReuses': 0, 'estimatedRebuildWork': 100000000, 'compactedPages': 0, 'closeTimeRebuildPending': 0, 'graphNodeCount': 1000000, 'stalePrefixGraphReuses': 0, 'asyncRebuildInProgress': 0, 'deltaVectorsCount': 0, 'rebuildSnapshotGeneration': 1, 'groupedSearchesMergingDelta': 0, 'deltaScanBudget': 9223372036854775807, 'searchOperations': 0, 'liveVectorCacheSize': 0, 'compactionCount': 0, 'beamWidth': 100, 'groupedSearchesGroupsUnavailable': 0, 'vectorFetchFromQuantized': 1356792753, 'deltaScanWorkTarget': 100000000, 'estimatedLocationIndexBytes': 29358796, 'totalVectors': 1000000, 'graphRebuildCount': 1, 'estimatedOrdinalMapBytes': 4000000, 'maxConnections': 32, 'mutablePages': 573, 'preFilterSearches': 0, 'rebuildsDeferredForMemory': 0, 'groupedSearchesShortOfLimit': 0, 'bruteForceScans': 0, 'avgInsertLatencyMs': 0, 'mutationsSinceRebuild': 0, 'vectorFetchFromDocuments': 0, 'searchVectorCacheCapacity': 0, 'deltaScanWorkSinceRebuild': 0, 'deletedVectors': 0, 'avgSearchLatencyMs': 0, 'pooledGraphSearchers': 0, 'graphState': 1, 'mutationsThreshold': 100, 'effectiveMutationsThreshold': 50000, 'persistedGraphNodeCount': 1000000, 'graphBuildParallelism': 11, 'insertOperations': 2000000, 'graphWalkVisitedAvg': 0, 'vectorCacheMisses': 0, 'vectorFetchFromGraph': 0, 'activeVectors': 1000000, 'dimensions': 128}",1.497,2.168,2.455,1.53,2.71,651.8,980,20,0.9829,"{'vectorCacheHits': 1525878, 'unverifiedGraphReuses': 0, 'estimatedRebuildWork': 100000000, 'compactedPages': 0, 'closeTimeRebuildPending': 0, 'graphNodeCount': 1000000, 'stalePrefixGraphReuses': 0, 'asyncRebuildInProgress': 0, 'deltaVectorsCount': 0, 'rebuildSnapshotGeneration': 1, 'groupedSearchesMergingDelta': 0, 'deltaScanBudget': 1988, 'searchOperations': 1000, 'liveVectorCacheSize': 0, 'compactionCount': 0, 'beamWidth': 100, 'groupedSearchesGroupsUnavailable': 0, 'vectorFetchFromQuantized': 1357555138, 'deltaScanWorkTarget': 100000000, 'estimatedLocationIndexBytes': 29358796, 'totalVectors': 1000000, 'graphRebuildCount': 1, 'estimatedOrdinalMapBytes': 4000000, 'maxConnections': 32, 'mutablePages': 573, 'preFilterSearches': 0, 'rebuildsDeferredForMemory': 0, 'groupedSearchesShortOfLimit': 0, 'bruteForceScans': 0, 'avgInsertLatencyMs': 0, 'mutationsSinceRebuild': 0, 'vectorFetchFromDocuments': 0, 'searchVectorCacheCapacity': 1048576, 'deltaScanWorkSinceRebuild': 0, 'deletedVectors': 0, 'avgSearchLatencyMs': 1, 'pooledGraphSearchers': 1, 'graphState': 1, 'mutationsThreshold': 100, 'effectiveMutationsThreshold': 50000, 'persistedGraphNodeCount': 1000000, 'graphBuildParallelism': 11, 'insertOperations': 2000000, 'graphWalkVisitedAvg': 1988, 'vectorCacheMisses': 762385, 'vectorFetchFromGraph': 0, 'activeVectors': 1000000, 'dimensions': 128}",8g,l3d_dense.py,engine,container:4ceff83630d9 (host unknown),dbbench:arcadedb,26.9.1.dev0,26.9.1.dev0,,,,,,,,,,,,,,,,,,,,,,,,,,,,,,,,,,,,,,,,,,,,,,,,,,,,,,,,,,,,,,,,,,,,,,,,,,100000,,,,,,,,,,,,,,,,,,,,,,,0,0,engine auto: whole corpus when it fits graphBuildCacheMaxHeapPercent (default 25) of AVAILABLE heap,25,,,,,,,,,,,,,,,,,,,,,,,,,,,,,,,,,,,,,,,,,,,,,,,,,,,,,,,,,,,,,,,,,,,,,,,,,,,,,,,,,,,,,
l3d_arcadedb_dense_embedded_int8_search_small_r2,8d6af9475,l3d,arcadedb_dense_embedded_int8,search,small,2,paper,0-11,embedded,16g,2026-09-03T13:59:23+00:00,,,,,,,,,0.1,955.5,did not converge,0,False,,0.402,26.9.1.dev0,,,,,,,,,,,,,,,,,,,,,0.068,,,,,955.5,955.4,,,,,,,,,,9514.8,8453.8,4167.4,0.0,1009.2,0.0,2019.9,955.5,2367951062,9514.8,8453.8,0.0,8453.8,2019.9,0.0,4167.4,2367951062,20260903T125858Z,,,,,,,,,,,,,,,,,,,,,,,,,,,l3d_arcadedb_dense_embedded_int8_search_small_r2.clientlog,,,1000000,128,10,1000,32,100,100,32,32,arcadedb_maxconnections_per_layer,INT8,246.19,4061.8,"{'vectorCacheHits': 0, 'unverifiedGraphReuses': 0, 'estimatedRebuildWork': 100000000, 'compactedPages': 0, 'closeTimeRebuildPending': 0, 'graphNodeCount': 1000000, 'stalePrefixGraphReuses': 0, 'asyncRebuildInProgress': 0, 'deltaVectorsCount': 1, 'rebuildSnapshotGeneration': 1, 'groupedSearchesMergingDelta': 0, 'deltaScanBudget': 9223372036854775807, 'searchOperations': 0, 'liveVectorCacheSize': 0, 'compactionCount': 0, 'beamWidth': 100, 'groupedSearchesGroupsUnavailable': 0, 'vectorFetchFromQuantized': 1355123212, 'deltaScanWorkTarget': 100000000, 'estimatedLocationIndexBytes': 29358796, 'totalVectors': 1000000, 'graphRebuildCount': 1, 'estimatedOrdinalMapBytes': 4000000, 'maxConnections': 32, 'mutablePages': 573, 'preFilterSearches': 0, 'rebuildsDeferredForMemory': 0, 'groupedSearchesShortOfLimit': 0, 'bruteForceScans': 0, 'avgInsertLatencyMs': 0, 'mutationsSinceRebuild': 0, 'vectorFetchFromDocuments': 0, 'searchVectorCacheCapacity': 0, 'deltaScanWorkSinceRebuild': 0, 'deletedVectors': 0, 'avgSearchLatencyMs': 0, 'pooledGraphSearchers': 0, 'graphState': 1, 'mutationsThreshold': 100, 'effectiveMutationsThreshold': 50000, 'persistedGraphNodeCount': 1000000, 'graphBuildParallelism': 11, 'insertOperations': 2000000, 'graphWalkVisitedAvg': 0, 'vectorCacheMisses': 0, 'vectorFetchFromGraph': 0, 'activeVectors': 1000000, 'dimensions': 128}",1.478,2.226,2.868,1.714,169.35,582.0,980,20,0.9819,"{'vectorCacheHits': 1525448, 'unverifiedGraphReuses': 0, 'estimatedRebuildWork': 100000000, 'compactedPages': 0, 'closeTimeRebuildPending': 0, 'graphNodeCount': 1000000, 'stalePrefixGraphReuses': 0, 'asyncRebuildInProgress': 0, 'deltaVectorsCount': 1, 'rebuildSnapshotGeneration': 1, 'groupedSearchesMergingDelta': 0, 'deltaScanBudget': 1999, 'searchOperations': 1000, 'liveVectorCacheSize': 0, 'compactionCount': 0, 'beamWidth': 100, 'groupedSearchesGroupsUnavailable': 0, 'vectorFetchFromQuantized': 1355886363, 'deltaScanWorkTarget': 100000000, 'estimatedLocationIndexBytes': 29358796, 'totalVectors': 1000000, 'graphRebuildCount': 1, 'estimatedOrdinalMapBytes': 4000000, 'maxConnections': 32, 'mutablePages': 573, 'preFilterSearches': 0, 'rebuildsDeferredForMemory': 0, 'groupedSearchesShortOfLimit': 0, 'bruteForceScans': 0, 'avgInsertLatencyMs': 0, 'mutationsSinceRebuild': 0, 'vectorFetchFromDocuments': 0, 'searchVectorCacheCapacity': 1048576, 'deltaScanWorkSinceRebuild': 1000, 'deletedVectors': 0, 'avgSearchLatencyMs': 1, 'pooledGraphSearchers': 1, 'graphState': 1, 'mutationsThreshold': 100, 'effectiveMutationsThreshold': 50000, 'persistedGraphNodeCount': 1000000, 'graphBuildParallelism': 11, 'insertOperations': 2000000, 'graphWalkVisitedAvg': 1999, 'vectorCacheMisses': 763151, 'vectorFetchFromGraph': 0, 'activeVectors': 1000000, 'dimensions': 128}",8g,l3d_dense.py,engine,container:d25a3da55a2b (host unknown),dbbench:arcadedb,26.9.1.dev0,26.9.1.dev0,,,,,,,,,,,,,,,,,,,,,,,,,,,,,,,,,,,,,,,,,,,,,,,,,,,,,,,,,,,,,,,,,,,,,,,,,,100000,,,,,,,,,,,,,,,,,,,,,,,0,0,engine auto: whole corpus when it fits graphBuildCacheMaxHeapPercent (default 25) of AVAILABLE heap,25,,,,,,,,,,,,,,,,,,,,,,,,,,,,,,,,,,,,,,,,,,,,,,,,,,,,,,,,,,,,,,,,,,,,,,,,,,,,,,,,,,,,,
l3d_arcadedb_dense_embedded_int8_search_small_r3,8d6af9475,l3d,arcadedb_dense_embedded_int8,search,small,3,paper,0-11,embedded,16g,2026-09-03T13:42:44+00:00,,,,,,,,,0.2,955.5,did not converge,0,False,,0.367,26.9.1.dev0,,,,,,,,,,,,,,,,,,,,,0.089,,,,,955.5,955.3,,,,,,,,,,9448.9,8437.5,635.9,0.0,960.9,0.0,1923.0,955.5,2352570830,9448.9,8437.5,0.0,8437.5,1923.0,0.0,635.9,2352570830,20260903T125858Z,,,,,,,,,,,,,,,,,,,,,,,,,,,l3d_arcadedb_dense_embedded_int8_search_small_r3.clientlog,,,1000000,128,10,1000,32,100,100,32,32,arcadedb_maxconnections_per_layer,INT8,242.85,4117.7,"{'vectorCacheHits': 0, 'unverifiedGraphReuses': 0, 'estimatedRebuildWork': 100000000, 'compactedPages': 0, 'closeTimeRebuildPending': 0, 'graphNodeCount': 1000000, 'stalePrefixGraphReuses': 0, 'asyncRebuildInProgress': 0, 'deltaVectorsCount': 0, 'rebuildSnapshotGeneration': 1, 'groupedSearchesMergingDelta': 0, 'deltaScanBudget': 9223372036854775807, 'searchOperations': 0, 'liveVectorCacheSize': 0, 'compactionCount': 0, 'beamWidth': 100, 'groupedSearchesGroupsUnavailable': 0, 'vectorFetchFromQuantized': 1335044991, 'deltaScanWorkTarget': 100000000, 'estimatedLocationIndexBytes': 29358796, 'totalVectors': 1000000, 'graphRebuildCount': 1, 'estimatedOrdinalMapBytes': 4000000, 'maxConnections': 32, 'mutablePages': 573, 'preFilterSearches': 0, 'rebuildsDeferredForMemory': 0, 'groupedSearchesShortOfLimit': 0, 'bruteForceScans': 0, 'avgInsertLatencyMs': 0, 'mutationsSinceRebuild': 0, 'vectorFetchFromDocuments': 0, 'searchVectorCacheCapacity': 0, 'deltaScanWorkSinceRebuild': 0, 'deletedVectors': 0, 'avgSearchLatencyMs': 0, 'pooledGraphSearchers': 0, 'graphState': 1, 'mutationsThreshold': 100, 'effectiveMutationsThreshold': 50000, 'persistedGraphNodeCount': 1000000, 'graphBuildParallelism': 11, 'insertOperations': 2000000, 'graphWalkVisitedAvg': 0, 'vectorCacheMisses': 0, 'vectorFetchFromGraph': 0, 'activeVectors': 1000000, 'dimensions': 128}",1.462,2.186,2.465,1.526,2.598,653.6,980,20,0.9817,"{'vectorCacheHits': 1524716, 'unverifiedGraphReuses': 0, 'estimatedRebuildWork': 100000000, 'compactedPages': 0, 'closeTimeRebuildPending': 0, 'graphNodeCount': 1000000, 'stalePrefixGraphReuses': 0, 'asyncRebuildInProgress': 0, 'deltaVectorsCount': 0, 'rebuildSnapshotGeneration': 1, 'groupedSearchesMergingDelta': 0, 'deltaScanBudget': 1998, 'searchOperations': 1000, 'liveVectorCacheSize': 0, 'compactionCount': 0, 'beamWidth': 100, 'groupedSearchesGroupsUnavailable': 0, 'vectorFetchFromQuantized': 1335808296, 'deltaScanWorkTarget': 100000000, 'estimatedLocationIndexBytes': 29358796, 'totalVectors': 1000000, 'graphRebuildCount': 1, 'estimatedOrdinalMapBytes': 4000000, 'maxConnections': 32, 'mutablePages': 573, 'preFilterSearches': 0, 'rebuildsDeferredForMemory': 0, 'groupedSearchesShortOfLimit': 0, 'bruteForceScans': 0, 'avgInsertLatencyMs': 0, 'mutationsSinceRebuild': 0, 'vectorFetchFromDocuments': 0, 'searchVectorCacheCapacity': 1048576, 'deltaScanWorkSinceRebuild': 0, 'deletedVectors': 0, 'avgSearchLatencyMs': 1, 'pooledGraphSearchers': 1, 'graphState': 1, 'mutationsThreshold': 100, 'effectiveMutationsThreshold': 50000, 'persistedGraphNodeCount': 1000000, 'graphBuildParallelism': 11, 'insertOperations': 2000000, 'graphWalkVisitedAvg': 1998, 'vectorCacheMisses': 763305, 'vectorFetchFromGraph': 0, 'activeVectors': 1000000, 'dimensions': 128}",8g,l3d_dense.py,engine,container:f531e124ab98 (host unknown),dbbench:arcadedb,26.9.1.dev0,26.9.1.dev0,,,,,,,,,,,,,,,,,,,,,,,,,,,,,,,,,,,,,,,,,,,,,,,,,,,,,,,,,,,,,,,,,,,,,,,,,,100000,,,,,,,,,,,,,,,,,,,,,,,0,0,engine auto: whole corpus when it fits graphBuildCacheMaxHeapPercent (default 25) of AVAILABLE heap,25,,,,,,,,,,,,,,,,,,,,,,,,,,,,,,,,,,,,,,,,,,,,,,,,,,,,,,,,,,,,,,,,,,,,,,,,,,,,,,,,,,,,,
l3d_arcadedb_dense_embedded_int8_search_small_r4,8d6af9475,l3d,arcadedb_dense_embedded_int8,search,small,4,paper,0-11,embedded,16g,2026-09-03T13:23:27+00:00,,,,,,,,,0.1,955.5,did not converge,0,False,,0.366,26.9.1.dev0,,,,,,,,,,,,,,,,,,,,,0.066,,,,,955.5,955.4,,,,,,,,,,9468.1,8449.1,6092.3,0.0,967.5,0.0,1936.5,955.5,2330595970,9468.1,8449.1,0.0,8449.1,1936.5,0.0,6092.3,2330595970,20260903T125858Z,,,,,,,,,,,,,,,,,,,,,,,,,,,l3d_arcadedb_dense_embedded_int8_search_small_r4.clientlog,,,1000000,128,10,1000,32,100,100,32,32,arcadedb_maxconnections_per_layer,INT8,242.23,4128.3,"{'vectorCacheHits': 0, 'unverifiedGraphReuses': 0, 'estimatedRebuildWork': 100000000, 'compactedPages': 0, 'closeTimeRebuildPending': 0, 'graphNodeCount': 1000000, 'stalePrefixGraphReuses': 0, 'asyncRebuildInProgress': 0, 'deltaVectorsCount': 0, 'rebuildSnapshotGeneration': 1, 'groupedSearchesMergingDelta': 0, 'deltaScanBudget': 9223372036854775807, 'searchOperations': 0, 'liveVectorCacheSize': 0, 'compactionCount': 0, 'beamWidth': 100, 'groupedSearchesGroupsUnavailable': 0, 'vectorFetchFromQuantized': 1355183491, 'deltaScanWorkTarget': 100000000, 'estimatedLocationIndexBytes': 29358796, 'totalVectors': 1000000, 'graphRebuildCount': 1, 'estimatedOrdinalMapBytes': 4000000, 'maxConnections': 32, 'mutablePages': 573, 'preFilterSearches': 0, 'rebuildsDeferredForMemory': 0, 'groupedSearchesShortOfLimit': 0, 'bruteForceScans': 0, 'avgInsertLatencyMs': 0, 'mutationsSinceRebuild': 0, 'vectorFetchFromDocuments': 0, 'searchVectorCacheCapacity': 0, 'deltaScanWorkSinceRebuild': 0, 'deletedVectors': 0, 'avgSearchLatencyMs': 0, 'pooledGraphSearchers': 0, 'graphState': 1, 'mutationsThreshold': 100, 'effectiveMutationsThreshold': 50000, 'persistedGraphNodeCount': 1000000, 'graphBuildParallelism': 11, 'insertOperations': 2000000, 'graphWalkVisitedAvg': 0, 'vectorCacheMisses': 0, 'vectorFetchFromGraph': 0, 'activeVectors': 1000000, 'dimensions': 128}",1.509,2.187,2.472,1.533,2.654,650.6,980,20,0.983,"{'vectorCacheHits': 1527161, 'unverifiedGraphReuses': 0, 'estimatedRebuildWork': 100000000, 'compactedPages': 0, 'closeTimeRebuildPending': 0, 'graphNodeCount': 1000000, 'stalePrefixGraphReuses': 0, 'asyncRebuildInProgress': 0, 'deltaVectorsCount': 0, 'rebuildSnapshotGeneration': 1, 'groupedSearchesMergingDelta': 0, 'deltaScanBudget': 1978, 'searchOperations': 1000, 'liveVectorCacheSize': 0, 'compactionCount': 0, 'beamWidth': 100, 'groupedSearchesGroupsUnavailable': 0, 'vectorFetchFromQuantized': 1355946536, 'deltaScanWorkTarget': 100000000, 'estimatedLocationIndexBytes': 29358796, 'totalVectors': 1000000, 'graphRebuildCount': 1, 'estimatedOrdinalMapBytes': 4000000, 'maxConnections': 32, 'mutablePages': 573, 'preFilterSearches': 0, 'rebuildsDeferredForMemory': 0, 'groupedSearchesShortOfLimit': 0, 'bruteForceScans': 0, 'avgInsertLatencyMs': 0, 'mutationsSinceRebuild': 0, 'vectorFetchFromDocuments': 0, 'searchVectorCacheCapacity': 1048576, 'deltaScanWorkSinceRebuild': 0, 'deletedVectors': 0, 'avgSearchLatencyMs': 1, 'pooledGraphSearchers': 1, 'graphState': 1, 'mutationsThreshold': 100, 'effectiveMutationsThreshold': 50000, 'persistedGraphNodeCount': 1000000, 'graphBuildParallelism': 11, 'insertOperations': 2000000, 'graphWalkVisitedAvg': 1978, 'vectorCacheMisses': 763045, 'vectorFetchFromGraph': 0, 'activeVectors': 1000000, 'dimensions': 128}",8g,l3d_dense.py,engine,container:fbdbad51bde4 (host unknown),dbbench:arcadedb,26.9.1.dev0,26.9.1.dev0,,,,,,,,,,,,,,,,,,,,,,,,,,,,,,,,,,,,,,,,,,,,,,,,,,,,,,,,,,,,,,,,,,,,,,,,,,100000,,,,,,,,,,,,,,,,,,,,,,,0,0,engine auto: whole corpus when it fits graphBuildCacheMaxHeapPercent (default 25) of AVAILABLE heap,25,,,,,,,,,,,,,,,,,,,,,,,,,,,,,,,,,,,,,,,,,,,,,,,,,,,,,,,,,,,,,,,,,,,,,,,,,,,,,,,,,,,,,
l3d_arcadedb_dense_embedded_int8_search_small_r5,8d6af9475,l3d,arcadedb_dense_embedded_int8,search,small,5,paper,0-11,embedded,16g,2026-09-03T13:12:29+00:00,,,,,,,,,0.2,955.5,did not converge,0,False,,0.374,26.9.1.dev0,,,,,,,,,,,,,,,,,,,,,0.067,,,,,955.5,955.3,,,,,,,,,,9521.3,8488.8,3144.9,0.0,981.2,0.0,1963.6,955.5,2316680513,9521.3,8488.8,0.0,8488.8,1963.6,0.0,3144.9,2316680513,20260903T125858Z,,,,,,,,,,,,,,,,,,,,,,,,,,,l3d_arcadedb_dense_embedded_int8_search_small_r5.clientlog,,,1000000,128,10,1000,32,100,100,32,32,arcadedb_maxconnections_per_layer,INT8,242.94,4116.2,"{'vectorCacheHits': 0, 'unverifiedGraphReuses': 0, 'estimatedRebuildWork': 100000000, 'compactedPages': 0, 'closeTimeRebuildPending': 0, 'graphNodeCount': 1000000, 'stalePrefixGraphReuses': 0, 'asyncRebuildInProgress': 0, 'deltaVectorsCount': 0, 'rebuildSnapshotGeneration': 1, 'groupedSearchesMergingDelta': 0, 'deltaScanBudget': 9223372036854775807, 'searchOperations': 0, 'liveVectorCacheSize': 0, 'compactionCount': 0, 'beamWidth': 100, 'groupedSearchesGroupsUnavailable': 0, 'vectorFetchFromQuantized': 1348182899, 'deltaScanWorkTarget': 100000000, 'estimatedLocationIndexBytes': 29358796, 'totalVectors': 1000000, 'graphRebuildCount': 1, 'estimatedOrdinalMapBytes': 4000000, 'maxConnections': 32, 'mutablePages': 573, 'preFilterSearches': 0, 'rebuildsDeferredForMemory': 0, 'groupedSearchesShortOfLimit': 0, 'bruteForceScans': 0, 'avgInsertLatencyMs': 0, 'mutationsSinceRebuild': 0, 'vectorFetchFromDocuments': 0, 'searchVectorCacheCapacity': 0, 'deltaScanWorkSinceRebuild': 0, 'deletedVectors': 0, 'avgSearchLatencyMs': 0, 'pooledGraphSearchers': 0, 'graphState': 1, 'mutationsThreshold': 100, 'effectiveMutationsThreshold': 50000, 'persistedGraphNodeCount': 1000000, 'graphBuildParallelism': 11, 'insertOperations': 2000000, 'graphWalkVisitedAvg': 0, 'vectorCacheMisses': 0, 'vectorFetchFromGraph': 0, 'activeVectors': 1000000, 'dimensions': 128}",1.424,2.109,2.385,1.435,2.54,694.9,980,20,0.9827,"{'vectorCacheHits': 1526555, 'unverifiedGraphReuses': 0, 'estimatedRebuildWork': 100000000, 'compactedPages': 0, 'closeTimeRebuildPending': 0, 'graphNodeCount': 1000000, 'stalePrefixGraphReuses': 0, 'asyncRebuildInProgress': 0, 'deltaVectorsCount': 0, 'rebuildSnapshotGeneration': 1, 'groupedSearchesMergingDelta': 0, 'deltaScanBudget': 1994, 'searchOperations': 1000, 'liveVectorCacheSize': 0, 'compactionCount': 0, 'beamWidth': 100, 'groupedSearchesGroupsUnavailable': 0, 'vectorFetchFromQuantized': 1348945699, 'deltaScanWorkTarget': 100000000, 'estimatedLocationIndexBytes': 29358796, 'totalVectors': 1000000, 'graphRebuildCount': 1, 'estimatedOrdinalMapBytes': 4000000, 'maxConnections': 32, 'mutablePages': 573, 'preFilterSearches': 0, 'rebuildsDeferredForMemory': 0, 'groupedSearchesShortOfLimit': 0, 'bruteForceScans': 0, 'avgInsertLatencyMs': 0, 'mutationsSinceRebuild': 0, 'vectorFetchFromDocuments': 0, 'searchVectorCacheCapacity': 1048576, 'deltaScanWorkSinceRebuild': 0, 'deletedVectors': 0, 'avgSearchLatencyMs': 1, 'pooledGraphSearchers': 1, 'graphState': 1, 'mutationsThreshold': 100, 'effectiveMutationsThreshold': 50000, 'persistedGraphNodeCount': 1000000, 'graphBuildParallelism': 11, 'insertOperations': 2000000, 'graphWalkVisitedAvg': 1994, 'vectorCacheMisses': 762800, 'vectorFetchFromGraph': 0, 'activeVectors': 1000000, 'dimensions': 128}",8g,l3d_dense.py,engine,container:43d521031738 (host unknown),dbbench:arcadedb,26.9.1.dev0,26.9.1.dev0,,,,,,,,,,,,,,,,,,,,,,,,,,,,,,,,,,,,,,,,,,,,,,,,,,,,,,,,,,,,,,,,,,,,,,,,,,100000,,,,,,,,,,,,,,,,,,,,,,,0,0,engine auto: whole corpus when it fits graphBuildCacheMaxHeapPercent (default 25) of AVAILABLE heap,25,,,,,,,,,,,,,,,,,,,,,,,,,,,,,,,,,,,,,,,,,,,,,,,,,,,,,,,,,,,,,,,,,,,,,,,,,,,,,,,,,,,,,
l3d_arcadedb_dense_server_search_small_r1,8d6af9475,l3d,arcadedb_dense_server,search,small,1,paper,0-11,client_server,8g,2026-09-03T13:08:19+00:00,full+client,8g,16.0,0-11,arcadedb-c25:8d6af9475,arcadedb-c25:8d6af9475,16g,0.3,0.1,0.1,did not converge,0,False,,7.849,server:26.9.1-SNAPSHOT (build 8d6af94753ea8446bd13ac1aed2bb79eaf78dc90/1788075753609/main),,,,,,,,,,,,,,,,,,,,,0.0,818.6,818.6,0.0,True,818.7,818.3,8506.2,7622.9,7622.9,0.0,818.5,0.0,1639.9,818.5,1495172907,43.4,38.6,38.4,0.0,0.1,0.0,0.2,0.1,28131430,8549.6,7661.5,0.0,7661.5,1640.0,0.0,7661.3,1523304337,20260903T125858Z,,,,,,,,,,,,,,,,,,,,,,,,,,,l3d_arcadedb_dense_server_search_small_r1.clientlog,,l3d_arcadedb_dense_server_search_small_r1.serverlog,1000000,128,10,1000,32,100,100,32,32,arcadedb_maxconnections_per_layer,fp32,231.65,4316.8,{},2.916,4.913,6.006,3.162,6.936,315.7,980,20,0.987,{},8g,l3d_dense.py,client,container:eefc88bae1ac (host unknown),dbbench:client,server:26.9.1-SNAPSHOT (build 8d6af94753ea8446bd13ac1aed2bb79eaf78dc90/1788075753609/main),unknown (PackageNotFoundError),,,,,,,,,,,,,,,,,,,,,,,,,,,,,,,,,8g,,,,,,,,,,,,,,,,,,,,,,,,,,,,,,,,,,,,,,,,,1000000,,,,,,,,,,,,,,,,,,,,,,,0,0,engine auto: whole corpus when it fits graphBuildCacheMaxHeapPercent (default 25) of AVAILABLE heap,25,,,,,,,,,,,,,,,,,,,,,,,,,,,,,,,,,,,,,,,,,,,,,,,,,,,,,,,,,,,,,,,,,,,,,,,,,,,,,,,,,,,,,
l3d_arcadedb_dense_server_search_small_r2,8d6af9475,l3d,arcadedb_dense_server,search,small,2,paper,0-11,client_server,8g,2026-09-03T13:38:34+00:00,full+client,8g,16.0,0-11,arcadedb-c25:8d6af9475,arcadedb-c25:8d6af9475,16g,0.3,0.1,0.1,did not converge,0,False,,8.513,server:26.9.1-SNAPSHOT (build 8d6af94753ea8446bd13ac1aed2bb79eaf78dc90/1788075753609/main),,,,,,,,,,,,,,,,,,,,,0.0,876.8,876.8,0.0,True,876.9,876.5,8521.8,7599.0,7582.2,0.0,876.8,0.0,1755.5,876.7,1491324931,43.5,38.6,38.4,0.0,0.1,0.0,0.2,0.1,28812460,8565.3,7637.6,0.0,7637.6,1755.6,0.0,7620.6,1520137391,20260903T125858Z,,,,,,,,,,,,,,,,,,,,,,,,,,,l3d_arcadedb_dense_server_search_small_r2.clientlog,,l3d_arcadedb_dense_server_search_small_r2.serverlog,1000000,128,10,1000,32,100,100,32,32,arcadedb_maxconnections_per_layer,fp32,230.03,4347.3,{},3.067,5.161,5.875,3.298,6.719,302.7,980,20,0.9872,{},8g,l3d_dense.py,client,container:1fd99dfdede3 (host unknown),dbbench:client,server:26.9.1-SNAPSHOT (build 8d6af94753ea8446bd13ac1aed2bb79eaf78dc90/1788075753609/main),unknown (PackageNotFoundError),,,,,,,,,,,,,,,,,,,,,,,,,,,,,,,,,8g,,,,,,,,,,,,,,,,,,,,,,,,,,,,,,,,,,,,,,,,,1000000,,,,,,,,,,,,,,,,,,,,,,,0,0,engine auto: whole corpus when it fits graphBuildCacheMaxHeapPercent (default 25) of AVAILABLE heap,25,,,,,,,,,,,,,,,,,,,,,,,,,,,,,,,,,,,,,,,,,,,,,,,,,,,,,,,,,,,,,,,,,,,,,,,,,,,,,,,,,,,,,
l3d_arcadedb_dense_server_search_small_r3,8d6af9475,l3d,arcadedb_dense_server,search,small,3,paper,0-11,client_server,8g,2026-09-03T14:11:53+00:00,full+client,8g,16.0,0-11,arcadedb-c25:8d6af9475,arcadedb-c25:8d6af9475,16g,0.3,0.1,0.1,did not converge,0,False,,8.922,server:26.9.1-SNAPSHOT (build 8d6af94753ea8446bd13ac1aed2bb79eaf78dc90/1788075753609/main),,,,,,,,,,,,,,,,,,,,,0.0,881.2,881.2,0.0,True,881.3,880.9,8528.2,7587.8,7584.1,0.0,881.1,0.0,1764.3,881.1,1476606073,43.6,38.6,38.4,0.0,0.1,0.0,0.2,0.1,28843322,8571.8,7626.4,0.0,7626.4,1764.4,0.0,7622.6,1505449395,20260903T125858Z,,,,,,,,,,,,,,,,,,,,,,,,,,,l3d_arcadedb_dense_server_search_small_r3.clientlog,,l3d_arcadedb_dense_server_search_small_r3.serverlog,1000000,128,10,1000,32,100,100,32,32,arcadedb_maxconnections_per_layer,fp32,230.1,4345.9,{},3.08,5.077,6.507,3.287,8.849,303.7,980,20,0.9868,{},8g,l3d_dense.py,client,container:148c80348eeb (host unknown),dbbench:client,server:26.9.1-SNAPSHOT (build 8d6af94753ea8446bd13ac1aed2bb79eaf78dc90/1788075753609/main),unknown (PackageNotFoundError),,,,,,,,,,,,,,,,,,,,,,,,,,,,,,,,,8g,,,,,,,,,,,,,,,,,,,,,,,,,,,,,,,,,,,,,,,,,1000000,,,,,,,,,,,,,,,,,,,,,,,0,0,engine auto: whole corpus when it fits graphBuildCacheMaxHeapPercent (default 25) of AVAILABLE heap,25,,,,,,,,,,,,,,,,,,,,,,,,,,,,,,,,,,,,,,,,,,,,,,,,,,,,,,,,,,,,,,,,,,,,,,,,,,,,,,,,,,,,,
l3d_arcadedb_dense_server_search_small_r4,8d6af9475,l3d,arcadedb_dense_server,search,small,4,paper,0-11,client_server,8g,2026-09-03T14:16:07+00:00,full+client,8g,16.0,0-11,arcadedb-c25:8d6af9475,arcadedb-c25:8d6af9475,16g,0.3,0.1,0.1,did not converge,0,False,,8.544,server:26.9.1-SNAPSHOT (build 8d6af94753ea8446bd13ac1aed2bb79eaf78dc90/1788075753609/main),,,,,,,,,,,,,,,,,,,,,0.0,818.6,818.6,0.0,True,818.7,818.3,8513.8,7631.5,7631.5,0.0,818.5,0.0,1639.6,818.5,1553017512,43.6,38.6,38.4,0.0,0.1,0.0,0.2,0.1,28432810,8557.4,7670.2,0.0,7670.2,1639.8,0.0,7669.9,1581450322,20260903T125858Z,,,,,,,,,,,,,,,,,,,,,,,,,,,l3d_arcadedb_dense_server_search_small_r4.clientlog,,l3d_arcadedb_dense_server_search_small_r4.serverlog,1000000,128,10,1000,32,100,100,32,32,arcadedb_maxconnections_per_layer,fp32,235.53,4245.8,{},3.077,4.991,5.826,3.251,6.885,307.1,980,20,0.9888,{},8g,l3d_dense.py,client,container:677f85a846d9 (host unknown),dbbench:client,server:26.9.1-SNAPSHOT (build 8d6af94753ea8446bd13ac1aed2bb79eaf78dc90/1788075753609/main),unknown (PackageNotFoundError),,,,,,,,,,,,,,,,,,,,,,,,,,,,,,,,,8g,,,,,,,,,,,,,,,,,,,,,,,,,,,,,,,,,,,,,,,,,1000000,,,,,,,,,,,,,,,,,,,,,,,0,0,engine auto: whole corpus when it fits graphBuildCacheMaxHeapPercent (default 25) of AVAILABLE heap,25,,,,,,,,,,,,,,,,,,,,,,,,,,,,,,,,,,,,,,,,,,,,,,,,,,,,,,,,,,,,,,,,,,,,,,,,,,,,,,,,,,,,,
l3d_arcadedb_dense_server_search_small_r5,8d6af9475,l3d,arcadedb_dense_server,search,small,5,paper,0-11,client_server,8g,2026-09-03T13:19:18+00:00,full+client,8g,16.0,0-11,arcadedb-c25:8d6af9475,arcadedb-c25:8d6af9475,16g,0.3,0.1,0.1,did not converge,0,False,,8.461,server:26.9.1-SNAPSHOT (build 8d6af94753ea8446bd13ac1aed2bb79eaf78dc90/1788075753609/main),,,,,,,,,,,,,,,,,,,,,0.0,826.0,826.0,0.0,True,826.1,825.7,8630.8,7741.2,7741.2,0.0,825.9,0.0,1654.2,825.9,1492257162,43.5,38.6,38.4,0.0,0.1,0.0,0.2,0.1,28377858,8674.3,7779.9,0.0,7779.9,1654.4,0.0,7779.6,1520635020,20260903T125858Z,,,,,,,,,,,,,,,,,,,,,,,,,,,l3d_arcadedb_dense_server_search_small_r5.clientlog,,l3d_arcadedb_dense_server_search_small_r5.serverlog,1000000,128,10,1000,32,100,100,32,32,arcadedb_maxconnections_per_layer,fp32,231.31,4323.2,{},3.231,5.166,5.872,3.41,10.088,292.7,980,20,0.9887,{},8g,l3d_dense.py,client,container:1f574fa5772d (host unknown),dbbench:client,server:26.9.1-SNAPSHOT (build 8d6af94753ea8446bd13ac1aed2bb79eaf78dc90/1788075753609/main),unknown (PackageNotFoundError),,,,,,,,,,,,,,,,,,,,,,,,,,,,,,,,,8g,,,,,,,,,,,,,,,,,,,,,,,,,,,,,,,,,,,,,,,,,1000000,,,,,,,,,,,,,,,,,,,,,,,0,0,engine auto: whole corpus when it fits graphBuildCacheMaxHeapPercent (default 25) of AVAILABLE heap,25,,,,,,,,,,,,,,,,,,,,,,,,,,,,,,,,,,,,,,,,,,,,,,,,,,,,,,,,,,,,,,,,,,,,,,,,,,,,,,,,,,,,,
l3d_arcadedb_dense_server_int8_search_small_r1,8d6af9475,l3d,arcadedb_dense_server_int8,search,small,1,paper,0-11,client_server,8g,2026-09-03T13:28:59+00:00,full+client,8g,16.0,0-11,arcadedb-c25:8d6af9475,arcadedb-c25:8d6af9475,16g,0.3,0.1,0.1,did not converge,0,False,,9.001,server:26.9.1-SNAPSHOT (build 8d6af94753ea8446bd13ac1aed2bb79eaf78dc90/1788075753609/main),,,,,,,,,,,,,,,,,,,,,0.0,997.8,997.8,0.0,True,997.9,997.5,9537.6,8472.0,8472.0,0.0,997.7,0.0,1997.8,997.7,2371801819,43.1,38.6,38.0,0.0,0.1,0.0,0.2,0.1,29800192,9580.7,8510.6,0.0,8510.6,1998.0,0.0,8510.0,2401602011,20260903T125858Z,,,,,,,,,,,,,,,,,,,,,,,,,,,l3d_arcadedb_dense_server_int8_search_small_r1.clientlog,,l3d_arcadedb_dense_server_int8_search_small_r1.serverlog,1000000,128,10,1000,32,100,100,32,32,arcadedb_maxconnections_per_layer,INT8,317.31,3151.4,{},2.633,3.695,4.15,2.692,4.706,370.7,980,20,0.9817,{},8g,l3d_dense.py,client,container:673e277df47d (host unknown),dbbench:client,server:26.9.1-SNAPSHOT (build 8d6af94753ea8446bd13ac1aed2bb79eaf78dc90/1788075753609/main),unknown (PackageNotFoundError),,,,,,,,,,,,,,,,,,,,,,,,,,,,,,,,,8g,,,,,,,,,,,,,,,,,,,,,,,,,,,,,,,,,,,,,,,,,100000,,,,,,,,,,,,,,,,,,,,,,,0,0,engine auto: whole corpus when it fits graphBuildCacheMaxHeapPercent (default 25) of AVAILABLE heap,25,,,,,,,,,,,,,,,,,,,,,,,,,,,,,,,,,,,,,,,,,,,,,,,,,,,,,,,,,,,,,,,,,,,,,,,,,,,,,,,,,,,,,
l3d_arcadedb_dense_server_int8_search_small_r2,8d6af9475,l3d,arcadedb_dense_server_int8,search,small,2,paper,0-11,client_server,8g,2026-09-03T14:07:45+00:00,full+client,8g,16.0,0-11,arcadedb-c25:8d6af9475,arcadedb-c25:8d6af9475,16g,0.3,0.1,0.1,did not converge,0,False,,9.338,server:26.9.1-SNAPSHOT (build 8d6af94753ea8446bd13ac1aed2bb79eaf78dc90/1788075753609/main),,,,,,,,,,,,,,,,,,,,,0.0,995.6,995.6,0.0,True,995.7,995.3,9521.9,8458.5,8454.5,0.0,995.5,0.0,1993.2,995.5,2323098180,43.5,38.6,38.3,0.0,0.1,0.0,0.2,0.1,28923477,9565.4,8497.1,0.0,8497.1,1993.4,0.0,8492.8,2352021657,20260903T125858Z,,,,,,,,,,,,,,,,,,,,,,,,,,,l3d_arcadedb_dense_server_int8_search_small_r2.clientlog,,l3d_arcadedb_dense_server_int8_search_small_r2.serverlog,1000000,128,10,1000,32,100,100,32,32,arcadedb_maxconnections_per_layer,INT8,312.17,3203.3,{},2.54,3.592,4.337,2.617,4.979,381.3,980,20,0.9811,{},8g,l3d_dense.py,client,container:23e2c7a02c1d (host unknown),dbbench:client,server:26.9.1-SNAPSHOT (build 8d6af94753ea8446bd13ac1aed2bb79eaf78dc90/1788075753609/main),unknown (PackageNotFoundError),,,,,,,,,,,,,,,,,,,,,,,,,,,,,,,,,8g,,,,,,,,,,,,,,,,,,,,,,,,,,,,,,,,,,,,,,,,,100000,,,,,,,,,,,,,,,,,,,,,,,0,0,engine auto: whole corpus when it fits graphBuildCacheMaxHeapPercent (default 25) of AVAILABLE heap,25,,,,,,,,,,,,,,,,,,,,,,,,,,,,,,,,,,,,,,,,,,,,,,,,,,,,,,,,,,,,,,,,,,,,,,,,,,,,,,,,,,,,,
l3d_arcadedb_dense_server_int8_search_small_r3,8d6af9475,l3d,arcadedb_dense_server_int8,search,small,3,paper,0-11,client_server,8g,2026-09-03T13:48:10+00:00,full+client,8g,16.0,0-11,arcadedb-c25:8d6af9475,arcadedb-c25:8d6af9475,16g,0.3,0.1,0.1,did not converge,0,False,,9.208,server:26.9.1-SNAPSHOT (build 8d6af94753ea8446bd13ac1aed2bb79eaf78dc90/1788075753609/main),,,,,,,,,,,,,,,,,,,,,0.0,1003.5,1003.5,0.0,True,1003.6,1003.2,9503.7,8432.0,8432.0,0.0,1003.4,0.0,2008.9,1003.4,2330086665,43.5,38.9,38.3,0.0,0.1,0.0,0.2,0.1,28660319,9547.2,8470.9,0.0,8470.9,2009.1,0.0,8470.3,2358746984,20260903T125858Z,,,,,,,,,,,,,,,,,,,,,,,,,,,l3d_arcadedb_dense_server_int8_search_small_r3.clientlog,,l3d_arcadedb_dense_server_int8_search_small_r3.serverlog,1000000,128,10,1000,32,100,100,32,32,arcadedb_maxconnections_per_layer,INT8,311.27,3212.7,{},2.515,3.468,3.846,2.568,4.349,388.6,980,20,0.9836,{},8g,l3d_dense.py,client,container:742445a2ea10 (host unknown),dbbench:client,server:26.9.1-SNAPSHOT (build 8d6af94753ea8446bd13ac1aed2bb79eaf78dc90/1788075753609/main),unknown (PackageNotFoundError),,,,,,,,,,,,,,,,,,,,,,,,,,,,,,,,,8g,,,,,,,,,,,,,,,,,,,,,,,,,,,,,,,,,,,,,,,,,100000,,,,,,,,,,,,,,,,,,,,,,,0,0,engine auto: whole corpus when it fits graphBuildCacheMaxHeapPercent (default 25) of AVAILABLE heap,25,,,,,,,,,,,,,,,,,,,,,,,,,,,,,,,,,,,,,,,,,,,,,,,,,,,,,,,,,,,,,,,,,,,,,,,,,,,,,,,,,,,,,
l3d_arcadedb_dense_server_int8_search_small_r4,8d6af9475,l3d,arcadedb_dense_server_int8,search,small,4,paper,0-11,client_server,8g,2026-09-03T13:34:26+00:00,full+client,8g,16.0,0-11,arcadedb-c25:8d6af9475,arcadedb-c25:8d6af9475,16g,0.3,0.1,0.1,did not converge,0,False,,9.064,server:26.9.1-SNAPSHOT (build 8d6af94753ea8446bd13ac1aed2bb79eaf78dc90/1788075753609/main),,,,,,,,,,,,,,,,,,,,,0.0,1010.0,1010.0,0.0,True,1010.1,1009.7,9532.3,8450.3,8450.1,0.0,1009.9,0.0,2022.0,1009.9,2302479396,43.3,38.8,37.9,0.0,0.1,0.0,0.2,0.1,28370820,9575.6,8489.0,0.0,8489.0,2022.1,0.0,8488.0,2330850216,20260903T125858Z,,,,,,,,,,,,,,,,,,,,,,,,,,,l3d_arcadedb_dense_server_int8_search_small_r4.clientlog,,l3d_arcadedb_dense_server_int8_search_small_r4.serverlog,1000000,128,10,1000,32,100,100,32,32,arcadedb_maxconnections_per_layer,INT8,308.64,3240.1,{},2.452,3.4,4.042,2.524,4.466,395.4,980,20,0.9841,{},8g,l3d_dense.py,client,container:a9c0d7b9fc06 (host unknown),dbbench:client,server:26.9.1-SNAPSHOT (build 8d6af94753ea8446bd13ac1aed2bb79eaf78dc90/1788075753609/main),unknown (PackageNotFoundError),,,,,,,,,,,,,,,,,,,,,,,,,,,,,,,,,8g,,,,,,,,,,,,,,,,,,,,,,,,,,,,,,,,,,,,,,,,,100000,,,,,,,,,,,,,,,,,,,,,,,0,0,engine auto: whole corpus when it fits graphBuildCacheMaxHeapPercent (default 25) of AVAILABLE heap,25,,,,,,,,,,,,,,,,,,,,,,,,,,,,,,,,,,,,,,,,,,,,,,,,,,,,,,,,,,,,,,,,,,,,,,,,,,,,,,,,,,,,,
l3d_arcadedb_dense_server_int8_search_small_r5,8d6af9475,l3d,arcadedb_dense_server_int8,search,small,5,paper,0-11,client_server,8g,2026-09-03T13:04:10+00:00,full+client,8g,16.0,0-11,arcadedb-c25:8d6af9475,arcadedb-c25:8d6af9475,16g,0.3,0.1,0.1,did not converge,0,False,,7.704,server:26.9.1-SNAPSHOT (build 8d6af94753ea8446bd13ac1aed2bb79eaf78dc90/1788075753609/main),,,,,,,,,,,,,,,,,,,,,0.0,987.8,987.8,0.0,True,987.9,987.5,9514.0,8461.9,8458.3,0.0,987.8,0.0,1977.8,987.8,2262913861,43.1,38.6,38.3,0.0,0.1,0.0,0.2,0.1,26032619,9557.1,8500.5,0.0,8500.5,1977.9,0.0,8496.6,2288946480,20260903T125858Z,,,,,,,,,,,,,,,,,,,,,,,,,,,l3d_arcadedb_dense_server_int8_search_small_r5.clientlog,,l3d_arcadedb_dense_server_int8_search_small_r5.serverlog,1000000,128,10,1000,32,100,100,32,32,arcadedb_maxconnections_per_layer,INT8,299.36,3340.5,{},2.351,3.254,4.175,2.418,5.158,412.8,980,20,0.9837,{},8g,l3d_dense.py,client,container:9425c93c41a3 (host unknown),dbbench:client,server:26.9.1-SNAPSHOT (build 8d6af94753ea8446bd13ac1aed2bb79eaf78dc90/1788075753609/main),unknown (PackageNotFoundError),,,,,,,,,,,,,,,,,,,,,,,,,,,,,,,,,8g,,,,,,,,,,,,,,,,,,,,,,,,,,,,,,,,,,,,,,,,,100000,,,,,,,,,,,,,,,,,,,,,,,0,0,engine auto: whole corpus when it fits graphBuildCacheMaxHeapPercent (default 25) of AVAILABLE heap,25,,,,,,,,,,,,,,,,,,,,,,,,,,,,,,,,,,,,,,,,,,,,,,,,,,,,,,,,,,,,,,,,,,,,,,,,,,,,,,,,,,,,,
l3d_chroma_dense_search_small_r1,8d6af9475,l3d,chroma_dense,search,small,1,paper,0-11,embedded,16g,2026-09-10T06:32:31+00:00,,,,,,,,,0.1,796.7,did not converge,0,False,,0.631,1.5.9,,,,,,,,,,,,,,,,,,,,,0.0,,,,,796.7,796.6,,,,,,,,,,2011.1,1178.9,295.3,0.0,796.5,0.0,12046.5,796.5,517249417,2011.1,1178.9,0.0,1178.9,12046.5,0.0,295.3,517249417,20260910T054623Z,,,,,,,,,,,,,,,,,,,,,,,,,,,l3d_chroma_dense_search_small_r1.clientlog,,,1000000,128,10,1000,32,100,100,32,16,hnswlib_m_doubled_at_base,fp32,150.94,6625.0,{},0.665,0.77,0.887,0.659,1.037,1506.5,980,20,0.9748,{},,l3d_dense.py,engine,container:e1f6b802094c (host unknown),dbbench:dense,1.5.9,unknown (PackageNotFoundError),chromadb exposes no close(),,,,,,,,,,,,,,,,,,,,,,,,,,,,,,,,,,,,,,,,,,,,,,,,,,,,,,,,,,,,,,,,,,,,,,,,,,,,,,,,,,,,,,,,,,,,,,,,,,,,,,,,,,,,,,,,,,,,,,,,,,,,,,,,,,,,,,,,,,,,,,,,,,,,,,,,,,,,,,,,,,,,,,,,,,,,,,,,,,,,,,,,
l3d_chroma_dense_search_small_r2,8d6af9475,l3d,chroma_dense,search,small,2,paper,0-11,embedded,16g,2026-09-10T06:15:51+00:00,,,,,,,,,0.1,796.7,did not converge,0,False,,0.774,1.5.9,,,,,,,,,,,,,,,,,,,,,0.0,,,,,796.7,796.6,,,,,,,,,,2039.1,1169.8,1103.0,0.0,832.3,71.5,12380.4,832.3,517745941,2039.1,1169.8,0.0,1169.8,12380.4,71.5,1103.0,517745941,20260910T054623Z,,,,,,,,,,,,,,,,,,,,,,,,,,,l3d_chroma_dense_search_small_r2.clientlog,,,1000000,128,10,1000,32,100,100,32,16,hnswlib_m_doubled_at_base,fp32,150.97,6623.8,{},0.662,0.737,0.889,0.66,1.049,1504.7,980,20,0.977,{},,l3d_dense.py,engine,container:989d80f7737a (host unknown),dbbench:dense,1.5.9,unknown (PackageNotFoundError),chromadb exposes no close(),,,,,,,,,,,,,,,,,,,,,,,,,,,,,,,,,,,,,,,,,,,,,,,,,,,,,,,,,,,,,,,,,,,,,,,,,,,,,,,,,,,,,,,,,,,,,,,,,,,,,,,,,,,,,,,,,,,,,,,,,,,,,,,,,,,,,,,,,,,,,,,,,,,,,,,,,,,,,,,,,,,,,,,,,,,,,,,,,,,,,,,,
l3d_chroma_dense_search_small_r3,8d6af9475,l3d,chroma_dense,search,small,3,paper,0-11,embedded,16g,2026-09-10T06:21:37+00:00,,,,,,,,,0.2,796.7,did not converge,0,False,,0.732,1.5.9,,,,,,,,,,,,,,,,,,,,,0.0,,,,,796.7,796.5,,,,,,,,,,2011.1,1178.8,1123.6,0.0,796.5,0.0,12045.7,796.5,516522901,2011.1,1178.8,0.0,1178.8,12045.7,0.0,1123.6,516522901,20260910T054623Z,,,,,,,,,,,,,,,,,,,,,,,,,,,l3d_chroma_dense_search_small_r3.clientlog,,,1000000,128,10,1000,32,100,100,32,16,hnswlib_m_doubled_at_base,fp32,151.29,6609.8,{},0.702,0.8,0.899,0.698,1.08,1421.8,980,20,0.9748,{},,l3d_dense.py,engine,container:13ba82b65cf8 (host unknown),dbbench:dense,1.5.9,unknown (PackageNotFoundError),chromadb exposes no close(),,,,,,,,,,,,,,,,,,,,,,,,,,,,,,,,,,,,,,,,,,,,,,,,,,,,,,,,,,,,,,,,,,,,,,,,,,,,,,,,,,,,,,,,,,,,,,,,,,,,,,,,,,,,,,,,,,,,,,,,,,,,,,,,,,,,,,,,,,,,,,,,,,,,,,,,,,,,,,,,,,,,,,,,,,,,,,,,,,,,,,,,
l3d_chroma_dense_search_small_r4,8d6af9475,l3d,chroma_dense,search,small,4,paper,0-11,embedded,16g,2026-09-10T06:35:02+00:00,,,,,,,,,0.1,796.7,did not converge,0,False,,0.625,1.5.9,,,,,,,,,,,,,,,,,,,,,0.0,,,,,796.7,796.6,,,,,,,,,,2010.8,1178.3,1109.5,0.0,798.2,0.0,12077.8,796.5,515986824,2010.8,1178.3,0.0,1178.3,12077.8,0.0,1109.5,515986824,20260910T054623Z,,,,,,,,,,,,,,,,,,,,,,,,,,,l3d_chroma_dense_search_small_r4.clientlog,,,1000000,128,10,1000,32,100,100,32,16,hnswlib_m_doubled_at_base,fp32,148.6,6729.7,{},0.681,0.775,0.9,0.68,1.058,1459.2,980,20,0.9766,{},,l3d_dense.py,engine,container:5440e5d98766 (host unknown),dbbench:dense,1.5.9,unknown (PackageNotFoundError),chromadb exposes no close(),,,,,,,,,,,,,,,,,,,,,,,,,,,,,,,,,,,,,,,,,,,,,,,,,,,,,,,,,,,,,,,,,,,,,,,,,,,,,,,,,,,,,,,,,,,,,,,,,,,,,,,,,,,,,,,,,,,,,,,,,,,,,,,,,,,,,,,,,,,,,,,,,,,,,,,,,,,,,,,,,,,,,,,,,,,,,,,,,,,,,,,,
l3d_chroma_dense_search_small_r5,8d6af9475,l3d,chroma_dense,search,small,5,paper,0-11,embedded,16g,2026-09-10T06:27:25+00:00,,,,,,,,,0.1,796.7,did not converge,0,False,,0.72,1.5.9,,,,,,,,,,,,,,,,,,,,,0.0,,,,,796.7,796.6,,,,,,,,,,2002.6,1170.1,169.8,0.0,796.5,0.0,12347.9,796.5,516746488,2002.6,1170.1,0.0,1170.1,12347.9,0.0,169.8,516746488,20260910T054623Z,,,,,,,,,,,,,,,,,,,,,,,,,,,l3d_chroma_dense_search_small_r5.clientlog,,,1000000,128,10,1000,32,100,100,32,16,hnswlib_m_doubled_at_base,fp32,150.77,6632.6,{},0.654,0.742,0.893,0.656,1.002,1514.1,980,20,0.9744,{},,l3d_dense.py,engine,container:332d041ed47c (host unknown),dbbench:dense,1.5.9,unknown (PackageNotFoundError),chromadb exposes no close(),,,,,,,,,,,,,,,,,,,,,,,,,,,,,,,,,,,,,,,,,,,,,,,,,,,,,,,,,,,,,,,,,,,,,,,,,,,,,,,,,,,,,,,,,,,,,,,,,,,,,,,,,,,,,,,,,,,,,,,,,,,,,,,,,,,,,,,,,,,,,,,,,,,,,,,,,,,,,,,,,,,,,,,,,,,,,,,,,,,,,,,,
l3d_duckdb_vss_dense_search_small_r1,8d6af9475,l3d,duckdb_vss_dense,search,small,1,paper,0-11,embedded,16g,2026-09-10T06:01:40+00:00,,,,,,,,,0.2,784.3,did not converge,0,False,,0.482,1.5.5,,,,,,,,,,,,,,,,,,,,,0.031,,,,,784.3,784.1,,,,,,,,,,3817.7,3016.5,97.5,0.0,784.2,0.0,1568.5,784.2,669681527,3817.7,3016.5,0.0,3016.5,1568.5,0.0,97.5,669681527,20260910T054623Z,,,,,,,,,,,,,,,,,,,,,,,,,,,l3d_duckdb_vss_dense_search_small_r1.clientlog,,,1000000,128,10,1000,32,100,100,32,16,hnswlib_m_doubled_at_base,fp32,59.08,16927.6,{},1.774,2.192,4.172,1.835,10.58,543.1,980,20,0.9727,{},,l3d_dense.py,engine,container:31c2896725a8 (host unknown),dbbench:dense,1.5.5,unknown (PackageNotFoundError),,,,,,,,,,,,,,,,,,,,,,,,,,,,,,,,,,,,,,,,,,,,,,,,,,,,,,,,,,,,,,,,,,,,,,,,,,,,,,,,,,,,,,,,,,,,,,,,,,,,,,,,,,,,,,,,,,,,,,,,,,,,,,,,,,,,,,,,,,,,,,,,,,,,,,,,,,,,,,,,,,,,,,,,,,,,,,,,,,,,,,,,,
l3d_duckdb_vss_dense_search_small_r2,8d6af9475,l3d,duckdb_vss_dense,search,small,2,paper,0-11,embedded,16g,2026-09-10T06:10:14+00:00,,,,,,,,,0.1,784.3,did not converge,0,False,,0.485,1.5.5,,,,,,,,,,,,,,,,,,,,,0.041,,,,,784.3,784.2,,,,,,,,,,3797.1,2976.0,104.3,0.0,784.2,0.0,1568.5,784.2,673904230,3797.1,2976.0,0.0,2976.0,1568.5,0.0,104.3,673904230,20260910T054623Z,,,,,,,,,,,,,,,,,,,,,,,,,,,l3d_duckdb_vss_dense_search_small_r2.clientlog,,,1000000,128,10,1000,32,100,100,32,16,hnswlib_m_doubled_at_base,fp32,59.64,16767.9,{},1.915,2.366,3.652,1.963,12.155,507.8,980,20,0.9763,{},,l3d_dense.py,engine,container:7b2de57e8af2 (host unknown),dbbench:dense,1.5.5,unknown (PackageNotFoundError),,,,,,,,,,,,,,,,,,,,,,,,,,,,,,,,,,,,,,,,,,,,,,,,,,,,,,,,,,,,,,,,,,,,,,,,,,,,,,,,,,,,,,,,,,,,,,,,,,,,,,,,,,,,,,,,,,,,,,,,,,,,,,,,,,,,,,,,,,,,,,,,,,,,,,,,,,,,,,,,,,,,,,,,,,,,,,,,,,,,,,,,,
l3d_duckdb_vss_dense_search_small_r3,8d6af9475,l3d,duckdb_vss_dense,search,small,3,paper,0-11,embedded,16g,2026-09-10T06:22:40+00:00,,,,,,,,,0.2,784.3,did not converge,0,False,,0.515,1.5.5,,,,,,,,,,,,,,,,,,,,,0.034,,,,,784.3,784.1,,,,,,,,,,3812.4,2991.4,1041.5,0.0,784.2,0.0,1568.5,784.2,671035794,3812.4,2991.4,0.0,2991.4,1568.5,0.0,1041.5,671035794,20260910T054623Z,,,,,,,,,,,,,,,,,,,,,,,,,,,l3d_duckdb_vss_dense_search_small_r3.clientlog,,,1000000,128,10,1000,32,100,100,32,16,hnswlib_m_doubled_at_base,fp32,59.18,16896.3,{},1.775,2.211,3.856,1.814,9.242,549.2,980,20,0.975,{},,l3d_dense.py,engine,container:6e9b51476402 (host unknown),dbbench:dense,1.5.5,unknown (PackageNotFoundError),,,,,,,,,,,,,,,,,,,,,,,,,,,,,,,,,,,,,,,,,,,,,,,,,,,,,,,,,,,,,,,,,,,,,,,,,,,,,,,,,,,,,,,,,,,,,,,,,,,,,,,,,,,,,,,,,,,,,,,,,,,,,,,,,,,,,,,,,,,,,,,,,,,,,,,,,,,,,,,,,,,,,,,,,,,,,,,,,,,,,,,,,
l3d_duckdb_vss_dense_search_small_r4,8d6af9475,l3d,duckdb_vss_dense,search,small,4,paper,0-11,embedded,16g,2026-09-10T06:19:03+00:00,,,,,,,,,0.1,784.3,did not converge,0,False,,0.473,1.5.5,,,,,,,,,,,,,,,,,,,,,0.035,,,,,784.3,784.2,,,,,,,,,,3678.6,2857.6,1044.1,0.0,784.2,0.0,1568.5,784.2,671553833,3678.6,2857.6,0.0,2857.6,1568.5,0.0,1044.1,671553833,20260910T054623Z,,,,,,,,,,,,,,,,,,,,,,,,,,,l3d_duckdb_vss_dense_search_small_r4.clientlog,,,1000000,128,10,1000,32,100,100,32,16,hnswlib_m_doubled_at_base,fp32,59.18,16896.7,{},1.768,2.066,3.306,1.808,9.055,551.2,980,20,0.9735,{},,l3d_dense.py,engine,container:0cdebe976601 (host unknown),dbbench:dense,1.5.5,unknown (PackageNotFoundError),,,,,,,,,,,,,,,,,,,,,,,,,,,,,,,,,,,,,,,,,,,,,,,,,,,,,,,,,,,,,,,,,,,,,,,,,,,,,,,,,,,,,,,,,,,,,,,,,,,,,,,,,,,,,,,,,,,,,,,,,,,,,,,,,,,,,,,,,,,,,,,,,,,,,,,,,,,,,,,,,,,,,,,,,,,,,,,,,,,,,,,,,
l3d_duckdb_vss_dense_search_small_r5,8d6af9475,l3d,duckdb_vss_dense,search,small,5,paper,0-11,embedded,16g,2026-09-10T05:47:26+00:00,,,,,,,,,0.1,784.3,did not converge,0,False,,0.521,1.5.5,,,,,,,,,,,,,,,,,,,,,0.037,,,,,784.3,784.2,,,,,,,,,,4448.1,2989.2,1047.4,0.0,1420.6,1272.5,1568.5,1420.6,672998234,4448.1,2989.2,0.0,2989.2,1568.5,1272.5,1047.4,672998234,20260910T054623Z,,,,,,,,,,,,,,,,,,,,,,,,,,,l3d_duckdb_vss_dense_search_small_r5.clientlog,,,1000000,128,10,1000,32,100,100,32,16,hnswlib_m_doubled_at_base,fp32,59.33,16854.9,{},1.77,2.132,3.044,1.811,12.41,550.1,980,20,0.9769,{},,l3d_dense.py,engine,container:8c598024c3f4 (host unknown),dbbench:dense,1.5.5,unknown (PackageNotFoundError),,,,,,,,,,,,,,,,,,,,,,,,,,,,,,,,,,,,,,,,,,,,,,,,,,,,,,,,,,,,,,,,,,,,,,,,,,,,,,,,,,,,,,,,,,,,,,,,,,,,,,,,,,,,,,,,,,,,,,,,,,,,,,,,,,,,,,,,,,,,,,,,,,,,,,,,,,,,,,,,,,,,,,,,,,,,,,,,,,,,,,,,,
l3d_lancedb_dense_search_small_r1,8d6af9475,l3d,lancedb_dense,search,small,1,paper,0-11,embedded,16g,2026-09-10T05:56:20+00:00,,,,,,,,,0.1,874.6,did not converge,0,False,,0.963,0.37.1,,,,,,,,,,,,,,,,,,,,,0.0,,,,,874.6,874.5,,,,,,,,,,2580.4,1933.9,1243.0,0.0,874.4,0.0,418.1,874.4,225843331,2580.4,1933.9,0.0,1933.9,418.1,0.0,1243.0,225843331,20260910T054623Z,,,,,,,,,,,,,,,,,,,,,,,,,,,l3d_lancedb_dense_search_small_r1.clientlog,,,1000000,128,10,1000,32,100,100,32,16,hnswlib_m_doubled_at_base,INT8,21.37,46787.8,{},1.462,1.9,2.526,1.527,10.444,652.9,980,20,0.9607,{},,l3d_dense.py,engine,container:307b00c732ea (host unknown),dbbench:dense,0.37.1,unknown (PackageNotFoundError),lancedb exposes no close(),,,,,,,,,,,,,,,,,,,,,,,,,,,,,,,,,,,,,,,,,,,,,,,,,,,,,,,,,,,,,,,,,,,,,,,,,,,,,,,,,,,,,,,,,,,,,,,,,,,,,,,,,,,,,,,,,,,,,,,,,,,,,,,,,,,,,,,,,,,,,,,,,,,,,,,,,,,,,,,,,,,,,,,,,,,,,,,,,,,,,,,,
l3d_lancedb_dense_search_small_r2,8d6af9475,l3d,lancedb_dense,search,small,2,paper,0-11,embedded,16g,2026-09-10T05:55:55+00:00,,,,,,,,,0.2,874.1,did not converge,0,False,,1.073,0.37.1,,,,,,,,,,,,,,,,,,,,,0.0,,,,,874.1,873.9,,,,,,,,,,2711.9,2008.1,1021.1,0.0,957.2,166.5,418.1,957.2,218890270,2711.9,2008.1,0.0,2008.1,418.1,166.5,1021.1,218890270,20260910T054623Z,,,,,,,,,,,,,,,,,,,,,,,,,,,l3d_lancedb_dense_search_small_r2.clientlog,,,1000000,128,10,1000,32,100,100,32,16,hnswlib_m_doubled_at_base,INT8,20.98,47662.3,{},1.429,1.72,1.826,1.452,2.543,686.3,980,20,0.9612,{},,l3d_dense.py,engine,container:33df25a17869 (host unknown),dbbench:dense,0.37.1,unknown (PackageNotFoundError),lancedb exposes no close(),,,,,,,,,,,,,,,,,,,,,,,,,,,,,,,,,,,,,,,,,,,,,,,,,,,,,,,,,,,,,,,,,,,,,,,,,,,,,,,,,,,,,,,,,,,,,,,,,,,,,,,,,,,,,,,,,,,,,,,,,,,,,,,,,,,,,,,,,,,,,,,,,,,,,,,,,,,,,,,,,,,,,,,,,,,,,,,,,,,,,,,,
l3d_lancedb_dense_search_small_r3,8d6af9475,l3d,lancedb_dense,search,small,3,paper,0-11,embedded,16g,2026-09-10T06:28:40+00:00,,,,,,,,,0.2,874.0,did not converge,0,False,,0.984,0.37.1,,,,,,,,,,,,,,,,,,,,,0.0,,,,,874.0,873.8,,,,,,,,,,2644.6,1998.2,1278.9,0.0,873.8,0.0,418.1,873.8,217790685,2644.6,1998.2,0.0,1998.2,418.1,0.0,1278.9,217790685,20260910T054623Z,,,,,,,,,,,,,,,,,,,,,,,,,,,l3d_lancedb_dense_search_small_r3.clientlog,,,1000000,128,10,1000,32,100,100,32,16,hnswlib_m_doubled_at_base,INT8,20.71,48280.1,{},1.444,1.722,1.822,1.462,2.518,682.1,980,20,0.9601,{},,l3d_dense.py,engine,container:d27870fff6a6 (host unknown),dbbench:dense,0.37.1,unknown (PackageNotFoundError),lancedb exposes no close(),,,,,,,,,,,,,,,,,,,,,,,,,,,,,,,,,,,,,,,,,,,,,,,,,,,,,,,,,,,,,,,,,,,,,,,,,,,,,,,,,,,,,,,,,,,,,,,,,,,,,,,,,,,,,,,,,,,,,,,,,,,,,,,,,,,,,,,,,,,,,,,,,,,,,,,,,,,,,,,,,,,,,,,,,,,,,,,,,,,,,,,,
l3d_lancedb_dense_search_small_r4,8d6af9475,l3d,lancedb_dense,search,small,4,paper,0-11,embedded,16g,2026-09-10T06:29:05+00:00,,,,,,,,,0.1,874.3,did not converge,0,False,,0.973,0.37.1,,,,,,,,,,,,,,,,,,,,,0.0,,,,,874.3,874.2,,,,,,,,,,2659.7,2012.0,857.5,0.0,874.1,0.0,418.1,874.1,227083307,2659.7,2012.0,0.0,2012.0,418.1,0.0,857.5,227083307,20260910T054623Z,,,,,,,,,,,,,,,,,,,,,,,,,,,l3d_lancedb_dense_search_small_r4.clientlog,,,1000000,128,10,1000,32,100,100,32,16,hnswlib_m_doubled_at_base,INT8,21.48,46554.3,{},1.49,1.771,1.888,1.51,2.624,660.0,980,20,0.9601,{},,l3d_dense.py,engine,container:b32f50b9a5a9 (host unknown),dbbench:dense,0.37.1,unknown (PackageNotFoundError),lancedb exposes no close(),,,,,,,,,,,,,,,,,,,,,,,,,,,,,,,,,,,,,,,,,,,,,,,,,,,,,,,,,,,,,,,,,,,,,,,,,,,,,,,,,,,,,,,,,,,,,,,,,,,,,,,,,,,,,,,,,,,,,,,,,,,,,,,,,,,,,,,,,,,,,,,,,,,,,,,,,,,,,,,,,,,,,,,,,,,,,,,,,,,,,,,,
l3d_lancedb_dense_search_small_r5,8d6af9475,l3d,lancedb_dense,search,small,5,paper,0-11,embedded,16g,2026-09-10T06:02:05+00:00,,,,,,,,,0.2,874.6,did not converge,0,False,,0.954,0.37.1,,,,,,,,,,,,,,,,,,,,,0.0,,,,,874.6,874.4,,,,,,,,,,2627.0,1980.3,1152.0,0.0,874.4,0.0,418.1,874.4,224902966,2627.0,1980.3,0.0,1980.3,418.1,0.0,1152.0,224902966,20260910T054623Z,,,,,,,,,,,,,,,,,,,,,,,,,,,l3d_lancedb_dense_search_small_r5.clientlog,,,1000000,128,10,1000,32,100,100,32,16,hnswlib_m_doubled_at_base,INT8,21.32,46914.5,{},1.473,1.931,2.317,1.531,2.685,651.3,980,20,0.9589,{},,l3d_dense.py,engine,container:03f5c353112a (host unknown),dbbench:dense,0.37.1,unknown (PackageNotFoundError),lancedb exposes no close(),,,,,,,,,,,,,,,,,,,,,,,,,,,,,,,,,,,,,,,,,,,,,,,,,,,,,,,,,,,,,,,,,,,,,,,,,,,,,,,,,,,,,,,,,,,,,,,,,,,,,,,,,,,,,,,,,,,,,,,,,,,,,,,,,,,,,,,,,,,,,,,,,,,,,,,,,,,,,,,,,,,,,,,,,,,,,,,,,,,,,,,,
l3d_milvus_dense_search_small_r1,8d6af9475,l3d,milvus_dense,search,small,1,paper,0-11,client_server,8g,2026-09-10T06:05:10+00:00,full+client,8g,16.0,0-11,milvusdb/milvus@sha256:0ea40276f8111f0183e72c8ee3144f3b9aafcd30571bd947de1ed0d22ee9dd56,milvusdb/milvus@sha256:0ea40276f8111f0183e72c8ee3144f3b9aafcd30571bd947de1ed0d22ee9dd56,16g,271.3,0.2,1.1,did not converge,0,False,,0.338,milvus:pkg/v2.6.13,,,,,,,,,,,,,,,,,,,,,0.0,1873.2,1873.2,0.0,True,1874.3,1602.8,5501.8,3571.5,990.1,0.0,1861.0,2.1,6508.9,1608.2,731474076,172.4,163.4,88.9,0.0,1.0,0.0,1.9,1.0,13867941,5674.2,3734.9,0.0,3734.9,6510.8,2.1,1079.0,745342017,20260910T054623Z,,,,,,,,,,,,,,,,,,,,,,,,,,,l3d_milvus_dense_search_small_r1.clientlog,"OCI runtime exec failed: exec failed: unable to start container process: exec: ""java"": executable file not found in $PAT",l3d_milvus_dense_search_small_r1.serverlog,1000000,128,10,1000,32,100,100,32,16,hnswlib_m_doubled_at_base,fp32,180.12,5551.9,"{'milvus_index_type': 'HNSW', 'milvus_state': 'Finished', 'milvus_indexed_rows': 1000000, 'milvus_total_rows': 1000000, 'milvus_pending_index_rows': 0, 'milvus_metric_type': 'L2', 'milvus_persistent_segments': 1, 'milvus_loaded_segments': 1, 'milvus_compactions_forced': 2, 'milvus_segments_trace': [2, 1, 1]}",1.005,1.488,1.999,1.06,6.659,939.0,980,20,0.9752,"{'milvus_index_type': 'HNSW', 'milvus_state': 'Finished', 'milvus_indexed_rows': 1000000, 'milvus_total_rows': 1000000, 'milvus_pending_index_rows': 0, 'milvus_metric_type': 'L2', 'milvus_persistent_segments': 1, 'milvus_loaded_segments': 1, 'milvus_compactions_forced': 2, 'milvus_segments_trace': [2, 1, 1]}",,l3d_dense.py,client,container:b7978b92403c (host unknown),dbbench:client,milvus:pkg/v2.6.13,unknown (PackageNotFoundError),,milvus run standalone,,,,,,,,,,,,,,,,,,,,,,,,,,,,,,,,,,,,,,,,,,,,,,,,,,,,,,,,,,,,,,,,,,,,,,,,,,,,,,,,,,,,,,,,,,,,,,,,,,,,,,,,,,,,,,,,,,,,,,,,,,,,,,,,,,,,,,,,,,,,,,,,,,,,,,,,,,,,,,,,,,,,,,,,,,,,,,,,,,,,,,,
l3d_milvus_dense_search_small_r2,8d6af9475,l3d,milvus_dense,search,small,2,paper,0-11,client_server,8g,2026-09-10T05:54:36+00:00,full+client,8g,16.0,0-11,milvusdb/milvus@sha256:0ea40276f8111f0183e72c8ee3144f3b9aafcd30571bd947de1ed0d22ee9dd56,milvusdb/milvus@sha256:0ea40276f8111f0183e72c8ee3144f3b9aafcd30571bd947de1ed0d22ee9dd56,16g,200.9,0.1,1.1,did not converge,0,False,,0.488,milvus:pkg/v2.6.13,,,,,,,,,,,,,,,,,,,,,0.0,1872.8,1872.8,0.0,True,1873.9,1672.9,5753.2,3585.3,1117.6,0.0,2097.4,498.2,6486.7,1856.0,725347174,266.8,163.5,72.7,0.0,94.2,186.5,1.9,94.2,13372373,6020.0,3748.8,0.0,3748.8,6488.6,684.7,1190.4,738719547,20260910T054623Z,,,,,,,,,,,,,,,,,,,,,,,,,,,l3d_milvus_dense_search_small_r2.clientlog,"OCI runtime exec failed: exec failed: unable to start container process: exec: ""java"": executable file not found in $PAT",l3d_milvus_dense_search_small_r2.serverlog,1000000,128,10,1000,32,100,100,32,16,hnswlib_m_doubled_at_base,fp32,179.52,5570.4,"{'milvus_index_type': 'HNSW', 'milvus_state': 'Finished', 'milvus_indexed_rows': 1000000, 'milvus_total_rows': 1000000, 'milvus_pending_index_rows': 0, 'milvus_metric_type': 'L2', 'milvus_persistent_segments': 1, 'milvus_loaded_segments': 1, 'milvus_compactions_forced': 2, 'milvus_segments_trace': [2, 1, 1]}",0.993,1.156,1.277,1.004,6.398,990.8,980,20,0.9754,"{'milvus_index_type': 'HNSW', 'milvus_state': 'Finished', 'milvus_indexed_rows': 1000000, 'milvus_total_rows': 1000000, 'milvus_pending_index_rows': 0, 'milvus_metric_type': 'L2', 'milvus_persistent_segments': 1, 'milvus_loaded_segments': 1, 'milvus_compactions_forced': 2, 'milvus_segments_trace': [2, 1, 1]}",,l3d_dense.py,client,container:02e5f67c3cd1 (host unknown),dbbench:client,milvus:pkg/v2.6.13,unknown (PackageNotFoundError),,milvus run standalone,,,,,,,,,,,,,,,,,,,,,,,,,,,,,,,,,,,,,,,,,,,,,,,,,,,,,,,,,,,,,,,,,,,,,,,,,,,,,,,,,,,,,,,,,,,,,,,,,,,,,,,,,,,,,,,,,,,,,,,,,,,,,,,,,,,,,,,,,,,,,,,,,,,,,,,,,,,,,,,,,,,,,,,,,,,,,,,,,,,,,,,
l3d_milvus_dense_search_small_r3,8d6af9475,l3d,milvus_dense,search,small,3,paper,0-11,client_server,8g,2026-09-10T06:13:14+00:00,full+client,8g,16.0,0-11,milvusdb/milvus@sha256:0ea40276f8111f0183e72c8ee3144f3b9aafcd30571bd947de1ed0d22ee9dd56,milvusdb/milvus@sha256:0ea40276f8111f0183e72c8ee3144f3b9aafcd30571bd947de1ed0d22ee9dd56,16g,200.9,0.1,1.1,did not converge,0,False,,0.345,milvus:pkg/v2.6.13,,,,,,,,,,,,,,,,,,,,,0.0,1873.4,1873.4,0.0,True,1874.5,1673.5,5462.2,3530.4,1034.5,0.0,1862.3,0.5,6513.2,1607.6,736968003,172.9,163.6,89.2,0.0,1.0,0.0,1.9,1.0,14011964,5635.1,3694.1,0.0,3694.1,6515.1,0.5,1123.7,750979967,20260910T054623Z,,,,,,,,,,,,,,,,,,,,,,,,,,,l3d_milvus_dense_search_small_r3.clientlog,"OCI runtime exec failed: exec failed: unable to start container process: exec: ""java"": executable file not found in $PAT",l3d_milvus_dense_search_small_r3.serverlog,1000000,128,10,1000,32,100,100,32,16,hnswlib_m_doubled_at_base,fp32,175.9,5685.2,"{'milvus_index_type': 'HNSW', 'milvus_state': 'Finished', 'milvus_indexed_rows': 1000000, 'milvus_total_rows': 1000000, 'milvus_pending_index_rows': 0, 'milvus_metric_type': 'L2', 'milvus_persistent_segments': 1, 'milvus_loaded_segments': 1, 'milvus_compactions_forced': 2, 'milvus_segments_trace': [2, 1, 1]}",0.995,1.534,2.206,1.046,2.506,951.3,980,20,0.9757,"{'milvus_index_type': 'HNSW', 'milvus_state': 'Finished', 'milvus_indexed_rows': 1000000, 'milvus_total_rows': 1000000, 'milvus_pending_index_rows': 0, 'milvus_metric_type': 'L2', 'milvus_persistent_segments': 1, 'milvus_loaded_segments': 1, 'milvus_compactions_forced': 2, 'milvus_segments_trace': [2, 1, 1]}",,l3d_dense.py,client,container:b951ba4f10ab (host unknown),dbbench:client,milvus:pkg/v2.6.13,unknown (PackageNotFoundError),,milvus run standalone,,,,,,,,,,,,,,,,,,,,,,,,,,,,,,,,,,,,,,,,,,,,,,,,,,,,,,,,,,,,,,,,,,,,,,,,,,,,,,,,,,,,,,,,,,,,,,,,,,,,,,,,,,,,,,,,,,,,,,,,,,,,,,,,,,,,,,,,,,,,,,,,,,,,,,,,,,,,,,,,,,,,,,,,,,,,,,,,,,,,,,,
l3d_milvus_dense_search_small_r4,8d6af9475,l3d,milvus_dense,search,small,4,paper,0-11,client_server,8g,2026-09-10T06:24:48+00:00,full+client,8g,16.0,0-11,milvusdb/milvus@sha256:0ea40276f8111f0183e72c8ee3144f3b9aafcd30571bd947de1ed0d22ee9dd56,milvusdb/milvus@sha256:0ea40276f8111f0183e72c8ee3144f3b9aafcd30571bd947de1ed0d22ee9dd56,16g,200.9,0.2,1.1,did not converge,0,False,,0.344,milvus:pkg/v2.6.13,,,,,,,,,,,,,,,,,,,,,0.0,1995.4,1995.4,0.0,True,1996.5,1795.4,5070.4,3284.8,1113.5,0.0,1729.5,0.2,5812.8,1729.5,503785415,172.5,163.4,89.3,0.0,1.0,0.0,1.9,1.0,13725358,5242.9,3448.2,0.0,3448.2,5814.7,0.2,1202.8,517510773,20260910T054623Z,,,,,,,,,,,,,,,,,,,,,,,,,,,l3d_milvus_dense_search_small_r4.clientlog,"OCI runtime exec failed: exec failed: unable to start container process: exec: ""java"": executable file not found in $PAT",l3d_milvus_dense_search_small_r4.serverlog,1000000,128,10,1000,32,100,100,32,16,hnswlib_m_doubled_at_base,fp32,123.97,8066.7,"{'milvus_index_type': 'HNSW', 'milvus_state': 'Finished', 'milvus_indexed_rows': 1000000, 'milvus_total_rows': 1000000, 'milvus_pending_index_rows': 0, 'milvus_metric_type': 'L2', 'milvus_persistent_segments': 1, 'milvus_loaded_segments': 1, 'milvus_compactions_forced': 1, 'milvus_segments_trace': [1, 1]}",0.994,1.143,1.308,1.004,6.377,991.1,980,20,0.9753,"{'milvus_index_type': 'HNSW', 'milvus_state': 'Finished', 'milvus_indexed_rows': 1000000, 'milvus_total_rows': 1000000, 'milvus_pending_index_rows': 0, 'milvus_metric_type': 'L2', 'milvus_persistent_segments': 1, 'milvus_loaded_segments': 1, 'milvus_compactions_forced': 1, 'milvus_segments_trace': [1, 1]}",,l3d_dense.py,client,container:75719bdd73a1 (host unknown),dbbench:client,milvus:pkg/v2.6.13,unknown (PackageNotFoundError),,milvus run standalone,,,,,,,,,,,,,,,,,,,,,,,,,,,,,,,,,,,,,,,,,,,,,,,,,,,,,,,,,,,,,,,,,,,,,,,,,,,,,,,,,,,,,,,,,,,,,,,,,,,,,,,,,,,,,,,,,,,,,,,,,,,,,,,,,,,,,,,,,,,,,,,,,,,,,,,,,,,,,,,,,,,,,,,,,,,,,,,,,,,,,,,
l3d_milvus_dense_search_small_r5,8d6af9475,l3d,milvus_dense,search,small,5,paper,0-11,client_server,8g,2026-09-10T06:08:16+00:00,full+client,8g,16.0,0-11,milvusdb/milvus@sha256:0ea40276f8111f0183e72c8ee3144f3b9aafcd30571bd947de1ed0d22ee9dd56,milvusdb/milvus@sha256:0ea40276f8111f0183e72c8ee3144f3b9aafcd30571bd947de1ed0d22ee9dd56,16g,200.9,0.1,1.1,did not converge,0,False,,0.328,milvus:pkg/v2.6.13,,,,,,,,,,,,,,,,,,,,,0.0,1873.8,1873.8,0.0,True,1874.9,1673.9,5510.1,3524.6,1711.5,0.0,1873.3,2.0,6533.6,1608.8,738313583,173.1,164.2,89.0,0.0,1.0,0.0,1.9,1.0,13004620,5683.3,3688.8,0.0,3688.8,6535.5,2.0,1800.5,751318203,20260910T054623Z,,,,,,,,,,,,,,,,,,,,,,,,,,,l3d_milvus_dense_search_small_r5.clientlog,"OCI runtime exec failed: exec failed: unable to start container process: exec: ""java"": executable file not found in $PAT",l3d_milvus_dense_search_small_r5.serverlog,1000000,128,10,1000,32,100,100,32,16,hnswlib_m_doubled_at_base,fp32,178.84,5591.6,"{'milvus_index_type': 'HNSW', 'milvus_state': 'Finished', 'milvus_indexed_rows': 1000000, 'milvus_total_rows': 1000000, 'milvus_pending_index_rows': 0, 'milvus_metric_type': 'L2', 'milvus_persistent_segments': 1, 'milvus_loaded_segments': 1, 'milvus_compactions_forced': 2, 'milvus_segments_trace': [2, 1, 1]}",1.005,1.795,2.123,1.096,6.437,907.6,980,20,0.9749,"{'milvus_index_type': 'HNSW', 'milvus_state': 'Finished', 'milvus_indexed_rows': 1000000, 'milvus_total_rows': 1000000, 'milvus_pending_index_rows': 0, 'milvus_metric_type': 'L2', 'milvus_persistent_segments': 1, 'milvus_loaded_segments': 1, 'milvus_compactions_forced': 2, 'milvus_segments_trace': [2, 1, 1]}",,l3d_dense.py,client,container:c066386d60d5 (host unknown),dbbench:client,milvus:pkg/v2.6.13,unknown (PackageNotFoundError),,milvus run standalone,,,,,,,,,,,,,,,,,,,,,,,,,,,,,,,,,,,,,,,,,,,,,,,,,,,,,,,,,,,,,,,,,,,,,,,,,,,,,,,,,,,,,,,,,,,,,,,,,,,,,,,,,,,,,,,,,,,,,,,,,,,,,,,,,,,,,,,,,,,,,,,,,,,,,,,,,,,,,,,,,,,,,,,,,,,,,,,,,,,,,,,
l3d_neo4j_dense_search_small_r1,8d6af9475,l3d,neo4j_dense,search,small,1,paper,0-11,client_server,8g,2026-09-12T02:35:12+00:00,full+client,8g,16.0,0-11,neo4j@sha256:1ee8f6fa220f9a4f194d07caa82e12120ee501c06cb38eb245e530737cbdb15b,neo4j@sha256:1ee8f6fa220f9a4f194d07caa82e12120ee501c06cb38eb245e530737cbdb15b,16g,887.3,0.3,1.1,,0,False,,1.235,neo4j:2026.07.1,,,,,,,,,,,,,,,,,,,,,0.0,4062.6,371.4,3691.3,True,4063.7,3176.1,11159.3,10058.8,10046.0,0.0,1037.2,0.0,4670.2,1037.2,170559095,239.6,232.3,148.3,0.0,1.0,0.0,1.9,1.0,118262787,11398.8,10291.1,0.0,10291.1,4672.1,0.0,10194.3,288821882,20260912T021817Z,,,,,,,,,,,,,,,,,,,,,,,,,,,l3d_neo4j_dense_search_small_r1.clientlog,,l3d_neo4j_dense_search_small_r1.serverlog,1000000,128,10,1000,32,100,100,32,16,hnswlib_m_doubled_at_base,fp32,173.1,5777.2,{},11.582,13.403,17.688,11.562,21.335,86.4,980,20,0.9938,{},8g,l3d_dense.py,client,container:0d5b96d27d83 (host unknown),dbbench:client,neo4j:2026.07.1,unknown (PackageNotFoundError),,,,,,,,,,,,,,,,,,,,,,,,,,,,,,,,,8g,7.0g,,,,,,,,,,,,,,,,,,,,,,,,,,,,,,,,,,,,,,,,,,,,,,,,,,,,,,,,,,,,,,,,,,,,,,,,,,,,,,,,,,,,,,,,,,,,,,,,,,,,,,,,,,,,,,,,,,,,,,,,,,,,,,,,,,,,,,,,,,,,,,,,,,,,,,2026-09-12 BUGS F36: stamp table lacked the September arms; value is COMPARATOR_M passed to CREATE VECTOR INDEX at this commit,
l3d_neo4j_dense_search_small_r2,8d6af9475,l3d,neo4j_dense,search,small,2,paper,0-11,client_server,8g,2026-09-12T02:25:04+00:00,full+client,8g,16.0,0-11,neo4j@sha256:1ee8f6fa220f9a4f194d07caa82e12120ee501c06cb38eb245e530737cbdb15b,neo4j@sha256:1ee8f6fa220f9a4f194d07caa82e12120ee501c06cb38eb245e530737cbdb15b,16g,887.4,0.3,1.1,,0,False,,1.232,neo4j:2026.07.1,,,,,,,,,,,,,,,,,,,,,0.0,4062.6,371.4,3691.2,True,4063.7,3176.0,11155.7,10038.5,10038.5,0.0,1037.2,0.0,4670.1,1037.2,171572616,239.5,232.2,148.2,0.0,1.0,0.0,1.9,1.0,119400333,11395.2,10270.7,0.0,10270.7,4672.0,0.0,10186.7,290972949,20260912T021817Z,,,,,,,,,,,,,,,,,,,,,,,,,,,l3d_neo4j_dense_search_small_r2.clientlog,,l3d_neo4j_dense_search_small_r2.serverlog,1000000,128,10,1000,32,100,100,32,16,hnswlib_m_doubled_at_base,fp32,173.79,5754.0,{},11.722,13.541,17.256,11.694,20.607,85.5,980,20,0.9937,{},8g,l3d_dense.py,client,container:8080d0c22142 (host unknown),dbbench:client,neo4j:2026.07.1,unknown (PackageNotFoundError),,,,,,,,,,,,,,,,,,,,,,,,,,,,,,,,,8g,7.0g,,,,,,,,,,,,,,,,,,,,,,,,,,,,,,,,,,,,,,,,,,,,,,,,,,,,,,,,,,,,,,,,,,,,,,,,,,,,,,,,,,,,,,,,,,,,,,,,,,,,,,,,,,,,,,,,,,,,,,,,,,,,,,,,,,,,,,,,,,,,,,,,,,,,,,2026-09-12 BUGS F36: stamp table lacked the September arms; value is COMPARATOR_M passed to CREATE VECTOR INDEX at this commit,
l3d_neo4j_dense_search_small_r3,8d6af9475,l3d,neo4j_dense,search,small,3,paper,0-11,client_server,8g,2026-09-12T02:28:29+00:00,full+client,8g,16.0,0-11,neo4j@sha256:1ee8f6fa220f9a4f194d07caa82e12120ee501c06cb38eb245e530737cbdb15b,neo4j@sha256:1ee8f6fa220f9a4f194d07caa82e12120ee501c06cb38eb245e530737cbdb15b,16g,887.3,0.3,1.1,,0,False,,1.227,neo4j:2026.07.1,,,,,,,,,,,,,,,,,,,,,0.0,4062.6,371.4,3691.2,True,4063.7,3176.1,11153.7,10034.0,10034.0,0.0,1037.2,0.0,4670.2,1037.2,171681854,238.7,231.9,149.3,0.0,0.9,0.0,1.9,0.9,120233859,11392.4,10265.9,0.0,10265.9,4672.1,0.0,10183.3,291915713,20260912T021817Z,,,,,,,,,,,,,,,,,,,,,,,,,,,l3d_neo4j_dense_search_small_r3.clientlog,,l3d_neo4j_dense_search_small_r3.serverlog,1000000,128,10,1000,32,100,100,32,16,hnswlib_m_doubled_at_base,fp32,175.51,5697.6,{},11.788,13.632,16.02,11.766,21.577,84.9,980,20,0.9935,{},8g,l3d_dense.py,client,container:60e01057275a (host unknown),dbbench:client,neo4j:2026.07.1,unknown (PackageNotFoundError),,,,,,,,,,,,,,,,,,,,,,,,,,,,,,,,,8g,7.0g,,,,,,,,,,,,,,,,,,,,,,,,,,,,,,,,,,,,,,,,,,,,,,,,,,,,,,,,,,,,,,,,,,,,,,,,,,,,,,,,,,,,,,,,,,,,,,,,,,,,,,,,,,,,,,,,,,,,,,,,,,,,,,,,,,,,,,,,,,,,,,,,,,,,,,2026-09-12 BUGS F36: stamp table lacked the September arms; value is COMPARATOR_M passed to CREATE VECTOR INDEX at this commit,
l3d_neo4j_dense_search_small_r4,8d6af9475,l3d,neo4j_dense,search,small,4,paper,0-11,client_server,8g,2026-09-12T02:21:42+00:00,full+client,8g,16.0,0-11,neo4j@sha256:1ee8f6fa220f9a4f194d07caa82e12120ee501c06cb38eb245e530737cbdb15b,neo4j@sha256:1ee8f6fa220f9a4f194d07caa82e12120ee501c06cb38eb245e530737cbdb15b,16g,887.3,0.3,1.1,,0,False,,1.207,neo4j:2026.07.1,,,,,,,,,,,,,,,,,,,,,0.0,4062.5,371.4,3691.2,True,4063.6,3176.0,11162.7,10037.1,10033.5,0.0,1046.2,16.8,4675.0,1046.2,170235388,239.4,232.4,148.3,0.0,1.1,0.1,1.9,1.1,118175751,11402.0,10269.5,0.0,10269.5,4676.9,16.8,10181.8,288411139,20260912T021817Z,,,,,,,,,,,,,,,,,,,,,,,,,,,l3d_neo4j_dense_search_small_r4.clientlog,,l3d_neo4j_dense_search_small_r4.serverlog,1000000,128,10,1000,32,100,100,32,16,hnswlib_m_doubled_at_base,fp32,172.76,5788.3,{},11.793,13.602,17.887,11.786,20.868,84.8,980,20,0.9933,{},8g,l3d_dense.py,client,container:4d271c536130 (host unknown),dbbench:client,neo4j:2026.07.1,unknown (PackageNotFoundError),,,,,,,,,,,,,,,,,,,,,,,,,,,,,,,,,8g,7.0g,,,,,,,,,,,,,,,,,,,,,,,,,,,,,,,,,,,,,,,,,,,,,,,,,,,,,,,,,,,,,,,,,,,,,,,,,,,,,,,,,,,,,,,,,,,,,,,,,,,,,,,,,,,,,,,,,,,,,,,,,,,,,,,,,,,,,,,,,,,,,,,,,,,,,,2026-09-12 BUGS F36: stamp table lacked the September arms; value is COMPARATOR_M passed to CREATE VECTOR INDEX at this commit,
l3d_neo4j_dense_search_small_r5,8d6af9475,l3d,neo4j_dense,search,small,5,paper,0-11,client_server,8g,2026-09-12T02:31:51+00:00,full+client,8g,16.0,0-11,neo4j@sha256:1ee8f6fa220f9a4f194d07caa82e12120ee501c06cb38eb245e530737cbdb15b,neo4j@sha256:1ee8f6fa220f9a4f194d07caa82e12120ee501c06cb38eb245e530737cbdb15b,16g,887.3,0.3,1.1,,0,False,,1.233,neo4j:2026.07.1,,,,,,,,,,,,,,,,,,,,,0.0,4062.6,371.4,3691.2,True,4063.7,3176.1,11162.0,10047.4,10043.1,0.0,1037.1,0.0,4670.2,1037.1,171474590,239.4,232.4,135.8,0.0,1.0,0.0,1.9,1.0,118906267,11401.4,10279.8,0.0,10279.8,4672.1,0.0,10179.0,290380857,20260912T021817Z,,,,,,,,,,,,,,,,,,,,,,,,,,,l3d_neo4j_dense_search_small_r5.clientlog,,l3d_neo4j_dense_search_small_r5.serverlog,1000000,128,10,1000,32,100,100,32,16,hnswlib_m_doubled_at_base,fp32,173.73,5756.1,{},11.816,13.655,16.251,11.752,20.739,85.0,980,20,0.9935,{},8g,l3d_dense.py,client,container:ae5376c17460 (host unknown),dbbench:client,neo4j:2026.07.1,unknown (PackageNotFoundError),,,,,,,,,,,,,,,,,,,,,,,,,,,,,,,,,8g,7.0g,,,,,,,,,,,,,,,,,,,,,,,,,,,,,,,,,,,,,,,,,,,,,,,,,,,,,,,,,,,,,,,,,,,,,,,,,,,,,,,,,,,,,,,,,,,,,,,,,,,,,,,,,,,,,,,,,,,,,,,,,,,,,,,,,,,,,,,,,,,,,,,,,,,,,,2026-09-12 BUGS F36: stamp table lacked the September arms; value is COMPARATOR_M passed to CREATE VECTOR INDEX at this commit,
l3d_qdrant_dense_search_small_r1,8d6af9475,l3d,qdrant_dense,search,small,1,paper,0-11,client_server,8g,2026-09-10T06:35:48+00:00,full+client,8g,16.0,0-11,qdrant/qdrant@sha256:75eab8c4ba42096724fdcfde8b4de0b5713d529dde32f285a1f86fdcb2c9e50c,qdrant/qdrant@sha256:75eab8c4ba42096724fdcfde8b4de0b5713d529dde32f285a1f86fdcb2c9e50c,16g,0.0,0.4,1.0,did not converge,0,False,,0.524,qdrant:1.18.2,,,,,,,,,,,,,,,,,,,,,0.0,602.6,602.6,0.0,True,603.6,603.2,1857.9,515.5,204.2,0.0,1268.0,40.7,3385.1,678.4,222019013,163.5,155.4,116.4,0.0,0.8,0.0,1.7,0.8,17169107,2021.4,670.8,0.0,670.8,3386.8,40.7,320.6,239188120,20260910T054623Z,,,,,,,,,,,,,,,,,,,,,,,,,,,l3d_qdrant_dense_search_small_r1.clientlog,"OCI runtime exec failed: exec failed: unable to start container process: exec: ""java"": executable file not found in $PAT",l3d_qdrant_dense_search_small_r1.serverlog,1000000,128,10,1000,32,100,100,32,16,hnswlib_m_doubled_at_base,fp32,42.09,23759.3,{},1.047,1.223,1.356,1.057,1.543,942.3,980,20,0.9956,{},,l3d_dense.py,client,container:366593306c17 (host unknown),dbbench:client,qdrant:1.18.2,unknown (PackageNotFoundError),,,,,,,,,,,,,,,,,,,,,,,,,,,,,,,,,,,,,,,,,,,,,,,,,,,,,,,,,,,,,,,,,,,,,,,,,,,,,,,,,,,,,,,,,,,,,,,,,,,,,,,,,,,,,,,,,,,,,,,,,,,,,,,,,,,,,,,,,,,,,,,,,,,,,,,,,,,,,,,,,,,,,,,,,,,,,,,,,,,,,,,,,
l3d_qdrant_dense_search_small_r2,8d6af9475,l3d,qdrant_dense,search,small,2,paper,0-11,client_server,8g,2026-09-10T06:09:08+00:00,full+client,8g,16.0,0-11,qdrant/qdrant@sha256:75eab8c4ba42096724fdcfde8b4de0b5713d529dde32f285a1f86fdcb2c9e50c,qdrant/qdrant@sha256:75eab8c4ba42096724fdcfde8b4de0b5713d529dde32f285a1f86fdcb2c9e50c,16g,0.0,0.4,1.0,did not converge,0,False,,0.541,qdrant:1.18.2,,,,,,,,,,,,,,,,,,,,,0.0,602.6,602.6,0.0,True,603.6,603.2,1845.0,563.0,177.4,0.0,1260.7,43.3,3494.4,646.6,224984819,163.8,149.7,102.8,0.0,0.9,0.0,1.7,0.9,18063025,2008.8,712.8,0.0,712.8,3496.1,43.3,280.2,243047844,20260910T054623Z,,,,,,,,,,,,,,,,,,,,,,,,,,,l3d_qdrant_dense_search_small_r2.clientlog,"OCI runtime exec failed: exec failed: unable to start container process: exec: ""java"": executable file not found in $PAT",l3d_qdrant_dense_search_small_r2.serverlog,1000000,128,10,1000,32,100,100,32,16,hnswlib_m_doubled_at_base,fp32,43.2,23148.2,{},1.132,1.352,1.464,1.144,1.537,871.0,980,20,0.9955,{},,l3d_dense.py,client,container:385079e12929 (host unknown),dbbench:client,qdrant:1.18.2,unknown (PackageNotFoundError),,,,,,,,,,,,,,,,,,,,,,,,,,,,,,,,,,,,,,,,,,,,,,,,,,,,,,,,,,,,,,,,,,,,,,,,,,,,,,,,,,,,,,,,,,,,,,,,,,,,,,,,,,,,,,,,,,,,,,,,,,,,,,,,,,,,,,,,,,,,,,,,,,,,,,,,,,,,,,,,,,,,,,,,,,,,,,,,,,,,,,,,,
l3d_qdrant_dense_search_small_r3,8d6af9475,l3d,qdrant_dense,search,small,3,paper,0-11,client_server,8g,2026-09-10T05:55:27+00:00,full+client,8g,16.0,0-11,qdrant/qdrant@sha256:75eab8c4ba42096724fdcfde8b4de0b5713d529dde32f285a1f86fdcb2c9e50c,qdrant/qdrant@sha256:75eab8c4ba42096724fdcfde8b4de0b5713d529dde32f285a1f86fdcb2c9e50c,16g,0.0,0.1,1.0,did not converge,0,False,,0.572,qdrant:1.18.2,,,,,,,,,,,,,,,,,,,,,0.0,602.4,602.4,0.0,True,603.4,603.3,1875.4,534.2,187.0,0.0,1307.5,129.5,3431.0,690.1,222385819,177.4,155.4,115.3,0.0,12.3,22.9,1.7,12.3,17755654,2052.9,689.6,0.0,689.6,3432.7,152.4,302.4,240141473,20260910T054623Z,,,,,,,,,,,,,,,,,,,,,,,,,,,l3d_qdrant_dense_search_small_r3.clientlog,"OCI runtime exec failed: exec failed: unable to start container process: exec: ""java"": executable file not found in $PAT",l3d_qdrant_dense_search_small_r3.serverlog,1000000,128,10,1000,32,100,100,32,16,hnswlib_m_doubled_at_base,fp32,42.85,23336.4,{},1.026,1.247,1.363,1.046,1.505,951.9,980,20,0.9952,{},,l3d_dense.py,client,container:5fb8048b7b2f (host unknown),dbbench:client,qdrant:1.18.2,unknown (PackageNotFoundError),,,,,,,,,,,,,,,,,,,,,,,,,,,,,,,,,,,,,,,,,,,,,,,,,,,,,,,,,,,,,,,,,,,,,,,,,,,,,,,,,,,,,,,,,,,,,,,,,,,,,,,,,,,,,,,,,,,,,,,,,,,,,,,,,,,,,,,,,,,,,,,,,,,,,,,,,,,,,,,,,,,,,,,,,,,,,,,,,,,,,,,,,
l3d_qdrant_dense_search_small_r4,8d6af9475,l3d,qdrant_dense,search,small,4,paper,0-11,client_server,8g,2026-09-10T06:29:54+00:00,full+client,8g,16.0,0-11,qdrant/qdrant@sha256:75eab8c4ba42096724fdcfde8b4de0b5713d529dde32f285a1f86fdcb2c9e50c,qdrant/qdrant@sha256:75eab8c4ba42096724fdcfde8b4de0b5713d529dde32f285a1f86fdcb2c9e50c,16g,0.0,0.2,1.0,did not converge,0,False,,0.559,qdrant:1.18.2,,,,,,,,,,,,,,,,,,,,,0.0,602.6,602.6,0.0,True,603.6,603.4,1841.9,538.5,192.6,0.0,1254.9,43.6,3500.2,646.6,223884212,163.1,155.2,117.4,0.0,0.8,0.0,1.7,0.8,17858257,2005.0,693.7,0.0,693.7,3501.9,43.6,310.0,241742469,20260910T054623Z,,,,,,,,,,,,,,,,,,,,,,,,,,,l3d_qdrant_dense_search_small_r4.clientlog,"OCI runtime exec failed: exec failed: unable to start container process: exec: ""java"": executable file not found in $PAT",l3d_qdrant_dense_search_small_r4.serverlog,1000000,128,10,1000,32,100,100,32,16,hnswlib_m_doubled_at_base,fp32,44.73,22357.8,{},1.137,1.313,1.387,1.143,1.451,871.5,980,20,0.9964,{},,l3d_dense.py,client,container:885cf3283205 (host unknown),dbbench:client,qdrant:1.18.2,unknown (PackageNotFoundError),,,,,,,,,,,,,,,,,,,,,,,,,,,,,,,,,,,,,,,,,,,,,,,,,,,,,,,,,,,,,,,,,,,,,,,,,,,,,,,,,,,,,,,,,,,,,,,,,,,,,,,,,,,,,,,,,,,,,,,,,,,,,,,,,,,,,,,,,,,,,,,,,,,,,,,,,,,,,,,,,,,,,,,,,,,,,,,,,,,,,,,,,
l3d_qdrant_dense_search_small_r5,8d6af9475,l3d,qdrant_dense,search,small,5,paper,0-11,client_server,8g,2026-09-10T06:28:12+00:00,full+client,8g,16.0,0-11,qdrant/qdrant@sha256:75eab8c4ba42096724fdcfde8b4de0b5713d529dde32f285a1f86fdcb2c9e50c,qdrant/qdrant@sha256:75eab8c4ba42096724fdcfde8b4de0b5713d529dde32f285a1f86fdcb2c9e50c,16g,0.0,0.2,1.0,did not converge,0,False,,0.525,qdrant:1.18.2,,,,,,,,,,,,,,,,,,,,,0.0,602.6,602.6,0.0,True,603.6,603.4,1783.6,524.6,182.1,0.0,1248.1,43.5,3469.7,646.8,235355396,163.0,155.4,103.8,0.0,0.9,0.0,1.7,0.9,17828130,1946.6,680.0,0.0,680.0,3471.4,43.5,285.9,253183526,20260910T054623Z,,,,,,,,,,,,,,,,,,,,,,,,,,,l3d_qdrant_dense_search_small_r5.clientlog,"OCI runtime exec failed: exec failed: unable to start container process: exec: ""java"": executable file not found in $PAT",l3d_qdrant_dense_search_small_r5.serverlog,1000000,128,10,1000,32,100,100,32,16,hnswlib_m_doubled_at_base,fp32,42.74,23396.6,{},1.03,1.248,1.359,1.05,1.439,947.8,980,20,0.9945,{},,l3d_dense.py,client,container:cfca663a6b98 (host unknown),dbbench:client,qdrant:1.18.2,unknown (PackageNotFoundError),,,,,,,,,,,,,,,,,,,,,,,,,,,,,,,,,,,,,,,,,,,,,,,,,,,,,,,,,,,,,,,,,,,,,,,,,,,,,,,,,,,,,,,,,,,,,,,,,,,,,,,,,,,,,,,,,,,,,,,,,,,,,,,,,,,,,,,,,,,,,,,,,,,,,,,,,,,,,,,,,,,,,,,,,,,,,,,,,,,,,,,,,
l3d_sqlite_vec_dense_search_small_r1,8d6af9475,l3d,sqlite_vec_dense,search,small,1,paper,0-11,embedded,16g,2026-09-10T05:51:32+00:00,,,,,,,,,0.2,511.5,did not converge,0,False,,0.023,0.1.9,,,,,,,,,,,,,,,,,,,,,0.0,,,,,511.5,511.3,,,,,,,,,,571.2,40.1,40.1,0.0,511.4,0.0,1143.5,511.4,120656889,571.2,40.1,0.0,40.1,1143.5,0.0,40.1,120656889,20260910T054623Z,,,,,,,,,,,,,,,,,,,,,,,,,,,l3d_sqlite_vec_dense_search_small_r1.clientlog,,,1000000,128,10,1000,32,100,100,32,,exact_scan_no_ann,fp32,7.5,133250.2,{},114.674,115.565,116.271,114.802,122.013,8.7,980,20,0.9991,{},,l3d_dense.py,engine,container:fea4c18c8c86 (host unknown),dbbench:dense,0.1.9,unknown (PackageNotFoundError),,,,,,,,,,,,,,,,,,,,,,,,,,,,,,,,,,,,,,,,,,,,,,,,,,,,,,,,,,,,,,,,,,,,,,,,,,,,,,,,,,,,,,,,,,,,,,,,,,,,,,,,,,,,,,,,,,,,,,,,,,,,,,,,,,,,,,,,,,,,,,,,,,,,,,,,,,,,,,,,,,,,,,,,,,,,,,,,,,,,,,,,,
l3d_sqlite_vec_dense_search_small_r2,8d6af9475,l3d,sqlite_vec_dense,search,small,2,paper,0-11,embedded,16g,2026-09-10T06:00:38+00:00,,,,,,,,,0.1,511.5,did not converge,0,False,,0.022,0.1.9,,,,,,,,,,,,,,,,,,,,,0.0,,,,,511.5,511.4,,,,,,,,,,571.3,40.1,40.1,0.0,511.4,0.0,1143.5,511.4,124577198,571.3,40.1,0.0,40.1,1143.5,0.0,40.1,124577198,20260910T054623Z,,,,,,,,,,,,,,,,,,,,,,,,,,,l3d_sqlite_vec_dense_search_small_r2.clientlog,,,1000000,128,10,1000,32,100,100,32,,exact_scan_no_ann,fp32,8.78,113903.5,{},118.299,119.459,120.187,118.438,125.764,8.4,980,20,0.9991,{},,l3d_dense.py,engine,container:b54a4d212e73 (host unknown),dbbench:dense,0.1.9,unknown (PackageNotFoundError),,,,,,,,,,,,,,,,,,,,,,,,,,,,,,,,,,,,,,,,,,,,,,,,,,,,,,,,,,,,,,,,,,,,,,,,,,,,,,,,,,,,,,,,,,,,,,,,,,,,,,,,,,,,,,,,,,,,,,,,,,,,,,,,,,,,,,,,,,,,,,,,,,,,,,,,,,,,,,,,,,,,,,,,,,,,,,,,,,,,,,,,,
l3d_sqlite_vec_dense_search_small_r3,8d6af9475,l3d,sqlite_vec_dense,search,small,3,paper,0-11,embedded,16g,2026-09-10T05:58:30+00:00,,,,,,,,,0.2,511.5,did not converge,0,False,,0.024,0.1.9,,,,,,,,,,,,,,,,,,,,,0.0,,,,,511.5,511.3,,,,,,,,,,570.4,40.1,40.1,0.0,511.4,0.0,1143.5,511.4,126479339,570.4,40.1,0.0,40.1,1143.5,0.0,40.1,126479339,20260910T054623Z,,,,,,,,,,,,,,,,,,,,,,,,,,,l3d_sqlite_vec_dense_search_small_r3.clientlog,,,1000000,128,10,1000,32,100,100,32,,exact_scan_no_ann,fp32,8.07,123976.9,{},120.025,121.234,122.047,120.192,127.425,8.3,980,20,0.9991,{},,l3d_dense.py,engine,container:210f14f81f4d (host unknown),dbbench:dense,0.1.9,unknown (PackageNotFoundError),,,,,,,,,,,,,,,,,,,,,,,,,,,,,,,,,,,,,,,,,,,,,,,,,,,,,,,,,,,,,,,,,,,,,,,,,,,,,,,,,,,,,,,,,,,,,,,,,,,,,,,,,,,,,,,,,,,,,,,,,,,,,,,,,,,,,,,,,,,,,,,,,,,,,,,,,,,,,,,,,,,,,,,,,,,,,,,,,,,,,,,,,
l3d_sqlite_vec_dense_search_small_r4,8d6af9475,l3d,sqlite_vec_dense,search,small,4,paper,0-11,embedded,16g,2026-09-10T06:18:01+00:00,,,,,,,,,0.2,511.5,did not converge,0,False,,0.023,0.1.9,,,,,,,,,,,,,,,,,,,,,0.0,,,,,511.5,511.3,,,,,,,,,,571.4,40.1,40.1,0.0,511.4,0.0,1143.5,511.4,126498428,571.4,40.1,0.0,40.1,1143.5,0.0,40.1,126498428,20260910T054623Z,,,,,,,,,,,,,,,,,,,,,,,,,,,l3d_sqlite_vec_dense_search_small_r4.clientlog,,,1000000,128,10,1000,32,100,100,32,,exact_scan_no_ann,fp32,8.13,123075.3,{},120.312,121.375,122.276,120.458,127.707,8.3,980,20,0.9991,{},,l3d_dense.py,engine,container:9b11fc36c3af (host unknown),dbbench:dense,0.1.9,unknown (PackageNotFoundError),,,,,,,,,,,,,,,,,,,,,,,,,,,,,,,,,,,,,,,,,,,,,,,,,,,,,,,,,,,,,,,,,,,,,,,,,,,,,,,,,,,,,,,,,,,,,,,,,,,,,,,,,,,,,,,,,,,,,,,,,,,,,,,,,,,,,,,,,,,,,,,,,,,,,,,,,,,,,,,,,,,,,,,,,,,,,,,,,,,,,,,,,
l3d_sqlite_vec_dense_search_small_r5,8d6af9475,l3d,sqlite_vec_dense,search,small,5,paper,0-11,embedded,16g,2026-09-10T05:49:29+00:00,,,,,,,,,0.2,511.5,did not converge,0,False,,0.032,0.1.9,,,,,,,,,,,,,,,,,,,,,0.009,,,,,511.5,511.3,,,,,,,,,,572.2,40.1,40.1,0.0,513.2,3.4,1143.5,513.2,120602444,572.2,40.1,0.0,40.1,1143.5,3.4,40.1,120602444,20260910T054623Z,,,,,,,,,,,,,,,,,,,,,,,,,,,l3d_sqlite_vec_dense_search_small_r5.clientlog,,,1000000,128,10,1000,32,100,100,32,,exact_scan_no_ann,fp32,8.05,124148.5,{},114.454,115.646,116.427,114.603,119.715,8.7,980,20,0.9991,{},,l3d_dense.py,engine,container:ddc3d3286cb8 (host unknown),dbbench:dense,0.1.9,unknown (PackageNotFoundError),,,,,,,,,,,,,,,,,,,,,,,,,,,,,,,,,,,,,,,,,,,,,,,,,,,,,,,,,,,,,,,,,,,,,,,,,,,,,,,,,,,,,,,,,,,,,,,,,,,,,,,,,,,,,,,,,,,,,,,,,,,,,,,,,,,,,,,,,,,,,,,,,,,,,,,,,,,,,,,,,,,,,,,,,,,,,,,,,,,,,,,,,
l3s_arcadedb_sparse_embedded_search_medium_r1,8d6af9475,l3s,arcadedb_sparse_embedded,search,medium,1,paper,0-11,embedded,32g,2026-09-04T02:16:12+00:00,,,,,,,,,0.1,13394.6,did not converge,0,False,,0.608,26.9.1.dev0,,,,,,,,,,,,,,,,,,,,,0.194,,,,,13394.6,13394.5,,,,,,,,,,32768.0,17181.7,18.5,0.0,15412.0,197.9,66065.1,11344.5,2074936680,32768.0,17181.7,0.0,17181.7,66065.1,197.9,18.5,2074936680,20260903T210007Z,,,,,,,,,,,,,,,,,,,,,,,,,,,l3s_arcadedb_sparse_embedded_search_medium_r1.clientlog,,,8841823,30109,10,1000,,,,,,,,919.68,9614.0,,85.579,239.806,305.544,105.567,,9.5,,,0.9914,,16g,l3_sparse.py,engine,container:9645b2d0a026 (host unknown),dbbench:arcadedb,,,,,,,,,,,,,,,,,,,,,,,,,,,,,,,,,,,,,,,,,,,,,,,,,,,,,,,,,,,0.0,0.0,995,106.07,0.28,1026.64,26.9.1.dev0,8841823,,,,,,,,,,,,,,,,,,,,,,,,,,,,,,,,,,,,,,,,,,,,,,,,,,,,,,,,,,,,,,,,,,,,,,,,,,,,,,,,,,,,,,,,,,,,,,,,,,,,,,,,,,,,,,,,,,,,,,,,,
l3s_arcadedb_sparse_embedded_search_medium_r2,8d6af9475,l3s,arcadedb_sparse_embedded,search,medium,2,paper,0-11,embedded,32g,2026-09-04T02:33:32+00:00,,,,,,,,,0.1,13394.6,did not converge,0,False,,0.621,26.9.1.dev0,,,,,,,,,,,,,,,,,,,,,0.1,,,,,13394.6,13394.5,,,,,,,,,,32768.0,17194.0,1168.4,0.0,15399.9,199.5,66329.4,11334.6,2084738790,32768.0,17194.0,0.0,17194.0,66329.4,199.5,1168.4,2084738790,20260903T210007Z,,,,,,,,,,,,,,,,,,,,,,,,,,,l3s_arcadedb_sparse_embedded_search_medium_r2.clientlog,,,8841823,30109,10,1000,,,,,,,,931.28,9494.3,,86.055,237.551,303.102,105.267,,9.5,,,0.9914,,16g,l3_sparse.py,engine,container:50ca4c00c4d4 (host unknown),dbbench:arcadedb,,,,,,,,,,,,,,,,,,,,,,,,,,,,,,,,,,,,,,,,,,,,,,,,,,,,,,,,,,,0.01,0.0,995,105.7,0.25,1037.86,26.9.1.dev0,8841823,,,,,,,,,,,,,,,,,,,,,,,,,,,,,,,,,,,,,,,,,,,,,,,,,,,,,,,,,,,,,,,,,,,,,,,,,,,,,,,,,,,,,,,,,,,,,,,,,,,,,,,,,,,,,,,,,,,,,,,,,
l3s_arcadedb_sparse_embedded_search_medium_r3,8d6af9475,l3s,arcadedb_sparse_embedded,search,medium,3,paper,0-11,embedded,32g,2026-09-04T00:26:59+00:00,,,,,,,,,0.1,13394.6,did not converge,0,False,,0.601,26.9.1.dev0,,,,,,,,,,,,,,,,,,,,,0.117,,,,,13394.6,13394.5,,,,,,,,,,32768.0,17213.0,197.0,0.0,15398.7,199.5,66366.2,11334.6,2082017108,32768.0,17213.0,0.0,17213.0,66366.2,199.5,197.0,2082017108,20260903T210007Z,,,,,,,,,,,,,,,,,,,,,,,,,,,l3s_arcadedb_sparse_embedded_search_medium_r3.clientlog,,,8841823,30109,10,1000,,,,,,,,916.0,9652.7,,86.119,245.179,311.338,106.633,,9.4,,,0.9914,,16g,l3_sparse.py,engine,container:ace5216c38b5 (host unknown),dbbench:arcadedb,,,,,,,,,,,,,,,,,,,,,,,,,,,,,,,,,,,,,,,,,,,,,,,,,,,,,,,,,,,0.0,0.0,995,107.07,0.24,1023.91,26.9.1.dev0,8841823,,,,,,,,,,,,,,,,,,,,,,,,,,,,,,,,,,,,,,,,,,,,,,,,,,,,,,,,,,,,,,,,,,,,,,,,,,,,,,,,,,,,,,,,,,,,,,,,,,,,,,,,,,,,,,,,,,,,,,,,,
l3s_arcadedb_sparse_embedded_search_medium_r4,8d6af9475,l3s,arcadedb_sparse_embedded,search,medium,4,paper,0-11,embedded,32g,2026-09-04T01:01:20+00:00,,,,,,,,,0.2,13394.6,did not converge,0,False,,0.601,26.9.1.dev0,,,,,,,,,,,,,,,,,,,,,0.099,,,,,13394.6,13394.4,,,,,,,,,,32768.0,17196.4,4997.0,0.0,15404.7,198.5,66520.4,11341.1,2085723927,32768.0,17196.4,0.0,17196.4,66520.4,198.5,4997.0,2085723927,20260903T210007Z,,,,,,,,,,,,,,,,,,,,,,,,,,,l3s_arcadedb_sparse_embedded_search_medium_r4.clientlog,,,8841823,30109,10,1000,,,,,,,,930.75,9499.7,,86.328,240.509,307.475,105.636,,9.5,,,0.9914,,16g,l3_sparse.py,engine,container:5715b625bee7 (host unknown),dbbench:arcadedb,,,,,,,,,,,,,,,,,,,,,,,,,,,,,,,,,,,,,,,,,,,,,,,,,,,,,,,,,,,0.0,0.0,995,106.11,0.24,1037.7,26.9.1.dev0,8841823,,,,,,,,,,,,,,,,,,,,,,,,,,,,,,,,,,,,,,,,,,,,,,,,,,,,,,,,,,,,,,,,,,,,,,,,,,,,,,,,,,,,,,,,,,,,,,,,,,,,,,,,,,,,,,,,,,,,,,,,,
l3s_arcadedb_sparse_embedded_search_medium_r5,8d6af9475,l3s,arcadedb_sparse_embedded,search,medium,5,paper,0-11,embedded,32g,2026-09-04T01:18:22+00:00,,,,,,,,,0.1,13394.6,did not converge,0,False,,0.588,26.9.1.dev0,,,,,,,,,,,,,,,,,,,,,0.206,,,,,13394.6,13394.5,,,,,,,,,,32768.0,17148.1,2099.1,0.0,15415.5,196.9,66176.4,11351.5,2064261937,32768.0,17148.1,0.0,17148.1,66176.4,196.9,2099.1,2064261937,20260903T210007Z,,,,,,,,,,,,,,,,,,,,,,,,,,,l3s_arcadedb_sparse_embedded_search_medium_r5.clientlog,,,8841823,30109,10,1000,,,,,,,,913.88,9675.0,,85.3,240.352,308.107,105.197,,9.5,,,0.9914,,16g,l3_sparse.py,engine,container:eab086b190d8 (host unknown),dbbench:arcadedb,,,,,,,,,,,,,,,,,,,,,,,,,,,,,,,,,,,,,,,,,,,,,,,,,,,,,,,,,,,0.0,0.0,995,105.65,0.27,1020.39,26.9.1.dev0,8841823,,,,,,,,,,,,,,,,,,,,,,,,,,,,,,,,,,,,,,,,,,,,,,,,,,,,,,,,,,,,,,,,,,,,,,,,,,,,,,,,,,,,,,,,,,,,,,,,,,,,,,,,,,,,,,,,,,,,,,,,,
l3s_arcadedb_sparse_embedded_fp32_search_medium_r1,8d6af9475,l3s,arcadedb_sparse_embedded_fp32,search,medium,1,paper,0-11,embedded,32g,2026-09-04T00:09:54+00:00,,,,,,,,,0.1,16636.2,did not converge,0,False,,0.6,26.9.1.dev0,,,,,,,,,,,,,,,,,,,,,0.093,,,,,16636.2,16636.1,,,,,,,,,,32768.0,17159.1,4003.9,0.0,15417.6,3377.8,104644.0,8421.6,2094800313,32768.0,17159.1,0.0,17159.1,104644.0,3377.8,4003.9,2094800313,20260903T210007Z,,,,,,,,,,,,,,,,,,,,,,,,,,,l3s_arcadedb_sparse_embedded_fp32_search_medium_r1.clientlog,,,8841823,30109,10,1000,,,,,,,,910.87,9707.0,,86.762,244.67,328.55,107.853,,9.3,,,0.9999,,16g,l3_sparse.py,engine,container:505ec3b6a081 (host unknown),dbbench:arcadedb,,,,,,,,,,,,,,,,,,,,,,,,,,,,,,,,,,,,,,,,,,,,,,,,,,,,,,,,,,,0.0,0.0,995,108.37,0.25,1020.09,26.9.1.dev0,8841823,,,,,,,,,,,,,,,,,,,,,,,,,,,,,,,,,,,,,,,,,,,,,,,,,,,,,,,,,,,,,,,,,,,,,,,,,,,,,,,,,,,,,,,,,,,,,,,,,,,,,,,,,,,,,,,,,,,,,,,,,
l3s_arcadedb_sparse_embedded_fp32_search_medium_r2,8d6af9475,l3s,arcadedb_sparse_embedded_fp32,search,medium,2,paper,0-11,embedded,32g,2026-09-03T22:31:39+00:00,,,,,,,,,0.2,16636.2,did not converge,0,False,,0.595,26.9.1.dev0,,,,,,,,,,,,,,,,,,,,,0.102,,,,,16636.2,16636.0,,,,,,,,,,32768.0,17158.9,2388.1,0.0,15375.1,3424.0,104565.7,8383.0,2093812191,32768.0,17158.9,0.0,17158.9,104565.7,3424.0,2388.1,2093812191,20260903T210007Z,,,,,,,,,,,,,,,,,,,,,,,,,,,l3s_arcadedb_sparse_embedded_fp32_search_medium_r2.clientlog,,,8841823,30109,10,1000,,,,,,,,911.59,9699.3,,86.887,247.315,320.859,107.932,,9.3,,,0.9999,,16g,l3_sparse.py,engine,container:d5d0129da647 (host unknown),dbbench:arcadedb,,,,,,,,,,,,,,,,,,,,,,,,,,,,,,,,,,,,,,,,,,,,,,,,,,,,,,,,,,,0.0,0.0,995,108.45,0.25,1020.89,26.9.1.dev0,8841823,,,,,,,,,,,,,,,,,,,,,,,,,,,,,,,,,,,,,,,,,,,,,,,,,,,,,,,,,,,,,,,,,,,,,,,,,,,,,,,,,,,,,,,,,,,,,,,,,,,,,,,,,,,,,,,,,,,,,,,,,
l3s_arcadedb_sparse_embedded_fp32_search_medium_r3,8d6af9475,l3s,arcadedb_sparse_embedded_fp32,search,medium,3,paper,0-11,embedded,32g,2026-09-03T22:14:36+00:00,,,,,,,,,0.2,16636.2,did not converge,0,False,,0.593,26.9.1.dev0,,,,,,,,,,,,,,,,,,,,,0.114,,,,,16636.2,16636.0,,,,,,,,,,32768.0,17169.8,4195.9,0.0,15419.8,3377.4,103696.0,8425.0,2082116378,32768.0,17169.8,0.0,17169.8,103696.0,3377.4,4195.9,2082116378,20260903T210007Z,,,,,,,,,,,,,,,,,,,,,,,,,,,l3s_arcadedb_sparse_embedded_fp32_search_medium_r3.clientlog,,,8841823,30109,10,1000,,,,,,,,907.89,9738.9,,85.036,245.421,316.252,106.808,,9.4,,,0.9999,,16g,l3_sparse.py,engine,container:9b96848fee46 (host unknown),dbbench:arcadedb,,,,,,,,,,,,,,,,,,,,,,,,,,,,,,,,,,,,,,,,,,,,,,,,,,,,,,,,,,,0.0,0.0,995,107.31,0.37,1016.16,26.9.1.dev0,8841823,,,,,,,,,,,,,,,,,,,,,,,,,,,,,,,,,,,,,,,,,,,,,,,,,,,,,,,,,,,,,,,,,,,,,,,,,,,,,,,,,,,,,,,,,,,,,,,,,,,,,,,,,,,,,,,,,,,,,,,,,
l3s_arcadedb_sparse_embedded_fp32_search_medium_r4,8d6af9475,l3s,arcadedb_sparse_embedded_fp32,search,medium,4,paper,0-11,embedded,32g,2026-09-03T21:17:04+00:00,,,,,,,,,0.1,16636.2,did not converge,0,False,,0.587,26.9.1.dev0,,,,,,,,,,,,,,,,,,,,,0.11,,,,,16636.2,16636.1,,,,,,,,,,32768.0,17192.1,771.7,0.0,15394.1,10341.8,103319.0,8400.8,2109243013,32768.0,17192.1,0.0,17192.1,103319.0,10341.8,771.7,2109243013,20260903T210007Z,,,,,,,,,,,,,,,,,,,,,,,,,,,l3s_arcadedb_sparse_embedded_fp32_search_medium_r4.clientlog,,,8841823,30109,10,1000,,,,,,,,905.36,9766.1,,87.927,258.525,325.175,109.88,,9.1,,,0.9999,,16g,l3_sparse.py,engine,container:18d0d77fdb3c (host unknown),dbbench:arcadedb,,,,,,,,,,,,,,,,,,,,,,,,,,,,,,,,,,,,,,,,,,,,,,,,,,,,,,,,,,,0.01,0.0,995,110.35,0.26,1016.57,26.9.1.dev0,8841823,,,,,,,,,,,,,,,,,,,,,,,,,,,,,,,,,,,,,,,,,,,,,,,,,,,,,,,,,,,,,,,,,,,,,,,,,,,,,,,,,,,,,,,,,,,,,,,,,,,,,,,,,,,,,,,,,,,,,,,,,
l3s_arcadedb_sparse_embedded_fp32_search_medium_r5,8d6af9475,l3s,arcadedb_sparse_embedded_fp32,search,medium,5,paper,0-11,embedded,32g,2026-09-04T00:44:01+00:00,,,,,,,,,0.2,16636.2,did not converge,0,False,,0.601,26.9.1.dev0,,,,,,,,,,,,,,,,,,,,,0.091,,,,,16636.2,16636.0,,,,,,,,,,32768.0,17179.6,4517.1,0.0,15402.4,3379.0,104564.4,8407.0,2093380823,32768.0,17179.6,0.0,17179.6,104564.4,3379.0,4517.1,2093380823,20260903T210007Z,,,,,,,,,,,,,,,,,,,,,,,,,,,l3s_arcadedb_sparse_embedded_fp32_search_medium_r5.clientlog,,,8841823,30109,10,1000,,,,,,,,910.22,9713.9,,86.634,250.826,304.763,107.717,,9.3,,,0.9999,,16g,l3_sparse.py,engine,container:0bab68860ad2 (host unknown),dbbench:arcadedb,,,,,,,,,,,,,,,,,,,,,,,,,,,,,,,,,,,,,,,,,,,,,,,,,,,,,,,,,,,0.0,0.0,995,108.38,0.25,1019.45,26.9.1.dev0,8841823,,,,,,,,,,,,,,,,,,,,,,,,,,,,,,,,,,,,,,,,,,,,,,,,,,,,,,,,,,,,,,,,,,,,,,,,,,,,,,,,,,,,,,,,,,,,,,,,,,,,,,,,,,,,,,,,,,,,,,,,,
l3s_arcadedb_sparse_embedded_nocompact_search_medium_r1,8d6af9475,l3s,arcadedb_sparse_embedded_nocompact,search,medium,1,paper,0-11,embedded,32g,2026-09-08T02:42:26+00:00,,,,,,,,,0.1,13397.6,did not converge,0,False,,0.592,26.9.1.dev0,,,,,,,,,,,,,,,,,,,,,0.099,,,,,13397.6,13397.5,,,,,,,,,,32768.0,17177.6,4015.6,0.0,15182.5,117.4,58056.0,12226.0,2094486993,32768.0,17177.6,0.0,17177.6,58056.0,117.4,4015.6,2094486993,20260908T011904Z,,,,,,,,,,,,,,,,,,,,,,,,,,,l3s_arcadedb_sparse_embedded_nocompact_search_medium_r1.clientlog,,,8841823,30109,10,1000,,,,,,,,858.37,10300.7,,108.628,320.675,421.516,135.161,,7.4,,,0.9912,,16g,l3_sparse.py,engine,container:daa52b1b107e (host unknown),dbbench:arcadedb,,,,,,,,,,,,,,,,,,,,,,,,,,,,,,,,,,,,,,,,,,,,,,,,,,,,,,,,,,,0.0,0.0,995,135.47,0.21,994.64,26.9.1.dev0,8841823,,,,,,,,,,,,,,,,,,,,,,,,,,,,,,,,,,,,,,,,,,,,,,,,,,,,,,,,,,,,,,,,,,,,,,,,,,,,,,,,,,,,,,,,,,,,,,,,,,,,,,,,,,,,,,,,,,,,,,,,,
l3s_arcadedb_sparse_embedded_nocompact_search_medium_r2,8d6af9475,l3s,arcadedb_sparse_embedded_nocompact,search,medium,2,paper,0-11,embedded,32g,2026-09-08T01:52:18+00:00,,,,,,,,,0.2,13397.6,did not converge,0,False,,0.617,26.9.1.dev0,,,,,,,,,,,,,,,,,,,,,0.115,,,,,13397.6,13397.4,,,,,,,,,,32768.0,17220.0,98.8,0.0,15149.0,121.2,57989.2,12194.5,2125982935,32768.0,17220.0,0.0,17220.0,57989.2,121.2,98.8,2125982935,20260908T011904Z,,,,,,,,,,,,,,,,,,,,,,,,,,,l3s_arcadedb_sparse_embedded_nocompact_search_medium_r2.clientlog,,,8841823,30109,10,1000,,,,,,,,862.79,10248.0,,110.837,324.56,413.545,136.945,,7.3,,,0.9912,,16g,l3_sparse.py,engine,container:698f824022a7 (host unknown),dbbench:arcadedb,,,,,,,,,,,,,,,,,,,,,,,,,,,,,,,,,,,,,,,,,,,,,,,,,,,,,,,,,,,0.0,0.0,995,137.45,0.21,1001.07,26.9.1.dev0,8841823,,,,,,,,,,,,,,,,,,,,,,,,,,,,,,,,,,,,,,,,,,,,,,,,,,,,,,,,,,,,,,,,,,,,,,,,,,,,,,,,,,,,,,,,,,,,,,,,,,,,,,,,,,,,,,,,,,,,,,,,,
l3s_arcadedb_sparse_embedded_nocompact_search_medium_r3,8d6af9475,l3s,arcadedb_sparse_embedded_nocompact,search,medium,3,paper,0-11,embedded,32g,2026-09-08T02:09:10+00:00,,,,,,,,,0.1,13397.6,did not converge,0,False,,0.595,26.9.1.dev0,,,,,,,,,,,,,,,,,,,,,0.109,,,,,13397.6,13397.5,,,,,,,,,,32768.0,17184.2,5836.9,0.0,15167.5,118.6,57986.4,12211.7,2113983353,32768.0,17184.2,0.0,17184.2,57986.4,118.6,5836.9,2113983353,20260908T011904Z,,,,,,,,,,,,,,,,,,,,,,,,,,,l3s_arcadedb_sparse_embedded_nocompact_search_medium_r3.clientlog,,,8841823,30109,10,1000,,,,,,,,874.41,10111.8,,108.577,320.105,417.441,134.469,,7.4,,,0.9912,,16g,l3_sparse.py,engine,container:43f617498809 (host unknown),dbbench:arcadedb,,,,,,,,,,,,,,,,,,,,,,,,,,,,,,,,,,,,,,,,,,,,,,,,,,,,,,,,,,,0.01,0.0,995,135.14,0.31,1010.46,26.9.1.dev0,8841823,,,,,,,,,,,,,,,,,,,,,,,,,,,,,,,,,,,,,,,,,,,,,,,,,,,,,,,,,,,,,,,,,,,,,,,,,,,,,,,,,,,,,,,,,,,,,,,,,,,,,,,,,,,,,,,,,,,,,,,,,
l3s_arcadedb_sparse_embedded_nocompact_search_medium_r4,8d6af9475,l3s,arcadedb_sparse_embedded_nocompact,search,medium,4,paper,0-11,embedded,32g,2026-09-08T01:35:35+00:00,,,,,,,,,0.1,13397.6,did not converge,0,False,,0.578,26.9.1.dev0,,,,,,,,,,,,,,,,,,,,,0.104,,,,,13397.6,13397.5,,,,,,,,,,32768.0,17162.7,8994.8,0.0,15182.5,118.0,58056.5,12222.6,2086628873,32768.0,17162.7,0.0,17162.7,58056.5,118.0,8994.8,2086628873,20260908T011904Z,,,,,,,,,,,,,,,,,,,,,,,,,,,l3s_arcadedb_sparse_embedded_nocompact_search_medium_r4.clientlog,,,8841823,30109,10,1000,,,,,,,,854.89,10342.6,,109.235,318.488,400.277,134.51,,7.4,,,0.9912,,16g,l3_sparse.py,engine,container:478b574891d8 (host unknown),dbbench:arcadedb,,,,,,,,,,,,,,,,,,,,,,,,,,,,,,,,,,,,,,,,,,,,,,,,,,,,,,,,,,,0.0,0.0,995,134.8,0.21,990.48,26.9.1.dev0,8841823,,,,,,,,,,,,,,,,,,,,,,,,,,,,,,,,,,,,,,,,,,,,,,,,,,,,,,,,,,,,,,,,,,,,,,,,,,,,,,,,,,,,,,,,,,,,,,,,,,,,,,,,,,,,,,,,,,,,,,,,,
l3s_arcadedb_sparse_embedded_nocompact_search_medium_r5,8d6af9475,l3s,arcadedb_sparse_embedded_nocompact,search,medium,5,paper,0-11,embedded,32g,2026-09-08T02:25:50+00:00,,,,,,,,,0.1,13397.6,did not converge,0,False,,0.58,26.9.1.dev0,,,,,,,,,,,,,,,,,,,,,0.098,,,,,13397.6,13397.5,,,,,,,,,,32768.0,17187.8,7592.9,0.0,15152.7,120.6,58191.3,12197.9,2091339643,32768.0,17187.8,0.0,17187.8,58191.3,120.6,7592.9,2091339643,20260908T011904Z,,,,,,,,,,,,,,,,,,,,,,,,,,,l3s_arcadedb_sparse_embedded_nocompact_search_medium_r5.clientlog,,,8841823,30109,10,1000,,,,,,,,862.9,10246.7,,108.136,314.221,407.483,133.872,,7.5,,,0.9912,,16g,l3_sparse.py,engine,container:b8864f5b96e5 (host unknown),dbbench:arcadedb,,,,,,,,,,,,,,,,,,,,,,,,,,,,,,,,,,,,,,,,,,,,,,,,,,,,,,,,,,,0.0,0.0,995,134.28,0.2,997.96,26.9.1.dev0,8841823,,,,,,,,,,,,,,,,,,,,,,,,,,,,,,,,,,,,,,,,,,,,,,,,,,,,,,,,,,,,,,,,,,,,,,,,,,,,,,,,,,,,,,,,,,,,,,,,,,,,,,,,,,,,,,,,,,,,,,,,,
l3s_arcadedb_sparse_server_search_medium_r1,8d6af9475,l3s,arcadedb_sparse_server,search,medium,1,paper,0-11,client_server,8g,2026-09-04T03:13:39+00:00,full+client,8g,32.0,0-11,arcadedb-c25:8d6af9475,arcadedb-c25:8d6af9475,32g,0.3,0.1,0.1,did not converge,0,False,,8.917,server:26.9.1-SNAPSHOT (build 8d6af94753ea8446bd13ac1aed2bb79eaf78dc90/1788075753609/main),,,,,,,,,,,,,,,,,,,,,0.0,13392.5,13392.5,0.0,True,13392.6,13392.2,32768.0,16910.4,16910.4,0.0,15383.1,196.8,63786.1,11349.1,3150295619,398.1,379.7,33.9,0.0,0.1,0.0,0.2,0.1,421154262,33166.1,17290.2,0.0,17290.2,63786.2,196.8,16944.3,3571449881,20260903T210007Z,,,,,,,,,,,,,,,,,,,,,,,,,,,l3s_arcadedb_sparse_server_search_medium_r1.clientlog,,l3s_arcadedb_sparse_server_search_medium_r1.serverlog,8841823,30109,10,1000,,,,,,,,2288.67,3863.3,,84.972,236.754,300.055,104.654,,9.6,,,0.9914,,16g,l3_sparse.py,client,container:63f25cb3afb9 (host unknown),dbbench:client,,,,,,,,,,,,,,,,,,,,,,,,,,,,,,,,,,,16g,,,,,,,,,,,,,,,,,,,,,,,,0.0,0.0,995,105.03,0.96,2403.58,unknown (PackageNotFoundError),8841823,,,,,,,,,,,,,,,,,,,,,,,,,,,,,,,,,,,,,,,,,,,,,,,,,,,,,,,,,,,,,,,,,,,,,,,,,,,,,,,,,,,,,,,,,,,,,,,,,,,,,,,,,,,,,,,,,,,,,,,,,
l3s_arcadedb_sparse_server_search_medium_r2,8d6af9475,l3s,arcadedb_sparse_server,search,medium,2,paper,0-11,client_server,8g,2026-09-04T01:59:00+00:00,full+client,8g,32.0,0-11,arcadedb-c25:8d6af9475,arcadedb-c25:8d6af9475,32g,0.3,0.1,0.1,did not converge,0,False,,7.993,server:26.9.1-SNAPSHOT (build 8d6af94753ea8446bd13ac1aed2bb79eaf78dc90/1788075753609/main),,,,,,,,,,,,,,,,,,,,,0.0,13433.7,13433.7,0.0,True,13433.8,13433.4,32768.0,16948.6,16944.6,0.0,15361.5,203.4,63866.2,11334.1,3215969037,398.4,386.2,33.9,0.0,0.1,0.0,0.2,0.1,420012009,33166.4,17334.8,0.0,17334.8,63866.4,203.4,16978.5,3635981046,20260903T210007Z,,,,,,,,,,,,,,,,,,,,,,,,,,,l3s_arcadedb_sparse_server_search_medium_r2.clientlog,,l3s_arcadedb_sparse_server_search_medium_r2.serverlog,8841823,30109,10,1000,,,,,,,,2317.31,3815.6,,87.83,245.017,309.945,107.942,,9.3,,,0.9914,,16g,l3_sparse.py,client,container:b839c3b79f69 (host unknown),dbbench:client,,,,,,,,,,,,,,,,,,,,,,,,,,,,,,,,,,,16g,,,,,,,,,,,,,,,,,,,,,,,,0.0,0.0,995,108.38,0.84,2434.52,unknown (PackageNotFoundError),8841823,,,,,,,,,,,,,,,,,,,,,,,,,,,,,,,,,,,,,,,,,,,,,,,,,,,,,,,,,,,,,,,,,,,,,,,,,,,,,,,,,,,,,,,,,,,,,,,,,,,,,,,,,,,,,,,,,,,,,,,,,
l3s_arcadedb_sparse_server_search_medium_r3,8d6af9475,l3s,arcadedb_sparse_server,search,medium,3,paper,0-11,client_server,8g,2026-09-03T23:52:48+00:00,full+client,8g,32.0,0-11,arcadedb-c25:8d6af9475,arcadedb-c25:8d6af9475,32g,0.3,0.1,0.1,did not converge,0,False,,8.591,server:26.9.1-SNAPSHOT (build 8d6af94753ea8446bd13ac1aed2bb79eaf78dc90/1788075753609/main),,,,,,,,,,,,,,,,,,,,,0.0,13410.6,13410.6,0.0,True,13410.7,13410.3,32768.0,16921.2,16921.2,0.0,15361.5,201.6,63806.7,11332.5,3224771544,398.3,363.9,33.9,0.0,0.1,0.0,0.2,0.1,417039319,33166.3,17285.1,0.0,17285.1,63806.9,201.6,16955.0,3641810863,20260903T210007Z,,,,,,,,,,,,,,,,,,,,,,,,,,,l3s_arcadedb_sparse_server_search_medium_r3.clientlog,,l3s_arcadedb_sparse_server_search_medium_r3.serverlog,8841823,30109,10,1000,,,,,,,,2310.93,3826.1,,88.367,247.66,313.162,108.815,,9.2,,,0.9914,,16g,l3_sparse.py,client,container:86a99d9e9c43 (host unknown),dbbench:client,,,,,,,,,,,,,,,,,,,,,,,,,,,,,,,,,,,16g,,,,,,,,,,,,,,,,,,,,,,,,0.0,0.0,995,109.58,0.91,2430.01,unknown (PackageNotFoundError),8841823,,,,,,,,,,,,,,,,,,,,,,,,,,,,,,,,,,,,,,,,,,,,,,,,,,,,,,,,,,,,,,,,,,,,,,,,,,,,,,,,,,,,,,,,,,,,,,,,,,,,,,,,,,,,,,,,,,,,,,,,,
l3s_arcadedb_sparse_server_search_medium_r4,8d6af9475,l3s,arcadedb_sparse_server,search,medium,4,paper,0-11,client_server,8g,2026-09-03T21:57:34+00:00,full+client,8g,32.0,0-11,arcadedb-c25:8d6af9475,arcadedb-c25:8d6af9475,32g,0.3,0.1,0.1,did not converge,0,False,,8.471,server:26.9.1-SNAPSHOT (build 8d6af94753ea8446bd13ac1aed2bb79eaf78dc90/1788075753609/main),,,,,,,,,,,,,,,,,,,,,0.0,13451.4,13451.4,0.0,True,13451.5,13451.1,32768.0,16920.6,16920.6,0.0,15366.8,204.9,63947.5,11333.6,3173939838,3151.3,392.0,33.9,0.0,2753.0,5505.9,0.2,2753.0,418972346,35919.3,17312.5,0.0,17312.5,63947.7,5710.8,16954.5,3592912184,20260903T210007Z,,,,,,,,,,,,,,,,,,,,,,,,,,,l3s_arcadedb_sparse_server_search_medium_r4.clientlog,,l3s_arcadedb_sparse_server_search_medium_r4.serverlog,8841823,30109,10,1000,,,,,,,,2312.75,3823.1,,85.207,237.37,300.387,104.381,,9.6,,,0.9914,,16g,l3_sparse.py,client,container:0870a624fbf7 (host unknown),dbbench:client,,,,,,,,,,,,,,,,,,,,,,,,,,,,,,,,,,,16g,,,,,,,,,,,,,,,,,,,,,,,,0.0,0.0,995,104.75,0.8,2426.77,unknown (PackageNotFoundError),8841823,,,,,,,,,,,,,,,,,,,,,,,,,,,,,,,,,,,,,,,,,,,,,,,,,,,,,,,,,,,,,,,,,,,,,,,,,,,,,,,,,,,,,,,,,,,,,,,,,,,,,,,,,,,,,,,,,,,,,,,,,
l3s_arcadedb_sparse_server_search_medium_r5,8d6af9475,l3s,arcadedb_sparse_server,search,medium,5,paper,0-11,client_server,8g,2026-09-03T23:12:11+00:00,full+client,8g,32.0,0-11,arcadedb-c25:8d6af9475,arcadedb-c25:8d6af9475,32g,0.3,0.1,0.1,did not converge,0,False,,8.455,server:26.9.1-SNAPSHOT (build 8d6af94753ea8446bd13ac1aed2bb79eaf78dc90/1788075753609/main),,,,,,,,,,,,,,,,,,,,,0.0,13408.0,13408.0,0.0,True,13408.1,13407.7,32768.0,16920.6,16920.6,0.0,15369.2,200.5,63875.4,11337.0,3214835005,398.2,391.1,33.8,0.0,0.1,0.0,0.2,0.1,423270438,33166.2,17311.7,0.0,17311.7,63875.6,200.5,16954.5,3638105443,20260903T210007Z,,,,,,,,,,,,,,,,,,,,,,,,,,,l3s_arcadedb_sparse_server_search_medium_r5.clientlog,,l3s_arcadedb_sparse_server_search_medium_r5.serverlog,8841823,30109,10,1000,,,,,,,,2310.39,3827.0,,88.4,244.234,311.473,108.799,,9.2,,,0.9914,,16g,l3_sparse.py,client,container:da8555a4594a (host unknown),dbbench:client,,,,,,,,,,,,,,,,,,,,,,,,,,,,,,,,,,,16g,,,,,,,,,,,,,,,,,,,,,,,,0.0,0.0,995,109.2,0.94,2428.98,unknown (PackageNotFoundError),8841823,,,,,,,,,,,,,,,,,,,,,,,,,,,,,,,,,,,,,,,,,,,,,,,,,,,,,,,,,,,,,,,,,,,,,,,,,,,,,,,,,,,,,,,,,,,,,,,,,,,,,,,,,,,,,,,,,,,,,,,,,
l3s_arcadedb_sparse_server_fp32_search_medium_r1,8d6af9475,l3s,arcadedb_sparse_server_fp32,search,medium,1,paper,0-11,client_server,8g,2026-09-07T17:25:48+00:00,full+client,8g,32.0,0-11,arcadedb-c25:8d6af9475,arcadedb-c25:8d6af9475,32g,0.3,0.1,0.1,did not converge,0,False,,8.531,server:26.9.1-SNAPSHOT (build 8d6af94753ea8446bd13ac1aed2bb79eaf78dc90/1788075753609/main),,,,,,,,,,,,,,,,,,,,,0.0,16652.6,16652.6,0.0,True,16652.7,16652.3,32769.0,16937.0,16933.4,0.0,15369.5,3087.0,100695.7,8384.7,3208166732,398.5,391.5,33.4,0.0,0.1,0.0,0.2,0.1,411154160,33167.5,17328.5,0.0,17328.5,100695.9,3087.0,16966.7,3619320892,20260907T140249Z,,,,,,,,,,,,,,,,,,,,,,,,,,,l3s_arcadedb_sparse_server_fp32_search_medium_r1.clientlog,,l3s_arcadedb_sparse_server_fp32_search_medium_r1.serverlog,8841823,30109,10,1000,,,,,,,,2265.16,3903.4,,89.82,245.291,311.6,109.866,,9.1,,,0.9999,,16g,l3_sparse.py,client,container:8a32e3fc7cf7 (host unknown),dbbench:client,,,,,,,,,,,,,,,,,,,,,,,,,,,,,,,,,,,16g,,,,,,,,,,,,,,,,,,,,,,,,0.0,0.0,995,110.39,0.96,2385.04,unknown (PackageNotFoundError),8841823,,,,,,,,,,,,,,,,,,,,,,,,,,,,,,,,,,,,,,,,,,,,,,,,,,,,,,,,,,,,,,,,,,,,,,,,,,,,,,,,,,,,,,,,,,,,,,,,,,,,,,,,,,,,,,,,,,,,,,,,,
l3s_arcadedb_sparse_server_fp32_search_medium_r2,8d6af9475,l3s,arcadedb_sparse_server_fp32,search,medium,2,paper,0-11,client_server,8g,2026-09-07T15:25:06+00:00,full+client,8g,32.0,0-11,arcadedb-c25:8d6af9475,arcadedb-c25:8d6af9475,32g,0.3,0.1,0.1,did not converge,0,False,,8.906,server:26.9.1-SNAPSHOT (build 8d6af94753ea8446bd13ac1aed2bb79eaf78dc90/1788075753609/main),,,,,,,,,,,,,,,,,,,,,0.0,16671.7,16671.7,0.0,True,16671.8,16671.4,32768.8,16942.2,16942.2,0.0,15378.6,3087.2,100182.4,8397.3,3271405251,1204.5,389.9,33.9,0.0,805.8,1611.5,0.2,805.8,438044156,33973.3,17332.0,0.0,17332.0,100182.5,4698.8,16976.0,3709449407,20260907T140249Z,,,,,,,,,,,,,,,,,,,,,,,,,,,l3s_arcadedb_sparse_server_fp32_search_medium_r2.clientlog,,l3s_arcadedb_sparse_server_fp32_search_medium_r2.serverlog,8841823,30109,10,1000,,,,,,,,2328.8,3796.7,,91.343,254.414,317.932,112.965,,8.9,,,0.9999,,16g,l3_sparse.py,client,container:94d2427dfac5 (host unknown),dbbench:client,,,,,,,,,,,,,,,,,,,,,,,,,,,,,,,,,,,16g,,,,,,,,,,,,,,,,,,,,,,,,0.0,0.0,995,113.48,0.9,2452.09,unknown (PackageNotFoundError),8841823,,,,,,,,,,,,,,,,,,,,,,,,,,,,,,,,,,,,,,,,,,,,,,,,,,,,,,,,,,,,,,,,,,,,,,,,,,,,,,,,,,,,,,,,,,,,,,,,,,,,,,,,,,,,,,,,,,,,,,,,,
l3s_arcadedb_sparse_server_fp32_search_medium_r3,8d6af9475,l3s,arcadedb_sparse_server_fp32,search,medium,3,paper,0-11,client_server,8g,2026-09-07T16:05:34+00:00,full+client,8g,32.0,0-11,arcadedb-c25:8d6af9475,arcadedb-c25:8d6af9475,32g,0.3,0.1,0.1,did not converge,0,False,,8.897,server:26.9.1-SNAPSHOT (build 8d6af94753ea8446bd13ac1aed2bb79eaf78dc90/1788075753609/main),,,,,,,,,,,,,,,,,,,,,0.0,16658.8,16658.8,0.0,True,16658.9,16658.5,32768.9,16938.3,16936.4,0.0,15361.5,3087.2,100560.2,8384.4,3223735193,398.2,389.4,33.9,0.0,0.1,0.0,0.2,0.1,430843258,33167.0,17327.7,0.0,17327.7,100560.4,3087.2,16970.3,3654578451,20260907T140249Z,,,,,,,,,,,,,,,,,,,,,,,,,,,l3s_arcadedb_sparse_server_fp32_search_medium_r3.clientlog,,l3s_arcadedb_sparse_server_fp32_search_medium_r3.serverlog,8841823,30109,10,1000,,,,,,,,2301.0,3842.6,,88.961,246.478,308.057,110.392,,9.1,,,0.9999,,16g,l3_sparse.py,client,container:5eb42d466fd2 (host unknown),dbbench:client,,,,,,,,,,,,,,,,,,,,,,,,,,,,,,,,,,,16g,,,,,,,,,,,,,,,,,,,,,,,,0.01,0.0,995,110.83,0.95,2421.69,unknown (PackageNotFoundError),8841823,,,,,,,,,,,,,,,,,,,,,,,,,,,,,,,,,,,,,,,,,,,,,,,,,,,,,,,,,,,,,,,,,,,,,,,,,,,,,,,,,,,,,,,,,,,,,,,,,,,,,,,,,,,,,,,,,,,,,,,,,
l3s_arcadedb_sparse_server_fp32_search_medium_r4,8d6af9475,l3s,arcadedb_sparse_server_fp32,search,medium,4,paper,0-11,client_server,8g,2026-09-07T14:44:07+00:00,full+client,8g,32.0,0-11,arcadedb-c25:8d6af9475,arcadedb-c25:8d6af9475,32g,0.3,0.1,0.1,did not converge,0,False,,8.394,server:26.9.1-SNAPSHOT (build 8d6af94753ea8446bd13ac1aed2bb79eaf78dc90/1788075753609/main),,,,,,,,,,,,,,,,,,,,,0.0,16658.7,16658.7,0.0,True,16658.8,16658.4,32768.9,16971.4,16970.0,0.0,15351.4,3087.2,100399.2,8384.4,3295919469,8192.0,389.2,34.0,0.0,7816.3,17244.3,0.2,7816.3,439870867,40960.9,17360.6,0.0,17360.6,100399.4,20331.6,17004.1,3735790336,20260907T140249Z,,,,,,,,,,,,,,,,,,,,,,,,,,,l3s_arcadedb_sparse_server_fp32_search_medium_r4.clientlog,,l3s_arcadedb_sparse_server_fp32_search_medium_r4.serverlog,8841823,30109,10,1000,,,,,,,,2353.87,3756.3,,89.769,256.201,332.976,112.362,,8.9,,,0.9999,,16g,l3_sparse.py,client,container:ea46fd13ba1b (host unknown),dbbench:client,,,,,,,,,,,,,,,,,,,,,,,,,,,,,,,,,,,16g,,,,,,,,,,,,,,,,,,,,,,,,0.0,0.0,995,112.86,0.9,2476.02,unknown (PackageNotFoundError),8841823,,,,,,,,,,,,,,,,,,,,,,,,,,,,,,,,,,,,,,,,,,,,,,,,,,,,,,,,,,,,,,,,,,,,,,,,,,,,,,,,,,,,,,,,,,,,,,,,,,,,,,,,,,,,,,,,,,,,,,,,,
l3s_arcadedb_sparse_server_fp32_search_medium_r5,8d6af9475,l3s,arcadedb_sparse_server_fp32,search,medium,5,paper,0-11,client_server,8g,2026-09-07T16:45:57+00:00,full+client,8g,32.0,0-11,arcadedb-c25:8d6af9475,arcadedb-c25:8d6af9475,32g,0.3,0.1,0.1,did not converge,0,False,,8.75,server:26.9.1-SNAPSHOT (build 8d6af94753ea8446bd13ac1aed2bb79eaf78dc90/1788075753609/main),,,,,,,,,,,,,,,,,,,,,0.0,16636.0,16636.0,0.0,True,16636.1,16635.7,32768.8,16942.2,16942.2,0.0,15383.9,3085.4,100614.4,8395.9,3215233103,398.4,389.0,33.9,0.0,0.1,0.0,0.2,0.1,419986890,33167.3,17331.2,0.0,17331.2,100614.5,3085.4,16976.1,3635219993,20260907T140249Z,,,,,,,,,,,,,,,,,,,,,,,,,,,l3s_arcadedb_sparse_server_fp32_search_medium_r5.clientlog,,l3s_arcadedb_sparse_server_fp32_search_medium_r5.serverlog,8841823,30109,10,1000,,,,,,,,2296.98,3849.3,,87.467,246.483,310.465,108.419,,9.2,,,0.9999,,16g,l3_sparse.py,client,container:c1394db92804 (host unknown),dbbench:client,,,,,,,,,,,,,,,,,,,,,,,,,,,,,,,,,,,16g,,,,,,,,,,,,,,,,,,,,,,,,0.0,0.0,995,108.92,0.83,2415.48,unknown (PackageNotFoundError),8841823,,,,,,,,,,,,,,,,,,,,,,,,,,,,,,,,,,,,,,,,,,,,,,,,,,,,,,,,,,,,,,,,,,,,,,,,,,,,,,,,,,,,,,,,,,,,,,,,,,,,,,,,,,,,,,,,,,,,,,,,,
l3s_elasticsearch_sparse_search_medium_r1,b7c6c800d,l3s,elasticsearch_sparse,search,medium,1,paper,0-11,client_server,8g,2026-08-29T08:35:50+00:00,full+client,8g,32.0,0-11,docker.elastic.co/elasticsearch/elasticsearch@sha256:268f65f1b32ea367e49c9be2acab144011b8c66c462c890f6190707743199050,docker.elastic.co/elasticsearch/elasticsearch@sha256:268f65f1b32ea367e49c9be2acab144011b8c66c462c890f6190707743199050,32g,0.2,0.2,1.0,did not converge,0,False,,0.815,9.4.1,,,,,,,,,,,,,,,,,,,,,0.0,8198.2,8198.2,0.0,True,8199.2,8198.8,32768.0,17390.4,17390.4,0.0,14899.3,208.5,112554.8,8200.3,1999215235,445.6,437.7,76.9,0.0,0.9,0.0,1.8,0.9,884804082,33213.6,17828.1,0.0,17828.1,112556.5,208.5,17467.3,2884019317,20260829T000218Z,runs_page_b7c6c800d.jsonl,"comparator row, unaffected by the ArcadeDB re-pin b7c6c800d -> 8d6af9475 (DECISIONS #42: re-measure ArcadeDB arms, carry comparators)",,,,,,,,,,,,,,,,,,,,,,,,,,,,8841823,30109,10,1000,,,,,,,,3129.54,2825.3,,54.202,110.323,127.75,58.684,,17.0,,,0.9967,,16g,l3_sparse.py,client,container:6803ddfce4ec (host unknown),dbbench:client,,,,,,,,,,,,,,,,,,,,,,,,,,,,,,,,,,,16g,,,,,,,,,,,,,,,,,,,,,,,,0.0,0.0,995,58.87,0.0,3189.22,unknown (PackageNotFoundError),8841823,,,,,,,,,,,,,,,,,,,,,,,,,,,,,,,,,,,,,False,,,,,,,,,,,,,,,,,,,,,,,,,,,,,,,,,,,,,,,,,,,,,,,,,,,,,,,,,,,,,,,,,,,,,,,,,,,,,,,,,,,,
l3s_elasticsearch_sparse_search_medium_r2,b7c6c800d,l3s,elasticsearch_sparse,search,medium,2,paper,0-11,client_server,8g,2026-08-29T06:40:55+00:00,full+client,8g,32.0,0-11,docker.elastic.co/elasticsearch/elasticsearch@sha256:268f65f1b32ea367e49c9be2acab144011b8c66c462c890f6190707743199050,docker.elastic.co/elasticsearch/elasticsearch@sha256:268f65f1b32ea367e49c9be2acab144011b8c66c462c890f6190707743199050,32g,0.3,0.5,1.0,did not converge,0,False,,0.854,9.4.1,,,,,,,,,,,,,,,,,,,,,0.0,8198.3,8198.3,0.0,True,8199.3,8198.5,32768.0,17346.9,17346.9,0.0,14935.9,246.2,112617.0,8214.1,1989484964,452.9,423.1,76.9,0.0,7.9,14.1,1.8,7.9,874636309,33220.9,17770.0,0.0,17770.0,112618.7,260.4,17423.8,2864121273,20260829T000218Z,runs_page_b7c6c800d.jsonl,"comparator row, unaffected by the ArcadeDB re-pin b7c6c800d -> 8d6af9475 (DECISIONS #42: re-measure ArcadeDB arms, carry comparators)",,,,,,,,,,,,,,,,,,,,,,,,,,,,8841823,30109,10,1000,,,,,,,,3129.49,2825.3,,53.573,108.488,127.198,57.965,,17.3,,,0.9967,,16g,l3_sparse.py,client,container:c6dd3fd12b35 (host unknown),dbbench:client,,,,,,,,,,,,,,,,,,,,,,,,,,,,,,,,,,,16g,,,,,,,,,,,,,,,,,,,,,,,,0.0,0.0,995,58.14,0.0,3188.48,unknown (PackageNotFoundError),8841823,,,,,,,,,,,,,,,,,,,,,,,,,,,,,,,,,,,,,False,,,,,,,,,,,,,,,,,,,,,,,,,,,,,,,,,,,,,,,,,,,,,,,,,,,,,,,,,,,,,,,,,,,,,,,,,,,,,,,,,,,,
l3s_elasticsearch_sparse_search_medium_r3,b7c6c800d,l3s,elasticsearch_sparse,search,medium,3,paper,0-11,client_server,8g,2026-08-29T03:37:42+00:00,full+client,8g,32.0,0-11,docker.elastic.co/elasticsearch/elasticsearch@sha256:268f65f1b32ea367e49c9be2acab144011b8c66c462c890f6190707743199050,docker.elastic.co/elasticsearch/elasticsearch@sha256:268f65f1b32ea367e49c9be2acab144011b8c66c462c890f6190707743199050,32g,0.2,0.5,1.0,did not converge,0,False,,0.974,9.4.1,,,,,,,,,,,,,,,,,,,,,0.0,8198.3,8198.3,0.0,True,8199.3,8198.6,32768.0,17371.6,17367.7,0.0,14928.5,249.4,112708.5,8200.5,1989646229,446.0,420.4,78.7,0.0,0.9,0.0,1.8,0.9,855402490,33214.0,17792.0,0.0,17792.0,112710.3,249.4,17446.4,2845048719,20260829T000218Z,runs_page_b7c6c800d.jsonl,"comparator row, unaffected by the ArcadeDB re-pin b7c6c800d -> 8d6af9475 (DECISIONS #42: re-measure ArcadeDB arms, carry comparators)",,,,,,,,,,,,,,,,,,,,,,,,,,,,8841823,30109,10,1000,,,,,,,,3076.22,2874.2,,52.976,108.084,126.82,57.599,,17.4,,,0.9968,,16g,l3_sparse.py,client,container:bb41636aa6b8 (host unknown),dbbench:client,,,,,,,,,,,,,,,,,,,,,,,,,,,,,,,,,,,16g,,,,,,,,,,,,,,,,,,,,,,,,0.0,0.0,995,57.8,0.0,3134.99,unknown (PackageNotFoundError),8841823,,,,,,,,,,,,,,,,,,,,,,,,,,,,,,,,,,,,,False,,,,,,,,,,,,,,,,,,,,,,,,,,,,,,,,,,,,,,,,,,,,,,,,,,,,,,,,,,,,,,,,,,,,,,,,,,,,,,,,,,,,
l3s_elasticsearch_sparse_search_medium_r4,b7c6c800d,l3s,elasticsearch_sparse,search,medium,4,paper,0-11,client_server,8g,2026-08-29T01:14:27+00:00,full+client,8g,32.0,0-11,docker.elastic.co/elasticsearch/elasticsearch@sha256:268f65f1b32ea367e49c9be2acab144011b8c66c462c890f6190707743199050,docker.elastic.co/elasticsearch/elasticsearch@sha256:268f65f1b32ea367e49c9be2acab144011b8c66c462c890f6190707743199050,32g,0.2,0.1,1.0,did not converge,0,False,,1.071,9.4.1,,,,,,,,,,,,,,,,,,,,,0.0,8198.3,8198.3,0.0,True,8199.3,8199.0,32768.0,17332.8,17332.8,0.0,15054.1,14644.9,112350.9,8222.7,2026844596,3143.1,433.6,76.6,0.0,2700.4,5399.1,1.8,15.2,980468223,35911.1,17766.4,0.0,17766.4,112352.6,20043.9,17409.4,3007312819,20260829T000218Z,runs_page_b7c6c800d.jsonl,"comparator row, unaffected by the ArcadeDB re-pin b7c6c800d -> 8d6af9475 (DECISIONS #42: re-measure ArcadeDB arms, carry comparators)",,,,,,,,,,,,,,,,,,,,,,,,,,,,8841823,30109,10,1000,,,,,,,,3111.82,2841.4,,54.841,112.618,130.947,59.358,,16.8,,,0.9968,,16g,l3_sparse.py,client,container:1bdf52ac9a13 (host unknown),dbbench:client,,,,,,,,,,,,,,,,,,,,,,,,,,,,,,,,,,,16g,,,,,,,,,,,,,,,,,,,,,,,,0.0,0.0,995,59.52,0.0,3172.41,unknown (PackageNotFoundError),8841823,,,,,,,,,,,,,,,,,,,,,,,,,,,,,,,,,,,,,False,,,,,,,,,,,,,,,,,,,,,,,,,,,,,,,,,,,,,,,,,,,,,,,,,,,,,,,,,,,,,,,,,,,,,,,,,,,,,,,,,,,,
l3s_elasticsearch_sparse_search_medium_r5,b7c6c800d,l3s,elasticsearch_sparse,search,medium,5,paper,0-11,client_server,8g,2026-08-29T02:45:04+00:00,full+client,8g,32.0,0-11,docker.elastic.co/elasticsearch/elasticsearch@sha256:268f65f1b32ea367e49c9be2acab144011b8c66c462c890f6190707743199050,docker.elastic.co/elasticsearch/elasticsearch@sha256:268f65f1b32ea367e49c9be2acab144011b8c66c462c890f6190707743199050,32g,0.3,0.1,1.0,did not converge,0,False,,0.886,9.4.1,,,,,,,,,,,,,,,,,,,,,0.0,8198.3,8198.3,0.0,True,8199.3,8198.9,32768.0,17378.5,17378.5,0.0,14917.6,318.4,112562.4,8242.4,1997956662,2127.4,415.7,78.7,0.0,1682.6,3363.5,1.8,1682.6,877114588,34895.4,17794.3,0.0,17794.3,112564.2,3682.0,17457.2,2875071250,20260829T000218Z,runs_page_b7c6c800d.jsonl,"comparator row, unaffected by the ArcadeDB re-pin b7c6c800d -> 8d6af9475 (DECISIONS #42: re-measure ArcadeDB arms, carry comparators)",,,,,,,,,,,,,,,,,,,,,,,,,,,,8841823,30109,10,1000,,,,,,,,3127.85,2826.8,,53.519,110.18,127.753,58.333,,17.1,,,0.9967,,16g,l3_sparse.py,client,container:0bb4ca782e34 (host unknown),dbbench:client,,,,,,,,,,,,,,,,,,,,,,,,,,,,,,,,,,,16g,,,,,,,,,,,,,,,,,,,,,,,,0.0,0.0,995,58.58,0.0,3187.32,unknown (PackageNotFoundError),8841823,,,,,,,,,,,,,,,,,,,,,,,,,,,,,,,,,,,,,False,,,,,,,,,,,,,,,,,,,,,,,,,,,,,,,,,,,,,,,,,,,,,,,,,,,,,,,,,,,,,,,,,,,,,,,,,,,,,,,,,,,,
l3s_milvus_sparse_search_medium_r1,8d6af9475,l3s,milvus_sparse,search,medium,1,paper,0-11,client_server,8g,2026-09-10T08:20:29+00:00,full+client,8g,32.0,0-11,milvusdb/milvus@sha256:0ea40276f8111f0183e72c8ee3144f3b9aafcd30571bd947de1ed0d22ee9dd56,milvusdb/milvus@sha256:0ea40276f8111f0183e72c8ee3144f3b9aafcd30571bd947de1ed0d22ee9dd56,32g,271.3,0.2,1.1,did not converge,0,False,,1.963,milvus:pkg/v2.6.13,,,,,,,,,,,,,,,,,,,,,0.0,52061.5,52061.5,0.0,True,52062.6,51791.1,32768.4,17860.4,10528.2,0.0,24131.3,2.6,165094.1,18146.8,3990890414,454.5,436.5,80.7,0.0,1.0,0.0,1.9,1.0,970772018,33222.9,18296.9,0.0,18296.9,165096.0,2.6,10608.9,4961662432,20260910T065003Z,,,,,,,,,,,,,,,,,,,,,,,,,,,l3s_milvus_sparse_search_medium_r1.clientlog,"OCI runtime exec failed: exec failed: unable to start container process: exec: ""java"": executable file not found in $PAT",l3s_milvus_sparse_search_medium_r1.serverlog,8841823,30109,10,1000,,,,,,,,1039.31,8507.4,,38.696,115.301,154.796,48.029,,20.8,,,0.9999,,,l3_sparse.py,client,container:24718e20df8d (host unknown),dbbench:client,,,,milvus run standalone,,,,,,,,,,,,,,,,,,,,,,,,,,,,,,,,,,,,,,,,,,,,,,,,,,,,,,,0.0,0.0,995,47.98,0.0,1089.25,unknown (PackageNotFoundError),8841823,,,,,,,,,,,,,,,,,,,,,,,,,,,,,,,,,,,,,,,,,,,,,,,,,,,,,,,,,,,,,,,,,,,,,,,,,,,,,,,,,,,,,,,,,,,,,,,,,,,,,,,,,,,,,,,,,,,,,,,,,
l3s_milvus_sparse_search_medium_r2,8d6af9475,l3s,milvus_sparse,search,medium,2,paper,0-11,client_server,8g,2026-09-10T07:26:08+00:00,full+client,8g,32.0,0-11,milvusdb/milvus@sha256:0ea40276f8111f0183e72c8ee3144f3b9aafcd30571bd947de1ed0d22ee9dd56,milvusdb/milvus@sha256:0ea40276f8111f0183e72c8ee3144f3b9aafcd30571bd947de1ed0d22ee9dd56,32g,200.9,0.3,1.1,did not converge,0,False,,2.253,milvus:pkg/v2.6.13,,,,,,,,,,,,,,,,,,,,,0.0,50044.0,50044.0,0.0,True,50045.1,49843.9,32768.4,15525.0,10430.5,0.0,24043.8,2.3,159828.5,19535.3,3833656650,1316.2,444.5,80.7,0.0,862.1,1722.2,1.9,862.1,963962496,34084.6,15969.5,0.0,15969.5,159830.5,1724.5,10511.2,4797619146,20260910T065003Z,,,,,,,,,,,,,,,,,,,,,,,,,,,l3s_milvus_sparse_search_medium_r2.clientlog,"OCI runtime exec failed: exec failed: unable to start container process: exec: ""java"": executable file not found in $PAT",l3s_milvus_sparse_search_medium_r2.serverlog,8841823,30109,10,1000,,,,,,,,1031.0,8576.0,,35.23,105.758,132.184,43.334,,23.1,,,0.9999,,,l3_sparse.py,client,container:3068fd69800e (host unknown),dbbench:client,,,,milvus run standalone,,,,,,,,,,,,,,,,,,,,,,,,,,,,,,,,,,,,,,,,,,,,,,,,,,,,,,,0.0,0.0,995,43.27,0.0,1076.52,unknown (PackageNotFoundError),8841823,,,,,,,,,,,,,,,,,,,,,,,,,,,,,,,,,,,,,,,,,,,,,,,,,,,,,,,,,,,,,,,,,,,,,,,,,,,,,,,,,,,,,,,,,,,,,,,,,,,,,,,,,,,,,,,,,,,,,,,,,
l3s_milvus_sparse_search_medium_r3,8d6af9475,l3s,milvus_sparse,search,medium,3,paper,0-11,client_server,8g,2026-09-10T07:44:02+00:00,full+client,8g,32.0,0-11,milvusdb/milvus@sha256:0ea40276f8111f0183e72c8ee3144f3b9aafcd30571bd947de1ed0d22ee9dd56,milvusdb/milvus@sha256:0ea40276f8111f0183e72c8ee3144f3b9aafcd30571bd947de1ed0d22ee9dd56,32g,271.3,0.1,1.1,did not converge,0,False,,2.176,milvus:pkg/v2.6.13,,,,,,,,,,,,,,,,,,,,,0.0,49800.2,49800.2,0.0,True,49801.3,49529.9,32768.5,15442.8,12946.4,0.0,24086.8,2.6,158801.2,19198.5,3847346893,455.3,432.6,80.8,0.0,1.0,0.0,1.9,1.0,950339722,33223.8,15875.4,0.0,15875.4,158803.1,2.6,13027.2,4797686615,20260910T065003Z,,,,,,,,,,,,,,,,,,,,,,,,,,,l3s_milvus_sparse_search_medium_r3.clientlog,"OCI runtime exec failed: exec failed: unable to start container process: exec: ""java"": executable file not found in $PAT",l3s_milvus_sparse_search_medium_r3.serverlog,8841823,30109,10,1000,,,,,,,,1018.69,8679.6,,37.553,110.447,143.19,46.071,,21.7,,,0.9999,,,l3_sparse.py,client,container:ab4af7ab2bf6 (host unknown),dbbench:client,,,,milvus run standalone,,,,,,,,,,,,,,,,,,,,,,,,,,,,,,,,,,,,,,,,,,,,,,,,,,,,,,,0.01,0.0,995,46.02,0.0,1066.9,unknown (PackageNotFoundError),8841823,,,,,,,,,,,,,,,,,,,,,,,,,,,,,,,,,,,,,,,,,,,,,,,,,,,,,,,,,,,,,,,,,,,,,,,,,,,,,,,,,,,,,,,,,,,,,,,,,,,,,,,,,,,,,,,,,,,,,,,,,
l3s_milvus_sparse_search_medium_r4,8d6af9475,l3s,milvus_sparse,search,medium,4,paper,0-11,client_server,8g,2026-09-10T07:08:04+00:00,full+client,8g,32.0,0-11,milvusdb/milvus@sha256:0ea40276f8111f0183e72c8ee3144f3b9aafcd30571bd947de1ed0d22ee9dd56,milvusdb/milvus@sha256:0ea40276f8111f0183e72c8ee3144f3b9aafcd30571bd947de1ed0d22ee9dd56,32g,271.3,0.1,1.1,did not converge,0,False,,1.958,milvus:pkg/v2.6.13,,,,,,,,,,,,,,,,,,,,,0.0,49845.0,49845.0,0.0,True,49846.1,49574.7,32768.4,16104.0,10926.1,0.0,24030.9,2.7,158638.3,18800.3,3820715378,8192.0,440.5,80.9,0.0,7760.9,17244.3,1.9,7760.9,961836230,40960.4,16544.5,0.0,16544.5,158640.2,17247.0,11007.0,4782551608,20260910T065003Z,,,,,,,,,,,,,,,,,,,,,,,,,,,l3s_milvus_sparse_search_medium_r4.clientlog,"OCI runtime exec failed: exec failed: unable to start container process: exec: ""java"": executable file not found in $PAT",l3s_milvus_sparse_search_medium_r4.serverlog,8841823,30109,10,1000,,,,,,,,1032.21,8565.9,,35.481,108.09,131.335,44.14,,22.7,,,0.9999,,,l3_sparse.py,client,container:8c22637cf563 (host unknown),dbbench:client,,,,milvus run standalone,,,,,,,,,,,,,,,,,,,,,,,,,,,,,,,,,,,,,,,,,,,,,,,,,,,,,,,0.0,0.0,995,44.08,0.0,1078.25,unknown (PackageNotFoundError),8841823,,,,,,,,,,,,,,,,,,,,,,,,,,,,,,,,,,,,,,,,,,,,,,,,,,,,,,,,,,,,,,,,,,,,,,,,,,,,,,,,,,,,,,,,,,,,,,,,,,,,,,,,,,,,,,,,,,,,,,,,,
l3s_milvus_sparse_search_medium_r5,8d6af9475,l3s,milvus_sparse,search,medium,5,paper,0-11,client_server,8g,2026-09-10T08:02:12+00:00,full+client,8g,32.0,0-11,milvusdb/milvus@sha256:0ea40276f8111f0183e72c8ee3144f3b9aafcd30571bd947de1ed0d22ee9dd56,milvusdb/milvus@sha256:0ea40276f8111f0183e72c8ee3144f3b9aafcd30571bd947de1ed0d22ee9dd56,32g,271.3,0.1,1.1,did not converge,0,False,,1.806,milvus:pkg/v2.6.13,,,,,,,,,,,,,,,,,,,,,0.0,51103.4,51103.4,0.0,True,51104.5,50833.1,32768.4,17984.4,10769.0,0.0,24257.1,2.1,161464.6,16579.4,3883208673,454.8,432.8,80.8,0.0,1.0,0.0,1.9,1.0,959225414,33223.3,18417.1,0.0,18417.1,161466.5,2.1,10849.7,4842434087,20260910T065003Z,,,,,,,,,,,,,,,,,,,,,,,,,,,l3s_milvus_sparse_search_medium_r5.clientlog,"OCI runtime exec failed: exec failed: unable to start container process: exec: ""java"": executable file not found in $PAT",l3s_milvus_sparse_search_medium_r5.serverlog,8841823,30109,10,1000,,,,,,,,1034.13,8550.0,,38.59,110.975,137.192,45.873,,21.8,,,0.9999,,,l3_sparse.py,client,container:9013cbd81dc0 (host unknown),dbbench:client,,,,milvus run standalone,,,,,,,,,,,,,,,,,,,,,,,,,,,,,,,,,,,,,,,,,,,,,,,,,,,,,,,0.0,0.0,995,45.83,0.0,1081.77,unknown (PackageNotFoundError),8841823,,,,,,,,,,,,,,,,,,,,,,,,,,,,,,,,,,,,,,,,,,,,,,,,,,,,,,,,,,,,,,,,,,,,,,,,,,,,,,,,,,,,,,,,,,,,,,,,,,,,,,,,,,,,,,,,,,,,,,,,,
l3s_qdrant_sparse_search_medium_r1,b7c6c800d,l3s,qdrant_sparse,search,medium,1,paper,0-11,client_server,8g,2026-08-29T07:11:39+00:00,full+client,8g,32.0,0-11,qdrant/qdrant@sha256:75eab8c4ba42096724fdcfde8b4de0b5713d529dde32f285a1f86fdcb2c9e50c,qdrant/qdrant@sha256:75eab8c4ba42096724fdcfde8b4de0b5713d529dde32f285a1f86fdcb2c9e50c,32g,0.0,0.3,1.0,did not converge,0,False,,0.766,qdrant:1.18.2,,,,,,,,,,,,,,,,,,,,,0.0,12567.1,12567.1,0.0,True,12568.1,12567.8,20086.9,14587.4,6944.4,0.0,8395.7,224743.7,477015.3,668.9,3622777765,448.4,418.0,80.9,0.0,0.8,0.0,1.7,0.8,292817302,20535.2,15005.3,0.0,15005.3,477017.0,224743.7,7025.4,3915595067,20260829T000218Z,runs_page_b7c6c800d.jsonl,"comparator row, unaffected by the ArcadeDB re-pin b7c6c800d -> 8d6af9475 (DECISIONS #42: re-measure ArcadeDB arms, carry comparators)",,,,,,,,,,,,,,,,,,,,,,,,,,,,8841823,30109,10,1000,,,,,,,,1819.93,4858.3,,15.741,21.469,24.337,16.213,,61.7,,,0.9998,,,l3_sparse.py,client,container:6ce139d19184 (host unknown),dbbench:client,,,,,,,,,,,,,,,,,,,,,,,,,,,,,,,,,,,,,,,,,,,,,,,,,,,,,,,,,,,0.0,0.0,995,16.22,0.0,1836.92,unknown (PackageNotFoundError),8841823,,,,,,,,,,,,,,,,,,,,,,,,,,,,,,,,,,,,,,,,,,,,,,,,,,,,,,,,,,,,,,,,,,,,,,,,,,,,,,,,,,,,,,,,,,,,,,,,,,,,,,,,,,,,,,,,,,,,,,,,,
l3s_qdrant_sparse_search_medium_r2,b7c6c800d,l3s,qdrant_sparse,search,medium,2,paper,0-11,client_server,8g,2026-08-29T07:42:17+00:00,full+client,8g,32.0,0-11,qdrant/qdrant@sha256:75eab8c4ba42096724fdcfde8b4de0b5713d529dde32f285a1f86fdcb2c9e50c,qdrant/qdrant@sha256:75eab8c4ba42096724fdcfde8b4de0b5713d529dde32f285a1f86fdcb2c9e50c,32g,0.0,0.3,1.0,did not converge,0,False,,0.803,qdrant:1.18.2,,,,,,,,,,,,,,,,,,,,,0.0,12567.3,12567.3,0.0,True,12568.3,12568.0,20169.0,14575.5,6928.5,0.0,8411.7,223030.3,473740.6,681.9,3629063393,448.6,411.2,80.9,0.0,0.8,0.0,1.7,0.8,300142874,20617.6,14986.7,0.0,14986.7,473742.3,223030.3,7009.4,3929206267,20260829T000218Z,runs_page_b7c6c800d.jsonl,"comparator row, unaffected by the ArcadeDB re-pin b7c6c800d -> 8d6af9475 (DECISIONS #42: re-measure ArcadeDB arms, carry comparators)",,,,,,,,,,,,,,,,,,,,,,,,,,,,8841823,30109,10,1000,,,,,,,,1814.87,4871.9,,15.803,21.62,24.409,16.203,,61.7,,,0.9998,,,l3_sparse.py,client,container:f712358bca93 (host unknown),dbbench:client,,,,,,,,,,,,,,,,,,,,,,,,,,,,,,,,,,,,,,,,,,,,,,,,,,,,,,,,,,,0.01,0.0,995,16.21,0.0,1831.89,unknown (PackageNotFoundError),8841823,,,,,,,,,,,,,,,,,,,,,,,,,,,,,,,,,,,,,,,,,,,,,,,,,,,,,,,,,,,,,,,,,,,,,,,,,,,,,,,,,,,,,,,,,,,,,,,,,,,,,,,,,,,,,,,,,,,,,,,,,
l3s_qdrant_sparse_search_medium_r3,b7c6c800d,l3s,qdrant_sparse,search,medium,3,paper,0-11,client_server,8g,2026-08-29T04:26:56+00:00,full+client,8g,32.0,0-11,qdrant/qdrant@sha256:75eab8c4ba42096724fdcfde8b4de0b5713d529dde32f285a1f86fdcb2c9e50c,qdrant/qdrant@sha256:75eab8c4ba42096724fdcfde8b4de0b5713d529dde32f285a1f86fdcb2c9e50c,32g,0.0,0.2,1.0,did not converge,0,False,,0.88,qdrant:1.18.2,,,,,,,,,,,,,,,,,,,,,0.0,12566.5,12566.5,0.0,True,12567.5,12567.3,20181.2,14619.6,6935.1,0.0,8499.4,226446.7,480144.2,689.4,3669754077,2647.4,407.3,80.9,0.0,2199.4,4397.0,1.7,2199.4,300643147,22828.6,15026.8,0.0,15026.8,480145.9,230843.7,7016.1,3970397224,20260829T000218Z,runs_page_b7c6c800d.jsonl,"comparator row, unaffected by the ArcadeDB re-pin b7c6c800d -> 8d6af9475 (DECISIONS #42: re-measure ArcadeDB arms, carry comparators)",,,,,,,,,,,,,,,,,,,,,,,,,,,,8841823,30109,10,1000,,,,,,,,1837.04,4813.1,,16.231,21.901,25.018,16.423,,60.9,,,0.9998,,,l3_sparse.py,client,container:e918d2c0e031 (host unknown),dbbench:client,,,,,,,,,,,,,,,,,,,,,,,,,,,,,,,,,,,,,,,,,,,,,,,,,,,,,,,,,,,0.01,0.0,995,16.44,0.0,1854.37,unknown (PackageNotFoundError),8841823,,,,,,,,,,,,,,,,,,,,,,,,,,,,,,,,,,,,,,,,,,,,,,,,,,,,,,,,,,,,,,,,,,,,,,,,,,,,,,,,,,,,,,,,,,,,,,,,,,,,,,,,,,,,,,,,,,,,,,,,,
l3s_qdrant_sparse_search_medium_r4,b7c6c800d,l3s,qdrant_sparse,search,medium,4,paper,0-11,client_server,8g,2026-08-29T05:16:31+00:00,full+client,8g,32.0,0-11,qdrant/qdrant@sha256:75eab8c4ba42096724fdcfde8b4de0b5713d529dde32f285a1f86fdcb2c9e50c,qdrant/qdrant@sha256:75eab8c4ba42096724fdcfde8b4de0b5713d529dde32f285a1f86fdcb2c9e50c,32g,0.0,0.1,1.0,did not converge,0,False,,0.925,qdrant:1.18.2,,,,,,,,,,,,,,,,,,,,,0.0,12564.3,12564.3,0.0,True,12565.3,12565.2,20262.4,14718.5,6937.0,0.0,8404.5,223249.1,474187.5,674.1,3655480034,1501.1,438.8,0.0,0.0,1053.7,2105.8,1.7,1053.7,302318894,21763.5,15157.3,0.0,15157.3,474189.2,225354.9,6937.0,3957798928,20260829T000218Z,runs_page_b7c6c800d.jsonl,"comparator row, unaffected by the ArcadeDB re-pin b7c6c800d -> 8d6af9475 (DECISIONS #42: re-measure ArcadeDB arms, carry comparators)",,,,,,,,,,,,,,,,,,,,,,,,,,,,8841823,30109,10,1000,,,,,,,,1817.0,4866.2,,16.593,21.833,24.855,16.708,,59.9,,,0.9999,,,l3_sparse.py,client,container:cbb92a326aed (host unknown),dbbench:client,,,,,,,,,,,,,,,,,,,,,,,,,,,,,,,,,,,,,,,,,,,,,,,,,,,,,,,,,,,0.01,0.0,995,16.71,0.0,1834.64,unknown (PackageNotFoundError),8841823,,,,,,,,,,,,,,,,,,,,,,,,,,,,,,,,,,,,,,,,,,,,,,,,,,,,,,,,,,,,,,,,,,,,,,,,,,,,,,,,,,,,,,,,,,,,,,,,,,,,,,,,,,,,,,,,,,,,,,,,,
l3s_qdrant_sparse_search_medium_r5,b7c6c800d,l3s,qdrant_sparse,search,medium,5,paper,0-11,client_server,8g,2026-08-29T05:47:23+00:00,full+client,8g,32.0,0-11,qdrant/qdrant@sha256:75eab8c4ba42096724fdcfde8b4de0b5713d529dde32f285a1f86fdcb2c9e50c,qdrant/qdrant@sha256:75eab8c4ba42096724fdcfde8b4de0b5713d529dde32f285a1f86fdcb2c9e50c,32g,0.0,0.2,1.0,did not converge,0,False,,0.821,qdrant:1.18.2,,,,,,,,,,,,,,,,,,,,,0.0,12566.9,12566.9,0.0,True,12567.9,12567.7,20230.7,14486.5,6942.5,0.0,8470.3,226192.8,479762.7,675.7,3658953112,448.7,427.7,80.7,0.0,0.8,0.0,1.7,0.8,297921645,20679.3,14914.2,0.0,14914.2,479764.4,226192.8,7023.1,3956874757,20260829T000218Z,runs_page_b7c6c800d.jsonl,"comparator row, unaffected by the ArcadeDB re-pin b7c6c800d -> 8d6af9475 (DECISIONS #42: re-measure ArcadeDB arms, carry comparators)",,,,,,,,,,,,,,,,,,,,,,,,,,,,8841823,30109,10,1000,,,,,,,,1828.41,4835.8,,15.698,21.704,24.33,16.015,,62.4,,,0.9999,,,l3_sparse.py,client,container:7f5ec55fc56d (host unknown),dbbench:client,,,,,,,,,,,,,,,,,,,,,,,,,,,,,,,,,,,,,,,,,,,,,,,,,,,,,,,,,,,0.0,0.0,995,16.02,0.0,1845.25,unknown (PackageNotFoundError),8841823,,,,,,,,,,,,,,,,,,,,,,,,,,,,,,,,,,,,,,,,,,,,,,,,,,,,,,,,,,,,,,,,,,,,,,,,,,,,,,,,,,,,,,,,,,,,,,,,,,,,,,,,,,,,,,,,,,,,,,,,,
l3s_arcadedb_sparse_embedded_search_small_r1,8d6af9475,l3s,arcadedb_sparse_embedded,search,small,1,paper,0-11,embedded,16g,2026-09-03T20:53:34+00:00,,,,,,,,,0.2,1510.7,did not converge,0,False,,0.572,26.9.1.dev0,,,,,,,,,,,,,,,,,,,,,0.171,,,,,1510.7,1510.5,,,,,,,,,,10491.4,8588.2,2554.8,0.0,1858.3,0.0,5416.7,1510.7,235572842,10491.4,8588.2,0.0,8588.2,5416.7,0.0,2554.8,235572842,20260903T201831Z,,,,,,,,,,,,,,,,,,,,,,,,,,,l3s_arcadedb_sparse_embedded_search_small_r1.clientlog,,,1000000,30109,10,1000,,,,,,,,94.51,10581.1,,11.477,28.934,36.528,13.614,,73.5,,,0.9935,,8g,l3_sparse.py,engine,container:353ccb850167 (host unknown),dbbench:arcadedb,,,,,,,,,,,,,,,,,,,,,,,,,,,,,,,,,,,,,,,,,,,,,,,,,,,,,,,,,,,0.01,0.0,995,13.86,0.14,109.09,26.9.1.dev0,1000000,,,,,,,,,,,,,,,,,,,,,,,,,,,,,,,,,,,,,,,,,,,,,,,,,,,,,,,,,,,,,,,,,,,,,,,,,,,,,,,,,,,,,,,,,,,,,,,,,,,,,,,,,,,,,,,,,,,,,,,,,
l3s_arcadedb_sparse_embedded_search_small_r2,8d6af9475,l3s,arcadedb_sparse_embedded,search,small,2,paper,0-11,embedded,16g,2026-09-03T20:55:26+00:00,,,,,,,,,0.1,1510.7,did not converge,0,False,,0.572,26.9.1.dev0,,,,,,,,,,,,,,,,,,,,,0.158,,,,,1510.7,1510.6,,,,,,,,,,10459.1,8480.8,939.7,0.0,1989.0,0.0,5540.9,1510.7,235272924,10459.1,8480.8,0.0,8480.8,5540.9,0.0,939.7,235272924,20260903T201831Z,,,,,,,,,,,,,,,,,,,,,,,,,,,l3s_arcadedb_sparse_embedded_search_small_r2.clientlog,,,1000000,30109,10,1000,,,,,,,,96.13,10402.9,,11.309,29.205,35.512,13.428,,74.5,,,0.9935,,8g,l3_sparse.py,engine,container:95b29c02bd25 (host unknown),dbbench:arcadedb,,,,,,,,,,,,,,,,,,,,,,,,,,,,,,,,,,,,,,,,,,,,,,,,,,,,,,,,,,,0.0,0.0,995,13.69,0.15,110.54,26.9.1.dev0,1000000,,,,,,,,,,,,,,,,,,,,,,,,,,,,,,,,,,,,,,,,,,,,,,,,,,,,,,,,,,,,,,,,,,,,,,,,,,,,,,,,,,,,,,,,,,,,,,,,,,,,,,,,,,,,,,,,,,,,,,,,,
l3s_arcadedb_sparse_embedded_search_small_r3,8d6af9475,l3s,arcadedb_sparse_embedded,search,small,3,paper,0-11,embedded,16g,2026-09-03T20:41:33+00:00,,,,,,,,,0.2,1510.7,did not converge,0,False,,0.577,26.9.1.dev0,,,,,,,,,,,,,,,,,,,,,0.157,,,,,1510.7,1510.5,,,,,,,,,,10463.4,8559.7,4873.8,0.0,1878.7,0.0,5439.1,1510.7,235453167,10463.4,8559.7,0.0,8559.7,5439.1,0.0,4873.8,235453167,20260903T201831Z,,,,,,,,,,,,,,,,,,,,,,,,,,,l3s_arcadedb_sparse_embedded_search_small_r3.clientlog,,,1000000,30109,10,1000,,,,,,,,94.19,10617.1,,11.351,29.497,38.572,13.58,,73.6,,,0.9935,,8g,l3_sparse.py,engine,container:eb365e4a3b43 (host unknown),dbbench:arcadedb,,,,,,,,,,,,,,,,,,,,,,,,,,,,,,,,,,,,,,,,,,,,,,,,,,,,,,,,,,,0.01,0.0,995,13.79,0.15,108.72,26.9.1.dev0,1000000,,,,,,,,,,,,,,,,,,,,,,,,,,,,,,,,,,,,,,,,,,,,,,,,,,,,,,,,,,,,,,,,,,,,,,,,,,,,,,,,,,,,,,,,,,,,,,,,,,,,,,,,,,,,,,,,,,,,,,,,,
l3s_arcadedb_sparse_embedded_search_small_r4,8d6af9475,l3s,arcadedb_sparse_embedded,search,small,4,paper,0-11,embedded,16g,2026-09-03T20:45:13+00:00,,,,,,,,,0.1,1510.7,did not converge,0,False,,0.566,26.9.1.dev0,,,,,,,,,,,,,,,,,,,,,0.147,,,,,1510.7,1510.6,,,,,,,,,,10516.4,8530.5,137.6,0.0,1855.5,0.0,5517.7,1510.7,235770871,10516.4,8530.5,0.0,8530.5,5517.7,0.0,137.6,235770871,20260903T201831Z,,,,,,,,,,,,,,,,,,,,,,,,,,,l3s_arcadedb_sparse_embedded_search_small_r4.clientlog,,,1000000,30109,10,1000,,,,,,,,93.74,10668.2,,11.448,28.747,36.062,13.58,,73.6,,,0.9935,,8g,l3_sparse.py,engine,container:6b4b0dd0db2d (host unknown),dbbench:arcadedb,,,,,,,,,,,,,,,,,,,,,,,,,,,,,,,,,,,,,,,,,,,,,,,,,,,,,,,,,,,0.0,0.0,995,13.82,0.15,108.28,26.9.1.dev0,1000000,,,,,,,,,,,,,,,,,,,,,,,,,,,,,,,,,,,,,,,,,,,,,,,,,,,,,,,,,,,,,,,,,,,,,,,,,,,,,,,,,,,,,,,,,,,,,,,,,,,,,,,,,,,,,,,,,,,,,,,,,
l3s_arcadedb_sparse_embedded_search_small_r5,8d6af9475,l3s,arcadedb_sparse_embedded,search,small,5,paper,0-11,embedded,16g,2026-09-03T20:47:04+00:00,,,,,,,,,0.1,1510.7,did not converge,0,False,,0.562,26.9.1.dev0,,,,,,,,,,,,,,,,,,,,,0.16,,,,,1510.7,1510.6,,,,,,,,,,10513.8,8607.2,3615.8,0.0,1862.0,0.0,5473.3,1510.7,236839712,10513.8,8607.2,0.0,8607.2,5473.3,0.0,3615.8,236839712,20260903T201831Z,,,,,,,,,,,,,,,,,,,,,,,,,,,l3s_arcadedb_sparse_embedded_search_small_r5.clientlog,,,1000000,30109,10,1000,,,,,,,,94.87,10541.0,,11.543,29.009,36.961,13.554,,73.8,,,0.9935,,8g,l3_sparse.py,engine,container:198402ae144e (host unknown),dbbench:arcadedb,,,,,,,,,,,,,,,,,,,,,,,,,,,,,,,,,,,,,,,,,,,,,,,,,,,,,,,,,,,0.0,0.0,995,13.79,0.15,109.37,26.9.1.dev0,1000000,,,,,,,,,,,,,,,,,,,,,,,,,,,,,,,,,,,,,,,,,,,,,,,,,,,,,,,,,,,,,,,,,,,,,,,,,,,,,,,,,,,,,,,,,,,,,,,,,,,,,,,,,,,,,,,,,,,,,,,,,
l3s_arcadedb_sparse_embedded_fp32_search_small_r1,8d6af9475,l3s,arcadedb_sparse_embedded_fp32,search,small,1,paper,0-11,embedded,16g,2026-09-03T20:39:43+00:00,,,,,,,,,0.1,1875.9,did not converge,0,False,,0.55,26.9.1.dev0,,,,,,,,,,,,,,,,,,,,,0.159,,,,,1875.9,1875.8,,,,,,,,,,11298.2,8629.0,4151.5,0.0,2521.2,0.0,8020.6,1875.9,234640372,11298.2,8629.0,0.0,8629.0,8020.6,0.0,4151.5,234640372,20260903T201831Z,,,,,,,,,,,,,,,,,,,,,,,,,,,l3s_arcadedb_sparse_embedded_fp32_search_small_r1.clientlog,,,1000000,30109,10,1000,,,,,,,,92.91,10762.9,,11.424,29.128,35.801,13.606,,73.5,,,1.0,,8g,l3_sparse.py,engine,container:eda734f67bbd (host unknown),dbbench:arcadedb,,,,,,,,,,,,,,,,,,,,,,,,,,,,,,,,,,,,,,,,,,,,,,,,,,,,,,,,,,,0.0,0.0,995,13.81,0.15,107.42,26.9.1.dev0,1000000,,,,,,,,,,,,,,,,,,,,,,,,,,,,,,,,,,,,,,,,,,,,,,,,,,,,,,,,,,,,,,,,,,,,,,,,,,,,,,,,,,,,,,,,,,,,,,,,,,,,,,,,,,,,,,,,,,,,,,,,,
l3s_arcadedb_sparse_embedded_fp32_search_small_r2,8d6af9475,l3s,arcadedb_sparse_embedded_fp32,search,small,2,paper,0-11,embedded,16g,2026-09-03T20:28:34+00:00,,,,,,,,,0.1,1875.9,did not converge,0,False,,0.567,26.9.1.dev0,,,,,,,,,,,,,,,,,,,,,0.051,,,,,1875.9,1875.8,,,,,,,,,,11295.7,8618.8,6826.6,0.0,2522.8,0.0,8057.6,1875.9,238472978,11295.7,8618.8,0.0,8618.8,8057.6,0.0,6826.6,238472978,20260903T201831Z,,,,,,,,,,,,,,,,,,,,,,,,,,,l3s_arcadedb_sparse_embedded_fp32_search_small_r2.clientlog,,,1000000,30109,10,1000,,,,,,,,96.01,10415.8,,11.453,29.215,36.486,13.449,,74.4,,,1.0,,8g,l3_sparse.py,engine,container:c9f35452bde2 (host unknown),dbbench:arcadedb,,,,,,,,,,,,,,,,,,,,,,,,,,,,,,,,,,,,,,,,,,,,,,,,,,,,,,,,,,,0.0,0.0,995,13.84,0.14,110.56,26.9.1.dev0,1000000,,,,,,,,,,,,,,,,,,,,,,,,,,,,,,,,,,,,,,,,,,,,,,,,,,,,,,,,,,,,,,,,,,,,,,,,,,,,,,,,,,,,,,,,,,,,,,,,,,,,,,,,,,,,,,,,,,,,,,,,,
l3s_arcadedb_sparse_embedded_fp32_search_small_r3,8d6af9475,l3s,arcadedb_sparse_embedded_fp32,search,small,3,paper,0-11,embedded,16g,2026-09-03T20:26:42+00:00,,,,,,,,,0.1,1875.9,did not converge,0,False,,0.551,26.9.1.dev0,,,,,,,,,,,,,,,,,,,,,0.038,,,,,1875.9,1875.8,,,,,,,,,,11308.8,8620.0,6853.0,0.0,2538.6,0.0,8107.2,1875.9,236342207,11308.8,8620.0,0.0,8620.0,8107.2,0.0,6853.0,236342207,20260903T201831Z,,,,,,,,,,,,,,,,,,,,,,,,,,,l3s_arcadedb_sparse_embedded_fp32_search_small_r3.clientlog,,,1000000,30109,10,1000,,,,,,,,94.48,10584.3,,11.267,28.836,35.692,13.4,,74.6,,,1.0,,8g,l3_sparse.py,engine,container:e4a1fa8a7fed (host unknown),dbbench:arcadedb,,,,,,,,,,,,,,,,,,,,,,,,,,,,,,,,,,,,,,,,,,,,,,,,,,,,,,,,,,,0.0,0.0,995,13.69,0.14,108.86,26.9.1.dev0,1000000,,,,,,,,,,,,,,,,,,,,,,,,,,,,,,,,,,,,,,,,,,,,,,,,,,,,,,,,,,,,,,,,,,,,,,,,,,,,,,,,,,,,,,,,,,,,,,,,,,,,,,,,,,,,,,,,,,,,,,,,,
l3s_arcadedb_sparse_embedded_fp32_search_small_r4,8d6af9475,l3s,arcadedb_sparse_embedded_fp32,search,small,4,paper,0-11,embedded,16g,2026-09-03T20:20:17+00:00,,,,,,,,,0.1,1875.9,did not converge,0,False,,0.534,26.9.1.dev0,,,,,,,,,,,,,,,,,,,,,0.037,,,,,1875.9,1875.8,,,,,,,,,,12263.4,8569.9,44.6,0.0,3495.2,1943.8,8171.1,2847.8,230680562,12263.4,8569.9,0.0,8569.9,8171.1,1943.8,44.6,230680562,20260903T201831Z,,,,,,,,,,,,,,,,,,,,,,,,,,,l3s_arcadedb_sparse_embedded_fp32_search_small_r4.clientlog,,,1000000,30109,10,1000,,,,,,,,91.27,10956.0,,11.357,28.639,35.521,13.418,,74.5,,,1.0,,8g,l3_sparse.py,engine,container:80aacaeec322 (host unknown),dbbench:arcadedb,,,,,,,,,,,,,,,,,,,,,,,,,,,,,,,,,,,,,,,,,,,,,,,,,,,,,,,,,,,0.0,0.0,995,13.64,0.14,105.58,26.9.1.dev0,1000000,,,,,,,,,,,,,,,,,,,,,,,,,,,,,,,,,,,,,,,,,,,,,,,,,,,,,,,,,,,,,,,,,,,,,,,,,,,,,,,,,,,,,,,,,,,,,,,,,,,,,,,,,,,,,,,,,,,,,,,,,
l3s_arcadedb_sparse_embedded_fp32_search_small_r5,8d6af9475,l3s,arcadedb_sparse_embedded_fp32,search,small,5,paper,0-11,embedded,16g,2026-09-03T20:43:23+00:00,,,,,,,,,0.1,1875.9,did not converge,0,False,,0.572,26.9.1.dev0,,,,,,,,,,,,,,,,,,,,,0.107,,,,,1875.9,1875.8,,,,,,,,,,11296.5,8650.7,6326.8,0.0,2749.6,0.0,8006.3,1875.9,234710288,11296.5,8650.7,0.0,8650.7,8006.3,0.0,6326.8,234710288,20260903T201831Z,,,,,,,,,,,,,,,,,,,,,,,,,,,l3s_arcadedb_sparse_embedded_fp32_search_small_r5.clientlog,,,1000000,30109,10,1000,,,,,,,,94.92,10535.2,,11.353,28.469,35.952,13.375,,74.8,,,1.0,,8g,l3_sparse.py,engine,container:f06b6a355d7f (host unknown),dbbench:arcadedb,,,,,,,,,,,,,,,,,,,,,,,,,,,,,,,,,,,,,,,,,,,,,,,,,,,,,,,,,,,0.0,0.0,995,13.63,0.14,109.26,26.9.1.dev0,1000000,,,,,,,,,,,,,,,,,,,,,,,,,,,,,,,,,,,,,,,,,,,,,,,,,,,,,,,,,,,,,,,,,,,,,,,,,,,,,,,,,,,,,,,,,,,,,,,,,,,,,,,,,,,,,,,,,,,,,,,,,
l3s_arcadedb_sparse_embedded_nocompact_search_small_r1,8d6af9475,l3s,arcadedb_sparse_embedded_nocompact,search,small,1,paper,0-11,embedded,16g,2026-09-08T01:19:03+00:00,,,,,,,,,0.2,1523.1,did not converge,0,False,,0.55,26.9.1.dev0,,,,,,,,,,,,,,,,,,,,,0.033,,,,,1523.1,1522.9,,,,,,,,,,10260.8,8606.5,1913.8,0.0,1568.8,0.0,4647.0,1523.0,247524154,10260.8,8606.5,0.0,8606.5,4647.0,0.0,1913.8,247524154,20260908T010748Z,,,,,,,,,,,,,,,,,,,,,,,,,,,l3s_arcadedb_sparse_embedded_nocompact_search_small_r1.clientlog,,,1000000,30109,10,1000,,,,,,,,85.76,11660.7,,38.23,113.324,143.866,47.634,,21.0,,,0.9938,,8g,l3_sparse.py,engine,container:4a0dae2f3a30 (host unknown),dbbench:arcadedb,,,,,,,,,,,,,,,,,,,,,,,,,,,,,,,,,,,,,,,,,,,,,,,,,,,,,,,,,,,0.01,0.0,995,47.87,0.15,134.34,26.9.1.dev0,1000000,,,,,,,,,,,,,,,,,,,,,,,,,,,,,,,,,,,,,,,,,,,,,,,,,,,,,,,,,,,,,,,,,,,,,,,,,,,,,,,,,,,,,,,,,,,,,,,,,,,,,,,,,,,,,,,,,,,,,,,,,
l3s_arcadedb_sparse_embedded_nocompact_search_small_r2,8d6af9475,l3s,arcadedb_sparse_embedded_nocompact,search,small,2,paper,0-11,embedded,16g,2026-09-08T01:12:17+00:00,,,,,,,,,0.2,1523.1,did not converge,0,False,,0.557,26.9.1.dev0,,,,,,,,,,,,,,,,,,,,,0.033,,,,,1523.1,1522.9,,,,,,,,,,10259.0,8610.0,34.7,0.0,1564.0,0.0,4717.4,1523.0,246875348,10259.0,8610.0,0.0,8610.0,4717.4,0.0,34.7,246875348,20260908T010748Z,,,,,,,,,,,,,,,,,,,,,,,,,,,l3s_arcadedb_sparse_embedded_nocompact_search_small_r2.clientlog,,,1000000,30109,10,1000,,,,,,,,85.37,11713.5,,38.069,111.196,142.579,47.209,,21.2,,,0.9938,,8g,l3_sparse.py,engine,container:777d83bc35ad (host unknown),dbbench:arcadedb,,,,,,,,,,,,,,,,,,,,,,,,,,,,,,,,,,,,,,,,,,,,,,,,,,,,,,,,,,,0.0,0.0,995,47.45,0.14,133.52,26.9.1.dev0,1000000,,,,,,,,,,,,,,,,,,,,,,,,,,,,,,,,,,,,,,,,,,,,,,,,,,,,,,,,,,,,,,,,,,,,,,,,,,,,,,,,,,,,,,,,,,,,,,,,,,,,,,,,,,,,,,,,,,,,,,,,,
l3s_arcadedb_sparse_embedded_nocompact_search_small_r3,8d6af9475,l3s,arcadedb_sparse_embedded_nocompact,search,small,3,paper,0-11,embedded,16g,2026-09-08T01:14:32+00:00,,,,,,,,,0.1,1523.1,did not converge,0,False,,0.554,26.9.1.dev0,,,,,,,,,,,,,,,,,,,,,0.035,,,,,1523.1,1523.0,,,,,,,,,,10263.2,8614.4,678.7,0.0,1564.0,0.0,4683.4,1523.0,249767190,10263.2,8614.4,0.0,8614.4,4683.4,0.0,678.7,249767190,20260908T010748Z,,,,,,,,,,,,,,,,,,,,,,,,,,,l3s_arcadedb_sparse_embedded_nocompact_search_small_r3.clientlog,,,1000000,30109,10,1000,,,,,,,,85.36,11715.0,,38.114,115.679,144.574,48.235,,20.7,,,0.9938,,8g,l3_sparse.py,engine,container:bd7bed2042dd (host unknown),dbbench:arcadedb,,,,,,,,,,,,,,,,,,,,,,,,,,,,,,,,,,,,,,,,,,,,,,,,,,,,,,,,,,,0.01,0.0,995,48.48,0.13,134.53,26.9.1.dev0,1000000,,,,,,,,,,,,,,,,,,,,,,,,,,,,,,,,,,,,,,,,,,,,,,,,,,,,,,,,,,,,,,,,,,,,,,,,,,,,,,,,,,,,,,,,,,,,,,,,,,,,,,,,,,,,,,,,,,,,,,,,,
l3s_arcadedb_sparse_embedded_nocompact_search_small_r4,8d6af9475,l3s,arcadedb_sparse_embedded_nocompact,search,small,4,paper,0-11,embedded,16g,2026-09-08T01:10:02+00:00,,,,,,,,,0.1,1523.1,did not converge,0,False,,0.541,26.9.1.dev0,,,,,,,,,,,,,,,,,,,,,0.034,,,,,1523.1,1523.0,,,,,,,,,,10281.4,8632.0,7911.3,0.0,1564.0,0.0,4751.3,1523.0,247443505,10281.4,8632.0,0.0,8632.0,4751.3,0.0,7911.3,247443505,20260908T010748Z,,,,,,,,,,,,,,,,,,,,,,,,,,,l3s_arcadedb_sparse_embedded_nocompact_search_small_r4.clientlog,,,1000000,30109,10,1000,,,,,,,,85.36,11715.5,,37.928,114.005,137.304,47.385,,21.1,,,0.9938,,8g,l3_sparse.py,engine,container:24dc1c976a55 (host unknown),dbbench:arcadedb,,,,,,,,,,,,,,,,,,,,,,,,,,,,,,,,,,,,,,,,,,,,,,,,,,,,,,,,,,,0.0,0.0,995,47.67,0.15,133.72,26.9.1.dev0,1000000,,,,,,,,,,,,,,,,,,,,,,,,,,,,,,,,,,,,,,,,,,,,,,,,,,,,,,,,,,,,,,,,,,,,,,,,,,,,,,,,,,,,,,,,,,,,,,,,,,,,,,,,,,,,,,,,,,,,,,,,,
l3s_arcadedb_sparse_embedded_nocompact_search_small_r5,8d6af9475,l3s,arcadedb_sparse_embedded_nocompact,search,small,5,paper,0-11,embedded,16g,2026-09-08T01:16:48+00:00,,,,,,,,,0.2,1523.1,did not converge,0,False,,0.551,26.9.1.dev0,,,,,,,,,,,,,,,,,,,,,0.037,,,,,1523.1,1522.9,,,,,,,,,,10250.1,8607.3,1999.0,0.0,1558.0,0.0,4659.2,1523.0,247700779,10250.1,8607.3,0.0,8607.3,4659.2,0.0,1999.0,247700779,20260908T010748Z,,,,,,,,,,,,,,,,,,,,,,,,,,,l3s_arcadedb_sparse_embedded_nocompact_search_small_r5.clientlog,,,1000000,30109,10,1000,,,,,,,,85.79,11656.8,,37.734,114.108,139.098,47.63,,21.0,,,0.9938,,8g,l3_sparse.py,engine,container:8ddead54ad9e (host unknown),dbbench:arcadedb,,,,,,,,,,,,,,,,,,,,,,,,,,,,,,,,,,,,,,,,,,,,,,,,,,,,,,,,,,,0.0,0.0,995,47.84,0.14,134.32,26.9.1.dev0,1000000,,,,,,,,,,,,,,,,,,,,,,,,,,,,,,,,,,,,,,,,,,,,,,,,,,,,,,,,,,,,,,,,,,,,,,,,,,,,,,,,,,,,,,,,,,,,,,,,,,,,,,,,,,,,,,,,,,,,,,,,,
l3s_arcadedb_sparse_server_search_small_r1,8d6af9475,l3s,arcadedb_sparse_server,search,small,1,paper,0-11,client_server,8g,2026-09-03T21:00:02+00:00,full+client,8g,16.0,0-11,arcadedb-c25:8d6af9475,arcadedb-c25:8d6af9475,16g,0.3,0.1,0.1,did not converge,0,False,,8.411,server:26.9.1-SNAPSHOT (build 8d6af94753ea8446bd13ac1aed2bb79eaf78dc90/1788075753609/main),,,,,,,,,,,,,,,,,,,,,0.0,1535.7,1535.7,0.0,True,1535.8,1535.4,10541.1,8527.3,8523.2,0.0,1847.9,0.0,5241.7,1535.6,376896821,333.4,233.7,33.4,0.0,0.1,0.0,0.2,0.1,50539489,10874.5,8761.0,0.0,8761.0,5241.9,0.0,8556.6,427436310,20260903T201831Z,,,,,,,,,,,,,,,,,,,,,,,,,,,l3s_arcadedb_sparse_server_search_small_r1.clientlog,,l3s_arcadedb_sparse_server_search_small_r1.serverlog,1000000,30109,10,1000,,,,,,,,248.57,4023.0,,13.259,32.925,41.91,15.53,,64.4,,,0.9935,,8g,l3_sparse.py,client,container:e0b175b02561 (host unknown),dbbench:client,,,,,,,,,,,,,,,,,,,,,,,,,,,,,,,,,,,8g,,,,,,,,,,,,,,,,,,,,,,,,0.0,0.0,995,15.73,0.84,273.55,unknown (PackageNotFoundError),1000000,,,,,,,,,,,,,,,,,,,,,,,,,,,,,,,,,,,,,,,,,,,,,,,,,,,,,,,,,,,,,,,,,,,,,,,,,,,,,,,,,,,,,,,,,,,,,,,,,,,,,,,,,,,,,,,,,,,,,,,,,
l3s_arcadedb_sparse_server_search_small_r2,8d6af9475,l3s,arcadedb_sparse_server,search,small,2,paper,0-11,client_server,8g,2026-09-03T20:51:40+00:00,full+client,8g,16.0,0-11,arcadedb-c25:8d6af9475,arcadedb-c25:8d6af9475,16g,0.3,0.1,0.1,did not converge,0,False,,8.639,server:26.9.1-SNAPSHOT (build 8d6af94753ea8446bd13ac1aed2bb79eaf78dc90/1788075753609/main),,,,,,,,,,,,,,,,,,,,,0.0,1537.9,1537.9,0.0,True,1538.0,1537.6,10555.4,8537.3,8537.3,0.0,1850.1,0.0,5234.5,1537.8,371880660,333.2,293.2,33.4,0.0,0.1,0.0,0.2,0.1,51130887,10888.6,8830.5,0.0,8830.5,5234.7,0.0,8570.7,423011547,20260903T201831Z,,,,,,,,,,,,,,,,,,,,,,,,,,,l3s_arcadedb_sparse_server_search_small_r2.clientlog,,l3s_arcadedb_sparse_server_search_small_r2.serverlog,1000000,30109,10,1000,,,,,,,,248.66,4021.5,,12.902,31.555,39.722,15.0,,66.7,,,0.9935,,8g,l3_sparse.py,client,container:0f4673a1dc82 (host unknown),dbbench:client,,,,,,,,,,,,,,,,,,,,,,,,,,,,,,,,,,,8g,,,,,,,,,,,,,,,,,,,,,,,,0.0,0.0,995,15.23,0.8,273.33,unknown (PackageNotFoundError),1000000,,,,,,,,,,,,,,,,,,,,,,,,,,,,,,,,,,,,,,,,,,,,,,,,,,,,,,,,,,,,,,,,,,,,,,,,,,,,,,,,,,,,,,,,,,,,,,,,,,,,,,,,,,,,,,,,,,,,,,,,,
l3s_arcadedb_sparse_server_search_small_r3,8d6af9475,l3s,arcadedb_sparse_server,search,small,3,paper,0-11,client_server,8g,2026-09-03T20:37:50+00:00,full+client,8g,16.0,0-11,arcadedb-c25:8d6af9475,arcadedb-c25:8d6af9475,16g,0.3,0.1,0.1,did not converge,0,False,,8.515,server:26.9.1-SNAPSHOT (build 8d6af94753ea8446bd13ac1aed2bb79eaf78dc90/1788075753609/main),,,,,,,,,,,,,,,,,,,,,0.0,1529.0,1529.0,0.0,True,1529.1,1528.7,10574.3,8545.3,8541.7,0.0,1841.2,0.0,5284.3,1528.9,369590052,333.4,273.1,33.4,0.0,0.1,0.0,0.2,0.1,50877949,10907.6,8818.4,0.0,8818.4,5284.4,0.0,8575.1,420468001,20260903T201831Z,,,,,,,,,,,,,,,,,,,,,,,,,,,l3s_arcadedb_sparse_server_search_small_r3.clientlog,,l3s_arcadedb_sparse_server_search_small_r3.serverlog,1000000,30109,10,1000,,,,,,,,247.78,4035.8,,12.509,31.167,38.947,14.657,,68.2,,,0.9935,,8g,l3_sparse.py,client,container:36fd6c9caab2 (host unknown),dbbench:client,,,,,,,,,,,,,,,,,,,,,,,,,,,,,,,,,,,8g,,,,,,,,,,,,,,,,,,,,,,,,0.0,0.0,995,14.93,0.84,272.06,unknown (PackageNotFoundError),1000000,,,,,,,,,,,,,,,,,,,,,,,,,,,,,,,,,,,,,,,,,,,,,,,,,,,,,,,,,,,,,,,,,,,,,,,,,,,,,,,,,,,,,,,,,,,,,,,,,,,,,,,,,,,,,,,,,,,,,,,,,
l3s_arcadedb_sparse_server_search_small_r4,8d6af9475,l3s,arcadedb_sparse_server,search,small,4,paper,0-11,client_server,8g,2026-09-03T20:24:48+00:00,full+client,8g,16.0,0-11,arcadedb-c25:8d6af9475,arcadedb-c25:8d6af9475,16g,0.3,0.1,0.1,did not converge,0,False,,8.065,server:26.9.1-SNAPSHOT (build 8d6af94753ea8446bd13ac1aed2bb79eaf78dc90/1788075753609/main),,,,,,,,,,,,,,,,,,,,,0.0,1541.2,1541.2,0.0,True,1541.3,1540.9,10546.3,8532.1,8532.1,0.0,1853.4,0.0,5331.4,1541.1,366943391,333.3,300.3,33.4,0.0,0.1,0.0,0.2,0.1,48964281,10879.6,8832.4,0.0,8832.4,5331.5,0.0,8565.5,415907672,20260903T201831Z,,,,,,,,,,,,,,,,,,,,,,,,,,,l3s_arcadedb_sparse_server_search_small_r4.clientlog,,l3s_arcadedb_sparse_server_search_small_r4.serverlog,1000000,30109,10,1000,,,,,,,,244.22,4094.7,,12.714,31.362,37.531,14.833,,67.4,,,0.9935,,8g,l3_sparse.py,client,container:745ff410c244 (host unknown),dbbench:client,,,,,,,,,,,,,,,,,,,,,,,,,,,,,,,,,,,8g,,,,,,,,,,,,,,,,,,,,,,,,0.01,0.0,995,15.16,0.73,268.19,unknown (PackageNotFoundError),1000000,,,,,,,,,,,,,,,,,,,,,,,,,,,,,,,,,,,,,,,,,,,,,,,,,,,,,,,,,,,,,,,,,,,,,,,,,,,,,,,,,,,,,,,,,,,,,,,,,,,,,,,,,,,,,,,,,,,,,,,,,
l3s_arcadedb_sparse_server_search_small_r5,8d6af9475,l3s,arcadedb_sparse_server,search,small,5,paper,0-11,client_server,8g,2026-09-03T20:33:12+00:00,full+client,8g,16.0,0-11,arcadedb-c25:8d6af9475,arcadedb-c25:8d6af9475,16g,0.3,0.1,0.1,did not converge,0,False,,8.52,server:26.9.1-SNAPSHOT (build 8d6af94753ea8446bd13ac1aed2bb79eaf78dc90/1788075753609/main),,,,,,,,,,,,,,,,,,,,,0.0,1537.9,1537.9,0.0,True,1538.0,1537.6,10582.4,8580.0,8578.3,0.0,1850.1,0.0,5245.9,1537.8,375530335,333.9,297.0,33.3,0.0,0.1,0.0,0.2,0.1,50440115,10916.4,8877.1,0.0,8877.1,5246.1,0.0,8611.6,425970450,20260903T201831Z,,,,,,,,,,,,,,,,,,,,,,,,,,,l3s_arcadedb_sparse_server_search_small_r5.clientlog,,l3s_arcadedb_sparse_server_search_small_r5.serverlog,1000000,30109,10,1000,,,,,,,,250.38,3994.0,,12.871,32.031,41.158,14.963,,66.8,,,0.9935,,8g,l3_sparse.py,client,container:ae82b7da5949 (host unknown),dbbench:client,,,,,,,,,,,,,,,,,,,,,,,,,,,,,,,,,,,8g,,,,,,,,,,,,,,,,,,,,,,,,0.01,0.0,995,15.28,0.73,274.92,unknown (PackageNotFoundError),1000000,,,,,,,,,,,,,,,,,,,,,,,,,,,,,,,,,,,,,,,,,,,,,,,,,,,,,,,,,,,,,,,,,,,,,,,,,,,,,,,,,,,,,,,,,,,,,,,,,,,,,,,,,,,,,,,,,,,,,,,,,
l3s_arcadedb_sparse_server_fp32_search_small_r1,8d6af9475,l3s,arcadedb_sparse_server_fp32,search,small,1,paper,0-11,client_server,8g,2026-09-07T14:02:44+00:00,full+client,8g,16.0,0-11,arcadedb-c25:8d6af9475,arcadedb-c25:8d6af9475,16g,0.3,0.1,0.1,did not converge,0,False,,8.673,server:26.9.1-SNAPSHOT (build 8d6af94753ea8446bd13ac1aed2bb79eaf78dc90/1788075753609/main),,,,,,,,,,,,,,,,,,,,,0.0,1921.6,1921.6,0.0,True,1921.7,1921.3,11374.3,8575.1,8559.7,0.0,2533.7,0.0,7591.9,1921.5,381397508,333.8,315.5,33.3,0.0,0.1,0.0,0.2,0.1,55925638,11708.1,8890.6,0.0,8890.6,7592.0,0.0,8593.0,437323146,20260907T133908Z,,,,,,,,,,,,,,,,,,,,,,,,,,,l3s_arcadedb_sparse_server_fp32_search_small_r1.clientlog,,l3s_arcadedb_sparse_server_fp32_search_small_r1.serverlog,1000000,30109,10,1000,,,,,,,,259.47,3854.0,,13.053,31.611,37.901,15.145,,66.0,,,1.0,,8g,l3_sparse.py,client,container:188a19504c20 (host unknown),dbbench:client,,,,,,,,,,,,,,,,,,,,,,,,,,,,,,,,,,,8g,,,,,,,,,,,,,,,,,,,,,,,,0.01,0.0,995,15.43,0.79,284.37,unknown (PackageNotFoundError),1000000,,,,,,,,,,,,,,,,,,,,,,,,,,,,,,,,,,,,,,,,,,,,,,,,,,,,,,,,,,,,,,,,,,,,,,,,,,,,,,,,,,,,,,,,,,,,,,,,,,,,,,,,,,,,,,,,,,,,,,,,,
l3s_arcadedb_sparse_server_fp32_search_small_r2,8d6af9475,l3s,arcadedb_sparse_server_fp32,search,small,2,paper,0-11,client_server,8g,2026-09-07T13:48:22+00:00,full+client,8g,16.0,0-11,arcadedb-c25:8d6af9475,arcadedb-c25:8d6af9475,16g,0.3,0.1,0.1,did not converge,0,False,,8.394,server:26.9.1-SNAPSHOT (build 8d6af94753ea8446bd13ac1aed2bb79eaf78dc90/1788075753609/main),,,,,,,,,,,,,,,,,,,,,0.0,1903.1,1903.1,0.0,True,1903.2,1902.8,11334.9,8547.4,8547.4,0.0,2515.2,0.0,7588.7,1903.0,369148243,333.9,233.9,33.3,0.0,0.1,0.0,0.2,0.1,51211844,11668.8,8781.3,0.0,8781.3,7588.8,0.0,8580.7,420360087,20260907T133908Z,,,,,,,,,,,,,,,,,,,,,,,,,,,l3s_arcadedb_sparse_server_fp32_search_small_r2.clientlog,,l3s_arcadedb_sparse_server_fp32_search_small_r2.serverlog,1000000,30109,10,1000,,,,,,,,248.16,4029.7,,12.505,30.308,39.685,14.679,,68.1,,,1.0,,8g,l3_sparse.py,client,container:d2bb991e0e81 (host unknown),dbbench:client,,,,,,,,,,,,,,,,,,,,,,,,,,,,,,,,,,,8g,,,,,,,,,,,,,,,,,,,,,,,,0.0,0.0,995,14.91,0.79,272.25,unknown (PackageNotFoundError),1000000,,,,,,,,,,,,,,,,,,,,,,,,,,,,,,,,,,,,,,,,,,,,,,,,,,,,,,,,,,,,,,,,,,,,,,,,,,,,,,,,,,,,,,,,,,,,,,,,,,,,,,,,,,,,,,,,,,,,,,,,,
l3s_arcadedb_sparse_server_fp32_search_small_r3,8d6af9475,l3s,arcadedb_sparse_server_fp32,search,small,3,paper,0-11,client_server,8g,2026-09-07T13:53:04+00:00,full+client,8g,16.0,0-11,arcadedb-c25:8d6af9475,arcadedb-c25:8d6af9475,16g,0.3,0.1,0.1,did not converge,0,False,,8.015,server:26.9.1-SNAPSHOT (build 8d6af94753ea8446bd13ac1aed2bb79eaf78dc90/1788075753609/main),,,,,,,,,,,,,,,,,,,,,0.0,1908.5,1908.5,0.0,True,1908.6,1908.2,11394.3,8570.3,8570.3,0.0,2520.7,0.0,7559.4,1908.5,377807823,334.0,289.3,33.4,0.0,0.1,0.0,0.2,0.1,51633562,11728.2,8859.6,0.0,8859.6,7559.6,0.0,8603.8,429441385,20260907T133908Z,,,,,,,,,,,,,,,,,,,,,,,,,,,l3s_arcadedb_sparse_server_fp32_search_small_r3.clientlog,,l3s_arcadedb_sparse_server_fp32_search_small_r3.serverlog,1000000,30109,10,1000,,,,,,,,252.05,3967.4,,12.754,31.309,39.068,14.806,,67.5,,,1.0,,8g,l3_sparse.py,client,container:4d31ed15af17 (host unknown),dbbench:client,,,,,,,,,,,,,,,,,,,,,,,,,,,,,,,,,,,8g,,,,,,,,,,,,,,,,,,,,,,,,0.0,0.0,995,15.1,0.84,276.0,unknown (PackageNotFoundError),1000000,,,,,,,,,,,,,,,,,,,,,,,,,,,,,,,,,,,,,,,,,,,,,,,,,,,,,,,,,,,,,,,,,,,,,,,,,,,,,,,,,,,,,,,,,,,,,,,,,,,,,,,,,,,,,,,,,,,,,,,,,
l3s_arcadedb_sparse_server_fp32_search_small_r4,8d6af9475,l3s,arcadedb_sparse_server_fp32,search,small,4,paper,0-11,client_server,8g,2026-09-07T13:43:43+00:00,full+client,8g,16.0,0-11,arcadedb-c25:8d6af9475,arcadedb-c25:8d6af9475,16g,0.3,0.1,0.1,did not converge,0,False,,7.88,server:26.9.1-SNAPSHOT (build 8d6af94753ea8446bd13ac1aed2bb79eaf78dc90/1788075753609/main),,,,,,,,,,,,,,,,,,,,,0.0,1907.5,1907.5,0.0,True,1907.6,1907.2,11387.4,8562.2,8562.2,0.0,2519.6,0.0,7574.4,1907.4,373573791,1308.2,234.3,33.3,0.0,972.0,1943.8,0.2,972.0,50249589,12695.6,8796.6,0.0,8796.6,7574.6,1943.8,8595.5,423823380,20260907T133908Z,,,,,,,,,,,,,,,,,,,,,,,,,,,l3s_arcadedb_sparse_server_fp32_search_small_r4.clientlog,,l3s_arcadedb_sparse_server_fp32_search_small_r4.serverlog,1000000,30109,10,1000,,,,,,,,249.66,4005.5,,12.646,31.289,39.941,14.699,,68.0,,,1.0,,8g,l3_sparse.py,client,container:c1c94238b8c9 (host unknown),dbbench:client,,,,,,,,,,,,,,,,,,,,,,,,,,,,,,,,,,,8g,,,,,,,,,,,,,,,,,,,,,,,,0.0,0.0,995,14.91,0.77,273.22,unknown (PackageNotFoundError),1000000,,,,,,,,,,,,,,,,,,,,,,,,,,,,,,,,,,,,,,,,,,,,,,,,,,,,,,,,,,,,,,,,,,,,,,,,,,,,,,,,,,,,,,,,,,,,,,,,,,,,,,,,,,,,,,,,,,,,,,,,,
l3s_arcadedb_sparse_server_fp32_search_small_r5,8d6af9475,l3s,arcadedb_sparse_server_fp32,search,small,5,paper,0-11,client_server,8g,2026-09-07T13:57:53+00:00,full+client,8g,16.0,0-11,arcadedb-c25:8d6af9475,arcadedb-c25:8d6af9475,16g,0.3,0.1,0.1,did not converge,0,False,,8.509,server:26.9.1-SNAPSHOT (build 8d6af94753ea8446bd13ac1aed2bb79eaf78dc90/1788075753609/main),,,,,,,,,,,,,,,,,,,,,0.0,1921.1,1921.1,0.0,True,1921.2,1920.8,11395.2,8549.9,8549.9,0.0,2533.2,0.0,7737.1,1921.0,383560782,333.9,325.5,33.4,0.0,0.1,0.0,0.2,0.1,54034360,11729.0,8875.4,0.0,8875.4,7737.2,0.0,8583.3,437595142,20260907T133908Z,,,,,,,,,,,,,,,,,,,,,,,,,,,l3s_arcadedb_sparse_server_fp32_search_small_r5.clientlog,,l3s_arcadedb_sparse_server_fp32_search_small_r5.serverlog,1000000,30109,10,1000,,,,,,,,257.85,3878.2,,13.123,31.839,38.174,15.173,,65.9,,,1.0,,8g,l3_sparse.py,client,container:155b5c187b88 (host unknown),dbbench:client,,,,,,,,,,,,,,,,,,,,,,,,,,,,,,,,,,,8g,,,,,,,,,,,,,,,,,,,,,,,,0.0,0.0,995,15.49,0.79,282.64,unknown (PackageNotFoundError),1000000,,,,,,,,,,,,,,,,,,,,,,,,,,,,,,,,,,,,,,,,,,,,,,,,,,,,,,,,,,,,,,,,,,,,,,,,,,,,,,,,,,,,,,,,,,,,,,,,,,,,,,,,,,,,,,,,,,,,,,,,,
l3s_elasticsearch_sparse_search_small_r1,b7c6c800d,l3s,elasticsearch_sparse,search,small,1,paper,0-11,client_server,8g,2026-08-29T00:02:14+00:00,full+client,8g,16.0,0-11,docker.elastic.co/elasticsearch/elasticsearch@sha256:268f65f1b32ea367e49c9be2acab144011b8c66c462c890f6190707743199050,docker.elastic.co/elasticsearch/elasticsearch@sha256:268f65f1b32ea367e49c9be2acab144011b8c66c462c890f6190707743199050,16g,0.2,0.1,1.0,did not converge,0,False,,0.922,9.4.1,,,,,,,,,,,,,,,,,,,,,0.0,926.3,926.3,0.0,True,927.3,927.0,12166.4,8945.6,8945.4,0.0,3073.5,0.0,12109.7,926.1,281216681,378.0,276.6,75.2,0.0,0.9,0.0,1.8,0.9,105297215,12544.5,9222.2,0.0,9222.2,12111.5,0.0,9020.6,386513896,20260828T231155Z,runs_page_b7c6c800d.jsonl,"comparator row, unaffected by the ArcadeDB re-pin b7c6c800d -> 8d6af9475 (DECISIONS #42: re-measure ArcadeDB arms, carry comparators)",,,,,,,,,,,,,,,,,,,,,,,,,,,,1000000,30109,10,1000,,,,,,,,335.48,2980.8,,10.035,18.472,21.598,10.722,,93.3,,,0.9972,,8g,l3_sparse.py,client,container:894d6dbf295e (host unknown),dbbench:client,,,,,,,,,,,,,,,,,,,,,,,,,,,,,,,,,,,8g,,,,,,,,,,,,,,,,,,,,,,,,0.0,0.0,995,10.87,0.0,347.27,unknown (PackageNotFoundError),1000000,,,,,,,,,,,,,,,,,,,,,,,,,,,,,,,,,,,,,False,,,,,,,,,,,,,,,,,,,,,,,,,,,,,,,,,,,,,,,,,,,,,,,,,,,,,,,,,,,,,,,,,,,,,,,,,,,,,,,,,,,,
l3s_elasticsearch_sparse_search_small_r2,b7c6c800d,l3s,elasticsearch_sparse,search,small,2,paper,0-11,client_server,8g,2026-08-28T23:52:36+00:00,full+client,8g,16.0,0-11,docker.elastic.co/elasticsearch/elasticsearch@sha256:268f65f1b32ea367e49c9be2acab144011b8c66c462c890f6190707743199050,docker.elastic.co/elasticsearch/elasticsearch@sha256:268f65f1b32ea367e49c9be2acab144011b8c66c462c890f6190707743199050,16g,0.2,0.2,1.0,did not converge,0,False,,0.941,9.4.1,,,,,,,,,,,,,,,,,,,,,0.0,926.3,926.3,0.0,True,927.3,926.9,12193.4,8972.6,8972.6,0.0,3032.8,0.0,12157.6,926.1,281202669,378.3,277.6,75.1,0.0,0.9,0.0,1.8,0.9,106275567,12571.7,9250.3,0.0,9250.3,12159.4,0.0,9047.8,387478236,20260828T231155Z,runs_page_b7c6c800d.jsonl,"comparator row, unaffected by the ArcadeDB re-pin b7c6c800d -> 8d6af9475 (DECISIONS #42: re-measure ArcadeDB arms, carry comparators)",,,,,,,,,,,,,,,,,,,,,,,,,,,,1000000,30109,10,1000,,,,,,,,336.63,2970.6,,10.244,18.614,22.229,10.923,,91.6,,,0.9972,,8g,l3_sparse.py,client,container:5dc396e140fa (host unknown),dbbench:client,,,,,,,,,,,,,,,,,,,,,,,,,,,,,,,,,,,8g,,,,,,,,,,,,,,,,,,,,,,,,0.0,0.0,995,11.08,0.0,348.65,unknown (PackageNotFoundError),1000000,,,,,,,,,,,,,,,,,,,,,,,,,,,,,,,,,,,,,False,,,,,,,,,,,,,,,,,,,,,,,,,,,,,,,,,,,,,,,,,,,,,,,,,,,,,,,,,,,,,,,,,,,,,,,,,,,,,,,,,,,,
l3s_elasticsearch_sparse_search_small_r3,b7c6c800d,l3s,elasticsearch_sparse,search,small,3,paper,0-11,client_server,8g,2026-08-28T23:36:45+00:00,full+client,8g,16.0,0-11,docker.elastic.co/elasticsearch/elasticsearch@sha256:268f65f1b32ea367e49c9be2acab144011b8c66c462c890f6190707743199050,docker.elastic.co/elasticsearch/elasticsearch@sha256:268f65f1b32ea367e49c9be2acab144011b8c66c462c890f6190707743199050,16g,0.2,0.1,1.0,did not converge,0,False,,0.9,9.4.1,,,,,,,,,,,,,,,,,,,,,0.0,926.3,926.3,0.0,True,927.3,927.0,12105.7,8923.5,8923.5,0.0,3052.4,0.0,12160.8,926.1,280357349,378.6,347.4,74.7,0.0,0.9,0.0,1.8,0.9,102291085,12484.3,9270.9,0.0,9270.9,12162.6,0.0,8998.2,382648434,20260828T231155Z,runs_page_b7c6c800d.jsonl,"comparator row, unaffected by the ArcadeDB re-pin b7c6c800d -> 8d6af9475 (DECISIONS #42: re-measure ArcadeDB arms, carry comparators)",,,,,,,,,,,,,,,,,,,,,,,,,,,,1000000,30109,10,1000,,,,,,,,332.2,3010.3,,9.875,18.011,21.061,10.467,,95.5,,,0.9972,,8g,l3_sparse.py,client,container:0905c1476afa (host unknown),dbbench:client,,,,,,,,,,,,,,,,,,,,,,,,,,,,,,,,,,,8g,,,,,,,,,,,,,,,,,,,,,,,,0.0,0.0,995,10.62,0.0,343.72,unknown (PackageNotFoundError),1000000,,,,,,,,,,,,,,,,,,,,,,,,,,,,,,,,,,,,,False,,,,,,,,,,,,,,,,,,,,,,,,,,,,,,,,,,,,,,,,,,,,,,,,,,,,,,,,,,,,,,,,,,,,,,,,,,,,,,,,,,,,
l3s_elasticsearch_sparse_search_small_r4,b7c6c800d,l3s,elasticsearch_sparse,search,small,4,paper,0-11,client_server,8g,2026-08-28T23:20:10+00:00,full+client,8g,16.0,0-11,docker.elastic.co/elasticsearch/elasticsearch@sha256:268f65f1b32ea367e49c9be2acab144011b8c66c462c890f6190707743199050,docker.elastic.co/elasticsearch/elasticsearch@sha256:268f65f1b32ea367e49c9be2acab144011b8c66c462c890f6190707743199050,16g,0.2,0.1,1.0,did not converge,0,False,,0.985,9.4.1,,,,,,,,,,,,,,,,,,,,,0.0,926.3,926.3,0.0,True,927.3,927.0,12167.8,8973.3,8973.3,0.0,3072.7,0.1,12446.1,926.2,282087706,378.8,348.7,75.0,0.0,0.9,0.0,1.8,0.9,103991956,12546.5,9322.0,0.0,9322.0,12447.9,0.1,9048.3,386079662,20260828T231155Z,runs_page_b7c6c800d.jsonl,"comparator row, unaffected by the ArcadeDB re-pin b7c6c800d -> 8d6af9475 (DECISIONS #42: re-measure ArcadeDB arms, carry comparators)",,,,,,,,,,,,,,,,,,,,,,,,,,,,1000000,30109,10,1000,,,,,,,,334.59,2988.8,,10.026,18.452,22.263,10.72,,93.3,,,0.9972,,8g,l3_sparse.py,client,container:6508e0c00dd3 (host unknown),dbbench:client,,,,,,,,,,,,,,,,,,,,,,,,,,,,,,,,,,,8g,,,,,,,,,,,,,,,,,,,,,,,,0.0,0.0,995,10.87,0.0,346.44,unknown (PackageNotFoundError),1000000,,,,,,,,,,,,,,,,,,,,,,,,,,,,,,,,,,,,,False,,,,,,,,,,,,,,,,,,,,,,,,,,,,,,,,,,,,,,,,,,,,,,,,,,,,,,,,,,,,,,,,,,,,,,,,,,,,,,,,,,,,
l3s_elasticsearch_sparse_search_small_r5,b7c6c800d,l3s,elasticsearch_sparse,search,small,5,paper,0-11,client_server,8g,2026-08-28T23:30:40+00:00,full+client,8g,16.0,0-11,docker.elastic.co/elasticsearch/elasticsearch@sha256:268f65f1b32ea367e49c9be2acab144011b8c66c462c890f6190707743199050,docker.elastic.co/elasticsearch/elasticsearch@sha256:268f65f1b32ea367e49c9be2acab144011b8c66c462c890f6190707743199050,16g,0.3,0.1,1.0,did not converge,0,False,,0.937,9.4.1,,,,,,,,,,,,,,,,,,,,,0.0,926.3,926.3,0.0,True,927.3,926.9,12227.1,9003.2,9003.2,0.0,3097.8,0.0,12192.1,926.1,283062019,378.2,276.6,75.2,0.0,0.9,0.0,1.8,0.9,105293695,12605.2,9279.8,0.0,9279.8,12193.9,0.0,9078.4,388355714,20260828T231155Z,runs_page_b7c6c800d.jsonl,"comparator row, unaffected by the ArcadeDB re-pin b7c6c800d -> 8d6af9475 (DECISIONS #42: re-measure ArcadeDB arms, carry comparators)",,,,,,,,,,,,,,,,,,,,,,,,,,,,1000000,30109,10,1000,,,,,,,,336.93,2968.0,,9.823,17.971,21.137,10.489,,95.3,,,0.9972,,8g,l3_sparse.py,client,container:94fa4c048eb8 (host unknown),dbbench:client,,,,,,,,,,,,,,,,,,,,,,,,,,,,,,,,,,,8g,,,,,,,,,,,,,,,,,,,,,,,,0.0,0.0,995,10.64,0.0,348.51,unknown (PackageNotFoundError),1000000,,,,,,,,,,,,,,,,,,,,,,,,,,,,,,,,,,,,,False,,,,,,,,,,,,,,,,,,,,,,,,,,,,,,,,,,,,,,,,,,,,,,,,,,,,,,,,,,,,,,,,,,,,,,,,,,,,,,,,,,,,
l3s_milvus_sparse_search_small_r1,8d6af9475,l3s,milvus_sparse,search,small,1,paper,0-11,client_server,8g,2026-09-10T06:49:55+00:00,full+client,8g,16.0,0-11,milvusdb/milvus@sha256:0ea40276f8111f0183e72c8ee3144f3b9aafcd30571bd947de1ed0d22ee9dd56,milvusdb/milvus@sha256:0ea40276f8111f0183e72c8ee3144f3b9aafcd30571bd947de1ed0d22ee9dd56,16g,271.3,0.1,1.1,did not converge,0,False,,1.979,milvus:pkg/v2.6.13,,,,,,,,,,,,,,,,,,,,,0.0,5023.6,5023.6,0.0,True,5024.7,4753.3,9732.9,5246.5,2578.3,0.0,4794.8,0.3,15068.2,4794.8,337323588,389.7,305.4,80.7,0.0,1.0,0.0,1.9,1.0,101521407,10122.6,5551.8,0.0,5551.8,15070.1,0.3,2659.0,438844995,20260910T063823Z,,,,,,,,,,,,,,,,,,,,,,,,,,,l3s_milvus_sparse_search_small_r1.clientlog,"OCI runtime exec failed: exec failed: unable to start container process: exec: ""java"": executable file not found in $PAT",l3s_milvus_sparse_search_small_r1.serverlog,1000000,30109,10,1000,,,,,,,,120.03,8331.4,,9.513,26.873,37.366,11.538,,86.7,,,1.0,,,l3_sparse.py,client,container:2596e52f1a5d (host unknown),dbbench:client,,,,milvus run standalone,,,,,,,,,,,,,,,,,,,,,,,,,,,,,,,,,,,,,,,,,,,,,,,,,,,,,,,0.0,0.0,995,11.53,0.0,133.54,unknown (PackageNotFoundError),1000000,,,,,,,,,,,,,,,,,,,,,,,,,,,,,,,,,,,,,,,,,,,,,,,,,,,,,,,,,,,,,,,,,,,,,,,,,,,,,,,,,,,,,,,,,,,,,,,,,,,,,,,,,,,,,,,,,,,,,,,,,
l3s_milvus_sparse_search_small_r2,8d6af9475,l3s,milvus_sparse,search,small,2,paper,0-11,client_server,8g,2026-09-10T06:42:51+00:00,full+client,8g,16.0,0-11,milvusdb/milvus@sha256:0ea40276f8111f0183e72c8ee3144f3b9aafcd30571bd947de1ed0d22ee9dd56,milvusdb/milvus@sha256:0ea40276f8111f0183e72c8ee3144f3b9aafcd30571bd947de1ed0d22ee9dd56,16g,271.3,0.1,1.1,did not converge,0,False,,1.98,milvus:pkg/v2.6.13,,,,,,,,,,,,,,,,,,,,,0.0,5030.6,5030.6,0.0,False,5031.7,4760.3,10262.6,5920.1,2587.4,0.0,4804.5,0.1,15057.2,4804.5,338712002,388.6,287.7,80.8,0.0,1.0,0.0,1.9,1.0,102055638,10651.2,6207.7,0.0,6207.7,15059.1,0.1,2668.1,440767640,20260910T063823Z,,,,,,,,,,,,,,,,,,,,,,,,,,,l3s_milvus_sparse_search_small_r2.clientlog,"OCI runtime exec failed: exec failed: unable to start container process: exec: ""java"": executable file not found in $PAT",l3s_milvus_sparse_search_small_r2.serverlog,1000000,30109,10,1000,,,,,,,,120.56,8294.8,,9.401,26.698,37.609,11.563,,86.5,,,1.0,,,l3_sparse.py,client,container:4f6c5ba2f382 (host unknown),dbbench:client,,,,milvus run standalone,,,,,,,,,,,,,,,,,,,,,,,,,,,,,,,,,,,,,,,,,,,,,,,,,,,,,,,0.0,0.0,995,11.55,0.0,134.09,unknown (PackageNotFoundError),1000000,still moving after 3 samples: 4980.3 -> 5030.6 MiB,,,,,,,,,,,,,,,,,,,,,,,,,,,,,,,,,,,,,,,,,,,,,,,,,,,,,,,,,,,,,,,,,,,,,,,,,,,,,,,,,,,,,,,,,,,,,,,,,,,,,,,,,,,,,,,,,,,,,,,,
l3s_milvus_sparse_search_small_r3,8d6af9475,l3s,milvus_sparse,search,small,3,paper,0-11,client_server,8g,2026-09-10T06:45:14+00:00,full+client,8g,16.0,0-11,milvusdb/milvus@sha256:0ea40276f8111f0183e72c8ee3144f3b9aafcd30571bd947de1ed0d22ee9dd56,milvusdb/milvus@sha256:0ea40276f8111f0183e72c8ee3144f3b9aafcd30571bd947de1ed0d22ee9dd56,16g,271.3,0.1,1.1,did not converge,0,False,,2.193,milvus:pkg/v2.6.13,,,,,,,,,,,,,,,,,,,,,0.0,4855.2,4855.2,0.0,True,4856.3,4584.9,9520.3,4951.0,2489.4,0.0,4629.5,0.6,14589.0,4629.5,313893580,389.3,349.7,80.7,0.0,1.0,0.0,1.9,1.0,101754520,9909.6,5300.8,0.0,5300.8,14590.9,0.6,2570.2,415648100,20260910T063823Z,,,,,,,,,,,,,,,,,,,,,,,,,,,l3s_milvus_sparse_search_small_r3.clientlog,"OCI runtime exec failed: exec failed: unable to start container process: exec: ""java"": executable file not found in $PAT",l3s_milvus_sparse_search_small_r3.serverlog,1000000,30109,10,1000,,,,,,,,121.24,8248.3,,8.175,22.842,31.05,10.02,,99.8,,,1.0,,,l3_sparse.py,client,container:46e9d583b951 (host unknown),dbbench:client,,,,milvus run standalone,,,,,,,,,,,,,,,,,,,,,,,,,,,,,,,,,,,,,,,,,,,,,,,,,,,,,,,0.0,0.0,995,10.02,0.0,133.45,unknown (PackageNotFoundError),1000000,,,,,,,,,,,,,,,,,,,,,,,,,,,,,,,,,,,,,,,,,,,,,,,,,,,,,,,,,,,,,,,,,,,,,,,,,,,,,,,,,,,,,,,,,,,,,,,,,,,,,,,,,,,,,,,,,,,,,,,,,
l3s_milvus_sparse_search_small_r4,8d6af9475,l3s,milvus_sparse,search,small,4,paper,0-11,client_server,8g,2026-09-10T06:40:28+00:00,full+client,8g,16.0,0-11,milvusdb/milvus@sha256:0ea40276f8111f0183e72c8ee3144f3b9aafcd30571bd947de1ed0d22ee9dd56,milvusdb/milvus@sha256:0ea40276f8111f0183e72c8ee3144f3b9aafcd30571bd947de1ed0d22ee9dd56,16g,271.3,0.2,1.1,did not converge,0,False,,1.945,milvus:pkg/v2.6.13,,,,,,,,,,,,,,,,,,,,,0.0,4827.6,4827.6,0.0,False,4828.7,4557.2,9969.6,5484.0,2362.2,0.0,4598.4,0.2,13824.0,4598.4,309393571,1363.7,357.6,48.6,0.0,972.8,1943.8,1.9,972.8,98144587,11333.3,5841.6,0.0,5841.6,13826.0,1943.9,2410.8,407538158,20260910T063823Z,,,,,,,,,,,,,,,,,,,,,,,,,,,l3s_milvus_sparse_search_small_r4.clientlog,"OCI runtime exec failed: exec failed: unable to start container process: exec: ""java"": executable file not found in $PAT",l3s_milvus_sparse_search_small_r4.serverlog,1000000,30109,10,1000,,,,,,,,109.46,9135.8,,8.895,23.5,29.908,10.558,,94.7,,,1.0,,,l3_sparse.py,client,container:668ea8fdac4f (host unknown),dbbench:client,,,,milvus run standalone,,,,,,,,,,,,,,,,,,,,,,,,,,,,,,,,,,,,,,,,,,,,,,,,,,,,,,,0.01,0.0,995,10.55,0.0,121.96,unknown (PackageNotFoundError),1000000,still moving after 3 samples: 4772.2 -> 4827.6 MiB,,,,,,,,,,,,,,,,,,,,,,,,,,,,,,,,,,,,,,,,,,,,,,,,,,,,,,,,,,,,,,,,,,,,,,,,,,,,,,,,,,,,,,,,,,,,,,,,,,,,,,,,,,,,,,,,,,,,,,,,
l3s_milvus_sparse_search_small_r5,8d6af9475,l3s,milvus_sparse,search,small,5,paper,0-11,client_server,8g,2026-09-10T06:47:32+00:00,full+client,8g,16.0,0-11,milvusdb/milvus@sha256:0ea40276f8111f0183e72c8ee3144f3b9aafcd30571bd947de1ed0d22ee9dd56,milvusdb/milvus@sha256:0ea40276f8111f0183e72c8ee3144f3b9aafcd30571bd947de1ed0d22ee9dd56,16g,271.3,0.1,1.1,did not converge,0,False,,2.239,milvus:pkg/v2.6.13,,,,,,,,,,,,,,,,,,,,,0.0,4997.8,4997.8,0.0,False,4998.9,4727.5,9725.3,5376.7,2421.8,0.0,4765.8,0.3,15029.5,4765.8,338910191,388.8,288.1,80.7,0.0,1.0,0.0,1.9,1.0,102553776,10114.1,5664.9,0.0,5664.9,15031.4,0.3,2502.5,441463967,20260910T063823Z,,,,,,,,,,,,,,,,,,,,,,,,,,,l3s_milvus_sparse_search_small_r5.clientlog,"OCI runtime exec failed: exec failed: unable to start container process: exec: ""java"": executable file not found in $PAT",l3s_milvus_sparse_search_small_r5.serverlog,1000000,30109,10,1000,,,,,,,,117.93,8479.7,,9.475,25.398,36.663,11.546,,86.6,,,1.0,,,l3_sparse.py,client,container:4fde7e147ff7 (host unknown),dbbench:client,,,,milvus run standalone,,,,,,,,,,,,,,,,,,,,,,,,,,,,,,,,,,,,,,,,,,,,,,,,,,,,,,,0.0,0.0,995,11.54,0.0,131.71,unknown (PackageNotFoundError),1000000,still moving after 3 samples: 4945.5 -> 4997.8 MiB,,,,,,,,,,,,,,,,,,,,,,,,,,,,,,,,,,,,,,,,,,,,,,,,,,,,,,,,,,,,,,,,,,,,,,,,,,,,,,,,,,,,,,,,,,,,,,,,,,,,,,,,,,,,,,,,,,,,,,,,
l3s_qdrant_sparse_search_small_r1,b7c6c800d,l3s,qdrant_sparse,search,small,1,paper,0-11,client_server,8g,2026-08-28T23:54:20+00:00,full+client,8g,16.0,0-11,qdrant/qdrant@sha256:75eab8c4ba42096724fdcfde8b4de0b5713d529dde32f285a1f86fdcb2c9e50c,qdrant/qdrant@sha256:75eab8c4ba42096724fdcfde8b4de0b5713d529dde32f285a1f86fdcb2c9e50c,16g,0.0,0.1,1.0,did not converge,0,False,,0.767,qdrant:1.18.2,,,,,,,,,,,,,,,,,,,,,0.0,1482.8,1482.8,0.0,True,1483.8,1483.7,3819.3,1946.1,978.2,0.0,1864.9,7166.7,19441.4,102.1,174978807,383.3,361.1,0.0,0.0,0.9,0.0,1.7,0.9,33851944,4202.6,2307.2,0.0,2307.2,19443.1,7166.7,978.2,208830751,20260828T231155Z,runs_page_b7c6c800d.jsonl,"comparator row, unaffected by the ArcadeDB re-pin b7c6c800d -> 8d6af9475 (DECISIONS #42: re-measure ArcadeDB arms, carry comparators)",,,,,,,,,,,,,,,,,,,,,,,,,,,,1000000,30109,10,1000,,,,,,,,94.14,10623.0,,2.862,3.74,4.154,2.914,,343.2,,,1.0,,,l3_sparse.py,client,container:6a283bf26f96 (host unknown),dbbench:client,,,,,,,,,,,,,,,,,,,,,,,,,,,,,,,,,,,,,,,,,,,,,,,,,,,,,,,,,,,0.0,0.0,995,2.93,0.0,97.84,unknown (PackageNotFoundError),1000000,,,,,,,,,,,,,,,,,,,,,,,,,,,,,,,,,,,,,,,,,,,,,,,,,,,,,,,,,,,,,,,,,,,,,,,,,,,,,,,,,,,,,,,,,,,,,,,,,,,,,,,,,,,,,,,,,,,,,,,,,
l3s_qdrant_sparse_search_small_r2,b7c6c800d,l3s,qdrant_sparse,search,small,2,paper,0-11,client_server,8g,2026-08-28T23:56:05+00:00,full+client,8g,16.0,0-11,qdrant/qdrant@sha256:75eab8c4ba42096724fdcfde8b4de0b5713d529dde32f285a1f86fdcb2c9e50c,qdrant/qdrant@sha256:75eab8c4ba42096724fdcfde8b4de0b5713d529dde32f285a1f86fdcb2c9e50c,16g,0.0,0.1,1.0,did not converge,0,False,,0.794,qdrant:1.18.2,,,,,,,,,,,,,,,,,,,,,0.0,1482.9,1482.9,0.0,True,1483.9,1483.8,3887.2,2005.3,1036.1,0.0,1909.8,6911.0,18911.8,101.8,173401082,383.8,321.7,79.2,0.0,0.9,0.0,1.7,0.9,34617682,4271.0,2327.0,0.0,2327.0,18913.5,6911.0,1115.3,208018764,20260828T231155Z,runs_page_b7c6c800d.jsonl,"comparator row, unaffected by the ArcadeDB re-pin b7c6c800d -> 8d6af9475 (DECISIONS #42: re-measure ArcadeDB arms, carry comparators)",,,,,,,,,,,,,,,,,,,,,,,,,,,,1000000,30109,10,1000,,,,,,,,94.8,10548.2,,2.925,3.927,4.473,2.998,,333.5,,,1.0,,,l3_sparse.py,client,container:8c39559e28a9 (host unknown),dbbench:client,,,,,,,,,,,,,,,,,,,,,,,,,,,,,,,,,,,,,,,,,,,,,,,,,,,,,,,,,,,0.0,0.0,995,3.02,0.0,98.61,unknown (PackageNotFoundError),1000000,,,,,,,,,,,,,,,,,,,,,,,,,,,,,,,,,,,,,,,,,,,,,,,,,,,,,,,,,,,,,,,,,,,,,,,,,,,,,,,,,,,,,,,,,,,,,,,,,,,,,,,,,,,,,,,,,,,,,,,,,
l3s_qdrant_sparse_search_small_r3,b7c6c800d,l3s,qdrant_sparse,search,small,3,paper,0-11,client_server,8g,2026-08-28T23:40:41+00:00,full+client,8g,16.0,0-11,qdrant/qdrant@sha256:75eab8c4ba42096724fdcfde8b4de0b5713d529dde32f285a1f86fdcb2c9e50c,qdrant/qdrant@sha256:75eab8c4ba42096724fdcfde8b4de0b5713d529dde32f285a1f86fdcb2c9e50c,16g,0.0,0.1,1.0,did not converge,0,False,,0.839,qdrant:1.18.2,,,,,,,,,,,,,,,,,,,,,0.0,1483.3,1483.3,0.0,True,1484.3,1484.2,3838.2,2050.3,919.0,0.0,1915.4,7316.3,19634.1,101.5,182145888,383.5,350.2,80.6,0.0,0.8,0.0,1.7,0.8,35033285,4221.7,2400.5,0.0,2400.5,19635.8,7316.3,999.6,217179173,20260828T231155Z,runs_page_b7c6c800d.jsonl,"comparator row, unaffected by the ArcadeDB re-pin b7c6c800d -> 8d6af9475 (DECISIONS #42: re-measure ArcadeDB arms, carry comparators)",,,,,,,,,,,,,,,,,,,,,,,,,,,,1000000,30109,10,1000,,,,,,,,97.3,10277.1,,2.755,3.612,4.016,2.801,,357.0,,,1.0,,,l3_sparse.py,client,container:d79362bb599f (host unknown),dbbench:client,,,,,,,,,,,,,,,,,,,,,,,,,,,,,,,,,,,,,,,,,,,,,,,,,,,,,,,,,,,0.0,0.0,995,2.82,0.0,100.96,unknown (PackageNotFoundError),1000000,,,,,,,,,,,,,,,,,,,,,,,,,,,,,,,,,,,,,,,,,,,,,,,,,,,,,,,,,,,,,,,,,,,,,,,,,,,,,,,,,,,,,,,,,,,,,,,,,,,,,,,,,,,,,,,,,,,,,,,,,
l3s_qdrant_sparse_search_small_r4,b7c6c800d,l3s,qdrant_sparse,search,small,4,paper,0-11,client_server,8g,2026-08-28T23:44:38+00:00,full+client,8g,16.0,0-11,qdrant/qdrant@sha256:75eab8c4ba42096724fdcfde8b4de0b5713d529dde32f285a1f86fdcb2c9e50c,qdrant/qdrant@sha256:75eab8c4ba42096724fdcfde8b4de0b5713d529dde32f285a1f86fdcb2c9e50c,16g,0.0,0.3,1.0,did not converge,0,False,,0.818,qdrant:1.18.2,,,,,,,,,,,,,,,,,,,,,0.0,1486.3,1486.3,0.0,True,1487.3,1487.0,3700.8,1856.4,954.0,0.0,1833.1,6646.8,18426.4,101.2,175432213,384.1,281.8,80.6,0.0,0.8,0.0,1.7,0.8,35013015,4084.9,2138.2,0.0,2138.2,18428.1,6646.8,1034.6,210445228,20260828T231155Z,runs_page_b7c6c800d.jsonl,"comparator row, unaffected by the ArcadeDB re-pin b7c6c800d -> 8d6af9475 (DECISIONS #42: re-measure ArcadeDB arms, carry comparators)",,,,,,,,,,,,,,,,,,,,,,,,,,,,1000000,30109,10,1000,,,,,,,,92.27,10838.0,,2.849,3.743,4.201,2.918,,342.6,,,1.0,,,l3_sparse.py,client,container:c81926749c63 (host unknown),dbbench:client,,,,,,,,,,,,,,,,,,,,,,,,,,,,,,,,,,,,,,,,,,,,,,,,,,,,,,,,,,,0.0,0.0,995,2.94,0.0,96.03,unknown (PackageNotFoundError),1000000,,,,,,,,,,,,,,,,,,,,,,,,,,,,,,,,,,,,,,,,,,,,,,,,,,,,,,,,,,,,,,,,,,,,,,,,,,,,,,,,,,,,,,,,,,,,,,,,,,,,,,,,,,,,,,,,,,,,,,,,,
l3s_qdrant_sparse_search_small_r5,b7c6c800d,l3s,qdrant_sparse,search,small,5,paper,0-11,client_server,8g,2026-08-28T23:46:25+00:00,full+client,8g,16.0,0-11,qdrant/qdrant@sha256:75eab8c4ba42096724fdcfde8b4de0b5713d529dde32f285a1f86fdcb2c9e50c,qdrant/qdrant@sha256:75eab8c4ba42096724fdcfde8b4de0b5713d529dde32f285a1f86fdcb2c9e50c,16g,0.0,0.1,1.0,did not converge,0,False,,0.786,qdrant:1.18.2,,,,,,,,,,,,,,,,,,,,,0.0,1483.1,1483.1,0.0,True,1484.1,1484.0,3753.8,2233.2,929.2,0.0,1842.1,7491.3,20033.2,102.0,180765571,383.4,281.5,80.3,0.0,0.8,0.0,1.7,0.8,34602284,4137.2,2514.7,0.0,2514.7,20034.9,7491.3,1009.5,215367855,20260828T231155Z,runs_page_b7c6c800d.jsonl,"comparator row, unaffected by the ArcadeDB re-pin b7c6c800d -> 8d6af9475 (DECISIONS #42: re-measure ArcadeDB arms, carry comparators)",,,,,,,,,,,,,,,,,,,,,,,,,,,,1000000,30109,10,1000,,,,,,,,97.87,10217.8,,2.788,3.601,3.956,2.826,,353.8,,,1.0,,,l3_sparse.py,client,container:1cb88b5f0687 (host unknown),dbbench:client,,,,,,,,,,,,,,,,,,,,,,,,,,,,,,,,,,,,,,,,,,,,,,,,,,,,,,,,,,,0.0,0.0,995,2.84,0.0,101.5,unknown (PackageNotFoundError),1000000,,,,,,,,,,,,,,,,,,,,,,,,,,,,,,,,,,,,,,,,,,,,,,,,,,,,,,,,,,,,,,,,,,,,,,,,,,,,,,,,,,,,,,,,,,,,,,,,,,,,,,,,,,,,,,,,,,,,,,,,,
l3s_arcadedb_sparse_embedded_search_tiny_r1,8d6af9475,l3s,arcadedb_sparse_embedded,search,tiny,1,paper,0-11,embedded,8g,2026-09-03T20:17:28+00:00,,,,,,,,,0.1,156.2,did not converge,0,False,,0.519,26.9.1.dev0,,,,,,,,,,,,,,,,,,,,,0.068,,,,,156.2,156.1,,,,,,,,,,3271.5,3056.4,1795.9,0.0,210.0,0.0,497.4,156.2,37862382,3271.5,3056.4,0.0,3056.4,497.4,0.0,1795.9,37862382,20260903T201210Z,,,,,,,,,,,,,,,,,,,,,,,,,,,l3s_arcadedb_sparse_embedded_search_tiny_r1.clientlog,,,100000,30109,10,1000,,,,,,,,9.24,10822.6,,3.989,7.264,9.479,4.321,,231.4,,,0.995,,4g,l3_sparse.py,engine,container:62c4cc638f62 (host unknown),dbbench:arcadedb,,,,,,,,,,,,,,,,,,,,,,,,,,,,,,,,,,,,,,,,,,,,,,,,,,,,,,,,,,,0.0,0.0,995,4.45,0.14,14.35,26.9.1.dev0,100000,,,,,,,,,,,,,,,,,,,,,,,,,,,,,,,,,,,,,,,,,,,,,,,,,,,,,,,,,,,,,,,,,,,,,,,,,,,,,,,,,,,,,,,,,,,,,,,,,,,,,,,,,,,,,,,,,,,,,,,,,
l3s_arcadedb_sparse_embedded_search_tiny_r2,8d6af9475,l3s,arcadedb_sparse_embedded,search,tiny,2,paper,0-11,embedded,8g,2026-09-03T20:17:43+00:00,,,,,,,,,0.1,156.2,did not converge,0,False,,0.543,26.9.1.dev0,,,,,,,,,,,,,,,,,,,,,0.071,,,,,156.2,156.1,,,,,,,,,,3280.1,3068.2,3068.2,0.0,196.3,0.0,497.4,156.2,37614341,3280.1,3068.2,0.0,3068.2,497.4,0.0,3068.2,37614341,20260903T201210Z,,,,,,,,,,,,,,,,,,,,,,,,,,,l3s_arcadedb_sparse_embedded_search_tiny_r2.clientlog,,,100000,30109,10,1000,,,,,,,,9.34,10704.0,,3.986,7.115,9.357,4.293,,232.9,,,0.995,,4g,l3_sparse.py,engine,container:b0287b1862a0 (host unknown),dbbench:arcadedb,,,,,,,,,,,,,,,,,,,,,,,,,,,,,,,,,,,,,,,,,,,,,,,,,,,,,,,,,,,0.0,0.0,995,4.44,0.15,14.47,26.9.1.dev0,100000,,,,,,,,,,,,,,,,,,,,,,,,,,,,,,,,,,,,,,,,,,,,,,,,,,,,,,,,,,,,,,,,,,,,,,,,,,,,,,,,,,,,,,,,,,,,,,,,,,,,,,,,,,,,,,,,,,,,,,,,,
l3s_arcadedb_sparse_embedded_search_tiny_r3,8d6af9475,l3s,arcadedb_sparse_embedded,search,tiny,3,paper,0-11,embedded,8g,2026-09-03T20:15:39+00:00,,,,,,,,,0.1,156.2,did not converge,0,False,,0.55,26.9.1.dev0,,,,,,,,,,,,,,,,,,,,,0.067,,,,,156.2,156.1,,,,,,,,,,3237.1,3025.5,3025.5,0.0,196.3,0.0,497.4,156.2,37013733,3237.1,3025.5,0.0,3025.5,497.4,0.0,3025.5,37013733,20260903T201210Z,,,,,,,,,,,,,,,,,,,,,,,,,,,l3s_arcadedb_sparse_embedded_search_tiny_r3.clientlog,,,100000,30109,10,1000,,,,,,,,9.04,11065.7,,4.052,7.166,9.513,4.372,,228.8,,,0.995,,4g,l3_sparse.py,engine,container:ede5e1c69813 (host unknown),dbbench:arcadedb,,,,,,,,,,,,,,,,,,,,,,,,,,,,,,,,,,,,,,,,,,,,,,,,,,,,,,,,,,,0.0,0.0,995,4.51,0.14,14.24,26.9.1.dev0,100000,,,,,,,,,,,,,,,,,,,,,,,,,,,,,,,,,,,,,,,,,,,,,,,,,,,,,,,,,,,,,,,,,,,,,,,,,,,,,,,,,,,,,,,,,,,,,,,,,,,,,,,,,,,,,,,,,,,,,,,,,
l3s_arcadedb_sparse_embedded_search_tiny_r4,8d6af9475,l3s,arcadedb_sparse_embedded,search,tiny,4,paper,0-11,embedded,8g,2026-09-03T20:16:09+00:00,,,,,,,,,0.1,156.2,did not converge,0,False,,0.522,26.9.1.dev0,,,,,,,,,,,,,,,,,,,,,0.069,,,,,156.2,156.1,,,,,,,,,,3287.8,3078.6,3078.6,0.0,228.1,0.0,396.5,192.1,37633536,3287.8,3078.6,0.0,3078.6,396.5,0.0,3078.6,37633536,20260903T201210Z,,,,,,,,,,,,,,,,,,,,,,,,,,,l3s_arcadedb_sparse_embedded_search_tiny_r4.clientlog,,,100000,30109,10,1000,,,,,,,,9.24,10822.8,,4.136,7.576,9.611,4.483,,223.1,,,0.995,,4g,l3_sparse.py,engine,container:c45476600d0e (host unknown),dbbench:arcadedb,,,,,,,,,,,,,,,,,,,,,,,,,,,,,,,,,,,,,,,,,,,,,,,,,,,,,,,,,,,0.0,0.0,995,4.62,0.14,14.52,26.9.1.dev0,100000,,,,,,,,,,,,,,,,,,,,,,,,,,,,,,,,,,,,,,,,,,,,,,,,,,,,,,,,,,,,,,,,,,,,,,,,,,,,,,,,,,,,,,,,,,,,,,,,,,,,,,,,,,,,,,,,,,,,,,,,,
l3s_arcadedb_sparse_embedded_search_tiny_r5,8d6af9475,l3s,arcadedb_sparse_embedded,search,tiny,5,paper,0-11,embedded,8g,2026-09-03T20:16:25+00:00,,,,,,,,,0.1,156.2,did not converge,0,False,,0.53,26.9.1.dev0,,,,,,,,,,,,,,,,,,,,,0.073,,,,,156.2,156.1,,,,,,,,,,3389.8,3177.3,3177.3,0.0,196.3,0.0,497.4,156.2,38291115,3389.8,3177.3,0.0,3177.3,497.4,0.0,3177.3,38291115,20260903T201210Z,,,,,,,,,,,,,,,,,,,,,,,,,,,l3s_arcadedb_sparse_embedded_search_tiny_r5.clientlog,,,100000,30109,10,1000,,,,,,,,9.04,11057.7,,4.216,7.609,11.704,4.556,,219.5,,,0.995,,4g,l3_sparse.py,engine,container:8677db61bd70 (host unknown),dbbench:arcadedb,,,,,,,,,,,,,,,,,,,,,,,,,,,,,,,,,,,,,,,,,,,,,,,,,,,,,,,,,,,0.0,0.0,995,4.68,0.21,14.46,26.9.1.dev0,100000,,,,,,,,,,,,,,,,,,,,,,,,,,,,,,,,,,,,,,,,,,,,,,,,,,,,,,,,,,,,,,,,,,,,,,,,,,,,,,,,,,,,,,,,,,,,,,,,,,,,,,,,,,,,,,,,,,,,,,,,,
l3s_arcadedb_sparse_embedded_fp32_search_tiny_r1,8d6af9475,l3s,arcadedb_sparse_embedded_fp32,search,tiny,1,paper,0-11,embedded,8g,2026-09-03T20:15:23+00:00,,,,,,,,,0.1,193.0,did not converge,0,False,,0.529,26.9.1.dev0,,,,,,,,,,,,,,,,,,,,,0.078,,,,,193.0,192.9,,,,,,,,,,3497.0,3242.1,2499.2,0.0,229.1,0.0,642.0,193.0,37487043,3497.0,3242.1,0.0,3242.1,642.0,0.0,2499.2,37487043,20260903T201210Z,,,,,,,,,,,,,,,,,,,,,,,,,,,l3s_arcadedb_sparse_embedded_fp32_search_tiny_r1.clientlog,,,100000,30109,10,1000,,,,,,,,8.76,11416.6,,4.021,7.337,10.932,4.372,,228.7,,,1.0,,4g,l3_sparse.py,engine,container:25ece5b76009 (host unknown),dbbench:arcadedb,,,,,,,,,,,,,,,,,,,,,,,,,,,,,,,,,,,,,,,,,,,,,,,,,,,,,,,,,,,0.0,0.0,995,4.51,0.14,13.94,26.9.1.dev0,100000,,,,,,,,,,,,,,,,,,,,,,,,,,,,,,,,,,,,,,,,,,,,,,,,,,,,,,,,,,,,,,,,,,,,,,,,,,,,,,,,,,,,,,,,,,,,,,,,,,,,,,,,,,,,,,,,,,,,,,,,,
l3s_arcadedb_sparse_embedded_fp32_search_tiny_r2,8d6af9475,l3s,arcadedb_sparse_embedded_fp32,search,tiny,2,paper,0-11,embedded,8g,2026-09-03T20:13:38+00:00,,,,,,,,,0.1,193.1,did not converge,0,False,,0.544,26.9.1.dev0,,,,,,,,,,,,,,,,,,,,,0.084,,,,,193.1,193.0,,,,,,,,,,3620.1,3373.8,3373.8,0.0,228.3,0.0,500.8,228.3,37133543,3620.1,3373.8,0.0,3373.8,500.8,0.0,3373.8,37133543,20260903T201210Z,,,,,,,,,,,,,,,,,,,,,,,,,,,l3s_arcadedb_sparse_embedded_fp32_search_tiny_r2.clientlog,,,100000,30109,10,1000,,,,,,,,8.71,11483.5,,3.911,7.097,9.593,4.279,,233.7,,,1.0,,4g,l3_sparse.py,engine,container:a77a51628b76 (host unknown),dbbench:arcadedb,,,,,,,,,,,,,,,,,,,,,,,,,,,,,,,,,,,,,,,,,,,,,,,,,,,,,,,,,,,0.0,0.0,995,4.4,0.14,13.79,26.9.1.dev0,100000,,,,,,,,,,,,,,,,,,,,,,,,,,,,,,,,,,,,,,,,,,,,,,,,,,,,,,,,,,,,,,,,,,,,,,,,,,,,,,,,,,,,,,,,,,,,,,,,,,,,,,,,,,,,,,,,,,,,,,,,,
l3s_arcadedb_sparse_embedded_fp32_search_tiny_r3,8d6af9475,l3s,arcadedb_sparse_embedded_fp32,search,tiny,3,paper,0-11,embedded,8g,2026-09-03T20:13:23+00:00,,,,,,,,,0.1,193.0,did not converge,0,False,,0.519,26.9.1.dev0,,,,,,,,,,,,,,,,,,,,,0.078,,,,,193.0,192.9,,,,,,,,,,3484.7,3228.5,861.2,0.0,237.5,0.0,601.0,193.0,37124160,3484.7,3228.5,0.0,3228.5,601.0,0.0,861.2,37124160,20260903T201210Z,,,,,,,,,,,,,,,,,,,,,,,,,,,l3s_arcadedb_sparse_embedded_fp32_search_tiny_r3.clientlog,,,100000,30109,10,1000,,,,,,,,8.44,11844.2,,3.972,7.297,10.442,4.351,,229.8,,,1.0,,4g,l3_sparse.py,engine,container:379fbe804ff3 (host unknown),dbbench:arcadedb,,,,,,,,,,,,,,,,,,,,,,,,,,,,,,,,,,,,,,,,,,,,,,,,,,,,,,,,,,,0.0,0.0,995,4.48,0.14,13.58,26.9.1.dev0,100000,,,,,,,,,,,,,,,,,,,,,,,,,,,,,,,,,,,,,,,,,,,,,,,,,,,,,,,,,,,,,,,,,,,,,,,,,,,,,,,,,,,,,,,,,,,,,,,,,,,,,,,,,,,,,,,,,,,,,,,,,
l3s_arcadedb_sparse_embedded_fp32_search_tiny_r4,8d6af9475,l3s,arcadedb_sparse_embedded_fp32,search,tiny,4,paper,0-11,embedded,8g,2026-09-03T20:12:24+00:00,,,,,,,,,0.1,193.1,did not converge,0,False,,0.548,26.9.1.dev0,,,,,,,,,,,,,,,,,,,,,0.086,,,,,193.1,193.0,,,,,,,,,,3563.1,3199.2,2940.8,0.0,337.7,198.2,601.3,292.1,37794201,3563.1,3199.2,0.0,3199.2,601.3,198.2,2940.8,37794201,20260903T201210Z,,,,,,,,,,,,,,,,,,,,,,,,,,,l3s_arcadedb_sparse_embedded_fp32_search_tiny_r4.clientlog,,,100000,30109,10,1000,,,,,,,,8.57,11670.2,,3.947,7.237,10.727,4.326,,231.2,,,1.0,,4g,l3_sparse.py,engine,container:b59cec414272 (host unknown),dbbench:arcadedb,,,,,,,,,,,,,,,,,,,,,,,,,,,,,,,,,,,,,,,,,,,,,,,,,,,,,,,,,,,0.01,0.0,995,4.44,0.14,13.71,26.9.1.dev0,100000,,,,,,,,,,,,,,,,,,,,,,,,,,,,,,,,,,,,,,,,,,,,,,,,,,,,,,,,,,,,,,,,,,,,,,,,,,,,,,,,,,,,,,,,,,,,,,,,,,,,,,,,,,,,,,,,,,,,,,,,,
l3s_arcadedb_sparse_embedded_fp32_search_tiny_r5,8d6af9475,l3s,arcadedb_sparse_embedded_fp32,search,tiny,5,paper,0-11,embedded,8g,2026-09-03T20:15:54+00:00,,,,,,,,,0.2,193.1,did not converge,0,False,,0.531,26.9.1.dev0,,,,,,,,,,,,,,,,,,,,,0.079,,,,,193.1,192.9,,,,,,,,,,3454.7,3205.2,3205.2,0.0,231.6,0.0,642.0,231.6,38038955,3454.7,3205.2,0.0,3205.2,642.0,0.0,3205.2,38038955,20260903T201210Z,,,,,,,,,,,,,,,,,,,,,,,,,,,l3s_arcadedb_sparse_embedded_fp32_search_tiny_r5.clientlog,,,100000,30109,10,1000,,,,,,,,8.97,11151.8,,4.121,7.323,10.421,4.476,,223.4,,,1.0,,4g,l3_sparse.py,engine,container:8dbbbf45df36 (host unknown),dbbench:arcadedb,,,,,,,,,,,,,,,,,,,,,,,,,,,,,,,,,,,,,,,,,,,,,,,,,,,,,,,,,,,0.0,0.0,995,4.62,0.14,14.26,26.9.1.dev0,100000,,,,,,,,,,,,,,,,,,,,,,,,,,,,,,,,,,,,,,,,,,,,,,,,,,,,,,,,,,,,,,,,,,,,,,,,,,,,,,,,,,,,,,,,,,,,,,,,,,,,,,,,,,,,,,,,,,,,,,,,,
l3s_arcadedb_sparse_embedded_nocompact_search_tiny_r1,8d6af9475,l3s,arcadedb_sparse_embedded_nocompact,search,tiny,1,paper,0-11,embedded,8g,2026-09-08T01:07:47+00:00,,,,,,,,,0.1,160.4,did not converge,0,False,,0.544,26.9.1.dev0,,,,,,,,,,,,,,,,,,,,,0.065,,,,,160.4,160.3,,,,,,,,,,3274.7,3062.2,3062.2,0.0,195.7,0.0,419.4,195.7,36154873,3274.7,3062.2,0.0,3062.2,419.4,0.0,3062.2,36154873,20260908T010626Z,,,,,,,,,,,,,,,,,,,,,,,,,,,l3s_arcadedb_sparse_embedded_nocompact_search_tiny_r1.clientlog,,,100000,30109,10,1000,,,,,,,,8.28,12075.3,,6.055,11.214,16.842,6.534,,153.1,,,0.9957,,4g,l3_sparse.py,engine,container:cfc7312c5a11 (host unknown),dbbench:arcadedb,,,,,,,,,,,,,,,,,,,,,,,,,,,,,,,,,,,,,,,,,,,,,,,,,,,,,,,,,,,0.0,0.0,995,6.64,0.14,15.6,26.9.1.dev0,100000,,,,,,,,,,,,,,,,,,,,,,,,,,,,,,,,,,,,,,,,,,,,,,,,,,,,,,,,,,,,,,,,,,,,,,,,,,,,,,,,,,,,,,,,,,,,,,,,,,,,,,,,,,,,,,,,,,,,,,,,,
l3s_arcadedb_sparse_embedded_nocompact_search_tiny_r2,8d6af9475,l3s,arcadedb_sparse_embedded_nocompact,search,tiny,2,paper,0-11,embedded,8g,2026-09-08T01:06:57+00:00,,,,,,,,,0.1,160.4,did not converge,0,False,,0.527,26.9.1.dev0,,,,,,,,,,,,,,,,,,,,,0.063,,,,,160.4,160.3,,,,,,,,,,3263.2,3048.2,2147.7,0.0,191.3,0.0,448.3,160.3,35003675,3263.2,3048.2,0.0,3048.2,448.3,0.0,2147.7,35003675,20260908T010626Z,,,,,,,,,,,,,,,,,,,,,,,,,,,l3s_arcadedb_sparse_embedded_nocompact_search_tiny_r2.clientlog,,,100000,30109,10,1000,,,,,,,,7.99,12510.4,,5.632,11.084,13.444,6.172,,162.0,,,0.9957,,4g,l3_sparse.py,engine,container:dd516f6f0aab (host unknown),dbbench:arcadedb,,,,,,,,,,,,,,,,,,,,,,,,,,,,,,,,,,,,,,,,,,,,,,,,,,,,,,,,,,,0.0,0.0,995,6.3,0.14,14.96,26.9.1.dev0,100000,,,,,,,,,,,,,,,,,,,,,,,,,,,,,,,,,,,,,,,,,,,,,,,,,,,,,,,,,,,,,,,,,,,,,,,,,,,,,,,,,,,,,,,,,,,,,,,,,,,,,,,,,,,,,,,,,,,,,,,,,
l3s_arcadedb_sparse_embedded_nocompact_search_tiny_r3,8d6af9475,l3s,arcadedb_sparse_embedded_nocompact,search,tiny,3,paper,0-11,embedded,8g,2026-09-08T01:07:14+00:00,,,,,,,,,0.1,160.4,did not converge,0,False,,0.524,26.9.1.dev0,,,,,,,,,,,,,,,,,,,,,0.07,,,,,160.4,160.3,,,,,,,,,,3257.0,3040.3,3040.3,0.0,196.3,0.0,471.4,160.3,36878336,3257.0,3040.3,0.0,3040.3,471.4,0.0,3040.3,36878336,20260908T010626Z,,,,,,,,,,,,,,,,,,,,,,,,,,,l3s_arcadedb_sparse_embedded_nocompact_search_tiny_r3.clientlog,,,100000,30109,10,1000,,,,,,,,8.42,11882.8,,5.928,11.756,15.493,6.561,,152.4,,,0.9957,,4g,l3_sparse.py,engine,container:b966840ae96e (host unknown),dbbench:arcadedb,,,,,,,,,,,,,,,,,,,,,,,,,,,,,,,,,,,,,,,,,,,,,,,,,,,,,,,,,,,0.0,0.0,995,6.67,0.13,15.74,26.9.1.dev0,100000,,,,,,,,,,,,,,,,,,,,,,,,,,,,,,,,,,,,,,,,,,,,,,,,,,,,,,,,,,,,,,,,,,,,,,,,,,,,,,,,,,,,,,,,,,,,,,,,,,,,,,,,,,,,,,,,,,,,,,,,,
l3s_arcadedb_sparse_embedded_nocompact_search_tiny_r4,8d6af9475,l3s,arcadedb_sparse_embedded_nocompact,search,tiny,4,paper,0-11,embedded,8g,2026-09-08T01:06:41+00:00,,,,,,,,,0.2,160.4,did not converge,0,False,,0.535,26.9.1.dev0,,,,,,,,,,,,,,,,,,,,,0.09,,,,,160.4,160.2,,,,,,,,,,3278.7,3058.3,3058.3,0.0,203.5,0.0,194.3,203.5,34998089,3278.7,3058.3,0.0,3058.3,194.3,0.0,3058.3,34998089,20260908T010626Z,,,,,,,,,,,,,,,,,,,,,,,,,,,l3s_arcadedb_sparse_embedded_nocompact_search_tiny_r4.clientlog,,,100000,30109,10,1000,,,,,,,,7.94,12596.0,,5.547,10.562,14.633,6.098,,164.0,,,0.9957,,4g,l3_sparse.py,engine,container:bbb57c28a094 (host unknown),dbbench:arcadedb,,,,,,,,,,,,,,,,,,,,,,,,,,,,,,,,,,,,,,,,,,,,,,,,,,,,,,,,,,,0.0,0.0,995,6.22,0.14,14.84,26.9.1.dev0,100000,,,,,,,,,,,,,,,,,,,,,,,,,,,,,,,,,,,,,,,,,,,,,,,,,,,,,,,,,,,,,,,,,,,,,,,,,,,,,,,,,,,,,,,,,,,,,,,,,,,,,,,,,,,,,,,,,,,,,,,,,
l3s_arcadedb_sparse_embedded_nocompact_search_tiny_r5,8d6af9475,l3s,arcadedb_sparse_embedded_nocompact,search,tiny,5,paper,0-11,embedded,8g,2026-09-08T01:07:30+00:00,,,,,,,,,0.2,160.4,did not converge,0,False,,0.524,26.9.1.dev0,,,,,,,,,,,,,,,,,,,,,0.074,,,,,160.4,160.2,,,,,,,,,,3244.0,3033.2,3033.2,0.0,194.6,0.0,419.3,194.6,35962914,3244.0,3033.2,0.0,3033.2,419.3,0.0,3033.2,35962914,20260908T010626Z,,,,,,,,,,,,,,,,,,,,,,,,,,,l3s_arcadedb_sparse_embedded_nocompact_search_tiny_r5.clientlog,,,100000,30109,10,1000,,,,,,,,8.32,12023.3,,5.953,11.527,16.36,6.491,,154.1,,,0.9957,,4g,l3_sparse.py,engine,container:da59c049ebd0 (host unknown),dbbench:arcadedb,,,,,,,,,,,,,,,,,,,,,,,,,,,,,,,,,,,,,,,,,,,,,,,,,,,,,,,,,,,0.01,0.0,995,6.61,0.14,15.6,26.9.1.dev0,100000,,,,,,,,,,,,,,,,,,,,,,,,,,,,,,,,,,,,,,,,,,,,,,,,,,,,,,,,,,,,,,,,,,,,,,,,,,,,,,,,,,,,,,,,,,,,,,,,,,,,,,,,,,,,,,,,,,,,,,,,,
l3s_arcadedb_sparse_server_search_tiny_r1,8d6af9475,l3s,arcadedb_sparse_server,search,tiny,1,paper,0-11,client_server,8g,2026-09-03T20:18:27+00:00,full+client,8g,8.0,0-11,arcadedb-c25:8d6af9475,arcadedb-c25:8d6af9475,8g,0.3,0.1,0.1,did not converge,0,False,,8.348,server:26.9.1-SNAPSHOT (build 8d6af94753ea8446bd13ac1aed2bb79eaf78dc90/1788075753609/main),,,,,,,,,,,,,,,,,,,,,0.0,197.3,197.3,0.0,True,197.4,197.0,4593.8,4342.4,4338.7,0.0,200.4,0.0,555.3,197.3,72457074,135.8,130.5,32.7,0.0,0.1,0.0,0.2,0.1,7537689,4729.6,4472.9,0.0,4472.9,555.5,0.0,4371.4,79994763,20260903T201210Z,,,,,,,,,,,,,,,,,,,,,,,,,,,l3s_arcadedb_sparse_server_search_tiny_r1.clientlog,,l3s_arcadedb_sparse_server_search_tiny_r1.serverlog,100000,30109,10,1000,,,,,,,,26.25,3809.7,,4.944,8.065,12.019,5.356,,186.7,,,0.995,,4g,l3_sparse.py,client,container:45e6c5d14619 (host unknown),dbbench:client,,,,,,,,,,,,,,,,,,,,,,,,,,,,,,,,,,,4g,,,,,,,,,,,,,,,,,,,,,,,,0.0,0.0,995,5.48,0.76,40.84,unknown (PackageNotFoundError),100000,,,,,,,,,,,,,,,,,,,,,,,,,,,,,,,,,,,,,,,,,,,,,,,,,,,,,,,,,,,,,,,,,,,,,,,,,,,,,,,,,,,,,,,,,,,,,,,,,,,,,,,,,,,,,,,,,,,,,,,,,
l3s_arcadedb_sparse_server_search_tiny_r2,8d6af9475,l3s,arcadedb_sparse_server,search,tiny,2,paper,0-11,client_server,8g,2026-09-03T20:17:08+00:00,full+client,8g,8.0,0-11,arcadedb-c25:8d6af9475,arcadedb-c25:8d6af9475,8g,0.3,0.1,0.1,did not converge,0,False,,8.054,server:26.9.1-SNAPSHOT (build 8d6af94753ea8446bd13ac1aed2bb79eaf78dc90/1788075753609/main),,,,,,,,,,,,,,,,,,,,,0.0,195.7,195.7,0.0,True,195.8,195.4,4586.0,4350.6,4350.5,0.0,199.7,0.0,558.8,195.6,72540547,135.8,130.4,33.4,0.0,0.1,0.0,0.2,0.1,7367943,4721.7,4480.9,0.0,4480.9,559.0,0.0,4383.9,79908490,20260903T201210Z,,,,,,,,,,,,,,,,,,,,,,,,,,,l3s_arcadedb_sparse_server_search_tiny_r2.clientlog,,l3s_arcadedb_sparse_server_search_tiny_r2.serverlog,100000,30109,10,1000,,,,,,,,25.99,3847.5,,5.093,8.478,10.745,5.464,,183.0,,,0.995,,4g,l3_sparse.py,client,container:6436c30b020e (host unknown),dbbench:client,,,,,,,,,,,,,,,,,,,,,,,,,,,,,,,,,,,4g,,,,,,,,,,,,,,,,,,,,,,,,0.0,0.0,995,5.62,0.81,40.47,unknown (PackageNotFoundError),100000,,,,,,,,,,,,,,,,,,,,,,,,,,,,,,,,,,,,,,,,,,,,,,,,,,,,,,,,,,,,,,,,,,,,,,,,,,,,,,,,,,,,,,,,,,,,,,,,,,,,,,,,,,,,,,,,,,,,,,,,,
l3s_arcadedb_sparse_server_search_tiny_r3,8d6af9475,l3s,arcadedb_sparse_server,search,tiny,3,paper,0-11,client_server,8g,2026-09-03T20:15:04+00:00,full+client,8g,8.0,0-11,arcadedb-c25:8d6af9475,arcadedb-c25:8d6af9475,8g,0.3,0.1,0.1,did not converge,0,False,,7.828,server:26.9.1-SNAPSHOT (build 8d6af94753ea8446bd13ac1aed2bb79eaf78dc90/1788075753609/main),,,,,,,,,,,,,,,,,,,,,0.0,196.2,196.2,0.0,True,196.3,195.9,4585.1,4331.6,4331.4,0.0,200.3,0.0,461.9,196.1,71110930,135.3,130.3,33.2,0.0,0.1,0.0,0.2,0.1,7029483,4720.4,4461.9,0.0,4461.9,462.1,0.0,4364.6,78140413,20260903T201210Z,,,,,,,,,,,,,,,,,,,,,,,,,,,l3s_arcadedb_sparse_server_search_tiny_r3.clientlog,,l3s_arcadedb_sparse_server_search_tiny_r3.serverlog,100000,30109,10,1000,,,,,,,,25.27,3956.7,,4.93,8.549,16.096,5.378,,185.9,,,0.995,,4g,l3_sparse.py,client,container:5a11f76f1f5b (host unknown),dbbench:client,,,,,,,,,,,,,,,,,,,,,,,,,,,,,,,,,,,4g,,,,,,,,,,,,,,,,,,,,,,,,0.0,0.0,995,5.5,0.76,39.36,unknown (PackageNotFoundError),100000,,,,,,,,,,,,,,,,,,,,,,,,,,,,,,,,,,,,,,,,,,,,,,,,,,,,,,,,,,,,,,,,,,,,,,,,,,,,,,,,,,,,,,,,,,,,,,,,,,,,,,,,,,,,,,,,,,,,,,,,,
l3s_arcadedb_sparse_server_search_tiny_r4,8d6af9475,l3s,arcadedb_sparse_server,search,tiny,4,paper,0-11,client_server,8g,2026-09-03T20:13:05+00:00,full+client,8g,8.0,0-11,arcadedb-c25:8d6af9475,arcadedb-c25:8d6af9475,8g,0.3,0.1,0.1,did not converge,0,False,,7.328,server:26.9.1-SNAPSHOT (build 8d6af94753ea8446bd13ac1aed2bb79eaf78dc90/1788075753609/main),,,,,,,,,,,,,,,,,,,,,0.0,197.9,197.9,0.0,True,198.0,197.6,4593.7,4334.0,4334.0,0.0,201.9,0.0,465.3,197.8,68035504,136.0,130.3,33.2,0.0,0.1,0.0,0.2,0.1,6658836,4729.7,4464.3,0.0,4464.3,465.4,0.0,4367.2,74694340,20260903T201210Z,,,,,,,,,,,,,,,,,,,,,,,,,,,l3s_arcadedb_sparse_server_search_tiny_r4.clientlog,,l3s_arcadedb_sparse_server_search_tiny_r4.serverlog,100000,30109,10,1000,,,,,,,,24.54,4074.7,,4.8,7.761,9.683,5.099,,196.1,,,0.995,,4g,l3_sparse.py,client,container:34a64918d356 (host unknown),dbbench:client,,,,,,,,,,,,,,,,,,,,,,,,,,,,,,,,,,,4g,,,,,,,,,,,,,,,,,,,,,,,,0.0,0.0,995,5.24,0.77,37.88,unknown (PackageNotFoundError),100000,,,,,,,,,,,,,,,,,,,,,,,,,,,,,,,,,,,,,,,,,,,,,,,,,,,,,,,,,,,,,,,,,,,,,,,,,,,,,,,,,,,,,,,,,,,,,,,,,,,,,,,,,,,,,,,,,,,,,,,,,
l3s_arcadedb_sparse_server_search_tiny_r5,8d6af9475,l3s,arcadedb_sparse_server,search,tiny,5,paper,0-11,client_server,8g,2026-09-03T20:14:19+00:00,full+client,8g,8.0,0-11,arcadedb-c25:8d6af9475,arcadedb-c25:8d6af9475,8g,0.3,0.1,0.1,did not converge,0,False,,7.532,server:26.9.1-SNAPSHOT (build 8d6af94753ea8446bd13ac1aed2bb79eaf78dc90/1788075753609/main),,,,,,,,,,,,,,,,,,,,,0.0,199.0,199.0,0.0,True,199.1,198.7,4588.2,4336.2,4332.3,0.0,203.0,0.0,570.7,198.9,69865261,135.6,130.3,33.2,0.0,0.1,0.0,0.2,0.1,6929009,4723.8,4466.4,0.0,4466.4,570.9,0.0,4365.5,76794270,20260903T201210Z,,,,,,,,,,,,,,,,,,,,,,,,,,,l3s_arcadedb_sparse_server_search_tiny_r5.clientlog,,l3s_arcadedb_sparse_server_search_tiny_r5.serverlog,100000,30109,10,1000,,,,,,,,24.71,4047.1,,4.844,7.957,14.735,5.316,,188.1,,,0.995,,4g,l3_sparse.py,client,container:2925b9b26111 (host unknown),dbbench:client,,,,,,,,,,,,,,,,,,,,,,,,,,,,,,,,,,,4g,,,,,,,,,,,,,,,,,,,,,,,,0.01,0.0,995,5.45,0.79,38.49,unknown (PackageNotFoundError),100000,,,,,,,,,,,,,,,,,,,,,,,,,,,,,,,,,,,,,,,,,,,,,,,,,,,,,,,,,,,,,,,,,,,,,,,,,,,,,,,,,,,,,,,,,,,,,,,,,,,,,,,,,,,,,,,,,,,,,,,,,
l3s_arcadedb_sparse_server_fp32_search_tiny_r1,8d6af9475,l3s,arcadedb_sparse_server_fp32,search,tiny,1,paper,0-11,client_server,8g,2026-09-07T13:39:04+00:00,full+client,8g,8.0,0-11,arcadedb-c25:8d6af9475,arcadedb-c25:8d6af9475,8g,0.3,0.1,0.1,did not converge,0,False,,7.796,server:26.9.1-SNAPSHOT (build 8d6af94753ea8446bd13ac1aed2bb79eaf78dc90/1788075753609/main),,,,,,,,,,,,,,,,,,,,,0.0,233.4,233.4,0.0,True,233.5,233.1,4651.6,4326.8,4326.8,0.0,236.5,0.0,694.7,233.3,69944250,136.1,130.3,33.3,0.0,0.1,0.0,0.2,0.1,7599984,4787.7,4457.1,0.0,4457.1,694.9,0.0,4360.1,77544234,20260907T133516Z,,,,,,,,,,,,,,,,,,,,,,,,,,,l3s_arcadedb_sparse_server_fp32_search_tiny_r1.clientlog,,l3s_arcadedb_sparse_server_fp32_search_tiny_r1.serverlog,100000,30109,10,1000,,,,,,,,25.73,3885.9,,4.951,8.241,11.734,5.364,,186.4,,,1.0,,4g,l3_sparse.py,client,container:6d3eb38d0e38 (host unknown),dbbench:client,,,,,,,,,,,,,,,,,,,,,,,,,,,,,,,,,,,4g,,,,,,,,,,,,,,,,,,,,,,,,0.0,0.0,995,5.5,0.71,39.74,unknown (PackageNotFoundError),100000,,,,,,,,,,,,,,,,,,,,,,,,,,,,,,,,,,,,,,,,,,,,,,,,,,,,,,,,,,,,,,,,,,,,,,,,,,,,,,,,,,,,,,,,,,,,,,,,,,,,,,,,,,,,,,,,,,,,,,,,,
l3s_arcadedb_sparse_server_fp32_search_tiny_r2,8d6af9475,l3s,arcadedb_sparse_server_fp32,search,tiny,2,paper,0-11,client_server,8g,2026-09-07T13:36:45+00:00,full+client,8g,8.0,0-11,arcadedb-c25:8d6af9475,arcadedb-c25:8d6af9475,8g,0.3,0.1,0.1,did not converge,0,False,,7.892,server:26.9.1-SNAPSHOT (build 8d6af94753ea8446bd13ac1aed2bb79eaf78dc90/1788075753609/main),,,,,,,,,,,,,,,,,,,,,0.0,234.0,234.0,0.0,True,234.1,233.7,4672.0,4355.5,4355.5,0.0,238.1,0.0,579.1,233.9,70490328,135.4,130.3,33.2,0.0,0.1,0.0,0.2,0.1,7488812,4807.4,4485.8,0.0,4485.8,579.3,0.0,4388.7,77979140,20260907T133516Z,,,,,,,,,,,,,,,,,,,,,,,,,,,l3s_arcadedb_sparse_server_fp32_search_tiny_r2.clientlog,,l3s_arcadedb_sparse_server_fp32_search_tiny_r2.serverlog,100000,30109,10,1000,,,,,,,,25.88,3863.4,,5.008,8.314,10.704,5.331,,187.6,,,1.0,,4g,l3_sparse.py,client,container:bbdfdbb1c384 (host unknown),dbbench:client,,,,,,,,,,,,,,,,,,,,,,,,,,,,,,,,,,,4g,,,,,,,,,,,,,,,,,,,,,,,,0.0,0.0,995,5.47,0.77,40.01,unknown (PackageNotFoundError),100000,,,,,,,,,,,,,,,,,,,,,,,,,,,,,,,,,,,,,,,,,,,,,,,,,,,,,,,,,,,,,,,,,,,,,,,,,,,,,,,,,,,,,,,,,,,,,,,,,,,,,,,,,,,,,,,,,,,,,,,,,
l3s_arcadedb_sparse_server_fp32_search_tiny_r3,8d6af9475,l3s,arcadedb_sparse_server_fp32,search,tiny,3,paper,0-11,client_server,8g,2026-09-07T13:37:31+00:00,full+client,8g,8.0,0-11,arcadedb-c25:8d6af9475,arcadedb-c25:8d6af9475,8g,0.3,0.1,0.1,did not converge,0,False,,7.978,server:26.9.1-SNAPSHOT (build 8d6af94753ea8446bd13ac1aed2bb79eaf78dc90/1788075753609/main),,,,,,,,,,,,,,,,,,,,,0.0,234.0,234.0,0.0,True,234.1,233.7,4662.9,4329.7,4329.7,0.0,238.1,0.0,697.0,233.9,70063323,135.8,130.4,33.2,0.0,0.1,0.0,0.2,0.1,7616691,4798.8,4460.1,0.0,4460.1,697.2,0.0,4362.9,77680014,20260907T133516Z,,,,,,,,,,,,,,,,,,,,,,,,,,,l3s_arcadedb_sparse_server_fp32_search_tiny_r3.clientlog,,l3s_arcadedb_sparse_server_fp32_search_tiny_r3.serverlog,100000,30109,10,1000,,,,,,,,25.58,3908.9,,5.055,8.414,10.686,5.476,,182.6,,,1.0,,4g,l3_sparse.py,client,container:9926ff23a946 (host unknown),dbbench:client,,,,,,,,,,,,,,,,,,,,,,,,,,,,,,,,,,,4g,,,,,,,,,,,,,,,,,,,,,,,,0.0,0.0,995,5.63,0.83,40.02,unknown (PackageNotFoundError),100000,,,,,,,,,,,,,,,,,,,,,,,,,,,,,,,,,,,,,,,,,,,,,,,,,,,,,,,,,,,,,,,,,,,,,,,,,,,,,,,,,,,,,,,,,,,,,,,,,,,,,,,,,,,,,,,,,,,,,,,,,
l3s_arcadedb_sparse_server_fp32_search_tiny_r4,8d6af9475,l3s,arcadedb_sparse_server_fp32,search,tiny,4,paper,0-11,client_server,8g,2026-09-07T13:35:59+00:00,full+client,8g,8.0,0-11,arcadedb-c25:8d6af9475,arcadedb-c25:8d6af9475,8g,0.3,0.1,0.1,did not converge,0,False,,7.797,server:26.9.1-SNAPSHOT (build 8d6af94753ea8446bd13ac1aed2bb79eaf78dc90/1788075753609/main),,,,,,,,,,,,,,,,,,,,,0.0,234.5,234.5,0.0,True,234.6,234.2,4666.4,4344.0,4339.9,0.0,238.6,0.4,697.0,234.6,70441412,245.8,130.2,33.2,0.0,109.4,218.6,0.2,109.4,7644905,4912.2,4474.2,0.0,4474.2,697.2,219.0,4373.1,78086317,20260907T133516Z,,,,,,,,,,,,,,,,,,,,,,,,,,,l3s_arcadedb_sparse_server_fp32_search_tiny_r4.clientlog,,l3s_arcadedb_sparse_server_fp32_search_tiny_r4.serverlog,100000,30109,10,1000,,,,,,,,26.01,3844.5,,5.038,8.395,10.404,5.384,,185.7,,,1.0,,4g,l3_sparse.py,client,container:b2b5ef96301c (host unknown),dbbench:client,,,,,,,,,,,,,,,,,,,,,,,,,,,,,,,,,,,4g,,,,,,,,,,,,,,,,,,,,,,,,0.01,0.0,995,5.53,0.82,40.17,unknown (PackageNotFoundError),100000,,,,,,,,,,,,,,,,,,,,,,,,,,,,,,,,,,,,,,,,,,,,,,,,,,,,,,,,,,,,,,,,,,,,,,,,,,,,,,,,,,,,,,,,,,,,,,,,,,,,,,,,,,,,,,,,,,,,,,,,,
l3s_arcadedb_sparse_server_fp32_search_tiny_r5,8d6af9475,l3s,arcadedb_sparse_server_fp32,search,tiny,5,paper,0-11,client_server,8g,2026-09-07T13:38:18+00:00,full+client,8g,8.0,0-11,arcadedb-c25:8d6af9475,arcadedb-c25:8d6af9475,8g,0.3,0.1,0.1,did not converge,0,False,,8.152,server:26.9.1-SNAPSHOT (build 8d6af94753ea8446bd13ac1aed2bb79eaf78dc90/1788075753609/main),,,,,,,,,,,,,,,,,,,,,0.0,231.8,231.8,0.0,True,231.9,231.5,4676.5,4361.1,4361.1,0.0,235.9,0.0,688.2,231.7,72053578,136.1,130.3,32.7,0.0,0.1,0.0,0.2,0.1,7685642,4812.6,4491.5,0.0,4491.5,688.3,0.0,4393.9,79739220,20260907T133516Z,,,,,,,,,,,,,,,,,,,,,,,,,,,l3s_arcadedb_sparse_server_fp32_search_tiny_r5.clientlog,,l3s_arcadedb_sparse_server_fp32_search_tiny_r5.serverlog,100000,30109,10,1000,,,,,,,,26.08,3834.5,,5.019,8.462,13.293,5.488,,182.2,,,1.0,,4g,l3_sparse.py,client,container:37cbb652fb53 (host unknown),dbbench:client,,,,,,,,,,,,,,,,,,,,,,,,,,,,,,,,,,,4g,,,,,,,,,,,,,,,,,,,,,,,,0.0,0.0,995,5.62,0.78,40.63,unknown (PackageNotFoundError),100000,,,,,,,,,,,,,,,,,,,,,,,,,,,,,,,,,,,,,,,,,,,,,,,,,,,,,,,,,,,,,,,,,,,,,,,,,,,,,,,,,,,,,,,,,,,,,,,,,,,,,,,,,,,,,,,,,,,,,,,,,
l3s_elasticsearch_sparse_search_tiny_r1,b7c6c800d,l3s,elasticsearch_sparse,search,tiny,1,paper,0-11,client_server,8g,2026-08-28T23:11:50+00:00,full+client,8g,8.0,0-11,docker.elastic.co/elasticsearch/elasticsearch@sha256:268f65f1b32ea367e49c9be2acab144011b8c66c462c890f6190707743199050,docker.elastic.co/elasticsearch/elasticsearch@sha256:268f65f1b32ea367e49c9be2acab144011b8c66c462c890f6190707743199050,8g,0.2,0.3,1.0,did not converge,0,False,,0.869,9.4.1,,,,,,,,,,,,,,,,,,,,,0.0,96.4,96.4,0.0,True,97.4,96.9,5373.2,4722.7,4718.6,0.0,571.2,0.0,883.5,96.2,78064090,180.3,173.3,71.4,0.0,0.9,0.0,1.8,0.9,11812903,5553.6,4896.0,0.0,4896.0,885.3,0.0,4790.0,89876993,20260828T230317Z,runs_page_b7c6c800d.jsonl,"comparator row, unaffected by the ArcadeDB re-pin b7c6c800d -> 8d6af9475 (DECISIONS #42: re-measure ArcadeDB arms, carry comparators)",,,,,,,,,,,,,,,,,,,,,,,,,,,,100000,30109,10,1000,,,,,,,,35.06,2852.4,,3.415,5.233,6.843,3.547,,282.0,,,0.997,,4g,l3_sparse.py,client,container:f0057886a455 (host unknown),dbbench:client,,,,,,,,,,,,,,,,,,,,,,,,,,,,,,,,,,,4g,,,,,,,,,,,,,,,,,,,,,,,,0.0,0.0,995,3.67,0.0,39.6,unknown (PackageNotFoundError),100000,,,,,,,,,,,,,,,,,,,,,,,,,,,,,,,,,,,,,False,,,,,,,,,,,,,,,,,,,,,,,,,,,,,,,,,,,,,,,,,,,,,,,,,,,,,,,,,,,,,,,,,,,,,,,,,,,,,,,,,,,,
l3s_elasticsearch_sparse_search_tiny_r2,b7c6c800d,l3s,elasticsearch_sparse,search,tiny,2,paper,0-11,client_server,8g,2026-08-28T23:10:14+00:00,full+client,8g,8.0,0-11,docker.elastic.co/elasticsearch/elasticsearch@sha256:268f65f1b32ea367e49c9be2acab144011b8c66c462c890f6190707743199050,docker.elastic.co/elasticsearch/elasticsearch@sha256:268f65f1b32ea367e49c9be2acab144011b8c66c462c890f6190707743199050,8g,0.2,0.3,1.0,did not converge,0,False,,0.888,9.4.1,,,,,,,,,,,,,,,,,,,,,0.0,96.4,96.4,0.0,True,97.4,96.9,5382.6,4735.8,4735.8,0.0,487.3,0.0,883.5,96.2,78113241,180.5,173.4,70.8,0.0,0.9,0.0,1.8,0.9,11867342,5563.0,4909.2,0.0,4909.2,885.2,0.0,4806.6,89980583,20260828T230317Z,runs_page_b7c6c800d.jsonl,"comparator row, unaffected by the ArcadeDB re-pin b7c6c800d -> 8d6af9475 (DECISIONS #42: re-measure ArcadeDB arms, carry comparators)",,,,,,,,,,,,,,,,,,,,,,,,,,,,100000,30109,10,1000,,,,,,,,34.85,2869.0,,3.295,5.222,6.874,3.442,,290.6,,,0.997,,4g,l3_sparse.py,client,container:c4d814e24a9e (host unknown),dbbench:client,,,,,,,,,,,,,,,,,,,,,,,,,,,,,,,,,,,4g,,,,,,,,,,,,,,,,,,,,,,,,0.0,0.0,995,3.59,0.0,39.33,unknown (PackageNotFoundError),100000,,,,,,,,,,,,,,,,,,,,,,,,,,,,,,,,,,,,,False,,,,,,,,,,,,,,,,,,,,,,,,,,,,,,,,,,,,,,,,,,,,,,,,,,,,,,,,,,,,,,,,,,,,,,,,,,,,,,,,,,,,
l3s_elasticsearch_sparse_search_tiny_r3,b7c6c800d,l3s,elasticsearch_sparse,search,tiny,3,paper,0-11,client_server,8g,2026-08-28T23:07:32+00:00,full+client,8g,8.0,0-11,docker.elastic.co/elasticsearch/elasticsearch@sha256:268f65f1b32ea367e49c9be2acab144011b8c66c462c890f6190707743199050,docker.elastic.co/elasticsearch/elasticsearch@sha256:268f65f1b32ea367e49c9be2acab144011b8c66c462c890f6190707743199050,8g,0.2,0.1,1.0,did not converge,0,False,,0.912,9.4.1,,,,,,,,,,,,,,,,,,,,,0.0,96.4,96.4,0.0,True,97.4,97.1,5357.0,4711.6,4711.6,0.0,625.7,0.0,885.9,96.2,78807910,180.3,173.4,74.7,0.0,0.9,0.0,1.8,0.9,11813738,5537.2,4885.0,0.0,4885.0,887.7,0.0,4786.3,90621648,20260828T230317Z,runs_page_b7c6c800d.jsonl,"comparator row, unaffected by the ArcadeDB re-pin b7c6c800d -> 8d6af9475 (DECISIONS #42: re-measure ArcadeDB arms, carry comparators)",,,,,,,,,,,,,,,,,,,,,,,,,,,,100000,30109,10,1000,,,,,,,,34.94,2862.1,,3.593,5.74,7.333,3.765,,265.6,,,0.997,,4g,l3_sparse.py,client,container:e06cba51efe1 (host unknown),dbbench:client,,,,,,,,,,,,,,,,,,,,,,,,,,,,,,,,,,,4g,,,,,,,,,,,,,,,,,,,,,,,,0.0,0.0,995,3.92,0.0,39.77,unknown (PackageNotFoundError),100000,,,,,,,,,,,,,,,,,,,,,,,,,,,,,,,,,,,,,False,,,,,,,,,,,,,,,,,,,,,,,,,,,,,,,,,,,,,,,,,,,,,,,,,,,,,,,,,,,,,,,,,,,,,,,,,,,,,,,,,,,,
l3s_elasticsearch_sparse_search_tiny_r4,b7c6c800d,l3s,elasticsearch_sparse,search,tiny,4,paper,0-11,client_server,8g,2026-08-28T23:04:40+00:00,full+client,8g,8.0,0-11,docker.elastic.co/elasticsearch/elasticsearch@sha256:268f65f1b32ea367e49c9be2acab144011b8c66c462c890f6190707743199050,docker.elastic.co/elasticsearch/elasticsearch@sha256:268f65f1b32ea367e49c9be2acab144011b8c66c462c890f6190707743199050,8g,0.2,0.3,1.0,did not converge,0,False,,0.931,9.4.1,,,,,,,,,,,,,,,,,,,,,0.0,96.4,96.4,0.0,True,97.4,96.9,5581.7,4730.6,4730.6,0.0,749.6,418.2,883.5,305.3,78353655,189.7,173.5,75.0,0.0,9.6,17.5,1.8,9.6,11073189,5771.4,4904.1,0.0,4904.1,885.3,435.7,4805.6,89426844,20260828T230317Z,runs_page_b7c6c800d.jsonl,"comparator row, unaffected by the ArcadeDB re-pin b7c6c800d -> 8d6af9475 (DECISIONS #42: re-measure ArcadeDB arms, carry comparators)",,,,,,,,,,,,,,,,,,,,,,,,,,,,100000,30109,10,1000,,,,,,,,34.13,2930.0,,3.512,5.914,7.562,3.726,,268.4,,,0.997,,4g,l3_sparse.py,client,container:96f291e20f56 (host unknown),dbbench:client,,,,,,,,,,,,,,,,,,,,,,,,,,,,,,,,,,,4g,,,,,,,,,,,,,,,,,,,,,,,,0.0,0.0,995,3.89,0.0,38.95,unknown (PackageNotFoundError),100000,,,,,,,,,,,,,,,,,,,,,,,,,,,,,,,,,,,,,False,,,,,,,,,,,,,,,,,,,,,,,,,,,,,,,,,,,,,,,,,,,,,,,,,,,,,,,,,,,,,,,,,,,,,,,,,,,,,,,,,,,,
l3s_elasticsearch_sparse_search_tiny_r5,b7c6c800d,l3s,elasticsearch_sparse,search,tiny,5,paper,0-11,client_server,8g,2026-08-28T23:06:31+00:00,full+client,8g,8.0,0-11,docker.elastic.co/elasticsearch/elasticsearch@sha256:268f65f1b32ea367e49c9be2acab144011b8c66c462c890f6190707743199050,docker.elastic.co/elasticsearch/elasticsearch@sha256:268f65f1b32ea367e49c9be2acab144011b8c66c462c890f6190707743199050,8g,0.2,0.3,1.0,did not converge,0,False,,0.875,9.4.1,,,,,,,,,,,,,,,,,,,,,0.0,96.4,96.4,0.0,True,97.4,96.9,5363.0,4710.9,4710.9,0.0,540.7,0.0,883.5,96.2,77788779,180.5,173.4,75.2,0.0,0.9,0.0,1.8,0.9,11607954,5543.5,4884.3,0.0,4884.3,885.2,0.0,4786.2,89396733,20260828T230317Z,runs_page_b7c6c800d.jsonl,"comparator row, unaffected by the ArcadeDB re-pin b7c6c800d -> 8d6af9475 (DECISIONS #42: re-measure ArcadeDB arms, carry comparators)",,,,,,,,,,,,,,,,,,,,,,,,,,,,100000,30109,10,1000,,,,,,,,34.57,2892.4,,3.354,5.3,6.835,3.519,,284.2,,,0.997,,4g,l3_sparse.py,client,container:d2f95762a321 (host unknown),dbbench:client,,,,,,,,,,,,,,,,,,,,,,,,,,,,,,,,,,,4g,,,,,,,,,,,,,,,,,,,,,,,,0.0,0.0,995,3.65,0.0,39.09,unknown (PackageNotFoundError),100000,,,,,,,,,,,,,,,,,,,,,,,,,,,,,,,,,,,,,False,,,,,,,,,,,,,,,,,,,,,,,,,,,,,,,,,,,,,,,,,,,,,,,,,,,,,,,,,,,,,,,,,,,,,,,,,,,,,,,,,,,,
l3s_milvus_sparse_search_tiny_r1,8d6af9475,l3s,milvus_sparse,search,tiny,1,paper,0-11,client_server,8g,2026-09-10T06:38:18+00:00,full+client,8g,8.0,0-11,milvusdb/milvus@sha256:0ea40276f8111f0183e72c8ee3144f3b9aafcd30571bd947de1ed0d22ee9dd56,milvusdb/milvus@sha256:0ea40276f8111f0183e72c8ee3144f3b9aafcd30571bd947de1ed0d22ee9dd56,8g,271.3,0.2,1.1,did not converge,0,False,,2.16,milvus:pkg/v2.6.13,,,,,,,,,,,,,,,,,,,,,0.0,547.5,547.5,0.0,True,548.6,277.1,1598.8,1153.5,889.7,0.0,319.7,1.4,753.6,319.7,19355915,192.4,183.1,80.7,0.0,1.0,0.0,0.2,1.0,10779620,1791.2,1336.7,0.0,1336.7,753.8,1.4,970.4,30135535,20260910T063553Z,,,,,,,,,,,,,,,,,,,,,,,,,,,l3s_milvus_sparse_search_tiny_r1.clientlog,"OCI runtime exec failed: exec failed: unable to start container process: exec: ""java"": executable file not found in $PAT",l3s_milvus_sparse_search_tiny_r1.serverlog,100000,30109,10,1000,,,,,,,,17.91,5583.5,,3.014,6.348,7.624,3.335,,299.8,,,1.0,,,l3_sparse.py,client,container:4a760a37d3a7 (host unknown),dbbench:client,,,,milvus run standalone,,,,,,,,,,,,,,,,,,,,,,,,,,,,,,,,,,,,,,,,,,,,,,,,,,,,,,,0.0,0.0,995,3.35,0.0,23.42,unknown (PackageNotFoundError),100000,,,,,,,,,,,,,,,,,,,,,,,,,,,,,,,,,,,,,,,,,,,,,,,,,,,,,,,,,,,,,,,,,,,,,,,,,,,,,,,,,,,,,,,,,,,,,,,,,,,,,,,,,,,,,,,,,,,,,,,,,
l3s_milvus_sparse_search_tiny_r2,8d6af9475,l3s,milvus_sparse,search,tiny,2,paper,0-11,client_server,8g,2026-09-10T06:36:49+00:00,full+client,8g,8.0,0-11,milvusdb/milvus@sha256:0ea40276f8111f0183e72c8ee3144f3b9aafcd30571bd947de1ed0d22ee9dd56,milvusdb/milvus@sha256:0ea40276f8111f0183e72c8ee3144f3b9aafcd30571bd947de1ed0d22ee9dd56,8g,271.3,0.3,1.1,did not converge,0,False,,2.014,milvus:pkg/v2.6.13,,,,,,,,,,,,,,,,,,,,,0.0,547.9,547.9,0.0,True,549.0,277.4,1661.7,1190.5,841.3,0.0,319.5,1.0,754.6,319.5,19684804,191.8,183.1,80.5,0.0,1.0,0.0,0.2,1.0,11038212,1853.5,1373.6,0.0,1373.6,754.8,1.0,921.8,30723016,20260910T063553Z,,,,,,,,,,,,,,,,,,,,,,,,,,,l3s_milvus_sparse_search_tiny_r2.clientlog,"OCI runtime exec failed: exec failed: unable to start container process: exec: ""java"": executable file not found in $PAT",l3s_milvus_sparse_search_tiny_r2.serverlog,100000,30109,10,1000,,,,,,,,18.16,5507.4,,3.002,6.303,7.68,3.331,,300.2,,,1.0,,,l3_sparse.py,client,container:ff8851d9e598 (host unknown),dbbench:client,,,,milvus run standalone,,,,,,,,,,,,,,,,,,,,,,,,,,,,,,,,,,,,,,,,,,,,,,,,,,,,,,,0.0,0.0,995,3.34,0.0,23.51,unknown (PackageNotFoundError),100000,,,,,,,,,,,,,,,,,,,,,,,,,,,,,,,,,,,,,,,,,,,,,,,,,,,,,,,,,,,,,,,,,,,,,,,,,,,,,,,,,,,,,,,,,,,,,,,,,,,,,,,,,,,,,,,,,,,,,,,,,
l3s_milvus_sparse_search_tiny_r3,8d6af9475,l3s,milvus_sparse,search,tiny,3,paper,0-11,client_server,8g,2026-09-10T06:37:20+00:00,full+client,8g,8.0,0-11,milvusdb/milvus@sha256:0ea40276f8111f0183e72c8ee3144f3b9aafcd30571bd947de1ed0d22ee9dd56,milvusdb/milvus@sha256:0ea40276f8111f0183e72c8ee3144f3b9aafcd30571bd947de1ed0d22ee9dd56,8g,271.3,0.2,1.1,did not converge,0,False,,1.943,milvus:pkg/v2.6.13,,,,,,,,,,,,,,,,,,,,,0.0,547.9,547.9,0.0,True,549.0,277.5,1665.1,1225.9,944.4,0.0,319.3,0.7,754.6,319.3,19544772,192.2,184.0,80.7,0.0,1.0,0.0,0.2,1.0,10908360,1857.2,1409.9,0.0,1409.9,754.7,0.7,1025.1,30453132,20260910T063553Z,,,,,,,,,,,,,,,,,,,,,,,,,,,l3s_milvus_sparse_search_tiny_r3.clientlog,"OCI runtime exec failed: exec failed: unable to start container process: exec: ""java"": executable file not found in $PAT",l3s_milvus_sparse_search_tiny_r3.serverlog,100000,30109,10,1000,,,,,,,,18.06,5538.6,,3.01,6.337,7.617,3.351,,298.4,,,1.0,,,l3_sparse.py,client,container:2e4a2c49f76c (host unknown),dbbench:client,,,,milvus run standalone,,,,,,,,,,,,,,,,,,,,,,,,,,,,,,,,,,,,,,,,,,,,,,,,,,,,,,,0.0,0.0,995,3.37,0.0,23.37,unknown (PackageNotFoundError),100000,,,,,,,,,,,,,,,,,,,,,,,,,,,,,,,,,,,,,,,,,,,,,,,,,,,,,,,,,,,,,,,,,,,,,,,,,,,,,,,,,,,,,,,,,,,,,,,,,,,,,,,,,,,,,,,,,,,,,,,,,
l3s_milvus_sparse_search_tiny_r4,8d6af9475,l3s,milvus_sparse,search,tiny,4,paper,0-11,client_server,8g,2026-09-10T06:36:19+00:00,full+client,8g,8.0,0-11,milvusdb/milvus@sha256:0ea40276f8111f0183e72c8ee3144f3b9aafcd30571bd947de1ed0d22ee9dd56,milvusdb/milvus@sha256:0ea40276f8111f0183e72c8ee3144f3b9aafcd30571bd947de1ed0d22ee9dd56,8g,271.3,0.2,1.1,did not converge,0,False,,1.845,milvus:pkg/v2.6.13,,,,,,,,,,,,,,,,,,,,,0.0,547.5,547.5,0.0,True,548.6,277.1,1637.3,1163.9,878.2,0.0,319.8,1.7,753.7,319.8,19844366,291.0,184.0,80.6,0.0,100.1,198.3,0.2,100.1,11252380,1928.3,1348.0,0.0,1348.0,753.8,200.0,958.8,31096746,20260910T063553Z,,,,,,,,,,,,,,,,,,,,,,,,,,,l3s_milvus_sparse_search_tiny_r4.clientlog,"OCI runtime exec failed: exec failed: unable to start container process: exec: ""java"": executable file not found in $PAT",l3s_milvus_sparse_search_tiny_r4.serverlog,100000,30109,10,1000,,,,,,,,18.36,5445.6,,3.072,6.489,7.796,3.41,,293.2,,,1.0,,,l3_sparse.py,client,container:72b5bc0b41cc (host unknown),dbbench:client,,,,milvus run standalone,,,,,,,,,,,,,,,,,,,,,,,,,,,,,,,,,,,,,,,,,,,,,,,,,,,,,,,0.01,0.0,995,3.44,0.0,23.66,unknown (PackageNotFoundError),100000,,,,,,,,,,,,,,,,,,,,,,,,,,,,,,,,,,,,,,,,,,,,,,,,,,,,,,,,,,,,,,,,,,,,,,,,,,,,,,,,,,,,,,,,,,,,,,,,,,,,,,,,,,,,,,,,,,,,,,,,,
l3s_milvus_sparse_search_tiny_r5,8d6af9475,l3s,milvus_sparse,search,tiny,5,paper,0-11,client_server,8g,2026-09-10T06:37:49+00:00,full+client,8g,8.0,0-11,milvusdb/milvus@sha256:0ea40276f8111f0183e72c8ee3144f3b9aafcd30571bd947de1ed0d22ee9dd56,milvusdb/milvus@sha256:0ea40276f8111f0183e72c8ee3144f3b9aafcd30571bd947de1ed0d22ee9dd56,8g,271.3,0.2,1.1,did not converge,0,False,,1.767,milvus:pkg/v2.6.13,,,,,,,,,,,,,,,,,,,,,0.0,547.9,547.9,0.0,True,549.0,277.5,1557.4,1156.8,724.2,0.0,319.2,0.5,754.6,319.2,19482177,191.7,184.1,80.6,0.0,1.0,0.0,0.2,1.0,10858662,1749.1,1341.0,0.0,1341.0,754.8,0.5,804.8,30340839,20260910T063553Z,,,,,,,,,,,,,,,,,,,,,,,,,,,l3s_milvus_sparse_search_tiny_r5.clientlog,"OCI runtime exec failed: exec failed: unable to start container process: exec: ""java"": executable file not found in $PAT",l3s_milvus_sparse_search_tiny_r5.serverlog,100000,30109,10,1000,,,,,,,,17.98,5560.8,,3.026,6.323,7.693,3.357,,297.9,,,1.0,,,l3_sparse.py,client,container:348a762aabf7 (host unknown),dbbench:client,,,,milvus run standalone,,,,,,,,,,,,,,,,,,,,,,,,,,,,,,,,,,,,,,,,,,,,,,,,,,,,,,,0.0,0.0,995,3.37,0.0,23.12,unknown (PackageNotFoundError),100000,,,,,,,,,,,,,,,,,,,,,,,,,,,,,,,,,,,,,,,,,,,,,,,,,,,,,,,,,,,,,,,,,,,,,,,,,,,,,,,,,,,,,,,,,,,,,,,,,,,,,,,,,,,,,,,,,,,,,,,,,
l3s_qdrant_sparse_search_tiny_r1,b7c6c800d,l3s,qdrant_sparse,search,tiny,1,paper,0-11,client_server,8g,2026-08-28T23:10:31+00:00,full+client,8g,8.0,0-11,qdrant/qdrant@sha256:75eab8c4ba42096724fdcfde8b4de0b5713d529dde32f285a1f86fdcb2c9e50c,qdrant/qdrant@sha256:75eab8c4ba42096724fdcfde8b4de0b5713d529dde32f285a1f86fdcb2c9e50c,8g,0.0,0.1,1.0,did not converge,0,False,,0.77,qdrant:1.18.2,,,,,,,,,,,,,,,,,,,,,0.0,255.3,255.3,0.0,True,256.3,256.2,721.9,507.3,249.7,0.0,210.4,105.2,767.3,114.2,13496860,186.1,178.4,80.6,0.0,0.8,0.0,0.1,0.8,5310988,908.0,685.7,0.0,685.7,767.4,105.2,330.3,18807848,20260828T230317Z,runs_page_b7c6c800d.jsonl,"comparator row, unaffected by the ArcadeDB re-pin b7c6c800d -> 8d6af9475 (DECISIONS #42: re-measure ArcadeDB arms, carry comparators)",,,,,,,,,,,,,,,,,,,,,,,,,,,,100000,30109,10,1000,,,,,,,,8.44,11848.3,,0.88,1.101,1.354,0.912,,1096.4,,,1.0,,,l3_sparse.py,client,container:c6fc870eb7eb (host unknown),dbbench:client,,,,,,,,,,,,,,,,,,,,,,,,,,,,,,,,,,,,,,,,,,,,,,,,,,,,,,,,,,,0.0,0.0,995,0.93,0.0,10.14,unknown (PackageNotFoundError),100000,,,,,,,,,,,,,,,,,,,,,,,,,,,,,,,,,,,,,,,,,,,,,,,,,,,,,,,,,,,,,,,,,,,,,,,,,,,,,,,,,,,,,,,,,,,,,,,,,,,,,,,,,,,,,,,,,,,,,,,,,
l3s_qdrant_sparse_search_tiny_r2,b7c6c800d,l3s,qdrant_sparse,search,tiny,2,paper,0-11,client_server,8g,2026-08-28T23:10:47+00:00,full+client,8g,8.0,0-11,qdrant/qdrant@sha256:75eab8c4ba42096724fdcfde8b4de0b5713d529dde32f285a1f86fdcb2c9e50c,qdrant/qdrant@sha256:75eab8c4ba42096724fdcfde8b4de0b5713d529dde32f285a1f86fdcb2c9e50c,8g,0.0,0.2,1.0,did not converge,0,False,,0.79,qdrant:1.18.2,,,,,,,,,,,,,,,,,,,,,0.0,194.7,194.7,0.0,True,195.7,195.5,726.6,499.0,204.1,0.0,224.7,103.8,767.3,48.0,12703798,184.9,177.7,79.8,0.0,0.8,0.0,0.2,0.8,5113647,911.5,676.7,0.0,676.7,767.5,103.8,283.9,17817445,20260828T230317Z,runs_page_b7c6c800d.jsonl,"comparator row, unaffected by the ArcadeDB re-pin b7c6c800d -> 8d6af9475 (DECISIONS #42: re-measure ArcadeDB arms, carry comparators)",,,,,,,,,,,,,,,,,,,,,,,,,,,,100000,30109,10,1000,,,,,,,,8.47,11808.0,,0.825,0.978,1.127,0.841,,1189.5,,,1.0,,,l3_sparse.py,client,container:9c670a48aa74 (host unknown),dbbench:client,,,,,,,,,,,,,,,,,,,,,,,,,,,,,,,,,,,,,,,,,,,,,,,,,,,,,,,,,,,0.0,0.0,995,0.85,0.0,10.11,unknown (PackageNotFoundError),100000,,,,,,,,,,,,,,,,,,,,,,,,,,,,,,,,,,,,,,,,,,,,,,,,,,,,,,,,,,,,,,,,,,,,,,,,,,,,,,,,,,,,,,,,,,,,,,,,,,,,,,,,,,,,,,,,,,,,,,,,,
l3s_qdrant_sparse_search_tiny_r3,b7c6c800d,l3s,qdrant_sparse,search,tiny,3,paper,0-11,client_server,8g,2026-08-28T23:08:14+00:00,full+client,8g,8.0,0-11,qdrant/qdrant@sha256:75eab8c4ba42096724fdcfde8b4de0b5713d529dde32f285a1f86fdcb2c9e50c,qdrant/qdrant@sha256:75eab8c4ba42096724fdcfde8b4de0b5713d529dde32f285a1f86fdcb2c9e50c,8g,0.0,0.1,1.0,did not converge,0,False,,0.815,qdrant:1.18.2,,,,,,,,,,,,,,,,,,,,,0.0,192.2,192.2,0.0,True,193.2,193.1,830.4,530.1,193.9,0.0,252.6,229.7,859.5,85.9,13018860,191.5,178.5,80.6,0.0,6.3,10.9,0.1,6.3,5121006,1021.9,708.5,0.0,708.5,859.7,240.6,274.5,18139866,20260828T230317Z,runs_page_b7c6c800d.jsonl,"comparator row, unaffected by the ArcadeDB re-pin b7c6c800d -> 8d6af9475 (DECISIONS #42: re-measure ArcadeDB arms, carry comparators)",,,,,,,,,,,,,,,,,,,,,,,,,,,,100000,30109,10,1000,,,,,,,,8.56,11688.0,,0.857,1.015,1.147,0.874,,1144.2,,,1.0,,,l3_sparse.py,client,container:b2cef56934fe (host unknown),dbbench:client,,,,,,,,,,,,,,,,,,,,,,,,,,,,,,,,,,,,,,,,,,,,,,,,,,,,,,,,,,,0.0,0.0,995,0.89,0.0,10.27,unknown (PackageNotFoundError),100000,,,,,,,,,,,,,,,,,,,,,,,,,,,,,,,,,,,,,,,,,,,,,,,,,,,,,,,,,,,,,,,,,,,,,,,,,,,,,,,,,,,,,,,,,,,,,,,,,,,,,,,,,,,,,,,,,,,,,,,,,
l3s_qdrant_sparse_search_tiny_r4,b7c6c800d,l3s,qdrant_sparse,search,tiny,4,paper,0-11,client_server,8g,2026-08-28T23:08:58+00:00,full+client,8g,8.0,0-11,qdrant/qdrant@sha256:75eab8c4ba42096724fdcfde8b4de0b5713d529dde32f285a1f86fdcb2c9e50c,qdrant/qdrant@sha256:75eab8c4ba42096724fdcfde8b4de0b5713d529dde32f285a1f86fdcb2c9e50c,8g,0.0,0.2,1.0,did not converge,0,False,,0.764,qdrant:1.18.2,,,,,,,,,,,,,,,,,,,,,0.0,253.7,253.7,0.0,True,254.7,254.5,746.8,542.1,282.4,0.0,187.3,135.6,830.4,112.9,12413372,186.1,178.5,80.6,0.0,0.8,0.0,0.2,0.8,5158762,932.9,720.6,0.0,720.6,830.6,135.6,363.0,17572134,20260828T230317Z,runs_page_b7c6c800d.jsonl,"comparator row, unaffected by the ArcadeDB re-pin b7c6c800d -> 8d6af9475 (DECISIONS #42: re-measure ArcadeDB arms, carry comparators)",,,,,,,,,,,,,,,,,,,,,,,,,,,,100000,30109,10,1000,,,,,,,,8.09,12368.3,,0.931,1.102,1.376,0.949,,1053.8,,,1.0,,,l3_sparse.py,client,container:30052c2f0cf3 (host unknown),dbbench:client,,,,,,,,,,,,,,,,,,,,,,,,,,,,,,,,,,,,,,,,,,,,,,,,,,,,,,,,,,,0.0,0.0,995,0.96,0.0,9.81,unknown (PackageNotFoundError),100000,,,,,,,,,,,,,,,,,,,,,,,,,,,,,,,,,,,,,,,,,,,,,,,,,,,,,,,,,,,,,,,,,,,,,,,,,,,,,,,,,,,,,,,,,,,,,,,,,,,,,,,,,,,,,,,,,,,,,,,,,
l3s_qdrant_sparse_search_tiny_r5,b7c6c800d,l3s,qdrant_sparse,search,tiny,5,paper,0-11,client_server,8g,2026-08-28T23:09:14+00:00,full+client,8g,8.0,0-11,qdrant/qdrant@sha256:75eab8c4ba42096724fdcfde8b4de0b5713d529dde32f285a1f86fdcb2c9e50c,qdrant/qdrant@sha256:75eab8c4ba42096724fdcfde8b4de0b5713d529dde32f285a1f86fdcb2c9e50c,8g,0.0,0.2,1.0,did not converge,0,False,,0.781,qdrant:1.18.2,,,,,,,,,,,,,,,,,,,,,0.0,253.9,253.9,0.0,True,254.9,254.7,755.6,535.1,276.7,0.0,193.6,135.9,831.8,112.2,12324899,185.3,178.7,79.8,0.0,0.8,0.0,0.2,0.8,5168805,940.9,713.8,0.0,713.8,832.0,135.9,356.5,17493704,20260828T230317Z,runs_page_b7c6c800d.jsonl,"comparator row, unaffected by the ArcadeDB re-pin b7c6c800d -> 8d6af9475 (DECISIONS #42: re-measure ArcadeDB arms, carry comparators)",,,,,,,,,,,,,,,,,,,,,,,,,,,,100000,30109,10,1000,,,,,,,,8.05,12423.0,,0.965,1.132,1.307,0.978,,1022.6,,,1.0,,,l3_sparse.py,client,container:63e3e1a15f4c (host unknown),dbbench:client,,,,,,,,,,,,,,,,,,,,,,,,,,,,,,,,,,,,,,,,,,,,,,,,,,,,,,,,,,,0.0,0.0,995,0.99,0.0,9.82,unknown (PackageNotFoundError),100000,,,,,,,,,,,,,,,,,,,,,,,,,,,,,,,,,,,,,,,,,,,,,,,,,,,,,,,,,,,,,,,,,,,,,,,,,,,,,,,,,,,,,,,,,,,,,,,,,,,,,,,,,,,,,,,,,,,,,,,,,
l4_arcadedb_ts_doc_ingest_ts100_r1,8d6af9475,l4,arcadedb_ts_doc,ingest,ts100,1,paper,0-11,embedded,16g,2026-09-11T18:29:02+00:00,,,,,,,,,0.1,251.9,,0,False,,,26.9.1.dev0,,,63.46,,,,,,,,,,,,,,,,,,0.022,,,,,251.9,251.8,,,,,,,,,,6596.5,6289.3,343.7,0.0,289.7,0.0,817.6,251.8,240013919,6596.5,6289.3,0.0,6289.3,817.6,0.0,343.7,240013919,20260911T174938Z,,,,,,,,,,,,,,,,,,,,,,,,,,,l4_arcadedb_ts_doc_ingest_ts100_r1.clientlog,,,2592000,,,,,,,,,,,,,,,,,,,,,,,,8g,l4_tsbs.py,engine,container:e9731325da9f (host unknown),dbbench:arcadedb,arcadedb 26.9.1.dev0,,,,,,,,,,,,,,,,,,,,,,,,,,,,,,,,,,,,,,,,,,,,,,,,,,,,,,,,,,,,,,,,,,,,,,,,,,,,,,,,,,,,,,,,,,,,,,,,,,,,,,,,2592000,40847.0,0.0,0.0,0.0,0.0,0.51,2.32,50.68,1,2.01,44.09,24.86,60,1505.12,1536.1,1628.74,12,,,,,,,,,,,,,,,,,,,,,,,,,,,,,,,,,,,,,,,,,,,,,,,,,,,,,,,,,,,,,,,,,
l4_arcadedb_ts_doc_ingest_ts100_r2,8d6af9475,l4,arcadedb_ts_doc,ingest,ts100,2,paper,0-11,embedded,16g,2026-09-11T18:08:26+00:00,,,,,,,,,0.1,251.9,,0,False,,,26.9.1.dev0,,,62.73,,,,,,,,,,,,,,,,,,0.035,,,,,251.9,251.8,,,,,,,,,,6647.2,6342.1,6342.1,0.0,293.7,0.0,700.6,279.2,240680710,6647.2,6342.1,0.0,6342.1,700.6,0.0,6342.1,240680710,20260911T174938Z,,,,,,,,,,,,,,,,,,,,,,,,,,,l4_arcadedb_ts_doc_ingest_ts100_r2.clientlog,,,2592000,,,,,,,,,,,,,,,,,,,,,,,,8g,l4_tsbs.py,engine,container:80d8a46d42da (host unknown),dbbench:arcadedb,arcadedb 26.9.1.dev0,,,,,,,,,,,,,,,,,,,,,,,,,,,,,,,,,,,,,,,,,,,,,,,,,,,,,,,,,,,,,,,,,,,,,,,,,,,,,,,,,,,,,,,,,,,,,,,,,,,,,,,,2592000,41321.2,0.0,0.0,0.0,0.0,0.6,2.3,50.56,1,2.3,48.12,26.29,60,1522.32,1552.02,1608.88,12,,,,,,,,,,,,,,,,,,,,,,,,,,,,,,,,,,,,,,,,,,,,,,,,,,,,,,,,,,,,,,,,,
l4_arcadedb_ts_doc_ingest_ts100_r3,8d6af9475,l4,arcadedb_ts_doc,ingest,ts100,3,paper,0-11,embedded,16g,2026-09-11T18:12:47+00:00,,,,,,,,,0.1,251.9,,0,False,,,26.9.1.dev0,,,63.05,,,,,,,,,,,,,,,,,,0.034,,,,,251.9,251.8,,,,,,,,,,6718.9,6412.6,159.8,0.0,292.7,0.0,810.7,251.8,236613008,6718.9,6412.6,0.0,6412.6,810.7,0.0,159.8,236613008,20260911T174938Z,,,,,,,,,,,,,,,,,,,,,,,,,,,l4_arcadedb_ts_doc_ingest_ts100_r3.clientlog,,,2592000,,,,,,,,,,,,,,,,,,,,,,,,8g,l4_tsbs.py,engine,container:2dc9388d73cc (host unknown),dbbench:arcadedb,arcadedb 26.9.1.dev0,,,,,,,,,,,,,,,,,,,,,,,,,,,,,,,,,,,,,,,,,,,,,,,,,,,,,,,,,,,,,,,,,,,,,,,,,,,,,,,,,,,,,,,,,,,,,,,,,,,,,,,,2592000,41113.2,0.0,0.0,0.0,0.0,0.61,2.36,49.57,1,2.09,44.53,25.53,60,1476.27,1508.31,1604.98,12,,,,,,,,,,,,,,,,,,,,,,,,,,,,,,,,,,,,,,,,,,,,,,,,,,,,,,,,,,,,,,,,,
l4_arcadedb_ts_doc_ingest_ts100_r4,8d6af9475,l4,arcadedb_ts_doc,ingest,ts100,4,paper,0-11,embedded,16g,2026-09-11T18:32:47+00:00,,,,,,,,,0.1,251.9,,0,False,,,26.9.1.dev0,,,63.06,,,,,,,,,,,,,,,,,,0.027,,,,,251.9,251.8,,,,,,,,,,6696.4,6390.0,5624.1,0.0,293.8,0.0,809.1,251.8,240676293,6696.4,6390.0,0.0,6390.0,809.1,0.0,5624.1,240676293,20260911T174938Z,,,,,,,,,,,,,,,,,,,,,,,,,,,l4_arcadedb_ts_doc_ingest_ts100_r4.clientlog,,,2592000,,,,,,,,,,,,,,,,,,,,,,,,8g,l4_tsbs.py,engine,container:9722b449316d (host unknown),dbbench:arcadedb,arcadedb 26.9.1.dev0,,,,,,,,,,,,,,,,,,,,,,,,,,,,,,,,,,,,,,,,,,,,,,,,,,,,,,,,,,,,,,,,,,,,,,,,,,,,,,,,,,,,,,,,,,,,,,,,,,,,,,,,2592000,41102.6,0.0,0.0,0.0,0.0,0.53,2.18,49.6,1,2.0,48.19,26.15,60,1518.83,1550.6,1642.35,12,,,,,,,,,,,,,,,,,,,,,,,,,,,,,,,,,,,,,,,,,,,,,,,,,,,,,,,,,,,,,,,,,
l4_arcadedb_ts_doc_ingest_ts100_r5,8d6af9475,l4,arcadedb_ts_doc,ingest,ts100,5,paper,0-11,embedded,16g,2026-09-11T18:17:07+00:00,,,,,,,,,0.1,251.9,,0,False,,,26.9.1.dev0,,,63.94,,,,,,,,,,,,,,,,,,0.03,,,,,251.9,251.8,,,,,,,,,,6615.3,6310.0,5598.5,0.0,292.5,0.0,811.8,251.8,239607167,6615.3,6310.0,0.0,6310.0,811.8,0.0,5598.5,239607167,20260911T174938Z,,,,,,,,,,,,,,,,,,,,,,,,,,,l4_arcadedb_ts_doc_ingest_ts100_r5.clientlog,,,2592000,,,,,,,,,,,,,,,,,,,,,,,,8g,l4_tsbs.py,engine,container:54d0943b3f23 (host unknown),dbbench:arcadedb,arcadedb 26.9.1.dev0,,,,,,,,,,,,,,,,,,,,,,,,,,,,,,,,,,,,,,,,,,,,,,,,,,,,,,,,,,,,,,,,,,,,,,,,,,,,,,,,,,,,,,,,,,,,,,,,,,,,,,,,2592000,40538.1,0.0,0.0,0.0,0.0,0.57,2.35,49.96,1,2.26,49.23,26.18,60,1496.2,1529.6,1600.22,12,,,,,,,,,,,,,,,,,,,,,,,,,,,,,,,,,,,,,,,,,,,,,,,,,,,,,,,,,,,,,,,,,
l4_arcadedb_ts_doc_server_ingest_ts100_r1,8d6af9475,l4,arcadedb_ts_doc_server,ingest,ts100,1,paper,0-11,client_server,8g,2026-09-11T17:58:36+00:00,full+client,8g,16.0,0-11,arcadedb-c25:8d6af9475,arcadedb-c25:8d6af9475,16g,0.3,0.1,0.1,,0,False,,,unknown (PackageNotFoundError),,,47.17,,,,,,,,,,,,,,,,,,0.0,303.7,303.7,0.0,True,303.8,303.4,6265.9,5919.5,5919.5,0.0,303.6,0.0,807.6,303.6,232355744,719.5,714.9,714.4,0.0,0.1,0.0,0.1,0.1,9575871,6985.4,6634.4,0.0,6634.4,807.8,0.0,6633.9,241931615,20260911T174938Z,,,,,,,,,,,,,,,,,,,,,,,,,,,l4_arcadedb_ts_doc_server_ingest_ts100_r1.clientlog,,l4_arcadedb_ts_doc_server_ingest_ts100_r1.serverlog,2592000,,,,,,,,,,,,,,,,,,,,,,,,8g,l4_tsbs.py,engine,container:f1b05e64fca8 (host unknown),dbbench:client,server:26.9.1-SNAPSHOT (build 8d6af94753ea8446bd13ac1aed2bb79eaf78dc90/1788075753609/main),,,,,,,,,,,,,,,,,,,,,,,,,,,,,,,,,,8g,,,,,,,,,,,,,,,,,,,,,,,,,,,,,,,,,,,,,,,,,,,,,,,,,,,,,,,,,,,,,,,,,,,,,,2592000,54946.3,0.0,0.0,0.0,0.0,1.3,3.26,47.76,1,3.2,8.48,24.92,60,1593.13,1629.74,1728.25,12,,,,,,,,,,,,,,,,,,,,,,,,,,,,,,,,,,,,,,,,,,,,,,,,,,,,,,,,,,,,,,,,,
l4_arcadedb_ts_doc_server_ingest_ts100_r2,8d6af9475,l4,arcadedb_ts_doc_server,ingest,ts100,2,paper,0-11,client_server,8g,2026-09-11T17:54:48+00:00,full+client,8g,16.0,0-11,arcadedb-c25:8d6af9475,arcadedb-c25:8d6af9475,16g,0.3,0.1,0.1,,0,False,,,unknown (PackageNotFoundError),,,45.83,,,,,,,,,,,,,,,,,,0.0,300.1,300.1,0.0,True,300.2,299.8,6261.5,5916.9,5916.9,0.0,300.9,0.0,739.6,300.0,236359253,719.1,714.5,714.4,0.0,0.1,0.0,0.1,0.1,9458060,6980.6,6631.4,0.0,6631.4,739.7,0.0,6631.3,245817313,20260911T174938Z,,,,,,,,,,,,,,,,,,,,,,,,,,,l4_arcadedb_ts_doc_server_ingest_ts100_r2.clientlog,,l4_arcadedb_ts_doc_server_ingest_ts100_r2.serverlog,2592000,,,,,,,,,,,,,,,,,,,,,,,,8g,l4_tsbs.py,engine,container:cf22f75007e0 (host unknown),dbbench:client,server:26.9.1-SNAPSHOT (build 8d6af94753ea8446bd13ac1aed2bb79eaf78dc90/1788075753609/main),,,,,,,,,,,,,,,,,,,,,,,,,,,,,,,,,,8g,,,,,,,,,,,,,,,,,,,,,,,,,,,,,,,,,,,,,,,,,,,,,,,,,,,,,,,,,,,,,,,,,,,,,,2592000,56554.9,0.0,0.0,0.0,0.0,1.25,3.6,42.66,1,2.98,8.1,25.7,60,1651.41,1683.92,1771.68,12,,,,,,,,,,,,,,,,,,,,,,,,,,,,,,,,,,,,,,,,,,,,,,,,,,,,,,,,,,,,,,,,,
l4_arcadedb_ts_doc_server_ingest_ts100_r3,8d6af9475,l4,arcadedb_ts_doc_server,ingest,ts100,3,paper,0-11,client_server,8g,2026-09-11T18:21:09+00:00,full+client,8g,16.0,0-11,arcadedb-c25:8d6af9475,arcadedb-c25:8d6af9475,16g,0.3,0.1,0.1,,0,False,,,unknown (PackageNotFoundError),,,46.68,,,,,,,,,,,,,,,,,,0.0,303.2,303.2,0.0,True,303.3,302.9,6218.6,5872.6,5872.6,0.0,303.1,0.0,799.1,303.1,228365461,719.0,714.9,714.4,0.0,0.1,0.0,0.1,0.1,9600557,6937.6,6587.5,0.0,6587.5,799.2,0.0,6587.0,237966018,20260911T174938Z,,,,,,,,,,,,,,,,,,,,,,,,,,,l4_arcadedb_ts_doc_server_ingest_ts100_r3.clientlog,,l4_arcadedb_ts_doc_server_ingest_ts100_r3.serverlog,2592000,,,,,,,,,,,,,,,,,,,,,,,,8g,l4_tsbs.py,engine,container:d2c0520e89a2 (host unknown),dbbench:client,server:26.9.1-SNAPSHOT (build 8d6af94753ea8446bd13ac1aed2bb79eaf78dc90/1788075753609/main),,,,,,,,,,,,,,,,,,,,,,,,,,,,,,,,,,8g,,,,,,,,,,,,,,,,,,,,,,,,,,,,,,,,,,,,,,,,,,,,,,,,,,,,,,,,,,,,,,,,,,,,,,2592000,55521.6,0.0,0.0,0.0,0.0,1.3,3.43,47.6,1,2.55,19.09,25.93,60,1554.66,1593.82,1680.65,12,,,,,,,,,,,,,,,,,,,,,,,,,,,,,,,,,,,,,,,,,,,,,,,,,,,,,,,,,,,,,,,,,
l4_arcadedb_ts_doc_server_ingest_ts100_r4,8d6af9475,l4,arcadedb_ts_doc_server,ingest,ts100,4,paper,0-11,client_server,8g,2026-09-11T18:24:55+00:00,full+client,8g,16.0,0-11,arcadedb-c25:8d6af9475,arcadedb-c25:8d6af9475,16g,0.3,0.1,0.1,,0,False,,,unknown (PackageNotFoundError),,,47.09,,,,,,,,,,,,,,,,,,0.0,295.1,295.1,0.0,True,295.2,294.8,6249.5,5907.2,5907.2,0.0,300.3,0.0,755.9,295.0,230409350,719.7,714.5,302.4,0.0,0.1,0.0,0.1,0.1,9537284,6969.2,6621.8,0.0,6621.8,756.0,0.0,6209.7,239946634,20260911T174938Z,,,,,,,,,,,,,,,,,,,,,,,,,,,l4_arcadedb_ts_doc_server_ingest_ts100_r4.clientlog,,l4_arcadedb_ts_doc_server_ingest_ts100_r4.serverlog,2592000,,,,,,,,,,,,,,,,,,,,,,,,8g,l4_tsbs.py,engine,container:a9c0e29cbf25 (host unknown),dbbench:client,server:26.9.1-SNAPSHOT (build 8d6af94753ea8446bd13ac1aed2bb79eaf78dc90/1788075753609/main),,,,,,,,,,,,,,,,,,,,,,,,,,,,,,,,,,8g,,,,,,,,,,,,,,,,,,,,,,,,,,,,,,,,,,,,,,,,,,,,,,,,,,,,,,,,,,,,,,,,,,,,,,2592000,55042.7,0.0,0.0,0.0,0.0,1.32,3.35,46.92,1,2.42,8.07,25.62,60,1580.26,1619.17,1716.09,12,,,,,,,,,,,,,,,,,,,,,,,,,,,,,,,,,,,,,,,,,,,,,,,,,,,,,,,,,,,,,,,,,
l4_arcadedb_ts_doc_server_ingest_ts100_r5,8d6af9475,l4,arcadedb_ts_doc_server,ingest,ts100,5,paper,0-11,client_server,8g,2026-09-11T18:03:21+00:00,full+client,8g,16.0,0-11,arcadedb-c25:8d6af9475,arcadedb-c25:8d6af9475,16g,0.3,0.1,0.1,,0,False,,,unknown (PackageNotFoundError),,,47.43,,,,,,,,,,,,,,,,,,0.0,295.8,295.8,0.0,True,295.9,295.5,6256.5,5918.1,5918.1,0.0,302.1,0.0,775.9,295.7,235724841,719.3,714.8,714.4,0.0,0.1,0.0,0.1,0.1,9622897,6975.8,6632.9,0.0,6632.9,776.0,0.0,6632.5,245347738,20260911T174938Z,,,,,,,,,,,,,,,,,,,,,,,,,,,l4_arcadedb_ts_doc_server_ingest_ts100_r5.clientlog,,l4_arcadedb_ts_doc_server_ingest_ts100_r5.serverlog,2592000,,,,,,,,,,,,,,,,,,,,,,,,8g,l4_tsbs.py,engine,container:a65637d92b0e (host unknown),dbbench:client,server:26.9.1-SNAPSHOT (build 8d6af94753ea8446bd13ac1aed2bb79eaf78dc90/1788075753609/main),,,,,,,,,,,,,,,,,,,,,,,,,,,,,,,,,,8g,,,,,,,,,,,,,,,,,,,,,,,,,,,,,,,,,,,,,,,,,,,,,,,,,,,,,,,,,,,,,,,,,,,,,,2592000,54644.6,0.0,0.0,0.0,0.0,1.15,3.44,47.04,1,3.08,8.0,24.36,60,1628.06,1664.75,1773.18,12,,,,,,,,,,,,,,,,,,,,,,,,,,,,,,,,,,,,,,,,,,,,,,,,,,,,,,,,,,,,,,,,,
l4_arcadedb_ts_native_ingest_ts100_r1,8d6af9475,l4,arcadedb_ts_native,ingest,ts100,1,paper,0-11,embedded,16g,2026-09-11T17:50:30+00:00,,,,,,,,,0.1,89.8,,0,False,,,26.9.1.dev0,,,1.4,,,,,,,,,,,,,,,,,,0.033,,,,,89.8,89.7,,,,,,,,,,3950.7,3748.5,2347.1,0.0,179.4,0.0,358.9,89.7,16134749,3950.7,3748.5,0.0,3748.5,358.9,0.0,2347.1,16134749,20260911T174938Z,,,,,,,,,,,,,,,,,,,,,,,,,,,l4_arcadedb_ts_native_ingest_ts100_r1.clientlog,,,2592000,,,,,,,,,,,,,,,,,,,,,,,,8g,l4_tsbs.py,engine,container:5052cdfa5a10 (host unknown),dbbench:arcadedb,arcadedb 26.9.1.dev0,,,,,,,,,,,,,,,,,,,,,,,,,,,,,,,,,,,,,,,,,,,,,,,,,,,,,,,,,,,,,,,,,,,,,,,,,,,,,,,,,,,,,,,,,,,,,,,,,,,,,,,,2592000,1851380.9,0.0,0.0,0.0,0.0,0.44,65.67,105.16,1,3.1,33.56,33.56,60,19.62,53.77,89.8,12,0.34,1,3456000,True,True,100000,4,native_timeseries,,,,,,,,,,,,,,,,,,,,,,,,,,,,,,,,,,,,,,,,,,,,,,,,,,,,,,,,,
l4_arcadedb_ts_native_ingest_ts100_r2,8d6af9475,l4,arcadedb_ts_native,ingest,ts100,2,paper,0-11,embedded,16g,2026-09-11T17:59:06+00:00,,,,,,,,,0.1,89.8,,0,False,,,26.9.1.dev0,,,1.39,,,,,,,,,,,,,,,,,,0.031,,,,,89.8,89.7,,,,,,,,,,5612.5,5412.4,5412.4,0.0,179.4,0.0,358.9,168.9,16699632,5612.5,5412.4,0.0,5412.4,358.9,0.0,5412.4,16699632,20260911T174938Z,,,,,,,,,,,,,,,,,,,,,,,,,,,l4_arcadedb_ts_native_ingest_ts100_r2.clientlog,,,2592000,,,,,,,,,,,,,,,,,,,,,,,,8g,l4_tsbs.py,engine,container:2aa337b54181 (host unknown),dbbench:arcadedb,arcadedb 26.9.1.dev0,,,,,,,,,,,,,,,,,,,,,,,,,,,,,,,,,,,,,,,,,,,,,,,,,,,,,,,,,,,,,,,,,,,,,,,,,,,,,,,,,,,,,,,,,,,,,,,,,,,,,,,,2592000,1863898.3,0.0,0.0,0.0,0.0,0.4,1.63,271.73,1,3.17,28.56,28.56,60,31.95,44.49,92.79,12,0.39,1,3456000,True,True,100000,4,native_timeseries,,,,,,,,,,,,,,,,,,,,,,,,,,,,,,,,,,,,,,,,,,,,,,,,,,,,,,,,,
l4_arcadedb_ts_native_ingest_ts100_r3,8d6af9475,l4,arcadedb_ts_native,ingest,ts100,3,paper,0-11,embedded,16g,2026-09-11T17:58:52+00:00,,,,,,,,,0.1,89.8,,0,False,,,26.9.1.dev0,,,1.38,,,,,,,,,,,,,,,,,,0.035,,,,,89.8,89.7,,,,,,,,,,5644.4,5335.8,632.9,0.0,179.4,0.0,358.9,89.7,16622944,5644.4,5335.8,0.0,5335.8,358.9,0.0,632.9,16622944,20260911T174938Z,,,,,,,,,,,,,,,,,,,,,,,,,,,l4_arcadedb_ts_native_ingest_ts100_r3.clientlog,,,2592000,,,,,,,,,,,,,,,,,,,,,,,,8g,l4_tsbs.py,engine,container:b3992ba27b39 (host unknown),dbbench:arcadedb,arcadedb 26.9.1.dev0,,,,,,,,,,,,,,,,,,,,,,,,,,,,,,,,,,,,,,,,,,,,,,,,,,,,,,,,,,,,,,,,,,,,,,,,,,,,,,,,,,,,,,,,,,,,,,,,,,,,,,,,2592000,1876945.0,0.0,0.0,0.0,0.0,0.41,2.09,196.29,1,3.17,29.69,67.28,60,31.36,59.5,74.34,12,0.38,1,3456000,True,True,100000,4,native_timeseries,,,,,,,,,,,,,,,,,,,,,,,,,,,,,,,,,,,,,,,,,,,,,,,,,,,,,,,,,
l4_arcadedb_ts_native_ingest_ts100_r4,8d6af9475,l4,arcadedb_ts_native,ingest,ts100,4,paper,0-11,embedded,16g,2026-09-11T18:08:40+00:00,,,,,,,,,0.1,89.8,,0,False,,,26.9.1.dev0,,,1.48,,,,,,,,,,,,,,,,,,0.038,,,,,89.8,89.7,,,,,,,,,,3774.0,3577.3,2077.6,0.0,179.4,0.0,358.9,89.7,16404275,3774.0,3577.3,0.0,3577.3,358.9,0.0,2077.6,16404275,20260911T174938Z,,,,,,,,,,,,,,,,,,,,,,,,,,,l4_arcadedb_ts_native_ingest_ts100_r4.clientlog,,,2592000,,,,,,,,,,,,,,,,,,,,,,,,8g,l4_tsbs.py,engine,container:b0491db13ec2 (host unknown),dbbench:arcadedb,arcadedb 26.9.1.dev0,,,,,,,,,,,,,,,,,,,,,,,,,,,,,,,,,,,,,,,,,,,,,,,,,,,,,,,,,,,,,,,,,,,,,,,,,,,,,,,,,,,,,,,,,,,,,,,,,,,,,,,,2592000,1748039.2,0.0,0.0,0.0,0.0,0.47,68.1,117.7,1,3.12,35.48,35.48,60,19.83,54.61,89.74,12,0.34,1,3456000,True,True,100000,4,native_timeseries,,,,,,,,,,,,,,,,,,,,,,,,,,,,,,,,,,,,,,,,,,,,,,,,,,,,,,,,,
l4_arcadedb_ts_native_ingest_ts100_r5,8d6af9475,l4,arcadedb_ts_native,ingest,ts100,5,paper,0-11,embedded,16g,2026-09-11T17:50:17+00:00,,,,,,,,,0.1,89.8,,0,False,,,26.9.1.dev0,,,1.32,,,,,,,,,,,,,,,,,,0.031,,,,,89.8,89.7,,,,,,,,,,5512.4,5312.1,5312.1,0.0,179.4,0.0,358.9,179.4,15671856,5512.4,5312.1,0.0,5312.1,358.9,0.0,5312.1,15671856,20260911T174938Z,,,,,,,,,,,,,,,,,,,,,,,,,,,l4_arcadedb_ts_native_ingest_ts100_r5.clientlog,,,2592000,,,,,,,,,,,,,,,,,,,,,,,,8g,l4_tsbs.py,engine,container:871e7ee15c38 (host unknown),dbbench:arcadedb,arcadedb 26.9.1.dev0,,,,,,,,,,,,,,,,,,,,,,,,,,,,,,,,,,,,,,,,,,,,,,,,,,,,,,,,,,,,,,,,,,,,,,,,,,,,,,,,,,,,,,,,,,,,,,,,,,,,,,,,2592000,1961430.7,0.0,0.0,0.0,0.0,0.41,1.62,276.5,1,2.94,26.79,26.79,60,30.51,53.05,87.5,12,0.39,1,3456000,True,True,100000,4,native_timeseries,,,,,,,,,,,,,,,,,,,,,,,,,,,,,,,,,,,,,,,,,,,,,,,,,,,,,,,,,
l4_arcadedb_ts_native_server_ingest_ts100_r1,8d6af9475,l4,arcadedb_ts_native_server,ingest,ts100,1,paper,0-11,client_server,8g,2026-09-11T17:59:30+00:00,full+client,8g,16.0,0-11,arcadedb-c25:8d6af9475,arcadedb-c25:8d6af9475,16g,0.3,0.1,0.1,,0,False,,,unknown (PackageNotFoundError),,,4.5,,,,,,,,,,,,,,,,,,0.0,133.2,133.2,0.0,True,133.3,132.9,3466.5,3297.3,3297.3,0.0,133.2,0.0,267.8,133.2,22778879,748.3,736.3,714.8,0.0,0.1,0.0,0.1,0.1,8902040,4214.8,4033.7,0.0,4033.7,267.9,0.0,4012.1,31680919,20260911T174938Z,,,,,,,,,,,,,,,,,,,,,,,,,,,l4_arcadedb_ts_native_server_ingest_ts100_r1.clientlog,,l4_arcadedb_ts_native_server_ingest_ts100_r1.serverlog,2592000,,,,,,,,,,,,,,,,,,,,,,,,8g,l4_tsbs.py,engine,container:71d3c58c7880 (host unknown),dbbench:client,server:26.9.1-SNAPSHOT (build 8d6af94753ea8446bd13ac1aed2bb79eaf78dc90/1788075753609/main),,,,,,,,,,,,,,,,,,,,,,,,,,,,,,,,,,8g,,,,,,,,,,,,,,,,,,,,,,,,,,,,,,,,,,,,,,,,,,,,,,,,,,,,,,,,,,,,,,,,,,,,,,2592000,576190.4,0.0,0.0,0.0,0.0,10.43,34.09,78.66,1,3.28,44.01,31.44,60,3.48,61.44,61.44,12,2.3,1,3456000,False,False,100000,4,native_timeseries_http_line_protocol,,,,,,,,,,,,,,,,,,,,,,,,,,,,,,,,,,,,,,,,,,,,,,,,,,,,,,,,,
l4_arcadedb_ts_native_server_ingest_ts100_r2,8d6af9475,l4,arcadedb_ts_native_server,ingest,ts100,2,paper,0-11,client_server,8g,2026-09-11T18:04:29+00:00,full+client,8g,16.0,0-11,arcadedb-c25:8d6af9475,arcadedb-c25:8d6af9475,16g,0.3,0.1,0.1,,0,False,,,unknown (PackageNotFoundError),,,4.45,,,,,,,,,,,,,,,,,,0.0,124.4,124.4,0.0,True,124.5,124.1,3434.0,3272.7,3272.7,0.0,182.4,0.0,249.7,124.4,22434390,748.1,743.1,714.9,0.0,0.1,0.0,0.1,0.1,8751492,4182.0,4015.8,0.0,4015.8,249.8,0.0,3987.6,31185882,20260911T174938Z,,,,,,,,,,,,,,,,,,,,,,,,,,,l4_arcadedb_ts_native_server_ingest_ts100_r2.clientlog,,l4_arcadedb_ts_native_server_ingest_ts100_r2.serverlog,2592000,,,,,,,,,,,,,,,,,,,,,,,,8g,l4_tsbs.py,engine,container:b56fc1153adb (host unknown),dbbench:client,server:26.9.1-SNAPSHOT (build 8d6af94753ea8446bd13ac1aed2bb79eaf78dc90/1788075753609/main),,,,,,,,,,,,,,,,,,,,,,,,,,,,,,,,,,8g,,,,,,,,,,,,,,,,,,,,,,,,,,,,,,,,,,,,,,,,,,,,,,,,,,,,,,,,,,,,,,,,,,,,,,2592000,582414.4,0.0,0.0,0.0,0.0,10.78,26.53,77.71,1,3.56,36.66,102.09,60,3.71,63.03,63.03,12,2.22,1,3456000,False,False,100000,4,native_timeseries_http_line_protocol,,,,,,,,,,,,,,,,,,,,,,,,,,,,,,,,,,,,,,,,,,,,,,,,,,,,,,,,,
l4_arcadedb_ts_native_server_ingest_ts100_r3,8d6af9475,l4,arcadedb_ts_native_server,ingest,ts100,3,paper,0-11,client_server,8g,2026-09-11T18:13:11+00:00,full+client,8g,16.0,0-11,arcadedb-c25:8d6af9475,arcadedb-c25:8d6af9475,16g,0.3,0.1,0.1,,0,False,,,unknown (PackageNotFoundError),,,4.43,,,,,,,,,,,,,,,,,,0.0,126.2,126.2,0.0,True,126.3,125.9,3500.5,3339.0,3339.0,0.0,140.7,0.0,253.8,126.2,22226807,747.9,741.6,714.8,0.0,0.1,0.0,0.1,0.1,8747411,4248.4,4080.6,0.0,4080.6,253.9,0.0,4053.7,30974218,20260911T174938Z,,,,,,,,,,,,,,,,,,,,,,,,,,,l4_arcadedb_ts_native_server_ingest_ts100_r3.clientlog,,l4_arcadedb_ts_native_server_ingest_ts100_r3.serverlog,2592000,,,,,,,,,,,,,,,,,,,,,,,,8g,l4_tsbs.py,engine,container:1368c67a655d (host unknown),dbbench:client,server:26.9.1-SNAPSHOT (build 8d6af94753ea8446bd13ac1aed2bb79eaf78dc90/1788075753609/main),,,,,,,,,,,,,,,,,,,,,,,,,,,,,,,,,,8g,,,,,,,,,,,,,,,,,,,,,,,,,,,,,,,,,,,,,,,,,,,,,,,,,,,,,,,,,,,,,,,,,,,,,,2592000,584731.5,0.0,0.0,0.0,0.0,10.28,40.98,77.02,1,3.4,43.48,31.19,60,3.81,56.2,56.2,12,2.22,1,3456000,False,False,100000,4,native_timeseries_http_line_protocol,,,,,,,,,,,,,,,,,,,,,,,,,,,,,,,,,,,,,,,,,,,,,,,,,,,,,,,,,
l4_arcadedb_ts_native_server_ingest_ts100_r4,8d6af9475,l4,arcadedb_ts_native_server,ingest,ts100,4,paper,0-11,client_server,8g,2026-09-11T18:09:04+00:00,full+client,8g,16.0,0-11,arcadedb-c25:8d6af9475,arcadedb-c25:8d6af9475,16g,0.3,0.1,0.1,,0,False,,,unknown (PackageNotFoundError),,,4.47,,,,,,,,,,,,,,,,,,0.0,126.2,126.2,0.0,True,126.3,125.9,3456.2,3296.2,3293.6,0.0,140.7,0.0,253.8,126.2,22321004,748.7,739.1,714.9,0.0,0.1,0.0,0.1,0.1,8803544,4204.9,4035.3,0.0,4035.3,253.9,0.0,4008.4,31124548,20260911T174938Z,,,,,,,,,,,,,,,,,,,,,,,,,,,l4_arcadedb_ts_native_server_ingest_ts100_r4.clientlog,,l4_arcadedb_ts_native_server_ingest_ts100_r4.serverlog,2592000,,,,,,,,,,,,,,,,,,,,,,,,8g,l4_tsbs.py,engine,container:2be385c774d1 (host unknown),dbbench:client,server:26.9.1-SNAPSHOT (build 8d6af94753ea8446bd13ac1aed2bb79eaf78dc90/1788075753609/main),,,,,,,,,,,,,,,,,,,,,,,,,,,,,,,,,,8g,,,,,,,,,,,,,,,,,,,,,,,,,,,,,,,,,,,,,,,,,,,,,,,,,,,,,,,,,,,,,,,,,,,,,,2592000,579226.4,0.0,0.0,0.0,0.0,10.69,63.12,78.33,1,3.53,34.18,98.94,60,3.83,60.38,60.38,12,2.17,1,3456000,False,False,100000,4,native_timeseries_http_line_protocol,,,,,,,,,,,,,,,,,,,,,,,,,,,,,,,,,,,,,,,,,,,,,,,,,,,,,,,,,
l4_arcadedb_ts_native_server_ingest_ts100_r5,8d6af9475,l4,arcadedb_ts_native_server,ingest,ts100,5,paper,0-11,client_server,8g,2026-09-11T17:50:01+00:00,full+client,8g,16.0,0-11,arcadedb-c25:8d6af9475,arcadedb-c25:8d6af9475,16g,0.3,0.1,0.1,,0,False,,,unknown (PackageNotFoundError),,,4.31,,,,,,,,,,,,,,,,,,0.0,129.8,129.8,0.0,True,129.9,129.5,3756.8,3590.4,3590.4,0.0,134.0,0.0,260.9,129.7,21020184,748.1,743.3,714.9,0.0,0.1,0.0,0.1,0.1,8243372,4504.9,4333.6,0.0,4333.6,261.0,0.0,4305.2,29263556,20260911T174938Z,,,,,,,,,,,,,,,,,,,,,,,,,,,l4_arcadedb_ts_native_server_ingest_ts100_r5.clientlog,,l4_arcadedb_ts_native_server_ingest_ts100_r5.serverlog,2592000,,,,,,,,,,,,,,,,,,,,,,,,8g,l4_tsbs.py,engine,container:7c0cc10aaa98 (host unknown),dbbench:client,server:26.9.1-SNAPSHOT (build 8d6af94753ea8446bd13ac1aed2bb79eaf78dc90/1788075753609/main),,,,,,,,,,,,,,,,,,,,,,,,,,,,,,,,,,8g,,,,,,,,,,,,,,,,,,,,,,,,,,,,,,,,,,,,,,,,,,,,,,,,,,,,,,,,,,,,,,,,,,,,,,2592000,601355.1,0.0,0.0,0.0,0.0,9.32,70.95,78.35,1,3.61,21.97,43.05,60,4.15,101.38,101.38,12,2.2,1,3456000,False,False,100000,4,native_timeseries_http_line_protocol,,,,,,,,,,,,,,,,,,,,,,,,,,,,,,,,,,,,,,,,,,,,,,,,,,,,,,,,,
l4_duckdb_ingest_ts100_r1,8d6af9475,l4,duckdb,ingest,ts100,1,paper,0-11,embedded,16g,2026-09-11T18:03:35+00:00,,,,,,,,,0.1,11.7,,0,False,,,,,,1.37,,,,,,,,,,,,,,,,,,0.038,,,,,11.7,11.6,,,,,,,,,,999.5,972.7,959.3,0.0,11.4,0.0,22.2,11.4,11648623,999.5,972.7,0.0,972.7,22.2,0.0,959.3,11648623,20260911T174938Z,,,,,,,,,,,,,,,,,,,,,,,,,,,l4_duckdb_ingest_ts100_r1.clientlog,,,2592000,,,,,,,,,,,,,,,,,,,,,,,,,l4_tsbs.py,engine,container:d67ecc71b1ca (host unknown),dbbench:duckdb,duckdb 1.5.5,unknown (PackageNotFoundError),,,,,,,,,,,,,,,,,,,,,,,,,,,,,,,,,,,,,,,,,,,,,,,,,,,,,,,,,,,,,,,,,,,,,,,,,,,,,,,,,,,,,,,,,,,,,,,,,,,,,,,2592000,1887468.4,0.0,0.0,0.0,0.0,1.3,4.61,3.32,1,1.11,1.74,1.42,60,4.39,7.0,4.63,12,,,,,,,,,,,,,,,,,,,,,,,,,,,,,,,,,,,,,,,,,,,,,,,,,,,,,,,,,,,,,,,,,
l4_duckdb_ingest_ts100_r2,8d6af9475,l4,duckdb,ingest,ts100,2,paper,0-11,embedded,16g,2026-09-11T17:50:40+00:00,,,,,,,,,0.1,11.7,,0,False,,,,,,1.38,,,,,,,,,,,,,,,,,,0.047,,,,,11.7,11.6,,,,,,,,,,1002.2,980.9,959.5,0.0,11.7,0.0,22.7,11.7,12092017,1002.2,980.9,0.0,980.9,22.7,0.0,959.5,12092017,20260911T174938Z,,,,,,,,,,,,,,,,,,,,,,,,,,,l4_duckdb_ingest_ts100_r2.clientlog,,,2592000,,,,,,,,,,,,,,,,,,,,,,,,,l4_tsbs.py,engine,container:1126c9b5816b (host unknown),dbbench:duckdb,duckdb 1.5.5,unknown (PackageNotFoundError),,,,,,,,,,,,,,,,,,,,,,,,,,,,,,,,,,,,,,,,,,,,,,,,,,,,,,,,,,,,,,,,,,,,,,,,,,,,,,,,,,,,,,,,,,,,,,,,,,,,,,,2592000,1877169.0,0.0,0.0,0.0,0.0,1.3,3.92,2.42,1,1.12,2.93,1.85,60,4.42,7.85,4.76,12,,,,,,,,,,,,,,,,,,,,,,,,,,,,,,,,,,,,,,,,,,,,,,,,,,,,,,,,,,,,,,,,,
l4_duckdb_ingest_ts100_r3,8d6af9475,l4,duckdb,ingest,ts100,3,paper,0-11,embedded,16g,2026-09-11T18:04:42+00:00,,,,,,,,,0.1,11.7,,0,False,,,,,,1.39,,,,,,,,,,,,,,,,,,0.063,,,,,11.7,11.6,,,,,,,,,,997.5,970.7,970.7,0.0,11.4,0.0,22.2,11.4,11579454,997.5,970.7,0.0,970.7,22.2,0.0,970.7,11579454,20260911T174938Z,,,,,,,,,,,,,,,,,,,,,,,,,,,l4_duckdb_ingest_ts100_r3.clientlog,,,2592000,,,,,,,,,,,,,,,,,,,,,,,,,l4_tsbs.py,engine,container:12a3b92cac96 (host unknown),dbbench:duckdb,duckdb 1.5.5,unknown (PackageNotFoundError),,,,,,,,,,,,,,,,,,,,,,,,,,,,,,,,,,,,,,,,,,,,,,,,,,,,,,,,,,,,,,,,,,,,,,,,,,,,,,,,,,,,,,,,,,,,,,,,,,,,,,,2592000,1869225.3,0.0,0.0,0.0,0.0,1.32,4.65,6.34,1,1.1,1.41,1.41,60,4.44,7.68,5.73,12,,,,,,,,,,,,,,,,,,,,,,,,,,,,,,,,,,,,,,,,,,,,,,,,,,,,,,,,,,,,,,,,,
l4_duckdb_ingest_ts100_r4,8d6af9475,l4,duckdb,ingest,ts100,4,paper,0-11,embedded,16g,2026-09-11T18:13:25+00:00,,,,,,,,,0.1,11.7,,0,False,,,,,,1.37,,,,,,,,,,,,,,,,,,0.036,,,,,11.7,11.6,,,,,,,,,,1000.6,971.2,958.4,0.0,11.4,0.0,22.2,11.4,11654684,1000.6,971.2,0.0,971.2,22.2,0.0,958.4,11654684,20260911T174938Z,,,,,,,,,,,,,,,,,,,,,,,,,,,l4_duckdb_ingest_ts100_r4.clientlog,,,2592000,,,,,,,,,,,,,,,,,,,,,,,,,l4_tsbs.py,engine,container:70464994fb15 (host unknown),dbbench:duckdb,duckdb 1.5.5,unknown (PackageNotFoundError),,,,,,,,,,,,,,,,,,,,,,,,,,,,,,,,,,,,,,,,,,,,,,,,,,,,,,,,,,,,,,,,,,,,,,,,,,,,,,,,,,,,,,,,,,,,,,,,,,,,,,,2592000,1893068.6,0.0,0.0,0.0,0.0,1.3,3.98,2.73,1,1.12,1.54,1.29,60,4.37,8.08,4.75,12,,,,,,,,,,,,,,,,,,,,,,,,,,,,,,,,,,,,,,,,,,,,,,,,,,,,,,,,,,,,,,,,,
l4_duckdb_ingest_ts100_r5,8d6af9475,l4,duckdb,ingest,ts100,5,paper,0-11,embedded,16g,2026-09-11T18:03:44+00:00,,,,,,,,,0.1,11.7,,0,False,,,,,,1.39,,,,,,,,,,,,,,,,,,0.037,,,,,11.7,11.6,,,,,,,,,,997.8,972.6,959.1,0.0,11.4,0.0,22.2,11.4,11762484,997.8,972.6,0.0,972.6,22.2,0.0,959.1,11762484,20260911T174938Z,,,,,,,,,,,,,,,,,,,,,,,,,,,l4_duckdb_ingest_ts100_r5.clientlog,,,2592000,,,,,,,,,,,,,,,,,,,,,,,,,l4_tsbs.py,engine,container:44fe7d4a17a7 (host unknown),dbbench:duckdb,duckdb 1.5.5,unknown (PackageNotFoundError),,,,,,,,,,,,,,,,,,,,,,,,,,,,,,,,,,,,,,,,,,,,,,,,,,,,,,,,,,,,,,,,,,,,,,,,,,,,,,,,,,,,,,,,,,,,,,,,,,,,,,,2592000,1864345.2,0.0,0.0,0.0,0.0,1.28,3.79,2.45,1,1.12,4.08,1.3,60,4.41,8.91,3.3,12,,,,,,,,,,,,,,,,,,,,,,,,,,,,,,,,,,,,,,,,,,,,,,,,,,,,,,,,,,,,,,,,,
l4_mongodb_ingest_ts100_r1,8d6af9475,l4,mongodb,ingest,ts100,1,paper,0-11,client_server,8g,2026-09-12T09:44:48+00:00,full+client,8g,16.0,0-11,mongo@sha256:41afd6e1183f57e4e4d03ab733070671fca8553da2b36f15d6e3fc9760494d17,mongo@sha256:41afd6e1183f57e4e4d03ab733070671fca8553da2b36f15d6e3fc9760494d17,16g,200.1,0.1,0.8,,0,False,,,,,,13.62,,,,,,,,,,,,,,,,,,0.0,200.7,0.0,200.7,True,201.5,1.3,273.1,232.0,232.0,0.0,30.0,0.0,61.4,30.0,4946847,761.5,752.9,741.0,0.0,0.7,0.0,0.1,0.7,16699673,1034.6,984.9,0.0,984.9,61.5,0.0,972.9,21646520,20260912T094219Z,,,,,,,,,,,,,,,,,,,,,,,,,,,l4_mongodb_ingest_ts100_r1.clientlog,"OCI runtime exec failed: exec failed: unable to start container process: exec: ""java"": executable file not found in $PAT",l4_mongodb_ingest_ts100_r1.serverlog,2592000,,,,,,,,,,,,,,,,,,,,,,,,,l4_tsbs.py,engine,container:675df2d4e59b (host unknown),dbbench:client,mongodb 8.2.12,26.9.1.dev0,,--replSet rs0 --bind_ip_all,,,,,,,,,,,,,,,,,,,,,,,,,,,,,,,,,,,,,,,,,,,,,,,,,,,,,,,,,,,,,,,,,,,,,,,,,,,,,,,,,,,,,,,,,,,,,,,,,,,,,2592000,190261.3,0.0,0.0,0.0,0.0,0.3988,0.8433,1.3509,1,0.5449,0.6874,0.9334,60,11.0019,11.3375,11.1755,12,,,,,,,,,,,,,,,,,,,,,,,,,,,,,,,,,,,,,,,,,,,,,,,,,,,,,,,,,,,,,,,,,17179869184
l4_mongodb_ingest_ts100_r2,8d6af9475,l4,mongodb,ingest,ts100,2,paper,0-11,client_server,8g,2026-09-12T09:43:21+00:00,full+client,8g,16.0,0-11,mongo@sha256:41afd6e1183f57e4e4d03ab733070671fca8553da2b36f15d6e3fc9760494d17,mongo@sha256:41afd6e1183f57e4e4d03ab733070671fca8553da2b36f15d6e3fc9760494d17,16g,200.1,0.1,0.8,,0,False,,,,,,14.05,,,,,,,,,,,,,,,,,,0.0,200.7,0.0,200.7,True,201.5,1.3,269.1,231.7,228.1,0.0,30.0,0.0,61.3,30.0,5012230,769.1,756.8,736.8,0.0,0.7,0.0,0.1,0.7,16903255,1038.2,988.5,0.0,988.5,61.4,0.0,964.9,21915485,20260912T094219Z,,,,,,,,,,,,,,,,,,,,,,,,,,,l4_mongodb_ingest_ts100_r2.clientlog,"OCI runtime exec failed: exec failed: unable to start container process: exec: ""java"": executable file not found in $PAT",l4_mongodb_ingest_ts100_r2.serverlog,2592000,,,,,,,,,,,,,,,,,,,,,,,,,l4_tsbs.py,engine,container:c650ecda550a (host unknown),dbbench:client,mongodb 8.2.12,26.9.1.dev0,,--replSet rs0 --bind_ip_all,,,,,,,,,,,,,,,,,,,,,,,,,,,,,,,,,,,,,,,,,,,,,,,,,,,,,,,,,,,,,,,,,,,,,,,,,,,,,,,,,,,,,,,,,,,,,,,,,,,,,2592000,184522.2,0.0,0.0,0.0,0.0,0.3951,1.0969,1.0969,1,0.5928,0.8294,1.0647,60,10.999,11.2837,11.1632,12,,,,,,,,,,,,,,,,,,,,,,,,,,,,,,,,,,,,,,,,,,,,,,,,,,,,,,,,,,,,,,,,,17179869184
l4_mongodb_ingest_ts100_r3,8d6af9475,l4,mongodb,ingest,ts100,3,paper,0-11,client_server,8g,2026-09-12T09:43:51+00:00,full+client,8g,16.0,0-11,mongo@sha256:41afd6e1183f57e4e4d03ab733070671fca8553da2b36f15d6e3fc9760494d17,mongo@sha256:41afd6e1183f57e4e4d03ab733070671fca8553da2b36f15d6e3fc9760494d17,16g,200.1,0.1,0.8,,0,False,,,,,,14.05,,,,,,,,,,,,,,,,,,0.0,200.7,0.0,200.7,True,201.5,1.3,271.7,230.2,230.2,0.0,30.0,0.0,61.3,30.0,4964962,768.5,757.0,740.3,0.0,0.7,0.0,0.1,0.7,16928813,1040.2,987.2,0.0,987.2,61.4,0.0,970.5,21893775,20260912T094219Z,,,,,,,,,,,,,,,,,,,,,,,,,,,l4_mongodb_ingest_ts100_r3.clientlog,"OCI runtime exec failed: exec failed: unable to start container process: exec: ""java"": executable file not found in $PAT",l4_mongodb_ingest_ts100_r3.serverlog,2592000,,,,,,,,,,,,,,,,,,,,,,,,,l4_tsbs.py,engine,container:f1dc4891f5a1 (host unknown),dbbench:client,mongodb 8.2.12,26.9.1.dev0,,--replSet rs0 --bind_ip_all,,,,,,,,,,,,,,,,,,,,,,,,,,,,,,,,,,,,,,,,,,,,,,,,,,,,,,,,,,,,,,,,,,,,,,,,,,,,,,,,,,,,,,,,,,,,,,,,,,,,,2592000,184474.8,0.0,0.0,0.0,0.0,0.5219,0.8338,1.326,1,0.5921,0.8011,0.9122,60,11.0209,11.3887,11.1747,12,,,,,,,,,,,,,,,,,,,,,,,,,,,,,,,,,,,,,,,,,,,,,,,,,,,,,,,,,,,,,,,,,17179869184
l4_mongodb_ingest_ts100_r4,8d6af9475,l4,mongodb,ingest,ts100,4,paper,0-11,client_server,8g,2026-09-12T09:42:52+00:00,full+client,8g,16.0,0-11,mongo@sha256:41afd6e1183f57e4e4d03ab733070671fca8553da2b36f15d6e3fc9760494d17,mongo@sha256:41afd6e1183f57e4e4d03ab733070671fca8553da2b36f15d6e3fc9760494d17,16g,200.1,0.1,0.8,,0,False,,,,,,13.81,,,,,,,,,,,,,,,,,,0.0,200.7,0.0,200.7,True,201.5,1.3,269.8,229.6,227.9,0.0,30.0,0.0,61.3,30.0,4932171,1622.9,760.7,738.2,0.0,852.7,1703.8,0.1,852.7,16996740,1892.7,990.3,0.0,990.3,61.4,1703.8,966.0,21928911,20260912T094219Z,,,,,,,,,,,,,,,,,,,,,,,,,,,l4_mongodb_ingest_ts100_r4.clientlog,"OCI runtime exec failed: exec failed: unable to start container process: exec: ""java"": executable file not found in $PAT",l4_mongodb_ingest_ts100_r4.serverlog,2592000,,,,,,,,,,,,,,,,,,,,,,,,,l4_tsbs.py,engine,container:b1d6190c72b5 (host unknown),dbbench:client,mongodb 8.2.12,26.9.1.dev0,,--replSet rs0 --bind_ip_all,,,,,,,,,,,,,,,,,,,,,,,,,,,,,,,,,,,,,,,,,,,,,,,,,,,,,,,,,,,,,,,,,,,,,,,,,,,,,,,,,,,,,,,,,,,,,,,,,,,,,2592000,187646.6,0.0,0.0,0.0,0.0,0.3401,0.668,1.0926,1,0.5418,0.6646,0.9366,60,11.0419,14.3231,11.3473,12,,,,,,,,,,,,,,,,,,,,,,,,,,,,,,,,,,,,,,,,,,,,,,,,,,,,,,,,,,,,,,,,,17179869184
l4_mongodb_ingest_ts100_r5,8d6af9475,l4,mongodb,ingest,ts100,5,paper,0-11,client_server,8g,2026-09-12T09:44:19+00:00,full+client,8g,16.0,0-11,mongo@sha256:41afd6e1183f57e4e4d03ab733070671fca8553da2b36f15d6e3fc9760494d17,mongo@sha256:41afd6e1183f57e4e4d03ab733070671fca8553da2b36f15d6e3fc9760494d17,16g,200.1,0.1,0.8,,0,False,,,,,,13.71,,,,,,,,,,,,,,,,,,0.0,200.7,0.0,200.7,True,201.5,1.3,272.6,231.2,231.2,0.0,30.0,0.0,61.4,30.0,4946805,768.2,757.0,737.3,0.0,0.7,0.0,0.1,0.7,16782716,1040.7,988.2,0.0,988.2,61.5,0.0,968.5,21729521,20260912T094219Z,,,,,,,,,,,,,,,,,,,,,,,,,,,l4_mongodb_ingest_ts100_r5.clientlog,"OCI runtime exec failed: exec failed: unable to start container process: exec: ""java"": executable file not found in $PAT",l4_mongodb_ingest_ts100_r5.serverlog,2592000,,,,,,,,,,,,,,,,,,,,,,,,,l4_tsbs.py,engine,container:b57ffc29cd52 (host unknown),dbbench:client,mongodb 8.2.12,26.9.1.dev0,,--replSet rs0 --bind_ip_all,,,,,,,,,,,,,,,,,,,,,,,,,,,,,,,,,,,,,,,,,,,,,,,,,,,,,,,,,,,,,,,,,,,,,,,,,,,,,,,,,,,,,,,,,,,,,,,,,,,,,2592000,189030.8,0.0,0.0,0.0,0.0,0.3391,0.8277,1.3734,1,0.5414,0.677,0.9484,60,10.993,11.2722,11.2478,12,,,,,,,,,,,,,,,,,,,,,,,,,,,,,,,,,,,,,,,,,,,,,,,,,,,,,,,,,,,,,,,,,17179869184
l4_questdb_ingest_ts100_r1,8d6af9475,l4,questdb,ingest,ts100,1,paper,0-11,client_server,8g,2026-09-11T18:33:04+00:00,full+client,8g,16.0,0-11,questdb/questdb@sha256:e62916bd62087cc48ab56f10b72a183e8f6aa987b4d46e0f316be083bbee2373,questdb/questdb@sha256:e62916bd62087cc48ab56f10b72a183e8f6aa987b4d46e0f316be083bbee2373,16g,202.8,0.1,0.8,,0,False,,,,,,1.93,,,,,,,,,,,,,,,,,,0.0,366.4,366.4,0.0,True,367.2,164.3,888.1,632.0,632.0,0.0,244.0,0.0,266.2,137.0,15181785,728.5,721.2,720.0,0.0,0.7,0.0,0.1,0.7,9151691,1616.7,1353.2,0.0,1353.2,266.4,0.0,1352.0,24333476,20260911T174938Z,,,,,,,,,,,,,,,,,,,,,,,,,,,l4_questdb_ingest_ts100_r1.clientlog,"OCI runtime exec failed: exec failed: unable to start container process: exec: ""java"": executable file not found in $PAT",l4_questdb_ingest_ts100_r1.serverlog,2592000,,,,,,,,,,,,,,,,,,,,,,,,8g,l4_tsbs.py,driver,container:0185da75ffc1 (host unknown),dbbench:client,"questdb Build Information: QuestDB 9.1.1, JDK 17.0.11, Commit Hash a266bb980e4fa6d908d2f81a4c04145d3944fdf4",unknown (PackageNotFoundError),,,,,,,,,,,,,,,,,,,,,,,,,,,,,,,,,,,,,,,,,,,,,,,,,,,,,,,,,,,,,,,,,,,,,,,,,,,,,,,,,,,,,,,,,,,,,,,,,,,,,,,2592000,1341670.0,4.013,0.0,0.0,0.0,0.6,3.42,13.54,1,0.36,1.64,23.83,60,1.81,4.17,32.32,12,,,,,,,,,,,,,,,,,,,,,,,,,,,,,,,,,,,,,,,,,,,,,,,,,,,,,,,,,,,,,,,,,
l4_questdb_ingest_ts100_r2,8d6af9475,l4,questdb,ingest,ts100,2,paper,0-11,client_server,8g,2026-09-11T18:04:01+00:00,full+client,8g,16.0,0-11,questdb/questdb@sha256:e62916bd62087cc48ab56f10b72a183e8f6aa987b4d46e0f316be083bbee2373,questdb/questdb@sha256:e62916bd62087cc48ab56f10b72a183e8f6aa987b4d46e0f316be083bbee2373,16g,202.8,0.1,0.8,,0,False,,,,,,1.98,,,,,,,,,,,,,,,,,,0.0,366.4,366.4,0.0,True,367.2,164.3,885.1,629.1,626.9,0.0,244.0,0.0,266.2,137.0,14190038,728.1,721.7,720.0,0.0,0.7,0.0,0.1,0.7,9094416,1613.2,1350.9,0.0,1350.9,266.4,0.0,1346.9,23284454,20260911T174938Z,,,,,,,,,,,,,,,,,,,,,,,,,,,l4_questdb_ingest_ts100_r2.clientlog,"OCI runtime exec failed: exec failed: unable to start container process: exec: ""java"": executable file not found in $PAT",l4_questdb_ingest_ts100_r2.serverlog,2592000,,,,,,,,,,,,,,,,,,,,,,,,8g,l4_tsbs.py,driver,container:5e906eb64b47 (host unknown),dbbench:client,"questdb Build Information: QuestDB 9.1.1, JDK 17.0.11, Commit Hash a266bb980e4fa6d908d2f81a4c04145d3944fdf4",unknown (PackageNotFoundError),,,,,,,,,,,,,,,,,,,,,,,,,,,,,,,,,,,,,,,,,,,,,,,,,,,,,,,,,,,,,,,,,,,,,,,,,,,,,,,,,,,,,,,,,,,,,,,,,,,,,,,2592000,1309855.9,4.013,0.0,0.0,0.0,0.56,2.3,11.13,1,0.32,1.24,15.68,60,1.44,4.54,33.84,12,,,,,,,,,,,,,,,,,,,,,,,,,,,,,,,,,,,,,,,,,,,,,,,,,,,,,,,,,,,,,,,,,
l4_questdb_ingest_ts100_r3,8d6af9475,l4,questdb,ingest,ts100,3,paper,0-11,client_server,8g,2026-09-11T17:50:56+00:00,full+client,8g,16.0,0-11,questdb/questdb@sha256:e62916bd62087cc48ab56f10b72a183e8f6aa987b4d46e0f316be083bbee2373,questdb/questdb@sha256:e62916bd62087cc48ab56f10b72a183e8f6aa987b4d46e0f316be083bbee2373,16g,202.8,0.1,0.8,,0,False,,,,,,1.99,,,,,,,,,,,,,,,,,,0.0,366.4,366.4,0.0,True,367.2,164.3,893.7,639.2,639.2,0.0,244.0,0.0,266.3,137.0,14243700,728.8,720.0,720.0,0.0,0.7,0.0,0.1,0.7,9120424,1622.5,1359.1,0.0,1359.1,266.4,0.0,1359.1,23364124,20260911T174938Z,,,,,,,,,,,,,,,,,,,,,,,,,,,l4_questdb_ingest_ts100_r3.clientlog,"OCI runtime exec failed: exec failed: unable to start container process: exec: ""java"": executable file not found in $PAT",l4_questdb_ingest_ts100_r3.serverlog,2592000,,,,,,,,,,,,,,,,,,,,,,,,8g,l4_tsbs.py,driver,container:49ecc7f3fa00 (host unknown),dbbench:client,"questdb Build Information: QuestDB 9.1.1, JDK 17.0.11, Commit Hash a266bb980e4fa6d908d2f81a4c04145d3944fdf4",unknown (PackageNotFoundError),,,,,,,,,,,,,,,,,,,,,,,,,,,,,,,,,,,,,,,,,,,,,,,,,,,,,,,,,,,,,,,,,,,,,,,,,,,,,,,,,,,,,,,,,,,,,,,,,,,,,,,2592000,1301037.5,4.014,0.0,0.0,0.0,0.61,3.72,9.36,1,0.37,1.45,15.58,60,1.5,4.61,42.37,12,,,,,,,,,,,,,,,,,,,,,,,,,,,,,,,,,,,,,,,,,,,,,,,,,,,,,,,,,,,,,,,,,
l4_questdb_ingest_ts100_r4,8d6af9475,l4,questdb,ingest,ts100,4,paper,0-11,client_server,8g,2026-09-11T18:25:16+00:00,full+client,8g,16.0,0-11,questdb/questdb@sha256:e62916bd62087cc48ab56f10b72a183e8f6aa987b4d46e0f316be083bbee2373,questdb/questdb@sha256:e62916bd62087cc48ab56f10b72a183e8f6aa987b4d46e0f316be083bbee2373,16g,202.8,0.1,0.8,,0,False,,,,,,1.99,,,,,,,,,,,,,,,,,,0.0,366.4,366.4,0.0,True,367.2,164.3,874.0,619.1,619.1,0.0,244.0,0.0,266.3,137.0,15249783,729.1,720.1,720.1,0.0,0.7,0.0,0.1,0.7,9099659,1603.2,1339.1,0.0,1339.1,266.4,0.0,1339.1,24349442,20260911T174938Z,,,,,,,,,,,,,,,,,,,,,,,,,,,l4_questdb_ingest_ts100_r4.clientlog,"OCI runtime exec failed: exec failed: unable to start container process: exec: ""java"": executable file not found in $PAT",l4_questdb_ingest_ts100_r4.serverlog,2592000,,,,,,,,,,,,,,,,,,,,,,,,8g,l4_tsbs.py,driver,container:c1f7ea0ea226 (host unknown),dbbench:client,"questdb Build Information: QuestDB 9.1.1, JDK 17.0.11, Commit Hash a266bb980e4fa6d908d2f81a4c04145d3944fdf4",unknown (PackageNotFoundError),,,,,,,,,,,,,,,,,,,,,,,,,,,,,,,,,,,,,,,,,,,,,,,,,,,,,,,,,,,,,,,,,,,,,,,,,,,,,,,,,,,,,,,,,,,,,,,,,,,,,,,2592000,1305208.9,4.015,0.0,0.0,0.0,0.62,2.91,12.77,1,0.34,1.36,17.8,60,1.97,4.08,33.63,12,,,,,,,,,,,,,,,,,,,,,,,,,,,,,,,,,,,,,,,,,,,,,,,,,,,,,,,,,,,,,,,,,
l4_questdb_ingest_ts100_r5,8d6af9475,l4,questdb,ingest,ts100,5,paper,0-11,client_server,8g,2026-09-11T18:17:25+00:00,full+client,8g,16.0,0-11,questdb/questdb@sha256:e62916bd62087cc48ab56f10b72a183e8f6aa987b4d46e0f316be083bbee2373,questdb/questdb@sha256:e62916bd62087cc48ab56f10b72a183e8f6aa987b4d46e0f316be083bbee2373,16g,202.8,0.1,0.8,,0,False,,,,,,2.73,,,,,,,,,,,,,,,,,,0.0,366.4,366.4,0.0,True,367.2,164.3,885.8,632.5,631.0,0.0,243.3,0.0,269.0,137.9,18463314,728.8,721.7,720.0,0.0,0.7,0.0,0.1,0.7,9869385,1614.6,1354.3,0.0,1354.3,269.1,0.0,1351.0,28332699,20260911T174938Z,,,,,,,,,,,,,,,,,,,,,,,,,,,l4_questdb_ingest_ts100_r5.clientlog,"OCI runtime exec failed: exec failed: unable to start container process: exec: ""java"": executable file not found in $PAT",l4_questdb_ingest_ts100_r5.serverlog,2592000,,,,,,,,,,,,,,,,,,,,,,,,8g,l4_tsbs.py,driver,container:93b3e34780b3 (host unknown),dbbench:client,"questdb Build Information: QuestDB 9.1.1, JDK 17.0.11, Commit Hash a266bb980e4fa6d908d2f81a4c04145d3944fdf4",unknown (PackageNotFoundError),,,,,,,,,,,,,,,,,,,,,,,,,,,,,,,,,,,,,,,,,,,,,,,,,,,,,,,,,,,,,,,,,,,,,,,,,,,,,,,,,,,,,,,,,,,,,,,,,,,,,,,2592000,949869.3,4.013,0.0,0.0,0.0,0.59,1.79,11.69,1,0.42,1.44,17.83,60,1.91,4.34,38.74,12,,,,,,,,,,,,,,,,,,,,,,,,,,,,,,,,,,,,,,,,,,,,,,,,,,,,,,,,,,,,,,,,,
l4_sqlite_ingest_ts100_r1,8d6af9475,l4,sqlite,ingest,ts100,1,paper,0-11,embedded,16g,2026-09-11T18:36:30+00:00,,,,,,,,,0.1,116.8,,0,False,,,,,,2.54,,,,,,,,,,,,,,,,,,0.004,,,,,116.8,116.7,,,,,,,,,,896.0,707.2,707.2,0.0,180.2,0.0,471.5,180.2,24409572,896.0,707.2,0.0,707.2,471.5,0.0,707.2,24409572,20260911T183426Z,,,,,,,,,,,,,,,,,,,,,,,,,,,l4_sqlite_ingest_ts100_r1.clientlog,,,2592000,,,,,,,,,,,,,,,,,,,,,,,,,l4_tsbs.py,engine,container:79cf279810aa (host unknown),dbbench:client,sqlite 3.46.1,unknown (PackageNotFoundError),,,,,,,,,,,,,,,,,,,,,,,,,,,,,,,,,,,,,,,,,,,,,,,,,,,,,,,,,,,,,,,,,,,,,,,,,,,,,,,,,,,,,,,,,,,,,,,,,,,,,,,2592000,1021732.2,0.0,0.0,0.0,0.0,0.0,0.01,0.08,1,0.13,0.18,0.41,60,152.39,157.73,147.95,12,,,,,,,,,,,,,,,,,,,,,,,,,,,,,,,,,,,,,,,,,,,,,,,,,,,,,,,,,,,,,,,,,
l4_sqlite_ingest_ts100_r2,8d6af9475,l4,sqlite,ingest,ts100,2,paper,0-11,embedded,16g,2026-09-11T18:35:14+00:00,,,,,,,,,0.1,116.8,,0,False,,,,,,2.47,,,,,,,,,,,,,,,,,,0.004,,,,,116.8,116.7,,,,,,,,,,895.7,707.0,707.0,0.0,180.2,0.0,471.5,178.8,23407087,895.7,707.0,0.0,707.0,471.5,0.0,707.0,23407087,20260911T183426Z,,,,,,,,,,,,,,,,,,,,,,,,,,,l4_sqlite_ingest_ts100_r2.clientlog,,,2592000,,,,,,,,,,,,,,,,,,,,,,,,,l4_tsbs.py,engine,container:85deb37be0ef (host unknown),dbbench:client,sqlite 3.46.1,unknown (PackageNotFoundError),,,,,,,,,,,,,,,,,,,,,,,,,,,,,,,,,,,,,,,,,,,,,,,,,,,,,,,,,,,,,,,,,,,,,,,,,,,,,,,,,,,,,,,,,,,,,,,,,,,,,,,2592000,1048244.9,0.0,0.0,0.0,0.0,0.0,0.01,0.08,1,0.13,0.17,0.41,60,147.17,152.23,147.35,12,,,,,,,,,,,,,,,,,,,,,,,,,,,,,,,,,,,,,,,,,,,,,,,,,,,,,,,,,,,,,,,,,
l4_sqlite_ingest_ts100_r3,8d6af9475,l4,sqlite,ingest,ts100,3,paper,0-11,embedded,16g,2026-09-11T18:35:39+00:00,,,,,,,,,0.1,116.8,,0,False,,,,,,2.51,,,,,,,,,,,,,,,,,,0.004,,,,,116.8,116.7,,,,,,,,,,895.6,707.0,707.0,0.0,180.2,0.0,471.5,174.7,24180364,895.6,707.0,0.0,707.0,471.5,0.0,707.0,24180364,20260911T183426Z,,,,,,,,,,,,,,,,,,,,,,,,,,,l4_sqlite_ingest_ts100_r3.clientlog,,,2592000,,,,,,,,,,,,,,,,,,,,,,,,,l4_tsbs.py,engine,container:5c9fd34b62a8 (host unknown),dbbench:client,sqlite 3.46.1,unknown (PackageNotFoundError),,,,,,,,,,,,,,,,,,,,,,,,,,,,,,,,,,,,,,,,,,,,,,,,,,,,,,,,,,,,,,,,,,,,,,,,,,,,,,,,,,,,,,,,,,,,,,,,,,,,,,,2592000,1033680.5,0.0,0.0,0.0,0.0,0.0,0.01,0.09,1,0.13,0.21,0.46,60,152.06,156.27,148.94,12,,,,,,,,,,,,,,,,,,,,,,,,,,,,,,,,,,,,,,,,,,,,,,,,,,,,,,,,,,,,,,,,,
l4_sqlite_ingest_ts100_r4,8d6af9475,l4,sqlite,ingest,ts100,4,paper,0-11,embedded,16g,2026-09-11T18:34:49+00:00,,,,,,,,,0.1,116.8,,0,False,,,,,,2.45,,,,,,,,,,,,,,,,,,0.004,,,,,116.8,116.7,,,,,,,,,,895.4,707.0,707.0,0.0,180.2,0.0,471.5,179.8,23157581,895.4,707.0,0.0,707.0,471.5,0.0,707.0,23157581,20260911T183426Z,,,,,,,,,,,,,,,,,,,,,,,,,,,l4_sqlite_ingest_ts100_r4.clientlog,,,2592000,,,,,,,,,,,,,,,,,,,,,,,,,l4_tsbs.py,engine,container:fed84432241c (host unknown),dbbench:client,sqlite 3.46.1,unknown (PackageNotFoundError),,,,,,,,,,,,,,,,,,,,,,,,,,,,,,,,,,,,,,,,,,,,,,,,,,,,,,,,,,,,,,,,,,,,,,,,,,,,,,,,,,,,,,,,,,,,,,,,,,,,,,,2592000,1056063.5,0.0,0.0,0.0,0.0,0.0,0.01,0.08,1,0.13,0.19,0.44,60,145.17,150.31,146.3,12,,,,,,,,,,,,,,,,,,,,,,,,,,,,,,,,,,,,,,,,,,,,,,,,,,,,,,,,,,,,,,,,,
l4_sqlite_ingest_ts100_r5,8d6af9475,l4,sqlite,ingest,ts100,5,paper,0-11,embedded,16g,2026-09-11T18:36:05+00:00,,,,,,,,,0.1,116.8,,0,False,,,,,,2.55,,,,,,,,,,,,,,,,,,0.004,,,,,116.8,116.7,,,,,,,,,,895.7,707.0,707.0,0.0,180.2,0.0,471.5,175.7,24366130,895.7,707.0,0.0,707.0,471.5,0.0,707.0,24366130,20260911T183426Z,,,,,,,,,,,,,,,,,,,,,,,,,,,l4_sqlite_ingest_ts100_r5.clientlog,,,2592000,,,,,,,,,,,,,,,,,,,,,,,,,l4_tsbs.py,engine,container:232de6b56afe (host unknown),dbbench:client,sqlite 3.46.1,unknown (PackageNotFoundError),,,,,,,,,,,,,,,,,,,,,,,,,,,,,,,,,,,,,,,,,,,,,,,,,,,,,,,,,,,,,,,,,,,,,,,,,,,,,,,,,,,,,,,,,,,,,,,,,,,,,,,2592000,1015117.3,0.0,0.0,0.0,0.0,0.0,0.01,0.08,1,0.13,0.2,0.45,60,153.13,161.44,152.89,12,,,,,,,,,,,,,,,,,,,,,,,,,,,,,,,,,,,,,,,,,,,,,,,,,,,,,,,,,,,,,,,,,
lifecycle_arcadedb_embedded_doc_lc100k_r1,8d6af9475,lifecycle,arcadedb_embedded,doc,lc100k,1,paper,0-11,embedded,8g,2026-08-31T22:23:58+00:00,,,,,,,,,0.2,0.2,did not converge,0,False,100000,,26.9.1.dev0,,,,,,,,,,,,,,,,,,,,,,,,,,0.2,0.0,,,,,,,,,,861.3,836.9,786.9,0.0,5.1,1.5,13.1,0.5,8219071,861.3,836.9,0.0,836.9,13.1,1.5,786.9,8219071,20260831T222343Z,,,,,,,,,,,,,,,,,,,,,,,,,,,,,,,64,,,,,,,,,,1.761,,,,,,,,,,,,,4g,l5_lifecycle.py,engine,container:b52209f56c26 (host unknown),dbbench:arcadedb,,,,,,,,,,,,,,,,,,,,,,,,,,,,,,,,,,,,,,,,,,,,,,,,,,,,,,,,,,,,,,,,,,,,,,,,,,,,,,,,,,,,,,,,,,,,,,,,,,,,,,,,,,,,,,,,,,,,,,,,,,,,,,,,,,,ext4,5,2,2.664,3.45,34.047,78.709,184.692,157.706,447.854,warm-page-cache,1.292,3.251,0.001,4.544,1.429,3.532,0.308,5.269,1.98,10.79,0.514,13.283,1.975,10.529,0.644,13.148,1.884,10.027,0.407,12.318,1.952,11.318,0.799,14.07,443.311,1.947,3.692,1.816,3.647,0.304,5.767,True,False,,,,,,,,,,,,,
lifecycle_arcadedb_embedded_vector_lc100k_r1,8d6af9475,lifecycle,arcadedb_embedded,vector,lc100k,1,paper,0-11,embedded,8g,2026-08-31T22:24:14+00:00,,,,,,,,,0.2,0.2,did not converge,0,False,100000,,26.9.1.dev0,,,,,,,,,,,,,,,,,,,,,,,,,,0.2,0.0,,,,,,,,,,3077.4,3014.9,3014.9,0.0,89.3,114.0,196.8,50.8,185831061,3077.4,3014.9,0.0,3014.9,196.8,114.0,3014.9,185831061,20260831T222343Z,,,,,,,,,,,,,,,,,,,,,,,,,,,,,,,64,,,,,,,,,,14.432,,,,,,,,,,,,,4g,l5_lifecycle.py,engine,container:a7ab3bc5ee93 (host unknown),dbbench:arcadedb,,,,,,,,,,,,,,,,,,,,,,,,,,,,,,,,,,,,,,,,,,,,,,,,,,,,,,,,,,,,,,,,,,,,,,,,,,,,,,,,,,,,,,,,,,,,,,,,,,,,,,,,,,,,,,,,,,,,,,,,,,,,,,,,,,,ext4,5,2,3.375,15.596,47.766,81.771,182.661,196.627,491.153,warm-page-cache,2.314,13.705,0.002,16.02,2.206,8.493,90.028,100.727,2.002,20.503,0.449,22.955,1.933,14.877,85.836,102.646,1.868,14.855,7.136,23.858,4.026,23.129,180.473,207.628,475.134,6.023,29.944,2.583,20.524,165.95,189.057,True,False,1.827,12.175,3.285,True,"{'vectorCacheHits': 20, 'unverifiedGraphReuses': 0, 'estimatedRebuildWork': 10000000, 'compactedPages': 0, 'closeTimeRebuildPending': 1, 'graphNodeCount': 100000, 'stalePrefixGraphReuses': 1, 'asyncRebuildInProgress': 1, 'deltaVectorsCount': 28, 'rebuildSnapshotGeneration': 0, 'groupedSearchesMergingDelta': 0, 'deltaScanBudget': 814, 'searchOperations': 1, 'liveVectorCacheSize': 0, 'compactionCount': 0, 'beamWidth': 100, 'groupedSearchesGroupsUnavailable': 0, 'vectorFetchFromQuantized': 0, 'deltaScanWorkTarget': 10000000, 'estimatedLocationIndexBytes': 3148528, 'totalVectors': 100028, 'graphRebuildCount': 0, 'estimatedOrdinalMapBytes': 400000, 'maxConnections': 32, 'mutablePages': 4, 'preFilterSearches': 0, 'rebuildsDeferredForMemory': 0, 'groupedSearchesShortOfLimit': 0, 'bruteForceScans': 0, 'avgInsertLatencyMs': 0, 'mutationsSinceRebuild': 28, 'vectorFetchFromDocuments': 843, 'searchVectorCacheCapacity': 131072, 'deltaScanWorkSinceRebuild': 28, 'deletedVectors': 0, 'avgSearchLatencyMs': 124, 'pooledGraphSearchers': 1, 'graphState': 2, 'mutationsThreshold': 100, 'effectiveMutationsThreshold': 20000, 'persistedGraphNodeCount': 100000, 'graphBuildParallelism': 11, 'insertOperations': 0, 'graphWalkVisitedAvg': 814, 'vectorCacheMisses': 815, 'vectorFetchFromGraph': 0, 'activeVectors': 100028, 'dimensions': 64, 'vector_stats_mode': 'read'}",,,,,,,,
lifecycle_arcadedb_embedded_doc_idx10_lc100k_r1,8d6af9475,lifecycle,arcadedb_embedded,doc_idx10,lc100k,1,paper,0-11,embedded,8g,2026-08-31T22:26:26+00:00,,,,,,,,,0.2,0.2,did not converge,0,False,100000,,26.9.1.dev0,,,,,,,,,,,,,,,,,,,,,,,,,,0.2,0.0,,,,,,,,,,2837.3,2793.3,2741.3,0.0,49.7,60.2,181.7,7.3,12295918,2837.3,2793.3,0.0,2793.3,181.7,60.2,2741.3,12295918,20260831T222343Z,,,,,,,,,,,,,,,,,,,,,,,,,,,,,,,64,,,,,,,,,,3.953,,,,,,,,,,,,,4g,l5_lifecycle.py,engine,container:99490fc158e2 (host unknown),dbbench:arcadedb,,,,,,,,,,,,,,,,,,,,,,,,,,,,,,,,,,,,,,,,,,,,,,,,,,,,,,,,,,,,,,,,,,,,,,,,,,,,,,,,,,,,,,,,,,,,,,,,,,,,,,,,,,,,,,,,,,,,,,,,,,,,,,,,,,,ext4,5,2,5.476,7.415,116.794,79.933,181.245,163.495,457.316,warm-page-cache,2.45,7.531,0.001,9.981,2.461,7.385,0.942,10.789,2.489,13.554,0.383,16.426,2.829,16.873,1.254,20.957,4.178,32.198,1.995,38.371,4.016,31.872,2.851,38.739,447.335,3.89,15.667,3.9,16.053,1.222,21.175,True,False,,,,,,,,,,,,,
lifecycle_arcadedb_embedded_ts_lc100k_r1,8d6af9475,lifecycle,arcadedb_embedded,ts,lc100k,1,paper,0-11,embedded,8g,2026-08-31T22:27:14+00:00,,,,,,,,,0.2,0.2,did not converge,0,False,100000,,26.9.1.dev0,,,,,,,,,,,,,,,,,,,,,,,,,,0.2,0.0,,,,,,,,,,2790.7,2774.5,2705.3,0.0,22.3,22.8,16.5,1.9,15442571,2790.7,2774.5,0.0,2774.5,16.5,22.8,2705.3,15442571,20260831T222343Z,,,,,,,,,,,,,,,,,,,,,,,,,,,,,,,64,,,,,,,,,,5.174,,,,,,,,,,,,,4g,l5_lifecycle.py,engine,container:8bab7bccb305 (host unknown),dbbench:arcadedb,,,,,,,,,,,,,,,,,,,,,,,,,,,,,,,,,,,,,,,,,,,,,,,,,,,,,,,,,,,,,,,,,,,,,,,,,,,,,,,,,,,,,,,,,,,,,,,,,,,,,,,,,,,,,,,,,,,,,,,,,,,,,,,,,,,ext4,5,2,6.193,8.265,124.548,80.173,180.411,171.578,466.953,warm-page-cache,2.23,7.836,0.001,10.067,2.329,7.853,0.237,10.419,3.593,16.112,0.509,20.214,3.023,16.977,0.703,20.703,3.318,17.813,0.307,21.437,3.34,16.551,0.606,20.496,456.887,3.215,17.042,1.714,14.224,0.296,16.234,True,False,,,,,,,,,,,,,
lifecycle_arcadedb_embedded_sparse_lc100k_r1,8d6af9475,lifecycle,arcadedb_embedded,sparse,lc100k,1,paper,0-11,embedded,8g,2026-08-31T22:27:30+00:00,,,,,,,,,0.2,0.2,did not converge,0,False,100000,,26.9.1.dev0,,,,,,,,,,,,,,,,,,,,,,,,,,0.2,0.0,,,,,,,,,,2857.1,2802.5,2740.0,0.0,79.0,12.3,98.4,4.6,16786966,2857.1,2802.5,0.0,2802.5,98.4,12.3,2740.0,16786966,20260831T222343Z,,,,,,,,,,,,,,,,,,,,,,,,,,,,,,,64,,,,,,,,,,8.391,,,,,,,,,,,,,4g,l5_lifecycle.py,engine,container:1abb4fe15d50 (host unknown),dbbench:arcadedb,,,,,,,,,,,,,,,,,,,,,,,,,,,,,,,,,,,,,,,,,,,,,,,,,,,,,,,,,,,,,,,,,,,,,,,,,,,,,,,,,,,,,,,,,,,,,,,,,,,,,,,,,,,,,,,,,,,,,,,,,,,,,,,,,,,ext4,5,2,2.39,3.716,49.991,79.401,182.176,154.599,442.943,warm-page-cache,1.584,3.717,0.001,5.302,1.708,3.87,0.513,6.091,2.107,10.659,0.427,13.193,1.583,10.064,0.708,12.355,2.041,16.68,0.684,19.406,2.724,13.855,2.142,18.72,437.642,2.766,12.538,1.726,10.586,0.978,13.29,True,False,,,,,,,,,,,,,
lifecycle_arcadedb_embedded_empty_lc100k_r1,8d6af9475,lifecycle,arcadedb_embedded,empty,lc100k,1,paper,0-11,embedded,8g,2026-08-31T22:27:33+00:00,,,,,,,,,0.2,0.2,did not converge,0,False,100000,,26.9.1.dev0,,,,,,,,,,,,,,,,,,,,,,,,,,0.2,0.0,,,,,,,,,,261.5,232.5,232.5,0.0,0.3,1.1,5.9,0.3,4668677,261.5,232.5,0.0,232.5,5.9,1.1,232.5,4668677,20260831T222343Z,,,,,,,,,,,,,,,,,,,,,,,,,,,,,,,64,,,,,,,,,,0.617,,,,,,,,,,,,,4g,l5_lifecycle.py,engine,container:48ad3b584715 (host unknown),dbbench:arcadedb,,,,,,,,,,,,,,,,,,,,,,,,,,,,,,,,,,,,,,,,,,,,,,,,,,,,,,,,,,,,,,,,,,,,,,,,,,,,,,,,,,,,,,,,,,,,,,,,,,,,,,,,,,,,,,,,,,,,,,,,,,,,,,,,,,,ext4,5,2,5.323,8.433,30.754,81.355,178.28,150.962,438.564,warm-page-cache,2.393,4.436,0.001,6.83,1.282,3.008,0.001,4.29,2.942,15.526,1.149,19.617,3.087,15.802,1.134,20.023,3.748,16.634,1.459,21.841,2.907,15.531,1.057,19.494,431.735,2.508,3.407,1.774,3.156,0.001,4.931,True,False,,,,,,,,,,,,,
lifecycle_arcadedb_embedded_graph_lc100k_r1,8d6af9475,lifecycle,arcadedb_embedded,graph,lc100k,1,paper,0-11,embedded,8g,2026-08-31T22:29:58+00:00,,,,,,,,,0.2,0.2,did not converge,0,False,100000,,26.9.1.dev0,,,,,,,,,,,,,,,,,,,,,,,,,,0.2,0.0,,,,,,,,,,2871.3,2826.1,2760.6,0.0,96.5,1.7,176.2,0.6,31276708,2871.3,2826.1,0.0,2826.1,176.2,1.7,2760.6,31276708,20260831T222343Z,,,,,,,,,,,,,,,,,,,,,,,,,,,,,,,64,,,,,,,,,,14.933,,,,,,,,,,,,,4g,l5_lifecycle.py,engine,container:b5e2dfab48fe (host unknown),dbbench:arcadedb,,,,,,,,,,,,,,,,,,,,,,,,,,,,,,,,,,,,,,,,,,,,,,,,,,,,,,,,,,,,,,,,,,,,,,,,,,,,,,,,,,,,,,,,,,,,,,,,,,,,,,,,,,,,,,,,,,,,,,,,,,,,,,,,,,,ext4,5,2,2.694,4.807,42.496,80.257,187.709,167.843,469.982,warm-page-cache,1.23,4.536,0.001,5.766,1.698,4.948,2.062,8.708,1.713,12.106,0.453,14.271,1.559,11.73,1.47,14.759,1.774,10.903,0.387,13.063,1.643,11.068,1.468,14.179,464.216,1.336,4.891,1.847,10.646,1.393,13.886,True,False,,,,,,,,,,,,,
lifecycle_arcadedb_embedded_ts_lc100k_r2,8d6af9475,lifecycle,arcadedb_embedded,ts,lc100k,2,paper,0-11,embedded,8g,2026-08-31T22:24:32+00:00,,,,,,,,,0.2,0.2,did not converge,0,False,100000,,26.9.1.dev0,,,,,,,,,,,,,,,,,,,,,,,,,,0.2,0.0,,,,,,,,,,2777.0,2752.3,2692.4,0.0,21.3,22.8,15.9,1.9,15751032,2777.0,2752.3,0.0,2752.3,15.9,22.8,2692.4,15751032,20260831T222343Z,,,,,,,,,,,,,,,,,,,,,,,,,,,,,,,64,,,,,,,,,,5.242,,,,,,,,,,,,,4g,l5_lifecycle.py,engine,container:2de5ddfe8c21 (host unknown),dbbench:arcadedb,,,,,,,,,,,,,,,,,,,,,,,,,,,,,,,,,,,,,,,,,,,,,,,,,,,,,,,,,,,,,,,,,,,,,,,,,,,,,,,,,,,,,,,,,,,,,,,,,,,,,,,,,,,,,,,,,,,,,,,,,,,,,,,,,,,ext4,5,2,9.19,8.902,119.559,79.924,186.501,166.661,489.292,warm-page-cache,2.907,18.298,0.001,21.206,2.765,15.136,0.345,18.246,5.249,29.734,0.706,35.689,4.356,28.801,0.841,33.998,4.208,19.118,0.442,23.768,2.569,14.954,0.494,18.018,468.087,2.863,17.933,2.04,17.597,0.329,19.966,True,False,,,,,,,,,,,,,
lifecycle_arcadedb_embedded_graph_lc100k_r2,8d6af9475,lifecycle,arcadedb_embedded,graph,lc100k,2,paper,0-11,embedded,8g,2026-08-31T22:25:29+00:00,,,,,,,,,0.2,0.2,did not converge,0,False,100000,,26.9.1.dev0,,,,,,,,,,,,,,,,,,,,,,,,,,0.2,0.0,,,,,,,,,,2871.1,2813.0,1814.8,0.0,99.5,1.7,177.6,0.6,30919449,2871.1,2813.0,0.0,2813.0,177.6,1.7,1814.8,30919449,20260831T222343Z,,,,,,,,,,,,,,,,,,,,,,,,,,,,,,,64,,,,,,,,,,14.548,,,,,,,,,,,,,4g,l5_lifecycle.py,engine,container:ec618a5434ed (host unknown),dbbench:arcadedb,,,,,,,,,,,,,,,,,,,,,,,,,,,,,,,,,,,,,,,,,,,,,,,,,,,,,,,,,,,,,,,,,,,,,,,,,,,,,,,,,,,,,,,,,,,,,,,,,,,,,,,,,,,,,,,,,,,,,,,,,,,,,,,,,,,ext4,5,2,3.234,10.856,48.473,78.999,179.391,156.848,456.051,warm-page-cache,1.493,10.471,0.001,11.965,1.844,10.772,2.233,14.848,2.942,16.485,0.553,19.98,1.581,12.216,1.706,15.504,1.608,11.314,0.363,13.285,1.775,11.484,1.523,14.782,444.087,1.571,4.926,1.816,13.02,1.202,16.037,True,False,,,,,,,,,,,,,
lifecycle_arcadedb_embedded_sparse_lc100k_r2,8d6af9475,lifecycle,arcadedb_embedded,sparse,lc100k,2,paper,0-11,embedded,8g,2026-08-31T22:25:40+00:00,,,,,,,,,0.2,0.2,did not converge,0,False,100000,,26.9.1.dev0,,,,,,,,,,,,,,,,,,,,,,,,,,0.2,0.0,,,,,,,,,,2846.2,2793.2,2729.7,0.0,78.5,11.8,97.1,4.6,16510903,2846.2,2793.2,0.0,2793.2,97.1,11.8,2729.7,16510903,20260831T222343Z,,,,,,,,,,,,,,,,,,,,,,,,,,,,,,,64,,,,,,,,,,8.388,,,,,,,,,,,,,4g,l5_lifecycle.py,engine,container:bf0a3db84c9b (host unknown),dbbench:arcadedb,,,,,,,,,,,,,,,,,,,,,,,,,,,,,,,,,,,,,,,,,,,,,,,,,,,,,,,,,,,,,,,,,,,,,,,,,,,,,,,,,,,,,,,,,,,,,,,,,,,,,,,,,,,,,,,,,,,,,,,,,,,,,,,,,,,ext4,5,2,2.871,3.846,50.297,79.61,181.172,162.469,450.734,warm-page-cache,1.508,3.918,0.001,5.426,1.633,3.833,0.436,5.903,1.504,10.556,0.399,12.459,1.761,10.683,0.742,13.185,2.796,20.96,0.856,24.612,2.709,18.553,2.163,23.425,445.308,3.654,13.298,1.826,11.473,0.947,14.247,True,False,,,,,,,,,,,,,
lifecycle_arcadedb_embedded_doc_idx10_lc100k_r2,8d6af9475,lifecycle,arcadedb_embedded,doc_idx10,lc100k,2,paper,0-11,embedded,8g,2026-08-31T22:26:33+00:00,,,,,,,,,0.2,0.2,did not converge,0,False,100000,,26.9.1.dev0,,,,,,,,,,,,,,,,,,,,,,,,,,0.2,0.0,,,,,,,,,,2738.4,2720.5,2379.5,0.0,49.7,60.2,186.9,7.3,12215502,2738.4,2720.5,0.0,2720.5,186.9,60.2,2379.5,12215502,20260831T222343Z,,,,,,,,,,,,,,,,,,,,,,,,,,,,,,,64,,,,,,,,,,3.966,,,,,,,,,,,,,4g,l5_lifecycle.py,engine,container:091b3036fd20 (host unknown),dbbench:arcadedb,,,,,,,,,,,,,,,,,,,,,,,,,,,,,,,,,,,,,,,,,,,,,,,,,,,,,,,,,,,,,,,,,,,,,,,,,,,,,,,,,,,,,,,,,,,,,,,,,,,,,,,,,,,,,,,,,,,,,,,,,,,,,,,,,,,ext4,5,2,6.338,7.415,143.611,78.487,181.496,168.818,470.891,warm-page-cache,3.112,7.85,0.001,10.963,2.676,7.542,0.987,11.206,2.655,15.033,0.412,18.099,3.046,16.733,1.33,21.109,4.198,33.502,2.046,39.746,4.006,31.228,2.997,38.232,459.929,3.959,16.031,4.062,14.545,1.257,19.865,True,False,,,,,,,,,,,,,
lifecycle_arcadedb_embedded_doc_lc100k_r2,8d6af9475,lifecycle,arcadedb_embedded,doc,lc100k,2,paper,0-11,embedded,8g,2026-08-31T22:27:19+00:00,,,,,,,,,0.2,0.2,did not converge,0,False,100000,,26.9.1.dev0,,,,,,,,,,,,,,,,,,,,,,,,,,0.2,0.0,,,,,,,,,,892.7,880.3,816.7,0.0,6.4,1.5,12.0,0.5,8839054,892.7,880.3,0.0,880.3,12.0,1.5,816.7,8839054,20260831T222343Z,,,,,,,,,,,,,,,,,,,,,,,,,,,,,,,64,,,,,,,,,,1.864,,,,,,,,,,,,,4g,l5_lifecycle.py,engine,container:f60f25e89929 (host unknown),dbbench:arcadedb,,,,,,,,,,,,,,,,,,,,,,,,,,,,,,,,,,,,,,,,,,,,,,,,,,,,,,,,,,,,,,,,,,,,,,,,,,,,,,,,,,,,,,,,,,,,,,,,,,,,,,,,,,,,,,,,,,,,,,,,,,,,,,,,,,,ext4,5,2,2.753,3.481,36.072,78.612,181.289,158.06,444.876,warm-page-cache,1.276,3.339,0.001,4.616,1.541,3.596,0.291,5.428,2.371,11.271,0.533,14.174,2.475,10.949,0.864,14.288,1.903,10.35,0.503,12.756,1.942,10.706,0.757,13.405,440.261,1.864,3.799,1.832,3.537,0.339,5.707,True,False,,,,,,,,,,,,,
lifecycle_arcadedb_embedded_vector_lc100k_r2,8d6af9475,lifecycle,arcadedb_embedded,vector,lc100k,2,paper,0-11,embedded,8g,2026-08-31T22:28:44+00:00,,,,,,,,,0.2,0.2,did not converge,0,False,100000,,26.9.1.dev0,,,,,,,,,,,,,,,,,,,,,,,,,,0.2,0.0,,,,,,,,,,3058.5,2995.9,2970.5,0.0,89.3,114.8,225.5,43.1,173288417,3058.5,2995.9,0.0,2995.9,225.5,114.8,2970.5,173288417,20260831T222343Z,,,,,,,,,,,,,,,,,,,,,,,,,,,,,,,64,,,,,,,,,,13.469,,,,,,,,,,,,,4g,l5_lifecycle.py,engine,container:197d9daf56b2 (host unknown),dbbench:arcadedb,,,,,,,,,,,,,,,,,,,,,,,,,,,,,,,,,,,,,,,,,,,,,,,,,,,,,,,,,,,,,,,,,,,,,,,,,,,,,,,,,,,,,,,,,,,,,,,,,,,,,,,,,,,,,,,,,,,,,,,,,,,,,,,,,,,ext4,5,2,3.058,15.285,41.326,81.054,183.414,200.592,499.004,warm-page-cache,2.318,14.468,0.001,16.787,2.259,7.894,88.955,99.109,2.148,20.832,0.477,23.458,1.853,15.123,89.182,106.157,1.961,13.419,7.659,23.039,3.872,22.711,196.374,222.957,482.218,3.761,24.161,2.55,20.428,172.778,195.756,True,False,2.528,10.693,4.613,True,"{'vectorCacheHits': 20, 'unverifiedGraphReuses': 0, 'estimatedRebuildWork': 10000000, 'compactedPages': 0, 'closeTimeRebuildPending': 1, 'graphNodeCount': 100000, 'stalePrefixGraphReuses': 1, 'asyncRebuildInProgress': 1, 'deltaVectorsCount': 28, 'rebuildSnapshotGeneration': 0, 'groupedSearchesMergingDelta': 0, 'deltaScanBudget': 904, 'searchOperations': 1, 'liveVectorCacheSize': 0, 'compactionCount': 0, 'beamWidth': 100, 'groupedSearchesGroupsUnavailable': 0, 'vectorFetchFromQuantized': 0, 'deltaScanWorkTarget': 10000000, 'estimatedLocationIndexBytes': 3148528, 'totalVectors': 100028, 'graphRebuildCount': 0, 'estimatedOrdinalMapBytes': 400000, 'maxConnections': 32, 'mutablePages': 4, 'preFilterSearches': 0, 'rebuildsDeferredForMemory': 0, 'groupedSearchesShortOfLimit': 0, 'bruteForceScans': 0, 'avgInsertLatencyMs': 0, 'mutationsSinceRebuild': 28, 'vectorFetchFromDocuments': 933, 'searchVectorCacheCapacity': 131072, 'deltaScanWorkSinceRebuild': 28, 'deletedVectors': 0, 'avgSearchLatencyMs': 164, 'pooledGraphSearchers': 1, 'graphState': 2, 'mutationsThreshold': 100, 'effectiveMutationsThreshold': 20000, 'persistedGraphNodeCount': 100000, 'graphBuildParallelism': 11, 'insertOperations': 0, 'graphWalkVisitedAvg': 904, 'vectorCacheMisses': 905, 'vectorFetchFromGraph': 0, 'activeVectors': 100028, 'dimensions': 64, 'vector_stats_mode': 'read'}",,,,,,,,
lifecycle_arcadedb_embedded_empty_lc100k_r2,8d6af9475,lifecycle,arcadedb_embedded,empty,lc100k,2,paper,0-11,embedded,8g,2026-08-31T22:30:19+00:00,,,,,,,,,0.2,0.2,did not converge,0,False,100000,,26.9.1.dev0,,,,,,,,,,,,,,,,,,,,,,,,,,0.2,0.0,,,,,,,,,,261.0,250.9,239.8,0.0,0.3,1.1,6.6,0.3,4508189,261.0,250.9,0.0,250.9,6.6,1.1,239.8,4508189,20260831T222343Z,,,,,,,,,,,,,,,,,,,,,,,,,,,,,,,64,,,,,,,,,,0.603,,,,,,,,,,,,,4g,l5_lifecycle.py,engine,container:aa18c876e4b8 (host unknown),dbbench:arcadedb,,,,,,,,,,,,,,,,,,,,,,,,,,,,,,,,,,,,,,,,,,,,,,,,,,,,,,,,,,,,,,,,,,,,,,,,,,,,,,,,,,,,,,,,,,,,,,,,,,,,,,,,,,,,,,,,,,,,,,,,,,,,,,,,,,,ext4,5,2,2.831,3.26,26.062,79.59,185.339,154.676,446.117,warm-page-cache,1.26,2.874,0.001,4.135,1.197,2.8,0.001,3.997,1.986,9.816,0.981,12.784,2.093,10.007,0.917,13.017,2.275,10.296,0.881,13.452,1.833,10.082,0.758,12.674,441.983,1.748,3.133,1.824,3.165,0.001,4.99,True,False,,,,,,,,,,,,,
lifecycle_arcadedb_embedded_doc_idx10_lc100k_r3,8d6af9475,lifecycle,arcadedb_embedded,doc_idx10,lc100k,3,paper,0-11,embedded,8g,2026-08-31T22:23:52+00:00,,,,,,,,,0.2,0.2,did not converge,0,False,100000,,26.9.1.dev0,,,,,,,,,,,,,,,,,,,,,,,,,,0.2,0.0,,,,,,,,,,2794.2,2758.7,2709.1,0.0,51.1,60.2,186.9,7.3,12086063,2794.2,2758.7,0.0,2758.7,186.9,60.2,2709.1,12086063,20260831T222343Z,,,,,,,,,,,,,,,,,,,,,,,,,,,,,,,64,,,,,,,,,,3.878,,,,,,,,,,,,,4g,l5_lifecycle.py,engine,container:ab63b2b5a998 (host unknown),dbbench:arcadedb,,,,,,,,,,,,,,,,,,,,,,,,,,,,,,,,,,,,,,,,,,,,,,,,,,,,,,,,,,,,,,,,,,,,,,,,,,,,,,,,,,,,,,,,,,,,,,,,,,,,,,,,,,,,,,,,,,,,,,,,,,,,,,,,,,,ext4,5,2,6.66,9.39,115.147,78.273,189.771,174.278,475.035,warm-page-cache,2.898,11.739,0.001,14.639,2.384,7.584,0.97,10.938,2.7,18.467,0.431,21.599,2.955,23.595,1.322,27.872,5.255,36.431,2.126,43.812,4.149,31.645,2.961,38.755,460.398,3.913,15.356,4.12,15.781,1.317,21.218,True,False,,,,,,,,,,,,,
lifecycle_arcadedb_embedded_vector_lc100k_r3,8d6af9475,lifecycle,arcadedb_embedded,vector,lc100k,3,paper,0-11,embedded,8g,2026-08-31T22:24:50+00:00,,,,,,,,,0.2,0.2,did not converge,0,False,100000,,26.9.1.dev0,,,,,,,,,,,,,,,,,,,,,,,,,,0.2,0.0,,,,,,,,,,3073.0,3011.4,1021.0,0.0,89.3,112.5,225.5,43.1,189438890,3073.0,3011.4,0.0,3011.4,225.5,112.5,1021.0,189438890,20260831T222343Z,,,,,,,,,,,,,,,,,,,,,,,,,,,,,,,64,,,,,,,,,,14.884,,,,,,,,,,,,,4g,l5_lifecycle.py,engine,container:9ff2a27f3826 (host unknown),dbbench:arcadedb,,,,,,,,,,,,,,,,,,,,,,,,,,,,,,,,,,,,,,,,,,,,,,,,,,,,,,,,,,,,,,,,,,,,,,,,,,,,,,,,,,,,,,,,,,,,,,,,,,,,,,,,,,,,,,,,,,,,,,,,,,,,,,,,,,,ext4,5,2,3.069,15.108,40.694,86.035,189.524,206.245,513.968,warm-page-cache,2.216,14.59,0.001,16.807,2.175,10.521,87.321,100.017,1.969,21.442,0.464,23.875,1.945,14.372,87.694,104.01,1.919,14.93,7.361,24.21,3.95,23.213,198.264,225.427,497.162,5.033,50.926,2.815,26.985,188.579,218.379,True,False,1.802,24.395,2.948,True,"{'vectorCacheHits': 20, 'unverifiedGraphReuses': 0, 'estimatedRebuildWork': 10000000, 'compactedPages': 0, 'closeTimeRebuildPending': 1, 'graphNodeCount': 100000, 'stalePrefixGraphReuses': 1, 'asyncRebuildInProgress': 1, 'deltaVectorsCount': 28, 'rebuildSnapshotGeneration': 0, 'groupedSearchesMergingDelta': 0, 'deltaScanBudget': 723, 'searchOperations': 1, 'liveVectorCacheSize': 0, 'compactionCount': 0, 'beamWidth': 100, 'groupedSearchesGroupsUnavailable': 0, 'vectorFetchFromQuantized': 0, 'deltaScanWorkTarget': 10000000, 'estimatedLocationIndexBytes': 3148528, 'totalVectors': 100028, 'graphRebuildCount': 0, 'estimatedOrdinalMapBytes': 400000, 'maxConnections': 32, 'mutablePages': 4, 'preFilterSearches': 0, 'rebuildsDeferredForMemory': 0, 'groupedSearchesShortOfLimit': 0, 'bruteForceScans': 0, 'avgInsertLatencyMs': 0, 'mutationsSinceRebuild': 28, 'vectorFetchFromDocuments': 752, 'searchVectorCacheCapacity': 131072, 'deltaScanWorkSinceRebuild': 28, 'deletedVectors': 0, 'avgSearchLatencyMs': 107, 'pooledGraphSearchers': 1, 'graphState': 2, 'mutationsThreshold': 100, 'effectiveMutationsThreshold': 20000, 'persistedGraphNodeCount': 100000, 'graphBuildParallelism': 11, 'insertOperations': 0, 'graphWalkVisitedAvg': 723, 'vectorCacheMisses': 724, 'vectorFetchFromGraph': 0, 'activeVectors': 100028, 'dimensions': 64, 'vector_stats_mode': 'read'}",,,,,,,,
lifecycle_arcadedb_embedded_sparse_lc100k_r3,8d6af9475,lifecycle,arcadedb_embedded,sparse,lc100k,3,paper,0-11,embedded,8g,2026-08-31T22:26:45+00:00,,,,,,,,,0.2,0.2,did not converge,0,False,100000,,26.9.1.dev0,,,,,,,,,,,,,,,,,,,,,,,,,,0.2,0.0,,,,,,,,,,2847.1,2792.3,2727.4,0.0,79.0,12.3,98.2,4.6,16666084,2847.1,2792.3,0.0,2792.3,98.2,12.3,2727.4,16666084,20260831T222343Z,,,,,,,,,,,,,,,,,,,,,,,,,,,,,,,64,,,,,,,,,,8.384,,,,,,,,,,,,,4g,l5_lifecycle.py,engine,container:f724d6bc93c8 (host unknown),dbbench:arcadedb,,,,,,,,,,,,,,,,,,,,,,,,,,,,,,,,,,,,,,,,,,,,,,,,,,,,,,,,,,,,,,,,,,,,,,,,,,,,,,,,,,,,,,,,,,,,,,,,,,,,,,,,,,,,,,,,,,,,,,,,,,,,,,,,,,,ext4,5,2,2.339,3.724,53.014,79.602,178.359,159.489,444.88,warm-page-cache,1.517,3.966,0.001,5.483,1.827,3.831,0.431,6.09,1.638,10.211,0.394,12.243,1.531,9.908,0.616,12.054,2.808,20.757,0.799,24.364,2.157,13.222,2.05,17.429,439.397,2.348,12.808,2.001,12.059,0.898,14.958,True,False,,,,,,,,,,,,,
lifecycle_arcadedb_embedded_empty_lc100k_r3,8d6af9475,lifecycle,arcadedb_embedded,empty,lc100k,3,paper,0-11,embedded,8g,2026-08-31T22:28:09+00:00,,,,,,,,,0.2,0.2,did not converge,0,False,100000,,26.9.1.dev0,,,,,,,,,,,,,,,,,,,,,,,,,,0.2,0.0,,,,,,,,,,259.3,242.0,242.0,0.0,0.3,1.1,6.8,0.3,4804250,259.3,242.0,0.0,242.0,6.8,1.1,242.0,4804250,20260831T222343Z,,,,,,,,,,,,,,,,,,,,,,,,,,,,,,,64,,,,,,,,,,0.585,,,,,,,,,,,,,4g,l5_lifecycle.py,engine,container:a21121535594 (host unknown),dbbench:arcadedb,,,,,,,,,,,,,,,,,,,,,,,,,,,,,,,,,,,,,,,,,,,,,,,,,,,,,,,,,,,,,,,,,,,,,,,,,,,,,,,,,,,,,,,,,,,,,,,,,,,,,,,,,,,,,,,,,,,,,,,,,,,,,,,,,,,ext4,5,2,4.209,5.565,18.925,80.691,182.589,167.373,460.832,warm-page-cache,1.501,3.216,0.001,4.718,1.461,4.034,0.001,5.496,2.75,15.485,1.085,19.319,2.816,14.055,1.059,17.93,3.153,13.842,1.111,18.106,2.738,14.503,1.072,18.313,456.115,2.99,12.434,3.764,14.683,0.002,18.449,True,False,,,,,,,,,,,,,
lifecycle_arcadedb_embedded_ts_lc100k_r3,8d6af9475,lifecycle,arcadedb_embedded,ts,lc100k,3,paper,0-11,embedded,8g,2026-08-31T22:28:17+00:00,,,,,,,,,0.2,0.2,did not converge,0,False,100000,,26.9.1.dev0,,,,,,,,,,,,,,,,,,,,,,,,,,0.2,0.0,,,,,,,,,,2779.4,2745.2,366.3,0.0,20.9,22.8,16.5,1.9,16003581,2779.4,2745.2,0.0,2745.2,16.5,22.8,366.3,16003581,20260831T222343Z,,,,,,,,,,,,,,,,,,,,,,,,,,,,,,,64,,,,,,,,,,5.324,,,,,,,,,,,,,4g,l5_lifecycle.py,engine,container:0a86e3f5da1b (host unknown),dbbench:arcadedb,,,,,,,,,,,,,,,,,,,,,,,,,,,,,,,,,,,,,,,,,,,,,,,,,,,,,,,,,,,,,,,,,,,,,,,,,,,,,,,,,,,,,,,,,,,,,,,,,,,,,,,,,,,,,,,,,,,,,,,,,,,,,,,,,,,ext4,5,2,6.254,8.498,171.585,81.751,178.942,168.042,484.246,warm-page-cache,2.485,8.129,0.001,10.614,2.269,7.864,0.268,10.402,3.523,17.873,0.691,22.087,3.083,17.078,0.725,20.886,2.01,13.682,0.268,15.961,2.879,14.329,0.546,17.753,473.632,2.157,13.853,2.7,17.724,0.335,20.758,True,False,,,,,,,,,,,,,
lifecycle_arcadedb_embedded_graph_lc100k_r3,8d6af9475,lifecycle,arcadedb_embedded,graph,lc100k,3,paper,0-11,embedded,8g,2026-08-31T22:30:15+00:00,,,,,,,,,0.2,0.2,did not converge,0,False,100000,,26.9.1.dev0,,,,,,,,,,,,,,,,,,,,,,,,,,0.2,0.0,,,,,,,,,,2884.6,2836.7,1676.0,0.0,98.0,1.7,175.1,0.6,31328791,2884.6,2836.7,0.0,2836.7,175.1,1.7,1676.0,31328791,20260831T222343Z,,,,,,,,,,,,,,,,,,,,,,,,,,,,,,,64,,,,,,,,,,14.783,,,,,,,,,,,,,4g,l5_lifecycle.py,engine,container:d01151c71c5c (host unknown),dbbench:arcadedb,,,,,,,,,,,,,,,,,,,,,,,,,,,,,,,,,,,,,,,,,,,,,,,,,,,,,,,,,,,,,,,,,,,,,,,,,,,,,,,,,,,,,,,,,,,,,,,,,,,,,,,,,,,,,,,,,,,,,,,,,,,,,,,,,,,ext4,5,2,3.949,16.85,73.293,79.899,181.233,149.79,455.899,warm-page-cache,3.471,18.916,0.002,22.389,2.092,4.975,2.087,9.154,2.243,12.646,0.501,15.39,1.755,11.919,1.723,15.397,3.014,12.57,0.533,16.116,1.749,10.673,1.522,13.944,433.512,1.367,4.535,1.914,10.886,1.268,14.068,True,False,,,,,,,,,,,,,
lifecycle_arcadedb_embedded_doc_lc100k_r3,8d6af9475,lifecycle,arcadedb_embedded,doc,lc100k,3,paper,0-11,embedded,8g,2026-08-31T22:30:23+00:00,,,,,,,,,0.2,0.2,did not converge,0,False,100000,,26.9.1.dev0,,,,,,,,,,,,,,,,,,,,,,,,,,0.2,0.0,,,,,,,,,,880.2,848.3,803.4,0.0,5.1,1.5,12.6,0.5,9141322,880.2,848.3,0.0,848.3,12.6,1.5,803.4,9141322,20260831T222343Z,,,,,,,,,,,,,,,,,,,,,,,,,,,,,,,64,,,,,,,,,,1.806,,,,,,,,,,,,,4g,l5_lifecycle.py,engine,container:8508eaf43bdc (host unknown),dbbench:arcadedb,,,,,,,,,,,,,,,,,,,,,,,,,,,,,,,,,,,,,,,,,,,,,,,,,,,,,,,,,,,,,,,,,,,,,,,,,,,,,,,,,,,,,,,,,,,,,,,,,,,,,,,,,,,,,,,,,,,,,,,,,,,,,,,,,,,ext4,5,2,3.437,3.598,35.149,83.588,192.98,155.54,458.592,warm-page-cache,1.233,3.307,0.001,4.54,1.275,3.3,0.277,4.852,1.953,10.378,0.449,12.78,2.089,10.402,0.698,13.189,1.796,9.923,0.393,12.113,2.09,11.126,0.764,13.979,454.052,1.824,3.833,1.764,3.494,0.32,5.578,True,False,,,,,,,,,,,,,
lifecycle_arcadedb_embedded_doc_lc100k_r4,8d6af9475,lifecycle,arcadedb_embedded,doc,lc100k,4,paper,0-11,embedded,8g,2026-08-31T22:26:49+00:00,,,,,,,,,0.2,0.2,did not converge,0,False,100000,,26.9.1.dev0,,,,,,,,,,,,,,,,,,,,,,,,,,0.2,0.0,,,,,,,,,,862.6,855.7,855.7,0.0,5.1,1.5,13.1,0.5,8651323,862.6,855.7,0.0,855.7,13.1,1.5,855.7,8651323,20260831T222343Z,,,,,,,,,,,,,,,,,,,,,,,,,,,,,,,64,,,,,,,,,,1.766,,,,,,,,,,,,,4g,l5_lifecycle.py,engine,container:ff9179584a3a (host unknown),dbbench:arcadedb,,,,,,,,,,,,,,,,,,,,,,,,,,,,,,,,,,,,,,,,,,,,,,,,,,,,,,,,,,,,,,,,,,,,,,,,,,,,,,,,,,,,,,,,,,,,,,,,,,,,,,,,,,,,,,,,,,,,,,,,,,,,,,,,,,,ext4,5,2,4.66,8.49,34.38,79.259,184.853,156.033,458.826,warm-page-cache,1.906,4.313,0.001,6.22,1.361,3.32,0.179,4.861,3.342,17.203,0.662,21.207,3.395,18.088,0.969,22.452,2.592,17.564,0.639,20.795,2.795,15.435,0.964,19.194,452.607,3.616,10.352,2.887,3.979,0.389,7.255,True,False,,,,,,,,,,,,,
lifecycle_arcadedb_embedded_ts_lc100k_r4,8d6af9475,lifecycle,arcadedb_embedded,ts,lc100k,4,paper,0-11,embedded,8g,2026-08-31T22:27:41+00:00,,,,,,,,,0.2,0.2,did not converge,0,False,100000,,26.9.1.dev0,,,,,,,,,,,,,,,,,,,,,,,,,,0.2,0.0,,,,,,,,,,2785.4,2759.2,2700.6,0.0,20.7,22.8,16.2,1.9,15538701,2785.4,2759.2,0.0,2759.2,16.2,22.8,2700.6,15538701,20260831T222343Z,,,,,,,,,,,,,,,,,,,,,,,,,,,,,,,64,,,,,,,,,,5.267,,,,,,,,,,,,,4g,l5_lifecycle.py,engine,container:e9c6510e4f3a (host unknown),dbbench:arcadedb,,,,,,,,,,,,,,,,,,,,,,,,,,,,,,,,,,,,,,,,,,,,,,,,,,,,,,,,,,,,,,,,,,,,,,,,,,,,,,,,,,,,,,,,,,,,,,,,,,,,,,,,,,,,,,,,,,,,,,,,,,,,,,,,,,,ext4,5,2,8.283,14.003,159.63,81.014,180.179,176.505,479.392,warm-page-cache,3.051,11.997,0.001,15.049,2.19,8.063,0.249,10.502,3.302,17.99,0.648,21.939,3.184,18.271,0.77,22.225,3.623,17.231,0.378,21.232,3.145,16.959,0.58,20.684,464.344,2.29,15.193,2.302,17.903,0.327,20.533,True,False,,,,,,,,,,,,,
lifecycle_arcadedb_embedded_doc_idx10_lc100k_r4,8d6af9475,lifecycle,arcadedb_embedded,doc_idx10,lc100k,4,paper,0-11,embedded,8g,2026-08-31T22:27:47+00:00,,,,,,,,,0.2,0.2,did not converge,0,False,100000,,26.9.1.dev0,,,,,,,,,,,,,,,,,,,,,,,,,,0.2,0.0,,,,,,,,,,2739.3,2721.4,795.8,0.0,51.1,60.2,186.9,7.3,12457724,2739.3,2721.4,0.0,2721.4,186.9,60.2,795.8,12457724,20260831T222343Z,,,,,,,,,,,,,,,,,,,,,,,,,,,,,,,64,,,,,,,,,,3.923,,,,,,,,,,,,,4g,l5_lifecycle.py,engine,container:1014a3225250 (host unknown),dbbench:arcadedb,,,,,,,,,,,,,,,,,,,,,,,,,,,,,,,,,,,,,,,,,,,,,,,,,,,,,,,,,,,,,,,,,,,,,,,,,,,,,,,,,,,,,,,,,,,,,,,,,,,,,,,,,,,,,,,,,,,,,,,,,,,,,,,,,,,ext4,5,2,8.769,13.901,113.784,77.712,184.81,157.058,455.092,warm-page-cache,4.132,19.323,0.001,23.456,3.193,7.375,1.286,11.854,6.583,38.879,0.515,45.976,5.148,35.572,1.57,42.291,4.13,32.166,1.996,38.292,4.297,31.851,2.939,39.087,431.637,4.024,15.481,4.074,15.756,1.229,21.059,True,False,,,,,,,,,,,,,
lifecycle_arcadedb_embedded_graph_lc100k_r4,8d6af9475,lifecycle,arcadedb_embedded,graph,lc100k,4,paper,0-11,embedded,8g,2026-08-31T22:28:06+00:00,,,,,,,,,0.2,0.2,did not converge,0,False,100000,,26.9.1.dev0,,,,,,,,,,,,,,,,,,,,,,,,,,0.2,0.0,,,,,,,,,,2893.2,2846.5,2780.4,0.0,98.0,1.7,177.6,0.6,30398702,2893.2,2846.5,0.0,2846.5,177.6,1.7,2780.4,30398702,20260831T222343Z,,,,,,,,,,,,,,,,,,,,,,,,,,,,,,,64,,,,,,,,,,14.436,,,,,,,,,,,,,4g,l5_lifecycle.py,engine,container:032ef161c942 (host unknown),dbbench:arcadedb,,,,,,,,,,,,,,,,,,,,,,,,,,,,,,,,,,,,,,,,,,,,,,,,,,,,,,,,,,,,,,,,,,,,,,,,,,,,,,,,,,,,,,,,,,,,,,,,,,,,,,,,,,,,,,,,,,,,,,,,,,,,,,,,,,,ext4,5,2,2.077,4.54,30.837,78.942,179.648,160.752,447.688,warm-page-cache,1.365,4.557,0.001,5.923,1.432,4.782,2.066,8.281,2.048,12.695,0.472,15.215,1.396,11.805,1.445,14.646,1.947,10.461,0.356,12.764,1.707,11.237,1.487,14.431,441.766,1.32,4.738,1.096,9.203,1.063,11.362,True,False,,,,,,,,,,,,,
lifecycle_arcadedb_embedded_sparse_lc100k_r4,8d6af9475,lifecycle,arcadedb_embedded,sparse,lc100k,4,paper,0-11,embedded,8g,2026-08-31T22:28:28+00:00,,,,,,,,,0.2,0.2,did not converge,0,False,100000,,26.9.1.dev0,,,,,,,,,,,,,,,,,,,,,,,,,,0.2,0.0,,,,,,,,,,2850.4,2794.5,2734.9,0.0,78.5,11.8,97.7,4.9,16858488,2850.4,2794.5,0.0,2794.5,97.7,11.8,2734.9,16858488,20260831T222343Z,,,,,,,,,,,,,,,,,,,,,,,,,,,,,,,64,,,,,,,,,,8.413,,,,,,,,,,,,,4g,l5_lifecycle.py,engine,container:94d16de29403 (host unknown),dbbench:arcadedb,,,,,,,,,,,,,,,,,,,,,,,,,,,,,,,,,,,,,,,,,,,,,,,,,,,,,,,,,,,,,,,,,,,,,,,,,,,,,,,,,,,,,,,,,,,,,,,,,,,,,,,,,,,,,,,,,,,,,,,,,,,,,,,,,,,ext4,5,2,2.363,3.74,50.382,83.371,178.787,158.705,447.667,warm-page-cache,1.532,3.708,0.001,5.241,1.712,3.846,0.481,6.039,1.948,10.427,0.326,12.701,2.329,11.209,0.788,14.325,2.123,18.16,0.708,20.991,2.601,17.41,2.082,22.092,442.427,2.662,11.906,2.011,11.36,0.977,14.348,True,False,,,,,,,,,,,,,
lifecycle_arcadedb_embedded_empty_lc100k_r4,8d6af9475,lifecycle,arcadedb_embedded,empty,lc100k,4,paper,0-11,embedded,8g,2026-08-31T22:28:57+00:00,,,,,,,,,0.2,0.2,did not converge,0,False,100000,,26.9.1.dev0,,,,,,,,,,,,,,,,,,,,,,,,,,0.2,0.0,,,,,,,,,,262.0,252.5,233.5,0.0,0.3,1.1,6.0,0.3,4594176,262.0,252.5,0.0,252.5,6.0,1.1,233.5,4594176,20260831T222343Z,,,,,,,,,,,,,,,,,,,,,,,,,,,,,,,64,,,,,,,,,,0.64,,,,,,,,,,,,,4g,l5_lifecycle.py,engine,container:40411823c868 (host unknown),dbbench:arcadedb,,,,,,,,,,,,,,,,,,,,,,,,,,,,,,,,,,,,,,,,,,,,,,,,,,,,,,,,,,,,,,,,,,,,,,,,,,,,,,,,,,,,,,,,,,,,,,,,,,,,,,,,,,,,,,,,,,,,,,,,,,,,,,,,,,,ext4,5,2,2.292,2.806,25.606,95.533,193.127,155.049,470.118,warm-page-cache,1.244,2.779,0.001,4.024,1.381,2.856,0.001,4.238,1.668,9.092,0.799,11.559,2.629,10.44,1.072,14.141,2.038,10.179,0.85,13.067,2.364,10.389,0.907,13.66,466.095,2.438,3.251,1.887,3.308,0.001,5.197,True,False,,,,,,,,,,,,,
lifecycle_arcadedb_embedded_vector_lc100k_r4,8d6af9475,lifecycle,arcadedb_embedded,vector,lc100k,4,paper,0-11,embedded,8g,2026-08-31T22:29:14+00:00,,,,,,,,,0.2,0.2,did not converge,0,False,100000,,26.9.1.dev0,,,,,,,,,,,,,,,,,,,,,,,,,,0.2,0.0,,,,,,,,,,3096.2,3034.5,3034.5,0.0,89.3,112.5,225.5,43.1,234848499,3096.2,3034.5,0.0,3034.5,225.5,112.5,3034.5,234848499,20260831T222343Z,,,,,,,,,,,,,,,,,,,,,,,,,,,,,,,64,,,,,,,,,,14.899,,,,,,,,,,,,,4g,l5_lifecycle.py,engine,container:8aeaffff4e7a (host unknown),dbbench:arcadedb,,,,,,,,,,,,,,,,,,,,,,,,,,,,,,,,,,,,,,,,,,,,,,,,,,,,,,,,,,,,,,,,,,,,,,,,,,,,,,,,,,,,,,,,,,,,,,,,,,,,,,,,,,,,,,,,,,,,,,,,,,,,,,,,,,,ext4,5,2,3.145,15.076,30.824,92.526,187.042,212.71,522.889,warm-page-cache,2.287,14.367,0.001,16.656,2.394,9.248,91.539,103.181,2.176,29.894,0.541,32.612,1.909,22.439,86.933,111.28,2.398,23.811,7.953,34.162,2.939,22.095,170.123,195.158,506.235,2.164,20.748,3.635,29.999,196.198,229.832,True,False,2.706,21.395,5.327,True,"{'vectorCacheHits': 20, 'unverifiedGraphReuses': 0, 'estimatedRebuildWork': 10000000, 'compactedPages': 0, 'closeTimeRebuildPending': 1, 'graphNodeCount': 100000, 'stalePrefixGraphReuses': 1, 'asyncRebuildInProgress': 1, 'deltaVectorsCount': 28, 'rebuildSnapshotGeneration': 0, 'groupedSearchesMergingDelta': 0, 'deltaScanBudget': 700, 'searchOperations': 1, 'liveVectorCacheSize': 0, 'compactionCount': 0, 'beamWidth': 100, 'groupedSearchesGroupsUnavailable': 0, 'vectorFetchFromQuantized': 0, 'deltaScanWorkTarget': 10000000, 'estimatedLocationIndexBytes': 3148528, 'totalVectors': 100028, 'graphRebuildCount': 0, 'estimatedOrdinalMapBytes': 400000, 'maxConnections': 32, 'mutablePages': 4, 'preFilterSearches': 0, 'rebuildsDeferredForMemory': 0, 'groupedSearchesShortOfLimit': 0, 'bruteForceScans': 0, 'avgInsertLatencyMs': 0, 'mutationsSinceRebuild': 28, 'vectorFetchFromDocuments': 729, 'searchVectorCacheCapacity': 131072, 'deltaScanWorkSinceRebuild': 28, 'deletedVectors': 0, 'avgSearchLatencyMs': 193, 'pooledGraphSearchers': 1, 'graphState': 2, 'mutationsThreshold': 100, 'effectiveMutationsThreshold': 20000, 'persistedGraphNodeCount': 100000, 'graphBuildParallelism': 11, 'insertOperations': 0, 'graphWalkVisitedAvg': 700, 'vectorCacheMisses': 701, 'vectorFetchFromGraph': 0, 'activeVectors': 100028, 'dimensions': 64, 'vector_stats_mode': 'read'}",,,,,,,,
lifecycle_arcadedb_embedded_doc_lc100k_r5,8d6af9475,lifecycle,arcadedb_embedded,doc,lc100k,5,paper,0-11,embedded,8g,2026-08-31T22:23:46+00:00,,,,,,,,,0.2,0.2,did not converge,0,False,100000,,26.9.1.dev0,,,,,,,,,,,,,,,,,,,,,,,,,,0.2,0.0,,,,,,,,,,880.2,852.6,817.4,0.0,5.1,1.5,13.1,0.5,8170693,880.2,852.6,0.0,852.6,13.1,1.5,817.4,8170693,20260831T222343Z,,,,,,,,,,,,,,,,,,,,,,,,,,,,,,,64,,,,,,,,,,1.768,,,,,,,,,,,,,4g,l5_lifecycle.py,engine,container:b3cfae7e31dc (host unknown),dbbench:arcadedb,,,,,,,,,,,,,,,,,,,,,,,,,,,,,,,,,,,,,,,,,,,,,,,,,,,,,,,,,,,,,,,,,,,,,,,,,,,,,,,,,,,,,,,,,,,,,,,,,,,,,,,,,,,,,,,,,,,,,,,,,,,,,,,,,,,ext4,5,2,3.199,3.476,33.118,79.49,184.736,150.268,441.682,warm-page-cache,1.448,3.508,0.001,4.956,1.302,3.244,0.262,4.809,1.902,10.755,0.387,13.043,2.226,10.913,0.742,13.881,1.718,10.314,0.475,12.507,1.818,10.698,0.721,13.238,436.726,1.838,3.708,1.804,4.197,0.312,6.313,True,False,,,,,,,,,,,,,
lifecycle_arcadedb_embedded_sparse_lc100k_r5,8d6af9475,lifecycle,arcadedb_embedded,sparse,lc100k,5,paper,0-11,embedded,8g,2026-08-31T22:25:12+00:00,,,,,,,,,0.2,0.2,did not converge,0,False,100000,,26.9.1.dev0,,,,,,,,,,,,,,,,,,,,,,,,,,0.2,0.0,,,,,,,,,,2858.6,2784.1,2740.4,0.0,79.0,12.3,98.4,4.6,17345707,2858.6,2784.1,0.0,2784.1,98.4,12.3,2740.4,17345707,20260831T222343Z,,,,,,,,,,,,,,,,,,,,,,,,,,,,,,,64,,,,,,,,,,8.57,,,,,,,,,,,,,4g,l5_lifecycle.py,engine,container:45536368c21f (host unknown),dbbench:arcadedb,,,,,,,,,,,,,,,,,,,,,,,,,,,,,,,,,,,,,,,,,,,,,,,,,,,,,,,,,,,,,,,,,,,,,,,,,,,,,,,,,,,,,,,,,,,,,,,,,,,,,,,,,,,,,,,,,,,,,,,,,,,,,,,,,,,ext4,5,2,4.388,17.356,81.579,79.397,182.321,172.832,468.324,warm-page-cache,2.016,8.218,0.001,10.234,1.839,7.763,0.483,10.085,2.033,10.266,0.424,12.723,1.883,10.533,0.689,13.105,2.849,16.979,0.897,20.724,1.833,14.128,1.881,17.842,458.09,1.985,18.324,4.249,22.919,1.683,28.851,True,False,,,,,,,,,,,,,
lifecycle_arcadedb_embedded_vector_lc100k_r5,8d6af9475,lifecycle,arcadedb_embedded,vector,lc100k,5,paper,0-11,embedded,8g,2026-08-31T22:25:57+00:00,,,,,,,,,0.2,0.2,did not converge,0,False,100000,,26.9.1.dev0,,,,,,,,,,,,,,,,,,,,,,,,,,0.2,0.0,,,,,,,,,,3153.3,3091.1,3091.1,0.0,89.3,112.5,202.2,50.0,230317375,3153.3,3091.1,0.0,3091.1,202.2,112.5,3091.1,230317375,20260831T222343Z,,,,,,,,,,,,,,,,,,,,,,,,,,,,,,,64,,,,,,,,,,14.294,,,,,,,,,,,,,4g,l5_lifecycle.py,engine,container:3653d425120e (host unknown),dbbench:arcadedb,,,,,,,,,,,,,,,,,,,,,,,,,,,,,,,,,,,,,,,,,,,,,,,,,,,,,,,,,,,,,,,,,,,,,,,,,,,,,,,,,,,,,,,,,,,,,,,,,,,,,,,,,,,,,,,,,,,,,,,,,,,,,,,,,,,ext4,5,2,3.122,14.652,46.811,82.294,183.6,207.599,503.362,warm-page-cache,2.344,14.279,0.001,16.625,2.101,7.815,88.328,98.244,2.26,20.766,0.454,23.48,2.091,13.023,94.571,109.685,2.168,13.742,8.269,24.18,3.916,26.769,176.944,207.629,486.739,2.705,27.776,4.202,21.691,147.496,173.389,True,False,3.415,14.588,6.635,True,"{'vectorCacheHits': 20, 'unverifiedGraphReuses': 0, 'estimatedRebuildWork': 10000000, 'compactedPages': 0, 'closeTimeRebuildPending': 1, 'graphNodeCount': 100000, 'stalePrefixGraphReuses': 1, 'asyncRebuildInProgress': 1, 'deltaVectorsCount': 28, 'rebuildSnapshotGeneration': 0, 'groupedSearchesMergingDelta': 0, 'deltaScanBudget': 700, 'searchOperations': 1, 'liveVectorCacheSize': 0, 'compactionCount': 0, 'beamWidth': 100, 'groupedSearchesGroupsUnavailable': 0, 'vectorFetchFromQuantized': 0, 'deltaScanWorkTarget': 10000000, 'estimatedLocationIndexBytes': 3148528, 'totalVectors': 100028, 'graphRebuildCount': 0, 'estimatedOrdinalMapBytes': 400000, 'maxConnections': 32, 'mutablePages': 4, 'preFilterSearches': 0, 'rebuildsDeferredForMemory': 0, 'groupedSearchesShortOfLimit': 0, 'bruteForceScans': 0, 'avgInsertLatencyMs': 0, 'mutationsSinceRebuild': 28, 'vectorFetchFromDocuments': 729, 'searchVectorCacheCapacity': 131072, 'deltaScanWorkSinceRebuild': 28, 'deletedVectors': 0, 'avgSearchLatencyMs': 187, 'pooledGraphSearchers': 1, 'graphState': 2, 'mutationsThreshold': 100, 'effectiveMutationsThreshold': 20000, 'persistedGraphNodeCount': 100000, 'graphBuildParallelism': 11, 'insertOperations': 0, 'graphWalkVisitedAvg': 700, 'vectorCacheMisses': 701, 'vectorFetchFromGraph': 0, 'activeVectors': 100028, 'dimensions': 64, 'vector_stats_mode': 'read'}",,,,,,,,
lifecycle_arcadedb_embedded_doc_idx10_lc100k_r5,8d6af9475,lifecycle,arcadedb_embedded,doc_idx10,lc100k,5,paper,0-11,embedded,8g,2026-08-31T22:26:18+00:00,,,,,,,,,0.2,0.2,did not converge,0,False,100000,,26.9.1.dev0,,,,,,,,,,,,,,,,,,,,,,,,,,0.2,0.0,,,,,,,,,,2728.7,2710.5,1991.5,0.0,49.7,60.2,186.9,7.3,12397124,2728.7,2710.5,0.0,2710.5,186.9,60.2,1991.5,12397124,20260831T222343Z,,,,,,,,,,,,,,,,,,,,,,,,,,,,,,,64,,,,,,,,,,4.007,,,,,,,,,,,,,4g,l5_lifecycle.py,engine,container:1c760263f74e (host unknown),dbbench:arcadedb,,,,,,,,,,,,,,,,,,,,,,,,,,,,,,,,,,,,,,,,,,,,,,,,,,,,,,,,,,,,,,,,,,,,,,,,,,,,,,,,,,,,,,,,,,,,,,,,,,,,,,,,,,,,,,,,,,,,,,,,,,,,,,,,,,,ext4,5,2,6.268,7.549,112.207,79.953,187.532,173.664,476.221,warm-page-cache,2.935,7.239,0.001,10.174,2.983,7.354,1.196,11.533,3.823,16.071,0.425,20.32,3.366,16.126,1.572,21.063,4.238,32.584,2.03,38.852,3.73,32.001,2.871,38.602,466.047,4.033,15.15,3.895,15.701,1.214,20.809,True,False,,,,,,,,,,,,,
lifecycle_arcadedb_embedded_graph_lc100k_r5,8d6af9475,lifecycle,arcadedb_embedded,graph,lc100k,5,paper,0-11,embedded,8g,2026-08-31T22:27:07+00:00,,,,,,,,,0.2,0.2,did not converge,0,False,100000,,26.9.1.dev0,,,,,,,,,,,,,,,,,,,,,,,,,,0.2,0.0,,,,,,,,,,2875.0,2816.1,1109.3,0.0,99.5,1.7,177.6,0.6,30647399,2875.0,2816.1,0.0,2816.1,177.6,1.7,1109.3,30647399,20260831T222343Z,,,,,,,,,,,,,,,,,,,,,,,,,,,,,,,64,,,,,,,,,,14.591,,,,,,,,,,,,,4g,l5_lifecycle.py,engine,container:8a02a7b3b96b (host unknown),dbbench:arcadedb,,,,,,,,,,,,,,,,,,,,,,,,,,,,,,,,,,,,,,,,,,,,,,,,,,,,,,,,,,,,,,,,,,,,,,,,,,,,,,,,,,,,,,,,,,,,,,,,,,,,,,,,,,,,,,,,,,,,,,,,,,,,,,,,,,,ext4,5,2,2.711,4.966,41.674,81.884,183.347,159.513,456.525,warm-page-cache,1.42,4.4,0.001,5.821,1.273,4.849,1.845,7.968,1.594,11.692,0.425,13.711,1.91,12.179,1.71,15.799,2.04,11.646,0.442,14.128,1.569,10.643,1.589,13.801,450.705,1.591,13.44,1.839,20.075,1.324,23.238,True,False,,,,,,,,,,,,,
lifecycle_arcadedb_embedded_empty_lc100k_r5,8d6af9475,lifecycle,arcadedb_embedded,empty,lc100k,5,paper,0-11,embedded,8g,2026-08-31T22:29:32+00:00,,,,,,,,,0.2,0.2,did not converge,0,False,100000,,26.9.1.dev0,,,,,,,,,,,,,,,,,,,,,,,,,,0.2,0.0,,,,,,,,,,262.0,253.5,236.7,0.0,0.3,1.1,6.0,0.3,4687305,262.0,253.5,0.0,253.5,6.0,1.1,236.7,4687305,20260831T222343Z,,,,,,,,,,,,,,,,,,,,,,,,,,,,,,,64,,,,,,,,,,0.631,,,,,,,,,,,,,4g,l5_lifecycle.py,engine,container:d2fb615cdf1d (host unknown),dbbench:arcadedb,,,,,,,,,,,,,,,,,,,,,,,,,,,,,,,,,,,,,,,,,,,,,,,,,,,,,,,,,,,,,,,,,,,,,,,,,,,,,,,,,,,,,,,,,,,,,,,,,,,,,,,,,,,,,,,,,,,,,,,,,,,,,,,,,,,ext4,5,2,3.082,3.139,26.202,88.596,188.581,162.056,465.61,warm-page-cache,1.357,2.871,0.001,4.229,1.237,2.845,0.001,4.082,1.896,9.306,0.923,12.125,2.468,9.98,1.059,13.507,2.257,10.269,0.84,13.366,2.166,10.79,0.825,13.782,461.382,2.292,5.802,2.32,3.671,0.002,5.992,True,False,,,,,,,,,,,,,
lifecycle_arcadedb_embedded_ts_lc100k_r5,8d6af9475,lifecycle,arcadedb_embedded,ts,lc100k,5,paper,0-11,embedded,8g,2026-08-31T22:29:40+00:00,,,,,,,,,0.2,0.2,did not converge,0,False,100000,,26.9.1.dev0,,,,,,,,,,,,,,,,,,,,,,,,,,0.2,0.0,,,,,,,,,,2784.0,2767.9,2701.7,0.0,22.3,22.8,16.5,1.9,16006832,2784.0,2767.9,0.0,2767.9,16.5,22.8,2701.7,16006832,20260831T222343Z,,,,,,,,,,,,,,,,,,,,,,,,,,,,,,,64,,,,,,,,,,5.356,,,,,,,,,,,,,4g,l5_lifecycle.py,engine,container:59fbd8c227d0 (host unknown),dbbench:arcadedb,,,,,,,,,,,,,,,,,,,,,,,,,,,,,,,,,,,,,,,,,,,,,,,,,,,,,,,,,,,,,,,,,,,,,,,,,,,,,,,,,,,,,,,,,,,,,,,,,,,,,,,,,,,,,,,,,,,,,,,,,,,,,,,,,,,ext4,5,2,6.356,8.255,125.255,86.396,184.489,166.008,481.671,warm-page-cache,2.504,8.095,0.001,10.599,2.174,8.249,0.296,10.719,3.464,28.043,0.64,32.148,4.722,35.013,0.839,40.574,4.386,24.709,0.4,29.495,4.862,33.735,0.822,39.418,471.072,3.333,18.091,2.758,15.362,0.403,18.522,True,False,,,,,,,,,,,,,
lifecycle_arcadedb_server_vector_lc100k_r1,8d6af9475,lifecycle,arcadedb_server,vector,lc100k,1,paper,0-11,client_server,8g,2026-09-07T18:42:26.854198+00:00,full+client,8g,8.0,0-11,sha256:49058eefd65d6a6a297fa7fc4c2f1600edbf9e3b3d495cbae0f64815498cb9d9,arcadedb-c25:8d6af9475,8g,0.3,0.2,0.2,did not converge,0,False,100000,,server:26.9.1-SNAPSHOT (build 8d6af94753ea8446bd13ac1aed2bb79eaf78dc90/1788075753609/main),,,,,,,,,,,,,,,,,,,,,,57.3,57.3,0.0,True,57.5,57.0,4406.9,4316.9,4316.9,0.0,102.5,0.0,120.9,57.2,165938272,26.8,22.4,19.9,0.0,0.1,0.0,0.2,0.1,2076273,4433.6,4339.3,0.0,4339.3,121.0,0.0,4336.8,168014545,20260907T184226Z,,,,,,,,,,,,,,,,,,,,,,,,,,,lifecycle_arcadedb_server_vector_lc100k_r1.clientlog,,lifecycle_arcadedb_server_vector_lc100k_r1.serverlog,,,,,,,,,,,,15.17,,,,,,,,,,,,,4g,,,,,,,,,,,,,,,,,,,,,,,,,,,,,,,,,,,,,,,4g,,,,,,,,,,,,,,,,,,,,,,,,,,,,,,,,,,,,,,,,,100000,,,,,,,,,,,,,,,,,,,,,,,,,,,,,,,,,,,,,,,,,,,,,,,,,,,,,,,,,,,,100.25,,,,,,4.198,16.891,0.001,21.09,3.43,11.064,100.061,114.556,3.373,12.865,1.782,18.019,3.03,16.207,90.235,109.472,3.183,13.816,9.168,26.168,4.921,22.762,118.228,145.91,,,,,,,,,False,,,,,,vector,server,7.396,,,,,
lifecycle_arcadedb_server_sparse_lc100k_r1,8d6af9475,lifecycle,arcadedb_server,sparse,lc100k,1,paper,0-11,client_server,8g,2026-09-07T18:43:17.555893+00:00,full+client,8g,8.0,0-11,sha256:49058eefd65d6a6a297fa7fc4c2f1600edbf9e3b3d495cbae0f64815498cb9d9,arcadedb-c25:8d6af9475,8g,0.3,0.2,0.2,did not converge,0,False,100000,,server:26.9.1-SNAPSHOT (build 8d6af94753ea8446bd13ac1aed2bb79eaf78dc90/1788075753609/main),,,,,,,,,,,,,,,,,,,,,,39.6,39.6,0.0,True,39.8,39.3,4240.6,4148.5,4148.5,0.0,79.2,0.0,161.3,39.5,25423743,28.3,23.9,21.3,0.0,0.1,0.0,0.2,0.1,2819068,4268.9,4172.4,0.0,4172.4,161.5,0.0,4169.8,28242811,20260907T184226Z,,,,,,,,,,,,,,,,,,,,,,,,,,,lifecycle_arcadedb_server_sparse_lc100k_r1.clientlog,,lifecycle_arcadedb_server_sparse_lc100k_r1.serverlog,,,,,,,,,,,,8.68,,,,,,,,,,,,,4g,,,,,,,,,,,,,,,,,,,,,,,,,,,,,,,,,,,,,,,4g,,,,,,,,,,,,,,,,,,,,,,,,,,,,,,,,,,,,,,,,,,,,,,,,,,,,,,,,,,,,,,,,,,,,,,,,,,,,,,,,,,,,,,,,,,,,,,,,,,,,,38.788,,,,,,2.627,4.729,0.0,7.357,3.111,5.024,1.761,9.896,3.085,11.142,1.613,15.84,2.808,10.745,2.85,16.402,3.423,20.652,1.842,25.917,3.054,20.738,3.872,27.665,,,,,,,,,False,,,,,,sparse,server,6.736,,,,,
lifecycle_arcadedb_server_graph_gav_lc100k_r1,8d6af9475,lifecycle,arcadedb_server,graph_gav,lc100k,1,paper,0-11,client_server,8g,2026-09-07T18:47:13.613464+00:00,full+client,8g,8.0,0-11,sha256:49058eefd65d6a6a297fa7fc4c2f1600edbf9e3b3d495cbae0f64815498cb9d9,arcadedb-c25:8d6af9475,8g,0.3,0.2,0.2,did not converge,0,False,100000,,server:26.9.1-SNAPSHOT (build 8d6af94753ea8446bd13ac1aed2bb79eaf78dc90/1788075753609/main),,,,,,,,,,,,,,,,,,,,,,36.7,36.7,0.0,True,36.9,36.4,2910.1,2840.9,2840.9,0.0,99.4,0.0,187.4,36.6,34810761,23.3,19.0,18.8,0.0,0.1,0.0,0.2,0.1,660173,2933.4,2859.9,0.0,2859.9,187.6,0.0,2859.7,35470934,20260907T184226Z,,,,,,,,,,,,,,,,,,,,,,,,,,,lifecycle_arcadedb_server_graph_gav_lc100k_r1.clientlog,,lifecycle_arcadedb_server_graph_gav_lc100k_r1.serverlog,,,,,,,,,,,,12.69,,,,,,,,,,,,,4g,,,,,,,,,,,,,,,,,,,,,,,,,,,,,,,,,,,,,,,4g,,,,,,,,,,,,,,,,,,,,,,,,,,,,,,,,,,,,,,,,,,,,,,,,,,,,,,,,,,,,,,,,,,,,,,,,,,,,,,,,,,,,,,,,,,,,,,,,,,,,,78.468,,,,,,5.201,16.626,0.0,21.827,3.062,13.805,52.871,69.738,3.562,19.398,1.8,24.76,2.788,25.006,50.709,78.502,3.07,15.943,1.218,20.231,2.835,23.244,49.662,75.741,,,,,,,,,False,,,,,,graph_gav,server,8.262,,,,,
lifecycle_arcadedb_server_ts_lc100k_r1,8d6af9475,lifecycle,arcadedb_server,ts,lc100k,1,paper,0-11,client_server,8g,2026-09-07T18:47:41.705120+00:00,full+client,8g,8.0,0-11,sha256:49058eefd65d6a6a297fa7fc4c2f1600edbf9e3b3d495cbae0f64815498cb9d9,arcadedb-c25:8d6af9475,8g,0.3,0.2,0.2,did not converge,0,False,100000,,server:26.9.1-SNAPSHOT (build 8d6af94753ea8446bd13ac1aed2bb79eaf78dc90/1788075753609/main),,,,,,,,,,,,,,,,,,,,,,3.4,3.4,0.0,True,3.6,3.1,2754.5,2723.3,2723.2,0.0,22.0,0.0,10.0,3.3,20545019,22.5,19.1,18.7,0.0,0.1,0.0,0.2,0.1,257304,2777.0,2742.4,0.0,2742.4,10.2,0.0,2742.0,20802323,20260907T184226Z,,,,,,,,,,,,,,,,,,,,,,,,,,,lifecycle_arcadedb_server_ts_lc100k_r1.clientlog,,lifecycle_arcadedb_server_ts_lc100k_r1.serverlog,,,,,,,,,,,,4.18,,,,,,,,,,,,,4g,,,,,,,,,,,,,,,,,,,,,,,,,,,,,,,,,,,,,,,4g,,,,,,,,,,,,,,,,,,,,,,,,,,,,,,,,,,,,,,,,,,,,,,,,,,,,,,,,,,,,,,,,,,,,,,,,,,,,,,,,,,,,,,,,,,,,,,,,,,,,,115.204,,,,,,3.382,8.479,0.001,11.862,4.354,9.149,1.592,15.096,4.049,16.246,1.679,21.973,3.626,18.022,2.601,24.249,3.724,15.583,1.264,20.57,3.88,15.383,2.81,22.072,,,,,,,,,False,,,,,,ts,server,8.423,,,,,
lifecycle_arcadedb_server_doc_idx10_lc100k_r1,8d6af9475,lifecycle,arcadedb_server,doc_idx10,lc100k,1,paper,0-11,client_server,8g,2026-09-07T18:48:00.500325+00:00,full+client,8g,8.0,0-11,sha256:49058eefd65d6a6a297fa7fc4c2f1600edbf9e3b3d495cbae0f64815498cb9d9,arcadedb-c25:8d6af9475,8g,0.3,0.2,0.2,did not converge,0,False,100000,,server:26.9.1-SNAPSHOT (build 8d6af94753ea8446bd13ac1aed2bb79eaf78dc90/1788075753609/main),,,,,,,,,,,,,,,,,,,,,,20.4,20.4,0.0,True,20.6,20.1,2296.7,2238.0,2238.0,0.0,53.8,0.0,82.9,20.3,16961289,24.3,19.3,18.9,0.0,0.1,0.0,0.2,0.1,371808,2321.0,2257.3,0.0,2257.3,83.1,0.0,2256.9,17333097,20260907T184226Z,,,,,,,,,,,,,,,,,,,,,,,,,,,lifecycle_arcadedb_server_doc_idx10_lc100k_r1.clientlog,,lifecycle_arcadedb_server_doc_idx10_lc100k_r1.serverlog,,,,,,,,,,,,3.08,,,,,,,,,,,,,4g,,,,,,,,,,,,,,,,,,,,,,,,,,,,,,,,,,,,,,,4g,,,,,,,,,,,,,,,,,,,,,,,,,,,,,,,,,,,,,,,,,,,,,,,,,,,,,,,,,,,,,,,,,,,,,,,,,,,,,,,,,,,,,,,,,,,,,,,,,,,,,164.383,,,,,,3.951,20.425,0.0,24.377,4.416,17.232,2.555,24.203,6.786,35.392,2.077,44.256,5.766,34.012,3.759,43.537,5.827,52.198,3.008,61.032,6.224,49.026,4.937,60.187,,,,,,,,,False,,,,,,doc_idx10,server,8.071,,,,,
lifecycle_arcadedb_server_graph_lc100k_r1,8d6af9475,lifecycle,arcadedb_server,graph,lc100k,1,paper,0-11,client_server,8g,2026-09-07T18:48:18.685262+00:00,full+client,8g,8.0,0-11,sha256:49058eefd65d6a6a297fa7fc4c2f1600edbf9e3b3d495cbae0f64815498cb9d9,arcadedb-c25:8d6af9475,8g,0.3,0.2,0.2,did not converge,0,False,100000,,server:26.9.1-SNAPSHOT (build 8d6af94753ea8446bd13ac1aed2bb79eaf78dc90/1788075753609/main),,,,,,,,,,,,,,,,,,,,,,31.3,31.3,0.0,True,31.5,31.0,2899.5,2792.1,2792.1,0.0,99.4,0.0,183.8,31.2,31936242,23.9,19.0,19.0,0.0,0.1,0.0,0.2,0.1,632085,2923.4,2811.0,0.0,2811.0,184.0,0.0,2811.0,32568327,20260907T184226Z,,,,,,,,,,,,,,,,,,,,,,,,,,,lifecycle_arcadedb_server_graph_lc100k_r1.clientlog,,lifecycle_arcadedb_server_graph_lc100k_r1.serverlog,,,,,,,,,,,,12.12,,,,,,,,,,,,,4g,,,,,,,,,,,,,,,,,,,,,,,,,,,,,,,,,,,,,,,4g,,,,,,,,,,,,,,,,,,,,,,,,,,,,,,,,,,,,,,,,,,,,,,,,,,,,,,,,,,,,,,,,,,,,,,,,,,,,,,,,,,,,,,,,,,,,,,,,,,,,,42.458,,,,,,2.966,6.073,0.0,9.04,2.554,5.815,2.998,11.367,2.832,12.136,1.672,16.64,2.873,12.045,4.307,19.225,3.11,12.724,1.352,17.186,2.761,11.838,3.709,18.308,,,,,,,,,False,,,,,,graph,server,8.763,,,,,
lifecycle_arcadedb_server_empty_lc100k_r1,8d6af9475,lifecycle,arcadedb_server,empty,lc100k,1,paper,0-11,client_server,8g,2026-09-07T18:50:31.039701+00:00,full+client,8g,8.0,0-11,sha256:49058eefd65d6a6a297fa7fc4c2f1600edbf9e3b3d495cbae0f64815498cb9d9,arcadedb-c25:8d6af9475,8g,0.3,0.2,0.2,did not converge,0,False,100000,,server:26.9.1-SNAPSHOT (build 8d6af94753ea8446bd13ac1aed2bb79eaf78dc90/1788075753609/main),,,,,,,,,,,,,,,,,,,,,,0.5,0.5,0.0,True,0.7,0.2,300.7,273.7,273.7,0.0,0.4,0.0,3.2,0.4,9883812,22.3,18.4,18.4,0.0,0.1,0.0,0.2,0.1,175509,323.0,292.2,0.0,292.2,3.4,0.0,292.2,10059321,20260907T184226Z,,,,,,,,,,,,,,,,,,,,,,,,,,,lifecycle_arcadedb_server_empty_lc100k_r1.clientlog,,lifecycle_arcadedb_server_empty_lc100k_r1.serverlog,,,,,,,,,,,,0.12,,,,,,,,,,,,,4g,,,,,,,,,,,,,,,,,,,,,,,,,,,,,,,,,,,,,,,4g,,,,,,,,,,,,,,,,,,,,,,,,,,,,,,,,,,,,,,,,,,,,,,,,,,,,,,,,,,,,,,,,,,,,,,,,,,,,,,,,,,,,,,,,,,,,,,,,,,,,,21.197,,,,,,3.173,4.383,0.0,7.557,2.528,4.148,0.001,6.677,2.474,10.708,2.004,15.186,2.46,11.091,1.908,15.459,2.914,10.895,1.928,15.737,2.544,10.575,1.74,14.858,,,,,,,,,False,,,,,,empty,server,6.566,,,,,
lifecycle_arcadedb_server_doc_lc100k_r1,8d6af9475,lifecycle,arcadedb_server,doc,lc100k,1,paper,0-11,client_server,8g,2026-09-07T18:50:44.831380+00:00,full+client,8g,8.0,0-11,sha256:49058eefd65d6a6a297fa7fc4c2f1600edbf9e3b3d495cbae0f64815498cb9d9,arcadedb-c25:8d6af9475,8g,0.3,0.2,0.2,did not converge,0,False,100000,,server:26.9.1-SNAPSHOT (build 8d6af94753ea8446bd13ac1aed2bb79eaf78dc90/1788075753609/main),,,,,,,,,,,,,,,,,,,,,,3.5,3.5,0.0,True,3.7,3.2,939.9,911.1,911.1,0.0,6.1,0.0,9.3,3.5,13298548,22.9,18.8,18.8,0.0,0.1,0.0,0.2,0.1,265673,962.8,929.8,0.0,929.8,9.5,0.0,929.8,13564221,20260907T184226Z,,,,,,,,,,,,,,,,,,,,,,,,,,,lifecycle_arcadedb_server_doc_lc100k_r1.clientlog,,lifecycle_arcadedb_server_doc_lc100k_r1.serverlog,,,,,,,,,,,,1.06,,,,,,,,,,,,,4g,,,,,,,,,,,,,,,,,,,,,,,,,,,,,,,,,,,,,,,4g,,,,,,,,,,,,,,,,,,,,,,,,,,,,,,,,,,,,,,,,,,,,,,,,,,,,,,,,,,,,,,,,,,,,,,,,,,,,,,,,,,,,,,,,,,,,,,,,,,,,,30.668,,,,,,2.539,4.168,0.0,6.707,2.896,4.227,1.672,8.795,3.189,11.562,1.824,16.574,2.861,10.574,3.207,16.643,2.692,10.584,1.487,14.762,3.262,11.998,3.101,18.36,,,,,,,,,False,,,,,,doc,server,6.753,,,,,
lifecycle_arcadedb_server_graph_gav_lc100k_r2,8d6af9475,lifecycle,arcadedb_server,graph_gav,lc100k,2,paper,0-11,client_server,8g,2026-09-07T18:43:58.863013+00:00,full+client,8g,8.0,0-11,sha256:49058eefd65d6a6a297fa7fc4c2f1600edbf9e3b3d495cbae0f64815498cb9d9,arcadedb-c25:8d6af9475,8g,0.3,0.2,0.2,did not converge,0,False,100000,,server:26.9.1-SNAPSHOT (build 8d6af94753ea8446bd13ac1aed2bb79eaf78dc90/1788075753609/main),,,,,,,,,,,,,,,,,,,,,,36.7,36.7,0.0,True,36.9,36.4,2910.8,2843.7,2843.7,0.0,91.3,0.0,184.4,36.6,34785885,23.6,19.0,18.8,0.0,0.1,0.0,0.2,0.1,661156,2934.4,2862.7,0.0,2862.7,184.6,0.0,2862.4,35447041,20260907T184226Z,,,,,,,,,,,,,,,,,,,,,,,,,,,lifecycle_arcadedb_server_graph_gav_lc100k_r2.clientlog,,lifecycle_arcadedb_server_graph_gav_lc100k_r2.serverlog,,,,,,,,,,,,12.23,,,,,,,,,,,,,4g,,,,,,,,,,,,,,,,,,,,,,,,,,,,,,,,,,,,,,,4g,,,,,,,,,,,,,,,,,,,,,,,,,,,,,,,,,,,,,,,,,,,,,,,,,,,,,,,,,,,,,,,,,,,,,,,,,,,,,,,,,,,,,,,,,,,,,,,,,,,,,50.175,,,,,,2.661,5.203,0.0,7.865,3.04,6.361,51.898,61.3,2.992,12.493,1.684,17.169,2.928,13.949,48.122,64.998,2.878,11.052,1.304,15.234,2.808,12.83,47.757,63.395,,,,,,,,,False,,,,,,graph_gav,server,5.549,,,,,
lifecycle_arcadedb_server_graph_lc100k_r2,8d6af9475,lifecycle,arcadedb_server,graph,lc100k,2,paper,0-11,client_server,8g,2026-09-07T18:44:26.021282+00:00,full+client,8g,8.0,0-11,sha256:49058eefd65d6a6a297fa7fc4c2f1600edbf9e3b3d495cbae0f64815498cb9d9,arcadedb-c25:8d6af9475,8g,0.3,0.2,0.2,did not converge,0,False,100000,,server:26.9.1-SNAPSHOT (build 8d6af94753ea8446bd13ac1aed2bb79eaf78dc90/1788075753609/main),,,,,,,,,,,,,,,,,,,,,,31.3,31.3,0.0,True,31.5,31.0,2884.6,2776.1,2772.5,0.0,98.9,0.0,183.9,31.2,32425146,21.9,19.0,19.0,0.0,0.1,0.0,0.2,0.1,622469,2906.5,2795.1,0.0,2795.1,184.1,0.0,2791.4,33047615,20260907T184226Z,,,,,,,,,,,,,,,,,,,,,,,,,,,lifecycle_arcadedb_server_graph_lc100k_r2.clientlog,,lifecycle_arcadedb_server_graph_lc100k_r2.serverlog,,,,,,,,,,,,12.13,,,,,,,,,,,,,4g,,,,,,,,,,,,,,,,,,,,,,,,,,,,,,,,,,,,,,,4g,,,,,,,,,,,,,,,,,,,,,,,,,,,,,,,,,,,,,,,,,,,,,,,,,,,,,,,,,,,,,,,,,,,,,,,,,,,,,,,,,,,,,,,,,,,,,,,,,,,,,40.587,,,,,,2.774,5.403,0.0,8.178,2.517,5.517,3.2,11.233,2.943,24.114,1.769,28.826,3.04,12.561,4.208,19.809,2.542,12.501,1.321,16.363,3.195,12.774,3.9,19.868,,,,,,,,,False,,,,,,graph,server,8.426,,,,,
lifecycle_arcadedb_server_vector_lc100k_r2,8d6af9475,lifecycle,arcadedb_server,vector,lc100k,2,paper,0-11,client_server,8g,2026-09-07T18:46:22.577814+00:00,full+client,8g,8.0,0-11,sha256:49058eefd65d6a6a297fa7fc4c2f1600edbf9e3b3d495cbae0f64815498cb9d9,arcadedb-c25:8d6af9475,8g,0.3,0.2,0.2,did not converge,0,False,100000,,server:26.9.1-SNAPSHOT (build 8d6af94753ea8446bd13ac1aed2bb79eaf78dc90/1788075753609/main),,,,,,,,,,,,,,,,,,,,,,57.3,57.3,0.0,True,57.5,57.0,4391.8,4302.3,4302.2,0.0,102.5,0.0,120.9,57.2,164894911,27.6,22.4,19.9,0.0,0.1,0.0,0.2,0.1,2197456,4419.4,4324.7,0.0,4324.7,121.1,0.0,4322.1,167092367,20260907T184226Z,,,,,,,,,,,,,,,,,,,,,,,,,,,lifecycle_arcadedb_server_vector_lc100k_r2.clientlog,,lifecycle_arcadedb_server_vector_lc100k_r2.serverlog,,,,,,,,,,,,15.29,,,,,,,,,,,,,4g,,,,,,,,,,,,,,,,,,,,,,,,,,,,,,,,,,,,,,,4g,,,,,,,,,,,,,,,,,,,,,,,,,,,,,,,,,,,,,,,,,100000,,,,,,,,,,,,,,,,,,,,,,,,,,,,,,,,,,,,,,,,,,,,,,,,,,,,,,,,,,,,82.89,,,,,,3.879,6.579,0.001,10.459,3.509,8.591,97.48,109.58,3.412,14.258,1.767,19.437,3.374,15.485,93.289,112.148,3.115,15.994,8.984,28.093,4.992,22.893,188.069,215.954,,,,,,,,,False,,,,,,vector,server,7.71,,,,,
lifecycle_arcadedb_server_empty_lc100k_r2,8d6af9475,lifecycle,arcadedb_server,empty,lc100k,2,paper,0-11,client_server,8g,2026-09-07T18:46:58.895373+00:00,full+client,8g,8.0,0-11,sha256:49058eefd65d6a6a297fa7fc4c2f1600edbf9e3b3d495cbae0f64815498cb9d9,arcadedb-c25:8d6af9475,8g,0.3,0.2,0.2,did not converge,0,False,100000,,server:26.9.1-SNAPSHOT (build 8d6af94753ea8446bd13ac1aed2bb79eaf78dc90/1788075753609/main),,,,,,,,,,,,,,,,,,,,,,0.5,0.5,0.0,True,0.7,0.2,323.7,297.0,297.0,0.0,0.4,0.0,3.1,0.4,11129352,21.5,18.2,18.2,0.0,0.1,0.0,0.2,0.1,178766,345.2,315.2,0.0,315.2,3.3,0.0,315.2,11308118,20260907T184226Z,,,,,,,,,,,,,,,,,,,,,,,,,,,lifecycle_arcadedb_server_empty_lc100k_r2.clientlog,,lifecycle_arcadedb_server_empty_lc100k_r2.serverlog,,,,,,,,,,,,0.13,,,,,,,,,,,,,4g,,,,,,,,,,,,,,,,,,,,,,,,,,,,,,,,,,,,,,,4g,,,,,,,,,,,,,,,,,,,,,,,,,,,,,,,,,,,,,,,,,,,,,,,,,,,,,,,,,,,,,,,,,,,,,,,,,,,,,,,,,,,,,,,,,,,,,,,,,,,,,22.178,,,,,,4.554,5.348,0.001,9.903,3.121,4.244,0.001,7.366,3.12,10.199,2.063,15.382,3.106,10.364,2.21,15.681,2.616,10.961,1.909,15.486,4.516,10.83,2.447,17.793,,,,,,,,,False,,,,,,empty,server,8.799,,,,,
lifecycle_arcadedb_server_ts_lc100k_r2,8d6af9475,lifecycle,arcadedb_server,ts,lc100k,2,paper,0-11,client_server,8g,2026-09-07T18:48:59.471008+00:00,full+client,8g,8.0,0-11,sha256:49058eefd65d6a6a297fa7fc4c2f1600edbf9e3b3d495cbae0f64815498cb9d9,arcadedb-c25:8d6af9475,8g,0.3,0.2,0.2,did not converge,0,False,100000,,server:26.9.1-SNAPSHOT (build 8d6af94753ea8446bd13ac1aed2bb79eaf78dc90/1788075753609/main),,,,,,,,,,,,,,,,,,,,,,3.4,3.4,0.0,True,3.6,3.1,2750.9,2718.5,2718.3,0.0,22.4,0.0,10.0,3.3,20229562,24.2,19.1,18.7,0.0,0.1,0.0,0.2,0.1,244037,2775.1,2737.6,0.0,2737.6,10.2,0.0,2737.1,20473599,20260907T184226Z,,,,,,,,,,,,,,,,,,,,,,,,,,,lifecycle_arcadedb_server_ts_lc100k_r2.clientlog,,lifecycle_arcadedb_server_ts_lc100k_r2.serverlog,,,,,,,,,,,,4.16,,,,,,,,,,,,,4g,,,,,,,,,,,,,,,,,,,,,,,,,,,,,,,,,,,,,,,4g,,,,,,,,,,,,,,,,,,,,,,,,,,,,,,,,,,,,,,,,,,,,,,,,,,,,,,,,,,,,,,,,,,,,,,,,,,,,,,,,,,,,,,,,,,,,,,,,,,,,,121.818,,,,,,3.405,8.373,0.0,11.779,4.04,8.393,1.604,14.037,4.08,18.414,1.719,24.212,4.66,19.161,2.773,26.594,3.181,14.906,1.413,19.5,5.049,17.843,3.035,25.927,,,,,,,,,False,,,,,,ts,server,10.038,,,,,
lifecycle_arcadedb_server_doc_lc100k_r2,8d6af9475,lifecycle,arcadedb_server,doc,lc100k,2,paper,0-11,client_server,8g,2026-09-07T18:49:17.978834+00:00,full+client,8g,8.0,0-11,sha256:49058eefd65d6a6a297fa7fc4c2f1600edbf9e3b3d495cbae0f64815498cb9d9,arcadedb-c25:8d6af9475,8g,0.3,0.2,0.2,did not converge,0,False,100000,,server:26.9.1-SNAPSHOT (build 8d6af94753ea8446bd13ac1aed2bb79eaf78dc90/1788075753609/main),,,,,,,,,,,,,,,,,,,,,,3.5,3.5,0.0,True,3.7,3.2,922.2,893.7,890.6,0.0,5.7,0.0,9.3,3.5,13216620,21.0,18.8,18.8,0.0,0.1,0.0,0.2,0.1,244347,943.3,912.4,0.0,912.4,9.5,0.0,909.3,13460967,20260907T184226Z,,,,,,,,,,,,,,,,,,,,,,,,,,,lifecycle_arcadedb_server_doc_lc100k_r2.clientlog,,lifecycle_arcadedb_server_doc_lc100k_r2.serverlog,,,,,,,,,,,,1.04,,,,,,,,,,,,,4g,,,,,,,,,,,,,,,,,,,,,,,,,,,,,,,,,,,,,,,4g,,,,,,,,,,,,,,,,,,,,,,,,,,,,,,,,,,,,,,,,,,,,,,,,,,,,,,,,,,,,,,,,,,,,,,,,,,,,,,,,,,,,,,,,,,,,,,,,,,,,,30.775,,,,,,2.334,4.175,0.0,6.509,3.063,4.52,1.763,9.346,2.964,11.21,1.626,15.8,2.521,11.359,2.68,16.559,2.818,11.832,1.425,16.074,4.203,12.59,3.732,20.525,,,,,,,,,False,,,,,,doc,server,6.236,,,,,
lifecycle_arcadedb_server_sparse_lc100k_r2,8d6af9475,lifecycle,arcadedb_server,sparse,lc100k,2,paper,0-11,client_server,8g,2026-09-07T18:49:32.955607+00:00,full+client,8g,8.0,0-11,sha256:49058eefd65d6a6a297fa7fc4c2f1600edbf9e3b3d495cbae0f64815498cb9d9,arcadedb-c25:8d6af9475,8g,0.3,0.2,0.2,did not converge,0,False,100000,,server:26.9.1-SNAPSHOT (build 8d6af94753ea8446bd13ac1aed2bb79eaf78dc90/1788075753609/main),,,,,,,,,,,,,,,,,,,,,,39.6,39.6,0.0,True,39.8,39.3,4279.6,4190.3,4190.3,0.0,79.1,0.0,84.4,39.5,26040661,27.6,23.9,21.3,0.0,0.1,0.0,0.2,0.1,2822163,4307.2,4214.2,0.0,4214.2,84.6,0.0,4211.6,28862824,20260907T184226Z,,,,,,,,,,,,,,,,,,,,,,,,,,,lifecycle_arcadedb_server_sparse_lc100k_r2.clientlog,,lifecycle_arcadedb_server_sparse_lc100k_r2.serverlog,,,,,,,,,,,,8.85,,,,,,,,,,,,,4g,,,,,,,,,,,,,,,,,,,,,,,,,,,,,,,,,,,,,,,4g,,,,,,,,,,,,,,,,,,,,,,,,,,,,,,,,,,,,,,,,,,,,,,,,,,,,,,,,,,,,,,,,,,,,,,,,,,,,,,,,,,,,,,,,,,,,,,,,,,,,,46.424,,,,,,2.862,4.84,0.0,7.703,3.225,4.784,1.644,9.653,3.194,11.986,1.819,16.999,3.696,12.265,3.186,19.146,4.136,22.512,2.052,28.7,3.655,19.042,4.26,26.958,,,,,,,,,False,,,,,,sparse,server,7.15,,,,,
lifecycle_arcadedb_server_doc_idx10_lc100k_r2,8d6af9475,lifecycle,arcadedb_server,doc_idx10,lc100k,2,paper,0-11,client_server,8g,2026-09-07T18:49:56.039359+00:00,full+client,8g,8.0,0-11,sha256:49058eefd65d6a6a297fa7fc4c2f1600edbf9e3b3d495cbae0f64815498cb9d9,arcadedb-c25:8d6af9475,8g,0.3,0.2,0.2,did not converge,0,False,100000,,server:26.9.1-SNAPSHOT (build 8d6af94753ea8446bd13ac1aed2bb79eaf78dc90/1788075753609/main),,,,,,,,,,,,,,,,,,,,,,20.4,20.4,0.0,True,20.6,20.1,2178.7,2117.4,2117.4,0.0,53.8,0.0,82.9,20.3,16435612,23.9,19.3,19.3,0.0,0.1,0.0,0.2,0.1,352528,2202.6,2136.7,0.0,2136.7,83.1,0.0,2136.7,16788140,20260907T184226Z,,,,,,,,,,,,,,,,,,,,,,,,,,,lifecycle_arcadedb_server_doc_idx10_lc100k_r2.clientlog,,lifecycle_arcadedb_server_doc_idx10_lc100k_r2.serverlog,,,,,,,,,,,,2.98,,,,,,,,,,,,,4g,,,,,,,,,,,,,,,,,,,,,,,,,,,,,,,,,,,,,,,4g,,,,,,,,,,,,,,,,,,,,,,,,,,,,,,,,,,,,,,,,,,,,,,,,,,,,,,,,,,,,,,,,,,,,,,,,,,,,,,,,,,,,,,,,,,,,,,,,,,,,,188.33,,,,,,4.139,19.869,0.001,24.008,4.919,14.59,2.291,21.8,6.33,20.371,2.069,28.77,4.207,18.275,3.458,25.94,6.073,32.444,3.169,41.685,5.187,32.637,4.964,42.789,,,,,,,,,False,,,,,,doc_idx10,server,9.732,,,,,
lifecycle_arcadedb_server_doc_lc100k_r3,8d6af9475,lifecycle,arcadedb_server,doc,lc100k,3,paper,0-11,client_server,8g,2026-09-07T18:43:02.246300+00:00,full+client,8g,8.0,0-11,sha256:49058eefd65d6a6a297fa7fc4c2f1600edbf9e3b3d495cbae0f64815498cb9d9,arcadedb-c25:8d6af9475,8g,0.3,0.2,0.2,did not converge,0,False,100000,,server:26.9.1-SNAPSHOT (build 8d6af94753ea8446bd13ac1aed2bb79eaf78dc90/1788075753609/main),,,,,,,,,,,,,,,,,,,,,,3.5,3.5,0.0,True,3.7,3.2,946.5,919.4,919.4,0.0,4.9,0.0,9.3,3.5,13674037,23.1,18.8,18.8,0.0,0.1,0.0,0.2,0.1,264280,969.5,938.1,0.0,938.1,9.5,0.0,938.1,13938317,20260907T184226Z,,,,,,,,,,,,,,,,,,,,,,,,,,,lifecycle_arcadedb_server_doc_lc100k_r3.clientlog,,lifecycle_arcadedb_server_doc_lc100k_r3.serverlog,,,,,,,,,,,,1.07,,,,,,,,,,,,,4g,,,,,,,,,,,,,,,,,,,,,,,,,,,,,,,,,,,,,,,4g,,,,,,,,,,,,,,,,,,,,,,,,,,,,,,,,,,,,,,,,,,,,,,,,,,,,,,,,,,,,,,,,,,,,,,,,,,,,,,,,,,,,,,,,,,,,,,,,,,,,,29.517,,,,,,2.364,4.267,0.0,6.632,2.896,4.48,1.768,9.144,3.047,11.264,1.685,15.996,2.977,10.968,3.012,16.957,3.126,12.658,1.925,17.709,3.057,11.925,2.882,17.864,,,,,,,,,False,,,,,,doc,server,5.812,,,,,
lifecycle_arcadedb_server_ts_lc100k_r3,8d6af9475,lifecycle,arcadedb_server,ts,lc100k,3,paper,0-11,client_server,8g,2026-09-07T18:43:40.349211+00:00,full+client,8g,8.0,0-11,sha256:49058eefd65d6a6a297fa7fc4c2f1600edbf9e3b3d495cbae0f64815498cb9d9,arcadedb-c25:8d6af9475,8g,0.3,0.2,0.2,did not converge,0,False,100000,,server:26.9.1-SNAPSHOT (build 8d6af94753ea8446bd13ac1aed2bb79eaf78dc90/1788075753609/main),,,,,,,,,,,,,,,,,,,,,,3.4,3.4,0.0,True,3.6,3.1,2750.7,2719.8,2719.8,0.0,22.4,0.0,10.0,3.3,20237973,21.5,19.1,18.7,0.0,0.1,0.0,0.2,0.1,266482,2772.2,2738.9,0.0,2738.9,10.2,0.0,2738.5,20504455,20260907T184226Z,,,,,,,,,,,,,,,,,,,,,,,,,,,lifecycle_arcadedb_server_ts_lc100k_r3.clientlog,,lifecycle_arcadedb_server_ts_lc100k_r3.serverlog,,,,,,,,,,,,4.23,,,,,,,,,,,,,4g,,,,,,,,,,,,,,,,,,,,,,,,,,,,,,,,,,,,,,,4g,,,,,,,,,,,,,,,,,,,,,,,,,,,,,,,,,,,,,,,,,,,,,,,,,,,,,,,,,,,,,,,,,,,,,,,,,,,,,,,,,,,,,,,,,,,,,,,,,,,,,158.619,,,,,,4.103,16.12,0.0,20.223,4.728,12.814,1.728,19.27,4.996,29.346,1.979,36.32,4.965,28.906,2.805,36.676,5.052,32.063,1.873,38.987,3.522,26.09,2.725,32.336,,,,,,,,,False,,,,,,ts,server,8.747,,,,,
lifecycle_arcadedb_server_vector_lc100k_r3,8d6af9475,lifecycle,arcadedb_server,vector,lc100k,3,paper,0-11,client_server,8g,2026-09-07T18:44:52.531809+00:00,full+client,8g,8.0,0-11,sha256:49058eefd65d6a6a297fa7fc4c2f1600edbf9e3b3d495cbae0f64815498cb9d9,arcadedb-c25:8d6af9475,8g,0.3,0.2,0.2,did not converge,0,False,100000,,server:26.9.1-SNAPSHOT (build 8d6af94753ea8446bd13ac1aed2bb79eaf78dc90/1788075753609/main),,,,,,,,,,,,,,,,,,,,,,57.3,57.3,0.0,True,57.5,57.0,4387.4,4293.4,4293.3,0.0,102.5,0.0,211.5,57.2,163952568,27.6,23.7,19.9,0.0,0.1,0.0,0.2,0.1,2111821,4415.0,4317.1,0.0,4317.1,211.7,0.0,4313.3,166064389,20260907T184226Z,,,,,,,,,,,,,,,,,,,,,,,,,,,lifecycle_arcadedb_server_vector_lc100k_r3.clientlog,,lifecycle_arcadedb_server_vector_lc100k_r3.serverlog,,,,,,,,,,,,15.24,,,,,,,,,,,,,4g,,,,,,,,,,,,,,,,,,,,,,,,,,,,,,,,,,,,,,,4g,,,,,,,,,,,,,,,,,,,,,,,,,,,,,,,,,,,,,,,,,100000,,,,,,,,,,,,,,,,,,,,,,,,,,,,,,,,,,,,,,,,,,,,,,,,,,,,,,,,,,,,31.191,,,,,,4.363,6.158,0.0,10.522,3.55,9.471,106.677,119.697,3.327,12.398,1.835,17.559,3.212,15.679,105.016,123.906,3.248,14.508,9.936,27.691,4.905,23.159,183.81,211.875,,,,,,,,,False,,,,,,vector,server,9.426,,,,,
lifecycle_arcadedb_server_graph_lc100k_r3,8d6af9475,lifecycle,arcadedb_server,graph,lc100k,3,paper,0-11,client_server,8g,2026-09-07T18:45:28.231759+00:00,full+client,8g,8.0,0-11,sha256:49058eefd65d6a6a297fa7fc4c2f1600edbf9e3b3d495cbae0f64815498cb9d9,arcadedb-c25:8d6af9475,8g,0.3,0.2,0.2,did not converge,0,False,100000,,server:26.9.1-SNAPSHOT (build 8d6af94753ea8446bd13ac1aed2bb79eaf78dc90/1788075753609/main),,,,,,,,,,,,,,,,,,,,,,31.3,31.3,0.0,True,31.5,31.0,2898.2,2793.2,2793.2,0.0,97.2,0.0,180.3,31.2,32981557,22.6,19.0,18.8,0.0,0.1,0.0,0.2,0.1,630608,2920.9,2812.2,0.0,2812.2,180.5,0.0,2812.0,33612165,20260907T184226Z,,,,,,,,,,,,,,,,,,,,,,,,,,,lifecycle_arcadedb_server_graph_lc100k_r3.clientlog,,lifecycle_arcadedb_server_graph_lc100k_r3.serverlog,,,,,,,,,,,,12.37,,,,,,,,,,,,,4g,,,,,,,,,,,,,,,,,,,,,,,,,,,,,,,,,,,,,,,4g,,,,,,,,,,,,,,,,,,,,,,,,,,,,,,,,,,,,,,,,,,,,,,,,,,,,,,,,,,,,,,,,,,,,,,,,,,,,,,,,,,,,,,,,,,,,,,,,,,,,,39.632,,,,,,2.378,5.443,0.0,7.821,2.56,5.436,2.986,10.982,2.692,11.553,1.545,15.79,2.754,11.818,4.185,18.757,2.856,11.282,1.379,15.517,2.833,12.201,3.617,18.652,,,,,,,,,False,,,,,,graph,server,7.088,,,,,
lifecycle_arcadedb_server_graph_gav_lc100k_r3,8d6af9475,lifecycle,arcadedb_server,graph_gav,lc100k,3,paper,0-11,client_server,8g,2026-09-07T18:45:54.978146+00:00,full+client,8g,8.0,0-11,sha256:49058eefd65d6a6a297fa7fc4c2f1600edbf9e3b3d495cbae0f64815498cb9d9,arcadedb-c25:8d6af9475,8g,0.3,0.2,0.2,did not converge,0,False,100000,,server:26.9.1-SNAPSHOT (build 8d6af94753ea8446bd13ac1aed2bb79eaf78dc90/1788075753609/main),,,,,,,,,,,,,,,,,,,,,,36.7,36.7,0.0,True,36.9,36.4,2897.9,2829.9,2829.9,0.0,98.5,0.0,86.1,36.6,34750433,24.9,19.0,18.8,0.0,0.1,0.0,0.2,0.1,653471,2922.8,2848.9,0.0,2848.9,86.3,0.0,2848.7,35403904,20260907T184226Z,,,,,,,,,,,,,,,,,,,,,,,,,,,lifecycle_arcadedb_server_graph_gav_lc100k_r3.clientlog,,lifecycle_arcadedb_server_graph_gav_lc100k_r3.serverlog,,,,,,,,,,,,12.64,,,,,,,,,,,,,4g,,,,,,,,,,,,,,,,,,,,,,,,,,,,,,,,,,,,,,,4g,,,,,,,,,,,,,,,,,,,,,,,,,,,,,,,,,,,,,,,,,,,,,,,,,,,,,,,,,,,,,,,,,,,,,,,,,,,,,,,,,,,,,,,,,,,,,,,,,,,,,62.522,,,,,,3.018,6.13,0.0,9.149,3.365,10.357,52.173,65.895,3.559,14.99,1.588,20.138,3.059,16.502,50.588,70.148,2.961,12.901,1.324,17.186,2.746,12.574,49.857,65.176,,,,,,,,,False,,,,,,graph_gav,server,7.879,,,,,
lifecycle_arcadedb_server_empty_lc100k_r3,8d6af9475,lifecycle,arcadedb_server,empty,lc100k,3,paper,0-11,client_server,8g,2026-09-07T18:48:44.548550+00:00,full+client,8g,8.0,0-11,sha256:49058eefd65d6a6a297fa7fc4c2f1600edbf9e3b3d495cbae0f64815498cb9d9,arcadedb-c25:8d6af9475,8g,0.3,0.2,0.2,did not converge,0,False,100000,,server:26.9.1-SNAPSHOT (build 8d6af94753ea8446bd13ac1aed2bb79eaf78dc90/1788075753609/main),,,,,,,,,,,,,,,,,,,,,,0.5,0.5,0.0,True,0.7,0.2,298.4,278.4,275.5,0.0,0.4,0.0,3.2,0.4,10787224,24.6,18.4,18.4,0.0,0.1,0.0,0.2,0.1,180198,323.0,296.9,0.0,296.9,3.4,0.0,293.9,10967422,20260907T184226Z,,,,,,,,,,,,,,,,,,,,,,,,,,,lifecycle_arcadedb_server_empty_lc100k_r3.clientlog,,lifecycle_arcadedb_server_empty_lc100k_r3.serverlog,,,,,,,,,,,,0.12,,,,,,,,,,,,,4g,,,,,,,,,,,,,,,,,,,,,,,,,,,,,,,,,,,,,,,4g,,,,,,,,,,,,,,,,,,,,,,,,,,,,,,,,,,,,,,,,,,,,,,,,,,,,,,,,,,,,,,,,,,,,,,,,,,,,,,,,,,,,,,,,,,,,,,,,,,,,,30.908,,,,,,3.074,4.181,0.0,7.255,3.164,4.189,0.001,7.354,3.882,16.893,2.524,23.3,2.646,10.172,1.719,14.538,2.83,10.783,1.785,15.398,2.788,10.938,1.748,15.475,,,,,,,,,False,,,,,,empty,server,7.326,,,,,
lifecycle_arcadedb_server_doc_idx10_lc100k_r3,8d6af9475,lifecycle,arcadedb_server,doc_idx10,lc100k,3,paper,0-11,client_server,8g,2026-09-07T18:50:13.595178+00:00,full+client,8g,8.0,0-11,sha256:49058eefd65d6a6a297fa7fc4c2f1600edbf9e3b3d495cbae0f64815498cb9d9,arcadedb-c25:8d6af9475,8g,0.3,0.2,0.2,did not converge,0,False,100000,,server:26.9.1-SNAPSHOT (build 8d6af94753ea8446bd13ac1aed2bb79eaf78dc90/1788075753609/main),,,,,,,,,,,,,,,,,,,,,,20.4,20.4,0.0,True,20.6,20.1,2097.7,2042.1,2042.1,0.0,53.8,0.0,82.9,20.3,16788700,23.7,19.3,19.3,0.0,0.1,0.0,0.2,0.1,355280,2121.4,2061.4,0.0,2061.4,83.1,0.0,2061.4,17143980,20260907T184226Z,,,,,,,,,,,,,,,,,,,,,,,,,,,lifecycle_arcadedb_server_doc_idx10_lc100k_r3.clientlog,,lifecycle_arcadedb_server_doc_idx10_lc100k_r3.serverlog,,,,,,,,,,,,2.95,,,,,,,,,,,,,4g,,,,,,,,,,,,,,,,,,,,,,,,,,,,,,,,,,,,,,,4g,,,,,,,,,,,,,,,,,,,,,,,,,,,,,,,,,,,,,,,,,,,,,,,,,,,,,,,,,,,,,,,,,,,,,,,,,,,,,,,,,,,,,,,,,,,,,,,,,,,,,106.736,,,,,,3.937,8.696,0.001,12.634,4.21,8.402,2.391,15.004,4.078,17.4,1.556,23.033,3.71,16.695,3.353,23.759,4.805,32.438,2.733,39.976,6.46,32.194,5.811,44.465,,,,,,,,,False,,,,,,doc_idx10,server,9.448,,,,,
lifecycle_arcadedb_server_sparse_lc100k_r3,8d6af9475,lifecycle,arcadedb_server,sparse,lc100k,3,paper,0-11,client_server,8g,2026-09-07T18:51:00.279134+00:00,full+client,8g,8.0,0-11,sha256:49058eefd65d6a6a297fa7fc4c2f1600edbf9e3b3d495cbae0f64815498cb9d9,arcadedb-c25:8d6af9475,8g,0.3,0.2,0.2,did not converge,0,False,100000,,server:26.9.1-SNAPSHOT (build 8d6af94753ea8446bd13ac1aed2bb79eaf78dc90/1788075753609/main),,,,,,,,,,,,,,,,,,,,,,39.6,39.6,0.0,True,39.8,39.3,4283.3,4191.4,4191.4,0.0,79.1,0.0,159.7,39.5,25472713,28.4,23.9,21.3,0.0,0.1,0.0,0.2,0.1,2872138,4311.8,4215.2,0.0,4215.2,159.9,0.0,4212.7,28344851,20260907T184226Z,,,,,,,,,,,,,,,,,,,,,,,,,,,lifecycle_arcadedb_server_sparse_lc100k_r3.clientlog,,lifecycle_arcadedb_server_sparse_lc100k_r3.serverlog,,,,,,,,,,,,8.79,,,,,,,,,,,,,4g,,,,,,,,,,,,,,,,,,,,,,,,,,,,,,,,,,,,,,,4g,,,,,,,,,,,,,,,,,,,,,,,,,,,,,,,,,,,,,,,,,,,,,,,,,,,,,,,,,,,,,,,,,,,,,,,,,,,,,,,,,,,,,,,,,,,,,,,,,,,,,40.172,,,,,,2.757,4.777,0.0,7.535,3.442,5.996,2.047,11.485,2.984,11.178,1.683,15.844,3.564,12.664,3.178,19.406,3.571,22.03,1.879,27.481,3.54,20.092,4.24,27.872,,,,,,,,,False,,,,,,sparse,server,6.57,,,,,
lifecycle_arcadedb_embedded_doc_lc10k_r1,8d6af9475,lifecycle,arcadedb_embedded,doc,lc10k,1,paper,0-11,embedded,8g,2026-08-31T22:20:38+00:00,,,,,,,,,0.2,0.2,did not converge,0,False,10000,,26.9.1.dev0,,,,,,,,,,,,,,,,,,,,,,,,,,0.2,0.0,,,,,,,,,,357.5,350.8,350.8,0.0,0.7,1.5,7.4,0.5,5927273,357.5,350.8,0.0,350.8,7.4,1.5,350.8,5927273,20260831T222029Z,,,,,,,,,,,,,,,,,,,,,,,,,,,,,,,64,,,,,,,,,,0.875,,,,,,,,,,,,,4g,l5_lifecycle.py,engine,container:8dba6e7f6a03 (host unknown),dbbench:arcadedb,,,,,,,,,,,,,,,,,,,,,,,,,,,,,,,,,,,,,,,,,,,,,,,,,,,,,,,,,,,,,,,,,,,,,,,,,,,,,,,,,,,,,,,,,,,,,,,,,,,,,,,,,,,,,,,,,,,,,,,,,,,,,,,,,,,ext4,5,2,6.407,9.654,33.867,83.422,181.636,142.655,439.106,warm-page-cache,2.324,3.633,0.001,5.958,1.61,3.432,0.244,5.286,2.174,10.863,0.52,13.557,2.205,10.745,0.785,13.735,2.002,10.688,1.089,13.778,1.819,10.673,1.276,13.768,433.149,2.067,3.605,1.73,3.581,0.317,5.628,True,False,,,,,,,,,,,,,
lifecycle_arcadedb_embedded_vector_lc10k_r1,8d6af9475,lifecycle,arcadedb_embedded,vector,lc10k,1,paper,0-11,embedded,8g,2026-08-31T22:20:43+00:00,,,,,,,,,0.2,0.2,did not converge,0,False,10000,,26.9.1.dev0,,,,,,,,,,,,,,,,,,,,,,,,,,0.2,0.0,,,,,,,,,,2837.3,2816.5,2816.5,0.0,10.4,15.7,62.8,6.1,87382962,2837.3,2816.5,0.0,2816.5,62.8,15.7,2816.5,87382962,20260831T222029Z,,,,,,,,,,,,,,,,,,,,,,,,,,,,,,,64,,,,,,,,,,2.614,,,,,,,,,,,,,4g,l5_lifecycle.py,engine,container:b3d66733f144 (host unknown),dbbench:arcadedb,,,,,,,,,,,,,,,,,,,,,,,,,,,,,,,,,,,,,,,,,,,,,,,,,,,,,,,,,,,,,,,,,,,,,,,,,,,,,,,,,,,,,,,,,,,,,,,,,,,,,,,,,,,,,,,,,,,,,,,,,,,,,,,,,,,ext4,5,2,2.452,7.782,47.325,77.748,187.605,193.428,489.403,warm-page-cache,1.902,6.588,0.001,8.49,2.242,6.265,12.935,21.443,1.996,13.246,0.437,15.679,1.963,12.567,10.4,24.93,2.22,12.918,1.92,17.058,2.101,539.292,14.366,555.759,480.913,2.183,11.472,1.623,264.798,9.147,275.568,True,False,1.57,11.27,2.513,True,"{'vectorCacheHits': 20, 'unverifiedGraphReuses': 0, 'estimatedRebuildWork': 1002700, 'compactedPages': 0, 'closeTimeRebuildPending': 1, 'graphNodeCount': 10027, 'stalePrefixGraphReuses': 1, 'asyncRebuildInProgress': 1, 'deltaVectorsCount': 1, 'rebuildSnapshotGeneration': 1, 'groupedSearchesMergingDelta': 0, 'deltaScanBudget': 172, 'searchOperations': 1, 'liveVectorCacheSize': 0, 'compactionCount': 0, 'beamWidth': 100, 'groupedSearchesGroupsUnavailable': 0, 'vectorFetchFromQuantized': 0, 'deltaScanWorkTarget': 1002700, 'estimatedLocationIndexBytes': 277864, 'totalVectors': 10028, 'graphRebuildCount': 0, 'estimatedOrdinalMapBytes': 40108, 'maxConnections': 32, 'mutablePages': 1, 'preFilterSearches': 0, 'rebuildsDeferredForMemory': 0, 'groupedSearchesShortOfLimit': 0, 'bruteForceScans': 0, 'avgInsertLatencyMs': 0, 'mutationsSinceRebuild': 1, 'vectorFetchFromDocuments': 174, 'searchVectorCacheCapacity': 16384, 'deltaScanWorkSinceRebuild': 1, 'deletedVectors': 0, 'avgSearchLatencyMs': 9, 'pooledGraphSearchers': 1, 'graphState': 2, 'mutationsThreshold': 100, 'effectiveMutationsThreshold': 2005, 'persistedGraphNodeCount': 10027, 'graphBuildParallelism': 11, 'insertOperations': 0, 'graphWalkVisitedAvg': 172, 'vectorCacheMisses': 173, 'vectorFetchFromGraph': 0, 'activeVectors': 10028, 'dimensions': 64, 'vector_stats_mode': 'read'}",,,,,,,,
lifecycle_arcadedb_embedded_doc_idx10_lc10k_r1,8d6af9475,lifecycle,arcadedb_embedded,doc_idx10,lc10k,1,paper,0-11,embedded,8g,2026-08-31T22:21:44+00:00,,,,,,,,,0.2,0.2,did not converge,0,False,10000,,26.9.1.dev0,,,,,,,,,,,,,,,,,,,,,,,,,,0.2,0.0,,,,,,,,,,795.8,785.9,785.9,0.0,7.8,36.5,143.7,3.0,8280146,795.8,785.9,0.0,785.9,143.7,36.5,785.9,8280146,20260831T222029Z,,,,,,,,,,,,,,,,,,,,,,,,,,,,,,,64,,,,,,,,,,1.364,,,,,,,,,,,,,4g,l5_lifecycle.py,engine,container:c142f2b7ae40 (host unknown),dbbench:arcadedb,,,,,,,,,,,,,,,,,,,,,,,,,,,,,,,,,,,,,,,,,,,,,,,,,,,,,,,,,,,,,,,,,,,,,,,,,,,,,,,,,,,,,,,,,,,,,,,,,,,,,,,,,,,,,,,,,,,,,,,,,,,,,,,,,,,ext4,5,2,9.251,12.521,172.064,80.131,178.87,171.787,483.26,warm-page-cache,3.985,18.619,0.001,22.606,3.725,17.714,0.801,22.24,6.683,35.037,0.552,42.272,4.873,16.716,1.166,22.756,4.75,31.657,2.376,38.783,4.679,31.393,3.066,39.137,460.656,4.733,16.073,4.617,15.595,0.8,21.012,True,False,,,,,,,,,,,,,
lifecycle_arcadedb_embedded_ts_lc10k_r1,8d6af9475,lifecycle,arcadedb_embedded,ts,lc10k,1,paper,0-11,embedded,8g,2026-08-31T22:22:08+00:00,,,,,,,,,0.2,0.2,did not converge,0,False,10000,,26.9.1.dev0,,,,,,,,,,,,,,,,,,,,,,,,,,0.2,0.0,,,,,,,,,,2040.1,2028.7,2028.7,0.0,4.9,22.7,13.4,1.8,9400066,2040.1,2028.7,0.0,2028.7,13.4,22.7,2028.7,9400066,20260831T222029Z,,,,,,,,,,,,,,,,,,,,,,,,,,,,,,,64,,,,,,,,,,1.981,,,,,,,,,,,,,4g,l5_lifecycle.py,engine,container:c2c737a2ac4c (host unknown),dbbench:arcadedb,,,,,,,,,,,,,,,,,,,,,,,,,,,,,,,,,,,,,,,,,,,,,,,,,,,,,,,,,,,,,,,,,,,,,,,,,,,,,,,,,,,,,,,,,,,,,,,,,,,,,,,,,,,,,,,,,,,,,,,,,,,,,,,,,,,ext4,5,2,6.565,8.38,116.795,77.943,175.774,160.159,451.266,warm-page-cache,2.882,8.345,0.001,11.227,2.648,8.231,0.298,11.177,3.082,17.644,0.57,21.296,2.8,16.093,0.704,19.596,3.676,18.57,0.461,22.708,3.803,30.684,0.765,35.251,440.039,4.671,30.632,4.766,28.37,0.384,33.52,True,False,,,,,,,,,,,,,
lifecycle_arcadedb_embedded_sparse_lc10k_r1,8d6af9475,lifecycle,arcadedb_embedded,sparse,lc10k,1,paper,0-11,embedded,8g,2026-08-31T22:22:17+00:00,,,,,,,,,0.2,0.2,did not converge,0,False,10000,,26.9.1.dev0,,,,,,,,,,,,,,,,,,,,,,,,,,0.2,0.0,,,,,,,,,,1088.1,1074.1,1006.7,0.0,8.0,10.6,27.4,4.0,9381572,1088.1,1074.1,0.0,1074.1,27.4,10.6,1006.7,9381572,20260831T222029Z,,,,,,,,,,,,,,,,,,,,,,,,,,,,,,,64,,,,,,,,,,1.854,,,,,,,,,,,,,4g,l5_lifecycle.py,engine,container:67603bb27186 (host unknown),dbbench:arcadedb,,,,,,,,,,,,,,,,,,,,,,,,,,,,,,,,,,,,,,,,,,,,,,,,,,,,,,,,,,,,,,,,,,,,,,,,,,,,,,,,,,,,,,,,,,,,,,,,,,,,,,,,,,,,,,,,,,,,,,,,,,,,,,,,,,,ext4,5,2,4.496,7.322,50.782,79.253,182.916,173.41,464.782,warm-page-cache,1.957,4.179,0.001,6.137,1.614,10.478,0.44,12.532,1.841,15.512,0.461,17.814,2.769,14.913,0.941,18.623,4.443,29.906,1.426,35.775,3.395,20.18,3.343,26.918,458.646,1.653,11.964,2.079,12.011,0.977,15.068,True,False,,,,,,,,,,,,,
lifecycle_arcadedb_embedded_empty_lc10k_r1,8d6af9475,lifecycle,arcadedb_embedded,empty,lc10k,1,paper,0-11,embedded,8g,2026-08-31T22:22:20+00:00,,,,,,,,,0.2,0.2,did not converge,0,False,10000,,26.9.1.dev0,,,,,,,,,,,,,,,,,,,,,,,,,,0.2,0.0,,,,,,,,,,242.6,235.0,235.0,0.0,0.3,1.1,6.5,0.3,4542735,242.6,235.0,0.0,235.0,6.5,1.1,235.0,4542735,20260831T222029Z,,,,,,,,,,,,,,,,,,,,,,,,,,,,,,,64,,,,,,,,,,0.563,,,,,,,,,,,,,4g,l5_lifecycle.py,engine,container:ab4344150a60 (host unknown),dbbench:arcadedb,,,,,,,,,,,,,,,,,,,,,,,,,,,,,,,,,,,,,,,,,,,,,,,,,,,,,,,,,,,,,,,,,,,,,,,,,,,,,,,,,,,,,,,,,,,,,,,,,,,,,,,,,,,,,,,,,,,,,,,,,,,,,,,,,,,ext4,5,2,2.956,3.047,15.304,78.582,180.055,164.19,449.316,warm-page-cache,1.437,2.998,0.001,4.436,1.215,3.024,0.001,4.24,1.861,9.799,0.866,12.526,2.37,10.905,0.967,14.242,2.268,10.751,0.863,13.882,2.547,11.582,1.046,15.176,444.881,2.071,3.51,1.837,3.116,0.001,4.954,True,False,,,,,,,,,,,,,
lifecycle_arcadedb_embedded_graph_lc10k_r1,8d6af9475,lifecycle,arcadedb_embedded,graph,lc10k,1,paper,0-11,embedded,8g,2026-08-31T22:23:29+00:00,,,,,,,,,0.2,0.2,did not converge,0,False,10000,,26.9.1.dev0,,,,,,,,,,,,,,,,,,,,,,,,,,0.2,0.0,,,,,,,,,,2076.4,2053.0,286.8,0.0,9.0,1.7,13.5,0.6,17526177,2076.4,2053.0,0.0,2053.0,13.5,1.7,286.8,17526177,20260831T222029Z,,,,,,,,,,,,,,,,,,,,,,,,,,,,,,,64,,,,,,,,,,3.752,,,,,,,,,,,,,4g,l5_lifecycle.py,engine,container:58317c0548b8 (host unknown),dbbench:arcadedb,,,,,,,,,,,,,,,,,,,,,,,,,,,,,,,,,,,,,,,,,,,,,,,,,,,,,,,,,,,,,,,,,,,,,,,,,,,,,,,,,,,,,,,,,,,,,,,,,,,,,,,,,,,,,,,,,,,,,,,,,,,,,,,,,,,ext4,5,2,3.269,4.774,52.563,82.929,195.663,162.096,472.859,warm-page-cache,1.475,4.456,0.001,5.932,1.654,4.639,2.135,8.429,2.014,11.327,0.601,13.943,1.864,11.103,1.811,14.779,1.935,9.758,0.573,12.266,1.764,9.983,1.895,13.642,466.928,1.691,4.592,1.939,10.217,1.379,13.535,True,False,,,,,,,,,,,,,
lifecycle_arcadedb_embedded_ts_lc10k_r2,8d6af9475,lifecycle,arcadedb_embedded,ts,lc10k,2,paper,0-11,embedded,8g,2026-08-31T22:20:55+00:00,,,,,,,,,0.2,0.2,did not converge,0,False,10000,,26.9.1.dev0,,,,,,,,,,,,,,,,,,,,,,,,,,0.2,0.0,,,,,,,,,,2075.4,2045.5,1534.0,0.0,4.9,22.7,13.7,1.8,9843066,2075.4,2045.5,0.0,2045.5,13.7,22.7,1534.0,9843066,20260831T222029Z,,,,,,,,,,,,,,,,,,,,,,,,,,,,,,,64,,,,,,,,,,2.002,,,,,,,,,,,,,4g,l5_lifecycle.py,engine,container:bbf5124a06c3 (host unknown),dbbench:arcadedb,,,,,,,,,,,,,,,,,,,,,,,,,,,,,,,,,,,,,,,,,,,,,,,,,,,,,,,,,,,,,,,,,,,,,,,,,,,,,,,,,,,,,,,,,,,,,,,,,,,,,,,,,,,,,,,,,,,,,,,,,,,,,,,,,,,ext4,5,2,9.464,13.256,166.169,76.515,190.775,176.194,493.967,warm-page-cache,5.222,16.547,0.001,21.77,2.478,8.493,0.259,11.23,3.68,17.654,0.624,21.957,3.895,16.85,0.836,21.581,2.776,22.644,0.423,25.843,2.703,14.902,0.697,18.302,472.198,3.586,17.53,3.352,16.362,0.33,20.044,True,False,,,,,,,,,,,,,
lifecycle_arcadedb_embedded_graph_lc10k_r2,8d6af9475,lifecycle,arcadedb_embedded,graph,lc10k,2,paper,0-11,embedded,8g,2026-08-31T22:21:19+00:00,,,,,,,,,0.2,0.2,did not converge,0,False,10000,,26.9.1.dev0,,,,,,,,,,,,,,,,,,,,,,,,,,0.2,0.0,,,,,,,,,,2105.8,2095.9,2095.9,0.0,9.0,1.7,13.0,0.6,16499102,2105.8,2095.9,0.0,2095.9,13.0,1.7,2095.9,16499102,20260831T222029Z,,,,,,,,,,,,,,,,,,,,,,,,,,,,,,,64,,,,,,,,,,3.696,,,,,,,,,,,,,4g,l5_lifecycle.py,engine,container:7e7ae744896c (host unknown),dbbench:arcadedb,,,,,,,,,,,,,,,,,,,,,,,,,,,,,,,,,,,,,,,,,,,,,,,,,,,,,,,,,,,,,,,,,,,,,,,,,,,,,,,,,,,,,,,,,,,,,,,,,,,,,,,,,,,,,,,,,,,,,,,,,,,,,,,,,,,ext4,5,2,3.452,5.01,51.892,79.562,189.69,144.635,441.872,warm-page-cache,1.632,4.837,0.001,6.469,1.626,4.985,1.997,8.609,2.411,12.381,0.588,15.379,2.31,11.868,2.029,16.207,2.169,11.183,0.509,13.861,1.786,10.358,1.781,13.925,435.403,1.618,4.771,1.866,10.822,1.377,14.065,True,False,,,,,,,,,,,,,
lifecycle_arcadedb_embedded_sparse_lc10k_r2,8d6af9475,lifecycle,arcadedb_embedded,sparse,lc10k,2,paper,0-11,embedded,8g,2026-08-31T22:21:23+00:00,,,,,,,,,0.2,0.2,did not converge,0,False,10000,,26.9.1.dev0,,,,,,,,,,,,,,,,,,,,,,,,,,0.2,0.0,,,,,,,,,,1082.1,1051.0,282.6,0.0,6.1,10.6,28.8,3.8,9295278,1082.1,1051.0,0.0,1051.0,28.8,10.6,282.6,9295278,20260831T222029Z,,,,,,,,,,,,,,,,,,,,,,,,,,,,,,,64,,,,,,,,,,1.806,,,,,,,,,,,,,4g,l5_lifecycle.py,engine,container:7293c9a6fc88 (host unknown),dbbench:arcadedb,,,,,,,,,,,,,,,,,,,,,,,,,,,,,,,,,,,,,,,,,,,,,,,,,,,,,,,,,,,,,,,,,,,,,,,,,,,,,,,,,,,,,,,,,,,,,,,,,,,,,,,,,,,,,,,,,,,,,,,,,,,,,,,,,,,ext4,5,2,3.537,4.037,39.166,80.461,187.367,164.047,459.115,warm-page-cache,1.446,3.805,0.001,5.251,1.61,3.837,0.397,5.844,1.92,10.893,0.434,13.247,1.997,11.304,0.836,14.137,2.183,20.027,0.735,22.945,2.5,19.169,2.575,24.243,453.864,1.995,11.708,2.54,13.075,1.132,16.747,True,False,,,,,,,,,,,,,
lifecycle_arcadedb_embedded_doc_idx10_lc10k_r2,8d6af9475,lifecycle,arcadedb_embedded,doc_idx10,lc10k,2,paper,0-11,embedded,8g,2026-08-31T22:21:49+00:00,,,,,,,,,0.2,0.2,did not converge,0,False,10000,,26.9.1.dev0,,,,,,,,,,,,,,,,,,,,,,,,,,0.2,0.0,,,,,,,,,,808.1,798.4,798.4,0.0,6.4,36.5,149.9,3.0,8131900,808.1,798.4,0.0,798.4,149.9,36.5,798.4,8131900,20260831T222029Z,,,,,,,,,,,,,,,,,,,,,,,,,,,,,,,64,,,,,,,,,,1.309,,,,,,,,,,,,,4g,l5_lifecycle.py,engine,container:4cd42e79f492 (host unknown),dbbench:arcadedb,,,,,,,,,,,,,,,,,,,,,,,,,,,,,,,,,,,,,,,,,,,,,,,,,,,,,,,,,,,,,,,,,,,,,,,,,,,,,,,,,,,,,,,,,,,,,,,,,,,,,,,,,,,,,,,,,,,,,,,,,,,,,,,,,,,ext4,5,2,6.293,7.336,106.705,78.147,189.299,160.88,460.779,warm-page-cache,2.79,7.715,0.001,10.506,3.308,7.611,0.79,11.709,3.93,16.625,0.453,21.008,4.732,16.339,1.152,22.223,4.973,32.7,2.448,40.121,5.078,31.33,3.065,39.473,450.274,4.8,15.176,4.718,15.135,0.847,20.7,True,False,,,,,,,,,,,,,
lifecycle_arcadedb_embedded_doc_lc10k_r2,8d6af9475,lifecycle,arcadedb_embedded,doc,lc10k,2,paper,0-11,embedded,8g,2026-08-31T22:22:13+00:00,,,,,,,,,0.2,0.2,did not converge,0,False,10000,,26.9.1.dev0,,,,,,,,,,,,,,,,,,,,,,,,,,0.2,0.0,,,,,,,,,,368.8,362.4,362.4,0.0,0.7,1.5,6.7,0.5,6015189,368.8,362.4,0.0,362.4,6.7,1.5,362.4,6015189,20260831T222029Z,,,,,,,,,,,,,,,,,,,,,,,,,,,,,,,64,,,,,,,,,,0.893,,,,,,,,,,,,,4g,l5_lifecycle.py,engine,container:cdf80a395ddf (host unknown),dbbench:arcadedb,,,,,,,,,,,,,,,,,,,,,,,,,,,,,,,,,,,,,,,,,,,,,,,,,,,,,,,,,,,,,,,,,,,,,,,,,,,,,,,,,,,,,,,,,,,,,,,,,,,,,,,,,,,,,,,,,,,,,,,,,,,,,,,,,,,ext4,5,2,2.725,3.476,32.149,83.877,175.467,151.541,438.074,warm-page-cache,1.496,3.266,0.001,4.762,1.537,3.409,0.26,5.206,1.865,9.681,0.595,12.14,1.824,9.703,0.748,12.275,1.755,10.534,0.996,13.284,1.613,10.268,1.169,13.05,433.312,1.699,3.585,1.707,3.556,0.317,5.58,True,False,,,,,,,,,,,,,
lifecycle_arcadedb_embedded_vector_lc10k_r2,8d6af9475,lifecycle,arcadedb_embedded,vector,lc10k,2,paper,0-11,embedded,8g,2026-08-31T22:22:53+00:00,,,,,,,,,0.2,0.2,did not converge,0,False,10000,,26.9.1.dev0,,,,,,,,,,,,,,,,,,,,,,,,,,0.2,0.0,,,,,,,,,,2818.5,2798.9,2798.9,0.0,10.4,15.6,59.8,6.1,82962250,2818.5,2798.9,0.0,2798.9,59.8,15.6,2798.9,82962250,20260831T222029Z,,,,,,,,,,,,,,,,,,,,,,,,,,,,,,,64,,,,,,,,,,2.609,,,,,,,,,,,,,4g,l5_lifecycle.py,engine,container:f70bdcdb0e80 (host unknown),dbbench:arcadedb,,,,,,,,,,,,,,,,,,,,,,,,,,,,,,,,,,,,,,,,,,,,,,,,,,,,,,,,,,,,,,,,,,,,,,,,,,,,,,,,,,,,,,,,,,,,,,,,,,,,,,,,,,,,,,,,,,,,,,,,,,,,,,,,,,,ext4,5,2,5.659,19.09,87.313,80.991,178.101,201.879,516.354,warm-page-cache,2.776,18.957,0.001,21.734,2.262,11.229,11.994,25.485,4.364,34.556,0.732,39.653,2.228,13.642,10.847,26.717,2.468,14.522,2.028,19.019,2.186,478.366,13.896,494.448,494.621,2.304,13.879,1.833,21.189,335.635,358.657,True,False,1.578,11.096,2.473,True,"{'vectorCacheHits': 20, 'unverifiedGraphReuses': 0, 'estimatedRebuildWork': 1002800, 'compactedPages': 0, 'closeTimeRebuildPending': 0, 'graphNodeCount': 10028, 'stalePrefixGraphReuses': 0, 'asyncRebuildInProgress': 0, 'deltaVectorsCount': 6, 'rebuildSnapshotGeneration': 1, 'groupedSearchesMergingDelta': 0, 'deltaScanBudget': 107, 'searchOperations': 1, 'liveVectorCacheSize': 0, 'compactionCount': 0, 'beamWidth': 100, 'groupedSearchesGroupsUnavailable': 0, 'vectorFetchFromQuantized': 0, 'deltaScanWorkTarget': 1002800, 'estimatedLocationIndexBytes': 343204, 'totalVectors': 10028, 'graphRebuildCount': 1, 'estimatedOrdinalMapBytes': 40112, 'maxConnections': 32, 'mutablePages': 1, 'preFilterSearches': 0, 'rebuildsDeferredForMemory': 0, 'groupedSearchesShortOfLimit': 0, 'bruteForceScans': 0, 'avgInsertLatencyMs': 0, 'mutationsSinceRebuild': 0, 'vectorFetchFromDocuments': 108, 'searchVectorCacheCapacity': 16384, 'deltaScanWorkSinceRebuild': 6, 'deletedVectors': 0, 'avgSearchLatencyMs': 335, 'pooledGraphSearchers': 1, 'graphState': 1, 'mutationsThreshold': 100, 'effectiveMutationsThreshold': 2005, 'persistedGraphNodeCount': 10028, 'graphBuildParallelism': 11, 'insertOperations': 0, 'graphWalkVisitedAvg': 107, 'vectorCacheMisses': 108, 'vectorFetchFromGraph': 0, 'activeVectors': 10028, 'dimensions': 64, 'vector_stats_mode': 'read'}",,,,,,,,
lifecycle_arcadedb_embedded_empty_lc10k_r2,8d6af9475,lifecycle,arcadedb_embedded,empty,lc10k,2,paper,0-11,embedded,8g,2026-08-31T22:23:39+00:00,,,,,,,,,0.2,0.2,did not converge,0,False,10000,,26.9.1.dev0,,,,,,,,,,,,,,,,,,,,,,,,,,0.2,0.0,,,,,,,,,,259.1,251.5,232.3,0.0,0.3,1.1,5.7,0.3,4735050,259.1,251.5,0.0,251.5,5.7,1.1,232.3,4735050,20260831T222029Z,,,,,,,,,,,,,,,,,,,,,,,,,,,,,,,64,,,,,,,,,,0.611,,,,,,,,,,,,,4g,l5_lifecycle.py,engine,container:e4371072a603 (host unknown),dbbench:arcadedb,,,,,,,,,,,,,,,,,,,,,,,,,,,,,,,,,,,,,,,,,,,,,,,,,,,,,,,,,,,,,,,,,,,,,,,,,,,,,,,,,,,,,,,,,,,,,,,,,,,,,,,,,,,,,,,,,,,,,,,,,,,,,,,,,,,ext4,5,2,5.958,13.521,36.542,82.48,184.765,168.159,469.4,warm-page-cache,1.977,3.662,0.001,5.64,1.928,13.943,0.001,15.872,2.409,19.252,1.079,22.74,3.315,16.823,1.232,21.37,1.937,10.118,0.75,12.805,2.331,10.475,0.839,13.645,463.761,1.727,3.174,1.676,3.105,0.001,4.782,True,False,,,,,,,,,,,,,
lifecycle_arcadedb_embedded_doc_idx10_lc10k_r3,8d6af9475,lifecycle,arcadedb_embedded,doc_idx10,lc10k,3,paper,0-11,embedded,8g,2026-08-31T22:20:34+00:00,,,,,,,,,0.2,0.2,did not converge,0,False,10000,,26.9.1.dev0,,,,,,,,,,,,,,,,,,,,,,,,,,0.2,0.0,,,,,,,,,,810.7,801.4,801.4,0.0,6.4,36.5,153.5,3.0,8091056,810.7,801.4,0.0,801.4,153.5,36.5,801.4,8091056,20260831T222029Z,,,,,,,,,,,,,,,,,,,,,,,,,,,,,,,64,,,,,,,,,,1.298,,,,,,,,,,,,,4g,l5_lifecycle.py,engine,container:822825b1bd5f (host unknown),dbbench:arcadedb,,,,,,,,,,,,,,,,,,,,,,,,,,,,,,,,,,,,,,,,,,,,,,,,,,,,,,,,,,,,,,,,,,,,,,,,,,,,,,,,,,,,,,,,,,,,,,,,,,,,,,,,,,,,,,,,,,,,,,,,,,,,,,,,,,,ext4,5,2,6.578,7.699,106.21,77.399,180.109,160.997,450.254,warm-page-cache,3.205,8.282,0.001,11.488,3.176,7.759,0.744,11.679,3.5,14.878,0.434,18.812,3.805,16.457,1.163,21.425,5.026,32.043,2.4,39.468,4.675,31.289,3.047,39.011,438.767,6.396,16.424,4.443,13.619,0.802,18.864,True,False,,,,,,,,,,,,,
lifecycle_arcadedb_embedded_vector_lc10k_r3,8d6af9475,lifecycle,arcadedb_embedded,vector,lc10k,3,paper,0-11,embedded,8g,2026-08-31T22:21:01+00:00,,,,,,,,,0.2,0.2,did not converge,0,False,10000,,26.9.1.dev0,,,,,,,,,,,,,,,,,,,,,,,,,,0.2,0.0,,,,,,,,,,2811.3,2791.0,2791.0,0.0,10.4,15.6,59.8,6.1,88876791,2811.3,2791.0,0.0,2791.0,59.8,15.6,2791.0,88876791,20260831T222029Z,,,,,,,,,,,,,,,,,,,,,,,,,,,,,,,64,,,,,,,,,,2.836,,,,,,,,,,,,,4g,l5_lifecycle.py,engine,container:7b47b18f14ac (host unknown),dbbench:arcadedb,,,,,,,,,,,,,,,,,,,,,,,,,,,,,,,,,,,,,,,,,,,,,,,,,,,,,,,,,,,,,,,,,,,,,,,,,,,,,,,,,,,,,,,,,,,,,,,,,,,,,,,,,,,,,,,,,,,,,,,,,,,,,,,,,,,ext4,5,2,3.148,8.606,46.805,78.088,191.267,194.172,492.339,warm-page-cache,1.912,6.389,0.001,8.302,2.418,6.442,15.245,24.105,2.038,12.82,0.456,15.314,2.033,12.89,11.172,26.096,2.296,15.273,1.483,19.052,2.136,555.42,14.453,572.01,484.038,2.413,15.585,1.573,21.506,297.815,320.894,True,False,1.802,11.707,2.9,True,"{'vectorCacheHits': 20, 'unverifiedGraphReuses': 0, 'estimatedRebuildWork': 1002800, 'compactedPages': 0, 'closeTimeRebuildPending': 0, 'graphNodeCount': 10028, 'stalePrefixGraphReuses': 0, 'asyncRebuildInProgress': 0, 'deltaVectorsCount': 6, 'rebuildSnapshotGeneration': 1, 'groupedSearchesMergingDelta': 0, 'deltaScanBudget': 109, 'searchOperations': 1, 'liveVectorCacheSize': 0, 'compactionCount': 0, 'beamWidth': 100, 'groupedSearchesGroupsUnavailable': 0, 'vectorFetchFromQuantized': 0, 'deltaScanWorkTarget': 1002800, 'estimatedLocationIndexBytes': 343204, 'totalVectors': 10028, 'graphRebuildCount': 1, 'estimatedOrdinalMapBytes': 40112, 'maxConnections': 32, 'mutablePages': 1, 'preFilterSearches': 0, 'rebuildsDeferredForMemory': 0, 'groupedSearchesShortOfLimit': 0, 'bruteForceScans': 0, 'avgInsertLatencyMs': 0, 'mutationsSinceRebuild': 0, 'vectorFetchFromDocuments': 110, 'searchVectorCacheCapacity': 16384, 'deltaScanWorkSinceRebuild': 6, 'deletedVectors': 0, 'avgSearchLatencyMs': 382, 'pooledGraphSearchers': 1, 'graphState': 1, 'mutationsThreshold': 100, 'effectiveMutationsThreshold': 2005, 'persistedGraphNodeCount': 10028, 'graphBuildParallelism': 11, 'insertOperations': 0, 'graphWalkVisitedAvg': 109, 'vectorCacheMisses': 110, 'vectorFetchFromGraph': 0, 'activeVectors': 10028, 'dimensions': 64, 'vector_stats_mode': 'read'}",,,,,,,,
lifecycle_arcadedb_embedded_sparse_lc10k_r3,8d6af9475,lifecycle,arcadedb_embedded,sparse,lc10k,3,paper,0-11,embedded,8g,2026-08-31T22:21:55+00:00,,,,,,,,,0.2,0.2,did not converge,0,False,10000,,26.9.1.dev0,,,,,,,,,,,,,,,,,,,,,,,,,,0.2,0.0,,,,,,,,,,1102.3,1065.9,1021.4,0.0,8.0,10.6,28.1,4.3,9436761,1102.3,1065.9,0.0,1065.9,28.1,10.6,1021.4,9436761,20260831T222029Z,,,,,,,,,,,,,,,,,,,,,,,,,,,,,,,64,,,,,,,,,,1.834,,,,,,,,,,,,,4g,l5_lifecycle.py,engine,container:c614c27f1711 (host unknown),dbbench:arcadedb,,,,,,,,,,,,,,,,,,,,,,,,,,,,,,,,,,,,,,,,,,,,,,,,,,,,,,,,,,,,,,,,,,,,,,,,,,,,,,,,,,,,,,,,,,,,,,,,,,,,,,,,,,,,,,,,,,,,,,,,,,,,,,,,,,,ext4,5,2,3.141,3.989,39.485,80.616,180.547,162.258,450.68,warm-page-cache,1.643,3.837,0.001,5.481,1.563,3.892,0.404,5.859,1.975,10.641,0.516,13.132,2.6,10.567,0.888,14.055,3.666,20.869,0.985,25.52,2.946,19.933,2.304,25.183,445.2,3.308,13.453,2.149,11.874,1.107,15.131,True,False,,,,,,,,,,,,,
lifecycle_arcadedb_embedded_empty_lc10k_r3,8d6af9475,lifecycle,arcadedb_embedded,empty,lc10k,3,paper,0-11,embedded,8g,2026-08-31T22:22:38+00:00,,,,,,,,,0.2,0.2,did not converge,0,False,10000,,26.9.1.dev0,,,,,,,,,,,,,,,,,,,,,,,,,,0.2,0.0,,,,,,,,,,261.7,231.5,231.5,0.0,0.3,1.1,5.9,0.3,4508946,261.7,231.5,0.0,231.5,5.9,1.1,231.5,4508946,20260831T222029Z,,,,,,,,,,,,,,,,,,,,,,,,,,,,,,,64,,,,,,,,,,0.591,,,,,,,,,,,,,4g,l5_lifecycle.py,engine,container:a027b378c966 (host unknown),dbbench:arcadedb,,,,,,,,,,,,,,,,,,,,,,,,,,,,,,,,,,,,,,,,,,,,,,,,,,,,,,,,,,,,,,,,,,,,,,,,,,,,,,,,,,,,,,,,,,,,,,,,,,,,,,,,,,,,,,,,,,,,,,,,,,,,,,,,,,,ext4,5,2,5.08,7.67,23.204,79.223,181.588,145.576,433.013,warm-page-cache,1.974,7.199,0.001,9.174,1.303,2.925,0.001,4.228,1.891,9.89,1.021,12.802,2.177,10.42,0.913,13.51,2.1,10.414,0.816,13.331,2.062,10.194,0.787,13.042,423.84,1.733,2.972,1.765,3.084,0.001,4.85,True,False,,,,,,,,,,,,,
lifecycle_arcadedb_embedded_ts_lc10k_r3,8d6af9475,lifecycle,arcadedb_embedded,ts,lc10k,3,paper,0-11,embedded,8g,2026-08-31T22:22:42+00:00,,,,,,,,,0.2,0.2,did not converge,0,False,10000,,26.9.1.dev0,,,,,,,,,,,,,,,,,,,,,,,,,,0.2,0.0,,,,,,,,,,2009.2,1980.0,1607.0,0.0,4.9,22.7,13.7,1.8,9519913,2009.2,1980.0,0.0,1980.0,13.7,22.7,1607.0,9519913,20260831T222029Z,,,,,,,,,,,,,,,,,,,,,,,,,,,,,,,64,,,,,,,,,,1.911,,,,,,,,,,,,,4g,l5_lifecycle.py,engine,container:c01818605fb4 (host unknown),dbbench:arcadedb,,,,,,,,,,,,,,,,,,,,,,,,,,,,,,,,,,,,,,,,,,,,,,,,,,,,,,,,,,,,,,,,,,,,,,,,,,,,,,,,,,,,,,,,,,,,,,,,,,,,,,,,,,,,,,,,,,,,,,,,,,,,,,,,,,,ext4,5,2,9.516,12.181,122.753,78.193,179.064,163.979,455.206,warm-page-cache,4.233,18.132,0.001,22.366,2.36,7.958,0.236,10.554,3.694,32.065,0.627,36.386,5.817,32.844,0.945,39.606,3.782,16.984,0.426,21.191,3.943,17.454,0.754,22.151,432.841,3.643,17.434,2.308,16.762,0.291,19.361,True,False,,,,,,,,,,,,,
lifecycle_arcadedb_embedded_graph_lc10k_r3,8d6af9475,lifecycle,arcadedb_embedded,graph,lc10k,3,paper,0-11,embedded,8g,2026-08-31T22:23:36+00:00,,,,,,,,,0.2,0.2,did not converge,0,False,10000,,26.9.1.dev0,,,,,,,,,,,,,,,,,,,,,,,,,,0.2,0.0,,,,,,,,,,2117.0,2087.3,1652.5,0.0,9.0,1.7,13.5,0.6,16933681,2117.0,2087.3,0.0,2087.3,13.5,1.7,1652.5,16933681,20260831T222029Z,,,,,,,,,,,,,,,,,,,,,,,,,,,,,,,64,,,,,,,,,,3.769,,,,,,,,,,,,,4g,l5_lifecycle.py,engine,container:5c2e53311ad7 (host unknown),dbbench:arcadedb,,,,,,,,,,,,,,,,,,,,,,,,,,,,,,,,,,,,,,,,,,,,,,,,,,,,,,,,,,,,,,,,,,,,,,,,,,,,,,,,,,,,,,,,,,,,,,,,,,,,,,,,,,,,,,,,,,,,,,,,,,,,,,,,,,,ext4,5,2,3.077,4.663,52.678,131.371,165.531,161.169,486.707,warm-page-cache,1.917,4.722,0.001,6.639,1.678,4.793,2.135,8.606,2.169,12.13,0.562,14.862,1.731,10.893,1.72,14.344,2.39,11.122,0.542,14.054,1.863,10.317,1.777,13.957,480.068,1.392,4.69,1.958,9.596,1.283,12.837,True,False,,,,,,,,,,,,,
lifecycle_arcadedb_embedded_doc_lc10k_r3,8d6af9475,lifecycle,arcadedb_embedded,doc,lc10k,3,paper,0-11,embedded,8g,2026-08-31T22:23:42+00:00,,,,,,,,,0.2,0.2,did not converge,0,False,10000,,26.9.1.dev0,,,,,,,,,,,,,,,,,,,,,,,,,,0.2,0.0,,,,,,,,,,393.1,381.1,378.1,0.0,0.7,1.5,7.8,0.5,6146669,393.1,381.1,0.0,381.1,7.8,1.5,378.1,6146669,20260831T222029Z,,,,,,,,,,,,,,,,,,,,,,,,,,,,,,,64,,,,,,,,,,0.907,,,,,,,,,,,,,4g,l5_lifecycle.py,engine,container:8b60b7498aa1 (host unknown),dbbench:arcadedb,,,,,,,,,,,,,,,,,,,,,,,,,,,,,,,,,,,,,,,,,,,,,,,,,,,,,,,,,,,,,,,,,,,,,,,,,,,,,,,,,,,,,,,,,,,,,,,,,,,,,,,,,,,,,,,,,,,,,,,,,,,,,,,,,,,ext4,5,2,2.888,3.405,32.298,100.394,192.379,149.684,468.96,warm-page-cache,1.508,3.229,0.001,4.737,1.698,3.306,0.257,5.261,2.089,10.586,0.516,13.191,2.24,10.779,0.823,13.843,2.112,10.925,1.158,14.195,1.928,10.568,1.29,13.786,464.223,1.83,3.703,1.872,3.66,0.377,5.908,True,False,,,,,,,,,,,,,
lifecycle_arcadedb_embedded_doc_lc10k_r4,8d6af9475,lifecycle,arcadedb_embedded,doc,lc10k,4,paper,0-11,embedded,8g,2026-08-31T22:21:58+00:00,,,,,,,,,0.2,0.2,did not converge,0,False,10000,,26.9.1.dev0,,,,,,,,,,,,,,,,,,,,,,,,,,0.2,0.0,,,,,,,,,,393.8,386.1,380.0,0.0,0.7,1.5,6.4,0.5,5976789,393.8,386.1,0.0,386.1,6.4,1.5,380.0,5976789,20260831T222029Z,,,,,,,,,,,,,,,,,,,,,,,,,,,,,,,64,,,,,,,,,,0.904,,,,,,,,,,,,,4g,l5_lifecycle.py,engine,container:540e6dc1d521 (host unknown),dbbench:arcadedb,,,,,,,,,,,,,,,,,,,,,,,,,,,,,,,,,,,,,,,,,,,,,,,,,,,,,,,,,,,,,,,,,,,,,,,,,,,,,,,,,,,,,,,,,,,,,,,,,,,,,,,,,,,,,,,,,,,,,,,,,,,,,,,,,,,ext4,5,2,2.084,3.204,32.868,98.326,172.428,155.304,452.559,warm-page-cache,1.444,3.233,0.001,4.678,1.55,3.44,0.277,5.267,2.154,10.682,0.561,13.397,2.001,10.19,0.754,12.944,2.002,10.75,1.042,13.794,1.854,10.164,1.295,13.313,447.882,1.234,3.409,1.595,3.615,0.301,5.511,True,False,,,,,,,,,,,,,
lifecycle_arcadedb_embedded_ts_lc10k_r4,8d6af9475,lifecycle,arcadedb_embedded,ts,lc10k,4,paper,0-11,embedded,8g,2026-08-31T22:22:24+00:00,,,,,,,,,0.2,0.2,did not converge,0,False,10000,,26.9.1.dev0,,,,,,,,,,,,,,,,,,,,,,,,,,0.2,0.0,,,,,,,,,,2074.8,2050.2,58.5,0.0,4.9,22.7,13.7,1.8,9730513,2074.8,2050.2,0.0,2050.2,13.7,22.7,58.5,9730513,20260831T222029Z,,,,,,,,,,,,,,,,,,,,,,,,,,,,,,,64,,,,,,,,,,1.95,,,,,,,,,,,,,4g,l5_lifecycle.py,engine,container:5de28d5d5957 (host unknown),dbbench:arcadedb,,,,,,,,,,,,,,,,,,,,,,,,,,,,,,,,,,,,,,,,,,,,,,,,,,,,,,,,,,,,,,,,,,,,,,,,,,,,,,,,,,,,,,,,,,,,,,,,,,,,,,,,,,,,,,,,,,,,,,,,,,,,,,,,,,,ext4,5,2,7.173,8.592,127.108,78.876,179.825,183.719,475.759,warm-page-cache,2.65,8.227,0.001,10.878,2.347,7.915,0.243,10.505,3.219,15.366,0.564,19.148,3.414,15.579,0.736,19.729,4.74,18.476,0.558,23.774,2.423,15.135,0.699,18.256,464.882,2.971,15.454,3.464,16.826,0.324,20.613,True,False,,,,,,,,,,,,,
lifecycle_arcadedb_embedded_doc_idx10_lc10k_r4,8d6af9475,lifecycle,arcadedb_embedded,doc_idx10,lc10k,4,paper,0-11,embedded,8g,2026-08-31T22:22:28+00:00,,,,,,,,,0.2,0.2,did not converge,0,False,10000,,26.9.1.dev0,,,,,,,,,,,,,,,,,,,,,,,,,,0.2,0.0,,,,,,,,,,808.0,798.2,798.2,0.0,6.4,36.5,148.3,3.0,8197212,808.0,798.2,0.0,798.2,148.3,36.5,798.2,8197212,20260831T222029Z,,,,,,,,,,,,,,,,,,,,,,,,,,,,,,,64,,,,,,,,,,1.296,,,,,,,,,,,,,4g,l5_lifecycle.py,engine,container:3411350a268e (host unknown),dbbench:arcadedb,,,,,,,,,,,,,,,,,,,,,,,,,,,,,,,,,,,,,,,,,,,,,,,,,,,,,,,,,,,,,,,,,,,,,,,,,,,,,,,,,,,,,,,,,,,,,,,,,,,,,,,,,,,,,,,,,,,,,,,,,,,,,,,,,,,ext4,5,2,6.123,7.548,103.232,79.218,189.393,167.113,469.844,warm-page-cache,2.821,7.499,0.001,10.321,3.35,7.83,0.82,12.0,3.629,18.033,0.531,22.193,3.245,15.816,1.082,20.143,5.357,34.026,2.502,41.885,4.875,31.642,3.11,39.628,459.524,4.834,16.145,3.914,14.76,0.948,19.622,True,False,,,,,,,,,,,,,
lifecycle_arcadedb_embedded_graph_lc10k_r4,8d6af9475,lifecycle,arcadedb_embedded,graph,lc10k,4,paper,0-11,embedded,8g,2026-08-31T22:22:35+00:00,,,,,,,,,0.2,0.2,did not converge,0,False,10000,,26.9.1.dev0,,,,,,,,,,,,,,,,,,,,,,,,,,0.2,0.0,,,,,,,,,,2111.3,2101.2,2101.2,0.0,9.0,1.7,13.2,0.6,16645466,2111.3,2101.2,0.0,2101.2,13.2,1.7,2101.2,16645466,20260831T222029Z,,,,,,,,,,,,,,,,,,,,,,,,,,,,,,,64,,,,,,,,,,3.636,,,,,,,,,,,,,4g,l5_lifecycle.py,engine,container:b936a4ab5cd6 (host unknown),dbbench:arcadedb,,,,,,,,,,,,,,,,,,,,,,,,,,,,,,,,,,,,,,,,,,,,,,,,,,,,,,,,,,,,,,,,,,,,,,,,,,,,,,,,,,,,,,,,,,,,,,,,,,,,,,,,,,,,,,,,,,,,,,,,,,,,,,,,,,,ext4,5,2,3.906,4.81,52.506,79.939,191.717,153.251,455.968,warm-page-cache,1.542,4.934,0.001,6.477,1.934,4.983,2.475,9.392,2.1,11.863,0.51,14.473,2.082,11.692,1.907,15.681,2.287,10.903,0.582,13.772,1.558,9.817,1.933,13.308,449.492,1.804,4.601,1.852,10.967,1.496,14.315,True,False,,,,,,,,,,,,,
lifecycle_arcadedb_embedded_sparse_lc10k_r4,8d6af9475,lifecycle,arcadedb_embedded,sparse,lc10k,4,paper,0-11,embedded,8g,2026-08-31T22:22:47+00:00,,,,,,,,,0.2,0.2,did not converge,0,False,10000,,26.9.1.dev0,,,,,,,,,,,,,,,,,,,,,,,,,,0.2,0.0,,,,,,,,,,1061.9,1024.5,987.9,0.0,6.1,10.6,28.8,3.8,9133770,1061.9,1024.5,0.0,1024.5,28.8,10.6,987.9,9133770,20260831T222029Z,,,,,,,,,,,,,,,,,,,,,,,,,,,,,,,64,,,,,,,,,,1.813,,,,,,,,,,,,,4g,l5_lifecycle.py,engine,container:b17fb9ccc77b (host unknown),dbbench:arcadedb,,,,,,,,,,,,,,,,,,,,,,,,,,,,,,,,,,,,,,,,,,,,,,,,,,,,,,,,,,,,,,,,,,,,,,,,,,,,,,,,,,,,,,,,,,,,,,,,,,,,,,,,,,,,,,,,,,,,,,,,,,,,,,,,,,,ext4,5,2,3.137,3.871,39.802,79.376,181.169,168.218,458.681,warm-page-cache,1.466,3.757,0.001,5.223,1.575,3.884,0.357,5.816,1.917,10.807,0.51,13.234,2.12,10.856,0.911,13.887,3.162,21.133,0.897,25.192,2.412,20.37,2.029,24.81,453.458,2.578,13.502,2.083,12.878,0.976,15.937,True,False,,,,,,,,,,,,,
lifecycle_arcadedb_embedded_empty_lc10k_r4,8d6af9475,lifecycle,arcadedb_embedded,empty,lc10k,4,paper,0-11,embedded,8g,2026-08-31T22:23:03+00:00,,,,,,,,,0.2,0.2,did not converge,0,False,10000,,26.9.1.dev0,,,,,,,,,,,,,,,,,,,,,,,,,,0.2,0.0,,,,,,,,,,262.9,252.4,243.1,0.0,0.3,1.1,6.7,0.3,4590287,262.9,252.4,0.0,252.4,6.7,1.1,243.1,4590287,20260831T222029Z,,,,,,,,,,,,,,,,,,,,,,,,,,,,,,,64,,,,,,,,,,0.603,,,,,,,,,,,,,4g,l5_lifecycle.py,engine,container:3f1ecf2ad71a (host unknown),dbbench:arcadedb,,,,,,,,,,,,,,,,,,,,,,,,,,,,,,,,,,,,,,,,,,,,,,,,,,,,,,,,,,,,,,,,,,,,,,,,,,,,,,,,,,,,,,,,,,,,,,,,,,,,,,,,,,,,,,,,,,,,,,,,,,,,,,,,,,,ext4,5,2,2.848,3.138,25.678,80.304,181.01,149.658,436.743,warm-page-cache,1.285,2.993,0.001,4.279,1.25,2.984,0.001,4.235,1.681,10.02,0.886,12.587,2.205,10.492,0.898,13.595,2.073,10.413,0.87,13.356,1.994,10.248,0.806,13.047,432.465,2.031,3.146,1.759,3.149,0.001,4.909,True,False,,,,,,,,,,,,,
lifecycle_arcadedb_embedded_vector_lc10k_r4,8d6af9475,lifecycle,arcadedb_embedded,vector,lc10k,4,paper,0-11,embedded,8g,2026-08-31T22:23:08+00:00,,,,,,,,,0.2,0.2,did not converge,0,False,10000,,26.9.1.dev0,,,,,,,,,,,,,,,,,,,,,,,,,,0.2,0.0,,,,,,,,,,2822.9,2802.3,80.2,0.0,8.9,15.6,62.8,4.3,84003978,2822.9,2802.3,0.0,2802.3,62.8,15.6,80.2,84003978,20260831T222029Z,,,,,,,,,,,,,,,,,,,,,,,,,,,,,,,64,,,,,,,,,,2.754,,,,,,,,,,,,,4g,l5_lifecycle.py,engine,container:4b8a1ed70179 (host unknown),dbbench:arcadedb,,,,,,,,,,,,,,,,,,,,,,,,,,,,,,,,,,,,,,,,,,,,,,,,,,,,,,,,,,,,,,,,,,,,,,,,,,,,,,,,,,,,,,,,,,,,,,,,,,,,,,,,,,,,,,,,,,,,,,,,,,,,,,,,,,,ext4,5,2,3.14,8.223,47.596,80.431,180.609,214.152,507.068,warm-page-cache,1.918,6.353,0.001,8.272,2.302,6.153,12.864,21.319,2.029,13.152,0.49,15.672,1.937,13.914,10.013,25.864,2.13,14.21,1.591,17.931,2.178,496.784,14.449,513.41,498.797,2.202,13.983,2.008,311.831,10.893,324.732,True,False,2.017,12.477,2.899,True,"{'vectorCacheHits': 20, 'unverifiedGraphReuses': 0, 'estimatedRebuildWork': 1002700, 'compactedPages': 0, 'closeTimeRebuildPending': 1, 'graphNodeCount': 10027, 'stalePrefixGraphReuses': 1, 'asyncRebuildInProgress': 1, 'deltaVectorsCount': 1, 'rebuildSnapshotGeneration': 1, 'groupedSearchesMergingDelta': 0, 'deltaScanBudget': 132, 'searchOperations': 1, 'liveVectorCacheSize': 0, 'compactionCount': 0, 'beamWidth': 100, 'groupedSearchesGroupsUnavailable': 0, 'vectorFetchFromQuantized': 0, 'deltaScanWorkTarget': 1002700, 'estimatedLocationIndexBytes': 277864, 'totalVectors': 10028, 'graphRebuildCount': 0, 'estimatedOrdinalMapBytes': 40108, 'maxConnections': 32, 'mutablePages': 1, 'preFilterSearches': 0, 'rebuildsDeferredForMemory': 0, 'groupedSearchesShortOfLimit': 0, 'bruteForceScans': 0, 'avgInsertLatencyMs': 0, 'mutationsSinceRebuild': 1, 'vectorFetchFromDocuments': 134, 'searchVectorCacheCapacity': 16384, 'deltaScanWorkSinceRebuild': 1, 'deletedVectors': 0, 'avgSearchLatencyMs': 9, 'pooledGraphSearchers': 1, 'graphState': 2, 'mutationsThreshold': 100, 'effectiveMutationsThreshold': 2005, 'persistedGraphNodeCount': 10027, 'graphBuildParallelism': 11, 'insertOperations': 0, 'graphWalkVisitedAvg': 132, 'vectorCacheMisses': 133, 'vectorFetchFromGraph': 0, 'activeVectors': 10028, 'dimensions': 64, 'vector_stats_mode': 'read'}",,,,,,,,
lifecycle_arcadedb_embedded_doc_lc10k_r5,8d6af9475,lifecycle,arcadedb_embedded,doc,lc10k,5,paper,0-11,embedded,8g,2026-08-31T22:20:31+00:00,,,,,,,,,0.2,0.2,did not converge,0,False,10000,,26.9.1.dev0,,,,,,,,,,,,,,,,,,,,,,,,,,0.2,0.0,,,,,,,,,,358.6,350.1,350.1,0.0,2.8,5.7,6.6,2.6,5878286,358.6,350.1,0.0,350.1,6.6,5.7,350.1,5878286,20260831T222029Z,,,,,,,,,,,,,,,,,,,,,,,,,,,,,,,64,,,,,,,,,,0.884,,,,,,,,,,,,,4g,l5_lifecycle.py,engine,container:98494c43d6dc (host unknown),dbbench:arcadedb,,,,,,,,,,,,,,,,,,,,,,,,,,,,,,,,,,,,,,,,,,,,,,,,,,,,,,,,,,,,,,,,,,,,,,,,,,,,,,,,,,,,,,,,,,,,,,,,,,,,,,,,,,,,,,,,,,,,,,,,,,,,,,,,,,,ext4,5,2,2.185,3.101,34.523,81.354,178.064,151.567,439.681,warm-page-cache,1.417,3.264,0.001,4.682,1.696,3.603,0.257,5.556,1.931,10.621,0.506,13.058,2.11,10.743,0.796,13.649,1.971,10.981,1.127,14.079,1.749,10.12,1.244,13.112,435.0,1.761,3.569,1.55,3.637,0.273,5.46,True,False,,,,,,,,,,,,,
lifecycle_arcadedb_embedded_sparse_lc10k_r5,8d6af9475,lifecycle,arcadedb_embedded,sparse,lc10k,5,paper,0-11,embedded,8g,2026-08-31T22:21:12+00:00,,,,,,,,,0.2,0.2,did not converge,0,False,10000,,26.9.1.dev0,,,,,,,,,,,,,,,,,,,,,,,,,,0.2,0.0,,,,,,,,,,1098.4,1062.7,1020.4,0.0,8.0,10.6,28.8,3.8,9095276,1098.4,1062.7,0.0,1062.7,28.8,10.6,1020.4,9095276,20260831T222029Z,,,,,,,,,,,,,,,,,,,,,,,,,,,,,,,64,,,,,,,,,,1.818,,,,,,,,,,,,,4g,l5_lifecycle.py,engine,container:9c6515624284 (host unknown),dbbench:arcadedb,,,,,,,,,,,,,,,,,,,,,,,,,,,,,,,,,,,,,,,,,,,,,,,,,,,,,,,,,,,,,,,,,,,,,,,,,,,,,,,,,,,,,,,,,,,,,,,,,,,,,,,,,,,,,,,,,,,,,,,,,,,,,,,,,,,ext4,5,2,3.913,4.252,39.359,78.049,179.021,157.942,443.41,warm-page-cache,1.556,3.754,0.001,5.311,1.496,3.797,0.405,5.699,1.797,10.346,0.437,12.58,1.764,10.771,0.783,13.317,2.406,20.396,0.834,23.635,2.987,20.077,2.622,25.686,438.1,2.608,12.225,2.475,12.104,1.087,15.666,True,False,,,,,,,,,,,,,
lifecycle_arcadedb_embedded_vector_lc10k_r5,8d6af9475,lifecycle,arcadedb_embedded,vector,lc10k,5,paper,0-11,embedded,8g,2026-08-31T22:21:28+00:00,,,,,,,,,0.2,0.2,did not converge,0,False,10000,,26.9.1.dev0,,,,,,,,,,,,,,,,,,,,,,,,,,0.2,0.0,,,,,,,,,,2815.8,2795.8,148.9,0.0,8.9,15.6,62.8,4.3,86133513,2815.8,2795.8,0.0,2795.8,62.8,15.6,148.9,86133513,20260831T222029Z,,,,,,,,,,,,,,,,,,,,,,,,,,,,,,,64,,,,,,,,,,2.64,,,,,,,,,,,,,4g,l5_lifecycle.py,engine,container:da09b997ec24 (host unknown),dbbench:arcadedb,,,,,,,,,,,,,,,,,,,,,,,,,,,,,,,,,,,,,,,,,,,,,,,,,,,,,,,,,,,,,,,,,,,,,,,,,,,,,,,,,,,,,,,,,,,,,,,,,,,,,,,,,,,,,,,,,,,,,,,,,,,,,,,,,,,ext4,5,2,3.435,8.162,46.328,78.089,185.038,214.674,506.516,warm-page-cache,2.06,6.354,0.001,8.415,2.409,6.336,14.587,23.332,2.169,12.789,0.484,15.442,2.146,13.429,10.13,25.705,2.029,14.867,1.936,18.832,2.215,554.572,13.925,570.712,498.102,2.359,13.7,1.787,300.482,10.513,312.782,True,False,1.999,11.745,3.121,True,"{'vectorCacheHits': 20, 'unverifiedGraphReuses': 0, 'estimatedRebuildWork': 1002700, 'compactedPages': 0, 'closeTimeRebuildPending': 1, 'graphNodeCount': 10027, 'stalePrefixGraphReuses': 1, 'asyncRebuildInProgress': 1, 'deltaVectorsCount': 1, 'rebuildSnapshotGeneration': 1, 'groupedSearchesMergingDelta': 0, 'deltaScanBudget': 171, 'searchOperations': 1, 'liveVectorCacheSize': 0, 'compactionCount': 0, 'beamWidth': 100, 'groupedSearchesGroupsUnavailable': 0, 'vectorFetchFromQuantized': 0, 'deltaScanWorkTarget': 1002700, 'estimatedLocationIndexBytes': 277864, 'totalVectors': 10028, 'graphRebuildCount': 0, 'estimatedOrdinalMapBytes': 40108, 'maxConnections': 32, 'mutablePages': 1, 'preFilterSearches': 0, 'rebuildsDeferredForMemory': 0, 'groupedSearchesShortOfLimit': 0, 'bruteForceScans': 0, 'avgInsertLatencyMs': 0, 'mutationsSinceRebuild': 1, 'vectorFetchFromDocuments': 173, 'searchVectorCacheCapacity': 16384, 'deltaScanWorkSinceRebuild': 1, 'deletedVectors': 0, 'avgSearchLatencyMs': 9, 'pooledGraphSearchers': 1, 'graphState': 2, 'mutationsThreshold': 100, 'effectiveMutationsThreshold': 2005, 'persistedGraphNodeCount': 10027, 'graphBuildParallelism': 11, 'insertOperations': 0, 'graphWalkVisitedAvg': 171, 'vectorCacheMisses': 172, 'vectorFetchFromGraph': 0, 'activeVectors': 10028, 'dimensions': 64, 'vector_stats_mode': 'read'}",,,,,,,,
lifecycle_arcadedb_embedded_doc_idx10_lc10k_r5,8d6af9475,lifecycle,arcadedb_embedded,doc_idx10,lc10k,5,paper,0-11,embedded,8g,2026-08-31T22:21:39+00:00,,,,,,,,,0.2,0.2,did not converge,0,False,10000,,26.9.1.dev0,,,,,,,,,,,,,,,,,,,,,,,,,,0.2,0.0,,,,,,,,,,797.5,788.4,788.4,0.0,7.8,36.5,145.7,3.0,8441723,797.5,788.4,0.0,788.4,145.7,36.5,788.4,8441723,20260831T222029Z,,,,,,,,,,,,,,,,,,,,,,,,,,,,,,,64,,,,,,,,,,1.338,,,,,,,,,,,,,4g,l5_lifecycle.py,engine,container:6ae3f3c76a86 (host unknown),dbbench:arcadedb,,,,,,,,,,,,,,,,,,,,,,,,,,,,,,,,,,,,,,,,,,,,,,,,,,,,,,,,,,,,,,,,,,,,,,,,,,,,,,,,,,,,,,,,,,,,,,,,,,,,,,,,,,,,,,,,,,,,,,,,,,,,,,,,,,,ext4,5,2,6.662,7.791,106.262,80.019,180.14,171.787,466.477,warm-page-cache,3.098,7.95,0.001,11.049,3.368,7.682,0.761,11.81,4.751,19.565,0.541,24.857,5.891,30.807,1.258,37.956,5.693,37.493,2.544,45.73,6.623,36.567,3.152,46.342,455.429,4.517,15.76,4.232,12.971,0.918,18.121,True,False,,,,,,,,,,,,,
lifecycle_arcadedb_embedded_graph_lc10k_r5,8d6af9475,lifecycle,arcadedb_embedded,graph,lc10k,5,paper,0-11,embedded,8g,2026-08-31T22:22:04+00:00,,,,,,,,,0.2,0.2,did not converge,0,False,10000,,26.9.1.dev0,,,,,,,,,,,,,,,,,,,,,,,,,,0.2,0.0,,,,,,,,,,2129.0,2104.7,341.6,0.0,9.0,1.7,13.5,0.6,17304999,2129.0,2104.7,0.0,2104.7,13.5,1.7,341.6,17304999,20260831T222029Z,,,,,,,,,,,,,,,,,,,,,,,,,,,,,,,64,,,,,,,,,,3.74,,,,,,,,,,,,,4g,l5_lifecycle.py,engine,container:9da769cd7a97 (host unknown),dbbench:arcadedb,,,,,,,,,,,,,,,,,,,,,,,,,,,,,,,,,,,,,,,,,,,,,,,,,,,,,,,,,,,,,,,,,,,,,,,,,,,,,,,,,,,,,,,,,,,,,,,,,,,,,,,,,,,,,,,,,,,,,,,,,,,,,,,,,,,ext4,5,2,3.382,7.218,53.175,81.546,192.092,160.108,465.876,warm-page-cache,1.987,5.208,0.001,7.196,1.961,8.863,2.395,13.219,2.285,15.756,0.643,18.684,1.952,13.994,1.889,17.835,2.854,15.269,0.616,18.739,2.107,12.628,1.832,16.567,458.681,1.614,10.258,1.712,9.666,1.247,12.626,True,False,,,,,,,,,,,,,
lifecycle_arcadedb_embedded_empty_lc10k_r5,8d6af9475,lifecycle,arcadedb_embedded,empty,lc10k,5,paper,0-11,embedded,8g,2026-08-31T22:23:18+00:00,,,,,,,,,0.2,0.2,did not converge,0,False,10000,,26.9.1.dev0,,,,,,,,,,,,,,,,,,,,,,,,,,0.2,0.0,,,,,,,,,,261.1,252.7,239.1,0.0,0.3,1.1,6.6,0.3,4510459,261.1,252.7,0.0,252.7,6.6,1.1,239.1,4510459,20260831T222029Z,,,,,,,,,,,,,,,,,,,,,,,,,,,,,,,64,,,,,,,,,,0.606,,,,,,,,,,,,,4g,l5_lifecycle.py,engine,container:f5a700cd60ab (host unknown),dbbench:arcadedb,,,,,,,,,,,,,,,,,,,,,,,,,,,,,,,,,,,,,,,,,,,,,,,,,,,,,,,,,,,,,,,,,,,,,,,,,,,,,,,,,,,,,,,,,,,,,,,,,,,,,,,,,,,,,,,,,,,,,,,,,,,,,,,,,,,ext4,5,2,2.481,3.012,26.515,81.487,183.756,156.112,449.491,warm-page-cache,1.198,2.802,0.001,4.001,1.214,2.796,0.001,4.01,1.83,9.83,0.827,12.486,1.71,9.99,0.818,12.518,2.401,10.326,0.869,13.596,1.886,10.421,0.901,13.208,445.491,1.673,3.165,1.994,3.406,0.001,5.401,True,False,,,,,,,,,,,,,
lifecycle_arcadedb_embedded_ts_lc10k_r5,8d6af9475,lifecycle,arcadedb_embedded,ts,lc10k,5,paper,0-11,embedded,8g,2026-08-31T22:23:22+00:00,,,,,,,,,0.2,0.2,did not converge,0,False,10000,,26.9.1.dev0,,,,,,,,,,,,,,,,,,,,,,,,,,0.2,0.0,,,,,,,,,,2208.7,2182.5,570.9,0.0,4.8,22.7,13.7,1.8,9496167,2208.7,2182.5,0.0,2182.5,13.7,22.7,570.9,9496167,20260831T222029Z,,,,,,,,,,,,,,,,,,,,,,,,,,,,,,,64,,,,,,,,,,1.996,,,,,,,,,,,,,4g,l5_lifecycle.py,engine,container:eb5761a61a59 (host unknown),dbbench:arcadedb,,,,,,,,,,,,,,,,,,,,,,,,,,,,,,,,,,,,,,,,,,,,,,,,,,,,,,,,,,,,,,,,,,,,,,,,,,,,,,,,,,,,,,,,,,,,,,,,,,,,,,,,,,,,,,,,,,,,,,,,,,,,,,,,,,,ext4,5,2,8.811,10.184,123.323,79.308,180.982,170.815,481.56,warm-page-cache,5.283,13.647,0.001,18.931,2.888,15.497,0.355,18.74,3.462,28.179,0.646,32.286,5.041,30.207,0.875,36.122,4.425,23.471,0.489,28.385,3.641,19.613,0.722,23.977,462.63,4.196,20.232,2.853,16.137,0.305,19.295,True,False,,,,,,,,,,,,,
lifecycle_arcadedb_server_vector_lc10k_r1,8d6af9475,lifecycle,arcadedb_server,vector,lc10k,1,paper,0-11,client_server,8g,2026-09-07T18:36:09.780913+00:00,full+client,8g,8.0,0-11,sha256:49058eefd65d6a6a297fa7fc4c2f1600edbf9e3b3d495cbae0f64815498cb9d9,arcadedb-c25:8d6af9475,8g,0.3,0.2,0.2,did not converge,0,False,10000,,server:26.9.1-SNAPSHOT (build 8d6af94753ea8446bd13ac1aed2bb79eaf78dc90/1788075753609/main),,,,,,,,,,,,,,,,,,,,,,6.2,6.2,0.0,True,6.4,5.9,2145.4,2112.0,2111.9,0.0,9.0,0.0,30.7,6.2,43652618,27.2,22.4,20.0,0.0,1.2,2.2,0.3,1.2,394938,2172.7,2134.4,0.0,2134.4,31.0,2.2,2131.9,44047556,20260907T183609Z,,,,,,,,,,,,,,,,,,,,,,,,,,,lifecycle_arcadedb_server_vector_lc10k_r1.clientlog,,lifecycle_arcadedb_server_vector_lc10k_r1.serverlog,,,,,,,,,,,,2.28,,,,,,,,,,,,,4g,,,,,,,,,,,,,,,,,,,,,,,,,,,,,,,,,,,,,,,4g,,,,,,,,,,,,,,,,,,,,,,,,,,,,,,,,,,,,,,,,,10000,,,,,,,,,,,,,,,,,,,,,,,,,,,,,,,,,,,,,,,,,,,,,,,,,,,,,,,,,,,,43.987,,,,,,3.54,6.225,0.0,9.765,4.614,8.049,23.319,35.981,4.116,14.164,1.836,20.115,3.447,14.838,15.582,33.867,3.097,13.775,2.852,19.724,3.455,538.097,17.732,559.283,,,,,,,,,False,,,,,,vector,server,7.003,,,,,
lifecycle_arcadedb_server_sparse_lc10k_r1,8d6af9475,lifecycle,arcadedb_server,sparse,lc10k,1,paper,0-11,client_server,8g,2026-09-07T18:36:40.758999+00:00,full+client,8g,8.0,0-11,sha256:49058eefd65d6a6a297fa7fc4c2f1600edbf9e3b3d495cbae0f64815498cb9d9,arcadedb-c25:8d6af9475,8g,0.3,0.2,0.2,did not converge,0,False,10000,,server:26.9.1-SNAPSHOT (build 8d6af94753ea8446bd13ac1aed2bb79eaf78dc90/1788075753609/main),,,,,,,,,,,,,,,,,,,,,,4.8,4.8,0.0,True,5.0,4.5,1152.0,1119.3,1119.3,0.0,6.2,0.0,14.8,4.7,14168897,27.0,23.9,22.5,0.0,0.1,0.0,0.2,0.1,435972,1179.0,1143.1,0.0,1143.1,15.0,0.0,1141.8,14604869,20260907T183609Z,,,,,,,,,,,,,,,,,,,,,,,,,,,lifecycle_arcadedb_server_sparse_lc10k_r1.clientlog,,lifecycle_arcadedb_server_sparse_lc10k_r1.serverlog,,,,,,,,,,,,1.45,,,,,,,,,,,,,4g,,,,,,,,,,,,,,,,,,,,,,,,,,,,,,,,,,,,,,,4g,,,,,,,,,,,,,,,,,,,,,,,,,,,,,,,,,,,,,,,,,,,,,,,,,,,,,,,,,,,,,,,,,,,,,,,,,,,,,,,,,,,,,,,,,,,,,,,,,,,,,35.131,,,,,,2.831,4.759,0.0,7.59,2.98,4.833,1.67,9.483,2.971,11.808,1.605,16.384,3.201,10.83,3.209,17.241,3.566,20.12,1.939,25.626,3.89,20.194,4.627,28.711,,,,,,,,,False,,,,,,sparse,server,7.464,,,,,
lifecycle_arcadedb_server_graph_gav_lc10k_r1,8d6af9475,lifecycle,arcadedb_server,graph_gav,lc10k,1,paper,0-11,client_server,8g,2026-09-07T18:39:07.944072+00:00,full+client,8g,8.0,0-11,sha256:49058eefd65d6a6a297fa7fc4c2f1600edbf9e3b3d495cbae0f64815498cb9d9,arcadedb-c25:8d6af9475,8g,0.3,0.2,0.2,did not converge,0,False,10000,,server:26.9.1-SNAPSHOT (build 8d6af94753ea8446bd13ac1aed2bb79eaf78dc90/1788075753609/main),,,,,,,,,,,,,,,,,,,,,,4.2,4.2,0.0,True,4.4,3.9,2062.6,2032.9,2032.9,0.0,12.0,0.0,10.6,4.1,22422678,22.5,19.0,6.5,0.0,0.1,0.0,0.2,0.1,263682,2085.1,2051.9,0.0,2051.9,10.8,0.0,2039.4,22686360,20260907T183609Z,,,,,,,,,,,,,,,,,,,,,,,,,,,lifecycle_arcadedb_server_graph_gav_lc10k_r1.clientlog,,lifecycle_arcadedb_server_graph_gav_lc10k_r1.serverlog,,,,,,,,,,,,2.87,,,,,,,,,,,,,4g,,,,,,,,,,,,,,,,,,,,,,,,,,,,,,,,,,,,,,,4g,,,,,,,,,,,,,,,,,,,,,,,,,,,,,,,,,,,,,,,,,,,,,,,,,,,,,,,,,,,,,,,,,,,,,,,,,,,,,,,,,,,,,,,,,,,,,,,,,,,,,61.506,,,,,,3.226,5.799,0.0,9.025,3.294,6.412,18.208,27.914,3.14,12.816,1.631,17.587,2.991,12.677,11.782,27.45,3.211,11.192,1.402,15.805,2.971,12.524,10.602,26.098,,,,,,,,,False,,,,,,graph_gav,server,8.541,,,,,
lifecycle_arcadedb_server_ts_lc10k_r1,8d6af9475,lifecycle,arcadedb_server,ts,lc10k,1,paper,0-11,client_server,8g,2026-09-07T18:39:25.157327+00:00,full+client,8g,8.0,0-11,sha256:49058eefd65d6a6a297fa7fc4c2f1600edbf9e3b3d495cbae0f64815498cb9d9,arcadedb-c25:8d6af9475,8g,0.3,0.2,0.2,did not converge,0,False,10000,,server:26.9.1-SNAPSHOT (build 8d6af94753ea8446bd13ac1aed2bb79eaf78dc90/1788075753609/main),,,,,,,,,,,,,,,,,,,,,,2.0,2.0,0.0,True,2.2,1.7,2023.3,1992.5,1992.5,0.0,4.8,0.0,7.2,1.9,14050935,24.4,19.1,19.1,0.0,0.1,0.0,0.2,0.1,205064,2047.7,2011.6,0.0,2011.6,7.4,0.0,2011.6,14255999,20260907T183609Z,,,,,,,,,,,,,,,,,,,,,,,,,,,lifecycle_arcadedb_server_ts_lc10k_r1.clientlog,,lifecycle_arcadedb_server_ts_lc10k_r1.serverlog,,,,,,,,,,,,1.18,,,,,,,,,,,,,4g,,,,,,,,,,,,,,,,,,,,,,,,,,,,,,,,,,,,,,,4g,,,,,,,,,,,,,,,,,,,,,,,,,,,,,,,,,,,,,,,,,,,,,,,,,,,,,,,,,,,,,,,,,,,,,,,,,,,,,,,,,,,,,,,,,,,,,,,,,,,,,105.91,,,,,,3.932,8.841,0.0,12.773,4.364,8.707,1.696,14.766,4.26,17.932,1.946,24.139,4.431,17.883,2.961,25.276,4.742,18.24,1.726,24.708,3.527,17.565,2.739,23.831,,,,,,,,,False,,,,,,ts,server,9.551,,,,,
lifecycle_arcadedb_server_doc_idx10_lc10k_r1,8d6af9475,lifecycle,arcadedb_server,doc_idx10,lc10k,1,paper,0-11,client_server,8g,2026-09-07T18:39:40.103857+00:00,full+client,8g,8.0,0-11,sha256:49058eefd65d6a6a297fa7fc4c2f1600edbf9e3b3d495cbae0f64815498cb9d9,arcadedb-c25:8d6af9475,8g,0.3,0.2,0.2,did not converge,0,False,10000,,server:26.9.1-SNAPSHOT (build 8d6af94753ea8446bd13ac1aed2bb79eaf78dc90/1788075753609/main),,,,,,,,,,,,,,,,,,,,,,3.7,3.7,0.0,True,3.9,3.4,816.1,789.6,789.6,0.0,8.0,0.0,49.5,3.6,13860525,25.2,19.2,19.2,0.0,0.1,0.0,0.2,0.1,224926,841.4,808.9,0.0,808.9,49.7,0.0,808.9,14085451,20260907T183609Z,,,,,,,,,,,,,,,,,,,,,,,,,,,lifecycle_arcadedb_server_doc_idx10_lc10k_r1.clientlog,,lifecycle_arcadedb_server_doc_idx10_lc10k_r1.serverlog,,,,,,,,,,,,0.83,,,,,,,,,,,,,4g,,,,,,,,,,,,,,,,,,,,,,,,,,,,,,,,,,,,,,,4g,,,,,,,,,,,,,,,,,,,,,,,,,,,,,,,,,,,,,,,,,,,,,,,,,,,,,,,,,,,,,,,,,,,,,,,,,,,,,,,,,,,,,,,,,,,,,,,,,,,,,132.428,,,,,,5.239,12.163,0.0,17.402,5.127,10.429,2.184,17.739,7.615,25.757,1.986,35.358,5.24,27.464,3.785,36.49,8.102,55.054,4.036,67.192,7.304,32.96,7.303,47.567,,,,,,,,,False,,,,,,doc_idx10,server,8.661,,,,,
lifecycle_arcadedb_server_graph_lc10k_r1,8d6af9475,lifecycle,arcadedb_server,graph,lc10k,1,paper,0-11,client_server,8g,2026-09-07T18:39:55.861021+00:00,full+client,8g,8.0,0-11,sha256:49058eefd65d6a6a297fa7fc4c2f1600edbf9e3b3d495cbae0f64815498cb9d9,arcadedb-c25:8d6af9475,8g,0.3,0.2,0.2,did not converge,0,False,10000,,server:26.9.1-SNAPSHOT (build 8d6af94753ea8446bd13ac1aed2bb79eaf78dc90/1788075753609/main),,,,,,,,,,,,,,,,,,,,,,3.7,3.7,0.0,True,3.9,3.4,2139.0,2105.9,2105.9,0.0,11.8,0.0,9.5,3.6,20428459,25.3,19.0,18.8,0.0,0.1,0.0,0.2,0.1,225960,2164.3,2124.8,0.0,2124.8,9.7,0.0,2124.6,20654419,20260907T183609Z,,,,,,,,,,,,,,,,,,,,,,,,,,,lifecycle_arcadedb_server_graph_lc10k_r1.clientlog,,lifecycle_arcadedb_server_graph_lc10k_r1.serverlog,,,,,,,,,,,,2.7,,,,,,,,,,,,,4g,,,,,,,,,,,,,,,,,,,,,,,,,,,,,,,,,,,,,,,4g,,,,,,,,,,,,,,,,,,,,,,,,,,,,,,,,,,,,,,,,,,,,,,,,,,,,,,,,,,,,,,,,,,,,,,,,,,,,,,,,,,,,,,,,,,,,,,,,,,,,,60.267,,,,,,3.503,7.45,0.0,10.953,2.875,5.921,3.428,12.224,3.123,16.41,1.925,21.458,3.211,15.302,5.093,23.606,4.582,17.128,2.025,23.734,3.052,13.018,3.922,19.992,,,,,,,,,False,,,,,,graph,server,7.398,,,,,
lifecycle_arcadedb_server_empty_lc10k_r1,8d6af9475,lifecycle,arcadedb_server,empty,lc10k,1,paper,0-11,client_server,8g,2026-09-07T18:41:42.690941+00:00,full+client,8g,8.0,0-11,sha256:49058eefd65d6a6a297fa7fc4c2f1600edbf9e3b3d495cbae0f64815498cb9d9,arcadedb-c25:8d6af9475,8g,0.3,0.2,0.2,did not converge,0,False,10000,,server:26.9.1-SNAPSHOT (build 8d6af94753ea8446bd13ac1aed2bb79eaf78dc90/1788075753609/main),,,,,,,,,,,,,,,,,,,,,,0.5,0.5,0.0,True,0.7,0.2,313.2,293.4,290.8,0.0,0.4,0.0,3.2,0.4,10155292,21.8,18.4,18.4,0.0,0.1,0.0,0.2,0.1,183846,334.9,311.8,0.0,311.8,3.4,0.0,309.2,10339138,20260907T183609Z,,,,,,,,,,,,,,,,,,,,,,,,,,,lifecycle_arcadedb_server_empty_lc10k_r1.clientlog,,lifecycle_arcadedb_server_empty_lc10k_r1.serverlog,,,,,,,,,,,,0.12,,,,,,,,,,,,,4g,,,,,,,,,,,,,,,,,,,,,,,,,,,,,,,,,,,,,,,4g,,,,,,,,,,,,,,,,,,,,,,,,,,,,,,,,,,,,,,,,,,,,,,,,,,,,,,,,,,,,,,,,,,,,,,,,,,,,,,,,,,,,,,,,,,,,,,,,,,,,,21.105,,,,,,2.856,4.1,0.001,6.956,2.814,4.305,0.001,7.12,2.901,10.361,2.123,15.385,3.988,11.715,2.517,18.22,3.395,10.463,2.121,15.979,4.335,11.146,2.783,18.264,,,,,,,,,False,,,,,,empty,server,7.518,,,,,
lifecycle_arcadedb_server_doc_lc10k_r1,8d6af9475,lifecycle,arcadedb_server,doc,lc10k,1,paper,0-11,client_server,8g,2026-09-07T18:41:56.361603+00:00,full+client,8g,8.0,0-11,sha256:49058eefd65d6a6a297fa7fc4c2f1600edbf9e3b3d495cbae0f64815498cb9d9,arcadedb-c25:8d6af9475,8g,0.3,0.2,0.2,did not converge,0,False,10000,,server:26.9.1-SNAPSHOT (build 8d6af94753ea8446bd13ac1aed2bb79eaf78dc90/1788075753609/main),,,,,,,,,,,,,,,,,,,,,,0.8,0.8,0.0,True,1.0,0.5,381.5,362.1,358.7,0.0,1.1,0.0,3.8,0.7,11444820,21.7,18.2,18.2,0.0,0.1,0.0,0.2,0.1,184751,403.2,380.3,0.0,380.3,4.0,0.0,376.8,11629571,20260907T183609Z,,,,,,,,,,,,,,,,,,,,,,,,,,,lifecycle_arcadedb_server_doc_lc10k_r1.clientlog,,lifecycle_arcadedb_server_doc_lc10k_r1.serverlog,,,,,,,,,,,,0.4,,,,,,,,,,,,,4g,,,,,,,,,,,,,,,,,,,,,,,,,,,,,,,,,,,,,,,4g,,,,,,,,,,,,,,,,,,,,,,,,,,,,,,,,,,,,,,,,,,,,,,,,,,,,,,,,,,,,,,,,,,,,,,,,,,,,,,,,,,,,,,,,,,,,,,,,,,,,,39.98,,,,,,2.854,4.553,0.0,7.407,3.1,4.791,1.856,9.747,2.933,11.438,1.713,16.084,2.997,15.437,3.044,21.477,2.943,13.334,2.171,18.448,4.335,16.545,4.267,25.147,,,,,,,,,False,,,,,,doc,server,6.885,,,,,
lifecycle_arcadedb_server_graph_gav_lc10k_r2,8d6af9475,lifecycle,arcadedb_server,graph_gav,lc10k,2,paper,0-11,client_server,8g,2026-09-07T18:37:11.046161+00:00,full+client,8g,8.0,0-11,sha256:49058eefd65d6a6a297fa7fc4c2f1600edbf9e3b3d495cbae0f64815498cb9d9,arcadedb-c25:8d6af9475,8g,0.3,0.2,0.2,did not converge,0,False,10000,,server:26.9.1-SNAPSHOT (build 8d6af94753ea8446bd13ac1aed2bb79eaf78dc90/1788075753609/main),,,,,,,,,,,,,,,,,,,,,,4.2,4.2,0.0,True,4.4,3.9,2154.2,2123.8,2123.8,0.0,12.1,1.5,10.6,4.9,22616016,23.5,19.0,18.8,0.0,0.1,0.0,0.2,0.1,233902,2177.7,2142.8,0.0,2142.8,10.8,1.5,2142.6,22849918,20260907T183609Z,,,,,,,,,,,,,,,,,,,,,,,,,,,lifecycle_arcadedb_server_graph_gav_lc10k_r2.clientlog,,lifecycle_arcadedb_server_graph_gav_lc10k_r2.serverlog,,,,,,,,,,,,2.92,,,,,,,,,,,,,4g,,,,,,,,,,,,,,,,,,,,,,,,,,,,,,,,,,,,,,,4g,,,,,,,,,,,,,,,,,,,,,,,,,,,,,,,,,,,,,,,,,,,,,,,,,,,,,,,,,,,,,,,,,,,,,,,,,,,,,,,,,,,,,,,,,,,,,,,,,,,,,49.335,,,,,,3.029,5.904,0.0,8.933,3.472,6.632,19.2,29.304,3.004,12.848,1.661,17.512,3.241,12.604,12.343,28.188,3.124,11.192,1.55,15.865,3.034,12.156,10.852,26.042,,,,,,,,,False,,,,,,graph_gav,server,8.306,,,,,
lifecycle_arcadedb_server_graph_lc10k_r2,8d6af9475,lifecycle,arcadedb_server,graph,lc10k,2,paper,0-11,client_server,8g,2026-09-07T18:37:28.013460+00:00,full+client,8g,8.0,0-11,sha256:49058eefd65d6a6a297fa7fc4c2f1600edbf9e3b3d495cbae0f64815498cb9d9,arcadedb-c25:8d6af9475,8g,0.3,0.2,0.2,did not converge,0,False,10000,,server:26.9.1-SNAPSHOT (build 8d6af94753ea8446bd13ac1aed2bb79eaf78dc90/1788075753609/main),,,,,,,,,,,,,,,,,,,,,,3.7,3.7,0.0,True,3.9,3.4,2042.0,2014.5,2010.9,0.0,10.6,0.0,9.5,3.6,20540435,22.1,19.0,18.8,0.0,0.1,0.0,0.2,0.1,240915,2064.1,2033.5,0.0,2033.5,9.7,0.0,2029.7,20781350,20260907T183609Z,,,,,,,,,,,,,,,,,,,,,,,,,,,lifecycle_arcadedb_server_graph_lc10k_r2.clientlog,,lifecycle_arcadedb_server_graph_lc10k_r2.serverlog,,,,,,,,,,,,2.7,,,,,,,,,,,,,4g,,,,,,,,,,,,,,,,,,,,,,,,,,,,,,,,,,,,,,,4g,,,,,,,,,,,,,,,,,,,,,,,,,,,,,,,,,,,,,,,,,,,,,,,,,,,,,,,,,,,,,,,,,,,,,,,,,,,,,,,,,,,,,,,,,,,,,,,,,,,,,48.217,,,,,,2.771,5.399,0.0,8.17,3.205,5.902,3.717,12.824,3.083,13.373,1.713,18.169,3.407,12.53,5.171,21.108,3.179,13.066,1.591,17.837,2.454,12.616,3.746,18.816,,,,,,,,,False,,,,,,graph,server,6.348,,,,,
lifecycle_arcadedb_server_vector_lc10k_r2,8d6af9475,lifecycle,arcadedb_server,vector,lc10k,2,paper,0-11,client_server,8g,2026-09-07T18:38:35.701988+00:00,full+client,8g,8.0,0-11,sha256:49058eefd65d6a6a297fa7fc4c2f1600edbf9e3b3d495cbae0f64815498cb9d9,arcadedb-c25:8d6af9475,8g,0.3,0.2,0.2,did not converge,0,False,10000,,server:26.9.1-SNAPSHOT (build 8d6af94753ea8446bd13ac1aed2bb79eaf78dc90/1788075753609/main),,,,,,,,,,,,,,,,,,,,,,6.2,6.2,0.0,True,6.4,5.9,1914.5,1895.3,1879.3,0.0,10.5,0.0,30.7,6.2,49448798,25.7,22.4,19.9,0.0,0.1,0.0,0.2,0.1,391522,1940.2,1917.7,0.0,1917.7,30.9,0.0,1899.3,49840320,20260907T183609Z,,,,,,,,,,,,,,,,,,,,,,,,,,,lifecycle_arcadedb_server_vector_lc10k_r2.clientlog,,lifecycle_arcadedb_server_vector_lc10k_r2.serverlog,,,,,,,,,,,,2.47,,,,,,,,,,,,,4g,,,,,,,,,,,,,,,,,,,,,,,,,,,,,,,,,,,,,,,4g,,,,,,,,,,,,,,,,,,,,,,,,,,,,,,,,,,,,,,,,,10000,,,,,,,,,,,,,,,,,,,,,,,,,,,,,,,,,,,,,,,,,,,,,,,,,,,,,,,,,,,,42.332,,,,,,3.417,6.128,0.0,9.545,4.03,7.445,26.362,37.837,4.032,13.081,2.077,19.191,3.433,14.222,18.083,35.738,3.67,14.08,3.757,21.507,3.363,622.477,14.793,640.633,,,,,,,,,False,,,,,,vector,server,7.687,,,,,
lifecycle_arcadedb_server_empty_lc10k_r2,8d6af9475,lifecycle,arcadedb_server,empty,lc10k,2,paper,0-11,client_server,8g,2026-09-07T18:38:53.966766+00:00,full+client,8g,8.0,0-11,sha256:49058eefd65d6a6a297fa7fc4c2f1600edbf9e3b3d495cbae0f64815498cb9d9,arcadedb-c25:8d6af9475,8g,0.3,0.2,0.2,did not converge,0,False,10000,,server:26.9.1-SNAPSHOT (build 8d6af94753ea8446bd13ac1aed2bb79eaf78dc90/1788075753609/main),,,,,,,,,,,,,,,,,,,,,,0.5,0.5,0.0,True,0.7,0.2,310.4,287.9,287.8,0.0,0.5,0.0,3.2,0.4,10467358,20.9,18.2,18.2,0.0,0.1,0.0,0.2,0.1,175659,331.3,306.0,0.0,306.0,3.4,0.0,306.0,10643017,20260907T183609Z,,,,,,,,,,,,,,,,,,,,,,,,,,,lifecycle_arcadedb_server_empty_lc10k_r2.clientlog,,lifecycle_arcadedb_server_empty_lc10k_r2.serverlog,,,,,,,,,,,,0.12,,,,,,,,,,,,,4g,,,,,,,,,,,,,,,,,,,,,,,,,,,,,,,,,,,,,,,4g,,,,,,,,,,,,,,,,,,,,,,,,,,,,,,,,,,,,,,,,,,,,,,,,,,,,,,,,,,,,,,,,,,,,,,,,,,,,,,,,,,,,,,,,,,,,,,,,,,,,,22.331,,,,,,2.966,3.898,0.0,6.865,2.833,3.99,0.001,6.824,2.765,9.745,1.887,14.396,2.272,9.828,1.703,13.802,2.902,10.362,1.862,15.126,3.382,11.747,2.13,17.259,,,,,,,,,False,,,,,,empty,server,7.335,,,,,
lifecycle_arcadedb_server_ts_lc10k_r2,8d6af9475,lifecycle,arcadedb_server,ts,lc10k,2,paper,0-11,client_server,8g,2026-09-07T18:40:26.486826+00:00,full+client,8g,8.0,0-11,sha256:49058eefd65d6a6a297fa7fc4c2f1600edbf9e3b3d495cbae0f64815498cb9d9,arcadedb-c25:8d6af9475,8g,0.3,0.2,0.2,did not converge,0,False,10000,,server:26.9.1-SNAPSHOT (build 8d6af94753ea8446bd13ac1aed2bb79eaf78dc90/1788075753609/main),,,,,,,,,,,,,,,,,,,,,,2.0,2.0,0.0,True,2.2,1.7,2127.8,2095.3,2095.3,0.0,4.9,0.0,7.2,1.9,14014487,22.8,19.1,18.7,0.0,0.1,0.0,0.2,0.1,196075,2150.6,2114.4,0.0,2114.4,7.4,0.0,2114.1,14210562,20260907T183609Z,,,,,,,,,,,,,,,,,,,,,,,,,,,lifecycle_arcadedb_server_ts_lc10k_r2.clientlog,,lifecycle_arcadedb_server_ts_lc10k_r2.serverlog,,,,,,,,,,,,1.23,,,,,,,,,,,,,4g,,,,,,,,,,,,,,,,,,,,,,,,,,,,,,,,,,,,,,,4g,,,,,,,,,,,,,,,,,,,,,,,,,,,,,,,,,,,,,,,,,,,,,,,,,,,,,,,,,,,,,,,,,,,,,,,,,,,,,,,,,,,,,,,,,,,,,,,,,,,,,112.802,,,,,,4.008,8.727,0.0,12.735,4.098,8.5,1.409,14.007,4.191,18.5,1.7,24.39,4.075,17.501,3.167,24.743,4.689,15.889,1.671,22.249,4.553,17.822,3.255,25.63,,,,,,,,,False,,,,,,ts,server,11.308,,,,,
lifecycle_arcadedb_server_doc_lc10k_r2,8d6af9475,lifecycle,arcadedb_server,doc,lc10k,2,paper,0-11,client_server,8g,2026-09-07T18:40:41.595204+00:00,full+client,8g,8.0,0-11,sha256:49058eefd65d6a6a297fa7fc4c2f1600edbf9e3b3d495cbae0f64815498cb9d9,arcadedb-c25:8d6af9475,8g,0.3,0.2,0.2,did not converge,0,False,10000,,server:26.9.1-SNAPSHOT (build 8d6af94753ea8446bd13ac1aed2bb79eaf78dc90/1788075753609/main),,,,,,,,,,,,,,,,,,,,,,0.8,0.8,0.0,True,1.0,0.5,377.2,356.3,354.1,0.0,1.1,0.0,3.8,0.7,11715920,24.3,18.7,18.7,0.0,0.1,0.0,0.2,0.1,185396,401.5,375.0,0.0,375.0,4.0,0.0,372.8,11901316,20260907T183609Z,,,,,,,,,,,,,,,,,,,,,,,,,,,lifecycle_arcadedb_server_doc_lc10k_r2.clientlog,,lifecycle_arcadedb_server_doc_lc10k_r2.serverlog,,,,,,,,,,,,0.39,,,,,,,,,,,,,4g,,,,,,,,,,,,,,,,,,,,,,,,,,,,,,,,,,,,,,,4g,,,,,,,,,,,,,,,,,,,,,,,,,,,,,,,,,,,,,,,,,,,,,,,,,,,,,,,,,,,,,,,,,,,,,,,,,,,,,,,,,,,,,,,,,,,,,,,,,,,,,47.193,,,,,,3.266,4.421,0.001,7.688,3.006,4.426,1.558,8.99,3.242,10.524,1.732,15.498,3.245,11.752,3.367,18.364,3.175,11.583,2.155,16.913,3.25,12.181,3.761,19.192,,,,,,,,,False,,,,,,doc,server,7.512,,,,,
lifecycle_arcadedb_server_sparse_lc10k_r2,8d6af9475,lifecycle,arcadedb_server,sparse,lc10k,2,paper,0-11,client_server,8g,2026-09-07T18:40:56.402088+00:00,full+client,8g,8.0,0-11,sha256:49058eefd65d6a6a297fa7fc4c2f1600edbf9e3b3d495cbae0f64815498cb9d9,arcadedb-c25:8d6af9475,8g,0.3,0.2,0.2,did not converge,0,False,10000,,server:26.9.1-SNAPSHOT (build 8d6af94753ea8446bd13ac1aed2bb79eaf78dc90/1788075753609/main),,,,,,,,,,,,,,,,,,,,,,4.8,4.8,0.0,True,5.0,4.5,1197.4,1181.2,1165.2,0.0,6.2,0.0,14.8,4.7,14134823,27.3,23.9,22.5,0.0,0.1,0.0,0.2,0.1,481047,1224.7,1205.0,0.0,1205.0,15.0,0.0,1187.8,14615870,20260907T183609Z,,,,,,,,,,,,,,,,,,,,,,,,,,,lifecycle_arcadedb_server_sparse_lc10k_r2.clientlog,,lifecycle_arcadedb_server_sparse_lc10k_r2.serverlog,,,,,,,,,,,,1.39,,,,,,,,,,,,,4g,,,,,,,,,,,,,,,,,,,,,,,,,,,,,,,,,,,,,,,4g,,,,,,,,,,,,,,,,,,,,,,,,,,,,,,,,,,,,,,,,,,,,,,,,,,,,,,,,,,,,,,,,,,,,,,,,,,,,,,,,,,,,,,,,,,,,,,,,,,,,,35.564,,,,,,3.163,4.898,0.0,8.062,3.342,17.69,1.843,22.876,4.569,17.312,2.1,23.981,3.334,18.401,3.542,25.277,5.086,26.618,2.355,34.059,4.673,21.17,4.917,30.76,,,,,,,,,False,,,,,,sparse,server,6.641,,,,,
lifecycle_arcadedb_server_doc_idx10_lc10k_r2,8d6af9475,lifecycle,arcadedb_server,doc_idx10,lc10k,2,paper,0-11,client_server,8g,2026-09-07T18:41:11.620286+00:00,full+client,8g,8.0,0-11,sha256:49058eefd65d6a6a297fa7fc4c2f1600edbf9e3b3d495cbae0f64815498cb9d9,arcadedb-c25:8d6af9475,8g,0.3,0.2,0.2,did not converge,0,False,10000,,server:26.9.1-SNAPSHOT (build 8d6af94753ea8446bd13ac1aed2bb79eaf78dc90/1788075753609/main),,,,,,,,,,,,,,,,,,,,,,3.7,3.7,0.0,True,3.9,3.4,803.6,773.5,773.5,0.0,7.0,0.0,49.5,3.6,13365708,21.7,19.2,18.9,0.0,0.1,0.0,0.2,0.1,241070,825.2,792.7,0.0,792.7,49.7,0.0,792.3,13606778,20260907T183609Z,,,,,,,,,,,,,,,,,,,,,,,,,,,lifecycle_arcadedb_server_doc_idx10_lc10k_r2.clientlog,,lifecycle_arcadedb_server_doc_idx10_lc10k_r2.serverlog,,,,,,,,,,,,0.86,,,,,,,,,,,,,4g,,,,,,,,,,,,,,,,,,,,,,,,,,,,,,,,,,,,,,,4g,,,,,,,,,,,,,,,,,,,,,,,,,,,,,,,,,,,,,,,,,,,,,,,,,,,,,,,,,,,,,,,,,,,,,,,,,,,,,,,,,,,,,,,,,,,,,,,,,,,,,117.426,,,,,,5.036,18.494,0.0,23.53,4.937,12.929,2.342,20.208,7.277,33.93,1.921,43.128,8.488,32.797,4.454,45.739,9.103,62.941,3.88,75.924,7.61,58.376,5.259,71.245,,,,,,,,,False,,,,,,doc_idx10,server,8.234,,,,,
lifecycle_arcadedb_server_doc_lc10k_r3,8d6af9475,lifecycle,arcadedb_server,doc,lc10k,3,paper,0-11,client_server,8g,2026-09-07T18:36:27.280519+00:00,full+client,8g,8.0,0-11,sha256:49058eefd65d6a6a297fa7fc4c2f1600edbf9e3b3d495cbae0f64815498cb9d9,arcadedb-c25:8d6af9475,8g,0.3,0.2,0.2,did not converge,0,False,10000,,server:26.9.1-SNAPSHOT (build 8d6af94753ea8446bd13ac1aed2bb79eaf78dc90/1788075753609/main),,,,,,,,,,,,,,,,,,,,,,0.8,0.8,0.0,True,1.0,0.5,376.7,353.7,353.7,0.0,0.7,0.0,3.8,0.7,10674250,23.7,18.2,18.2,0.0,0.1,0.0,0.2,0.1,180781,400.4,371.9,0.0,371.9,4.0,0.0,371.9,10855031,20260907T183609Z,,,,,,,,,,,,,,,,,,,,,,,,,,,lifecycle_arcadedb_server_doc_lc10k_r3.clientlog,,lifecycle_arcadedb_server_doc_lc10k_r3.serverlog,,,,,,,,,,,,0.4,,,,,,,,,,,,,4g,,,,,,,,,,,,,,,,,,,,,,,,,,,,,,,,,,,,,,,4g,,,,,,,,,,,,,,,,,,,,,,,,,,,,,,,,,,,,,,,,,,,,,,,,,,,,,,,,,,,,,,,,,,,,,,,,,,,,,,,,,,,,,,,,,,,,,,,,,,,,,27.406,,,,,,2.825,4.228,0.0,7.053,3.099,4.632,1.79,9.522,3.245,11.979,1.885,17.108,3.255,10.572,3.06,16.886,3.017,11.775,2.563,17.354,2.976,11.853,3.342,18.171,,,,,,,,,False,,,,,,doc,server,7.522,,,,,
lifecycle_arcadedb_server_ts_lc10k_r3,8d6af9475,lifecycle,arcadedb_server,ts,lc10k,3,paper,0-11,client_server,8g,2026-09-07T18:36:55.757734+00:00,full+client,8g,8.0,0-11,sha256:49058eefd65d6a6a297fa7fc4c2f1600edbf9e3b3d495cbae0f64815498cb9d9,arcadedb-c25:8d6af9475,8g,0.3,0.2,0.2,did not converge,0,False,10000,,server:26.9.1-SNAPSHOT (build 8d6af94753ea8446bd13ac1aed2bb79eaf78dc90/1788075753609/main),,,,,,,,,,,,,,,,,,,,,,2.0,2.0,0.0,True,2.2,1.7,1968.1,1936.4,1936.4,0.0,4.9,0.0,7.2,1.9,14002122,22.5,19.1,19.1,0.0,0.1,0.0,0.2,0.1,186787,1990.6,1955.5,0.0,1955.5,7.4,0.0,1955.5,14188909,20260907T183609Z,,,,,,,,,,,,,,,,,,,,,,,,,,,lifecycle_arcadedb_server_ts_lc10k_r3.clientlog,,lifecycle_arcadedb_server_ts_lc10k_r3.serverlog,,,,,,,,,,,,1.25,,,,,,,,,,,,,4g,,,,,,,,,,,,,,,,,,,,,,,,,,,,,,,,,,,,,,,4g,,,,,,,,,,,,,,,,,,,,,,,,,,,,,,,,,,,,,,,,,,,,,,,,,,,,,,,,,,,,,,,,,,,,,,,,,,,,,,,,,,,,,,,,,,,,,,,,,,,,,119.862,,,,,,3.574,9.061,0.0,12.635,4.689,9.543,1.736,15.968,4.344,18.474,1.957,24.776,3.676,18.651,3.084,25.412,4.235,17.864,1.727,23.826,3.516,18.337,2.641,24.495,,,,,,,,,False,,,,,,ts,server,10.422,,,,,
lifecycle_arcadedb_server_vector_lc10k_r3,8d6af9475,lifecycle,arcadedb_server,vector,lc10k,3,paper,0-11,client_server,8g,2026-09-07T18:37:44.184909+00:00,full+client,8g,8.0,0-11,sha256:49058eefd65d6a6a297fa7fc4c2f1600edbf9e3b3d495cbae0f64815498cb9d9,arcadedb-c25:8d6af9475,8g,0.3,0.2,0.2,did not converge,0,False,10000,,server:26.9.1-SNAPSHOT (build 8d6af94753ea8446bd13ac1aed2bb79eaf78dc90/1788075753609/main),,,,,,,,,,,,,,,,,,,,,,6.2,6.2,0.0,True,6.4,5.9,1910.7,1893.5,1877.8,0.0,9.0,0.0,30.7,6.2,43192527,26.8,22.4,19.9,0.0,0.1,0.0,0.2,0.1,401188,1937.5,1915.9,0.0,1915.9,30.9,0.0,1897.7,43593715,20260907T183609Z,,,,,,,,,,,,,,,,,,,,,,,,,,,lifecycle_arcadedb_server_vector_lc10k_r3.clientlog,,lifecycle_arcadedb_server_vector_lc10k_r3.serverlog,,,,,,,,,,,,2.17,,,,,,,,,,,,,4g,,,,,,,,,,,,,,,,,,,,,,,,,,,,,,,,,,,,,,,4g,,,,,,,,,,,,,,,,,,,,,,,,,,,,,,,,,,,,,,,,,10000,,,,,,,,,,,,,,,,,,,,,,,,,,,,,,,,,,,,,,,,,,,,,,,,,,,,,,,,,,,,43.285,,,,,,3.274,6.377,0.0,9.651,4.314,8.215,24.003,36.532,4.136,12.961,1.98,19.077,3.59,15.035,17.847,36.472,3.516,14.325,3.347,21.188,3.541,458.823,14.816,477.18,,,,,,,,,False,,,,,,vector,server,6.88,,,,,
lifecycle_arcadedb_server_graph_lc10k_r3,8d6af9475,lifecycle,arcadedb_server,graph,lc10k,3,paper,0-11,client_server,8g,2026-09-07T18:38:02.266336+00:00,full+client,8g,8.0,0-11,sha256:49058eefd65d6a6a297fa7fc4c2f1600edbf9e3b3d495cbae0f64815498cb9d9,arcadedb-c25:8d6af9475,8g,0.3,0.2,0.2,did not converge,0,False,10000,,server:26.9.1-SNAPSHOT (build 8d6af94753ea8446bd13ac1aed2bb79eaf78dc90/1788075753609/main),,,,,,,,,,,,,,,,,,,,,,3.7,3.7,0.0,True,3.9,3.4,2211.5,2177.8,2177.8,0.0,11.0,0.0,9.5,3.6,20054864,22.6,19.0,18.8,0.0,0.1,0.0,0.2,0.1,225168,2234.1,2196.8,0.0,2196.8,9.7,0.0,2196.6,20280032,20260907T183609Z,,,,,,,,,,,,,,,,,,,,,,,,,,,lifecycle_arcadedb_server_graph_lc10k_r3.clientlog,,lifecycle_arcadedb_server_graph_lc10k_r3.serverlog,,,,,,,,,,,,2.7,,,,,,,,,,,,,4g,,,,,,,,,,,,,,,,,,,,,,,,,,,,,,,,,,,,,,,4g,,,,,,,,,,,,,,,,,,,,,,,,,,,,,,,,,,,,,,,,,,,,,,,,,,,,,,,,,,,,,,,,,,,,,,,,,,,,,,,,,,,,,,,,,,,,,,,,,,,,,53.723,,,,,,2.956,5.64,0.0,8.597,2.879,5.828,3.765,12.472,2.908,12.791,1.716,17.414,3.383,12.63,5.06,21.073,3.376,12.86,1.687,17.923,2.654,10.805,3.839,17.297,,,,,,,,,False,,,,,,graph,server,7.431,,,,,
lifecycle_arcadedb_server_graph_gav_lc10k_r3,8d6af9475,lifecycle,arcadedb_server,graph_gav,lc10k,3,paper,0-11,client_server,8g,2026-09-07T18:38:18.713525+00:00,full+client,8g,8.0,0-11,sha256:49058eefd65d6a6a297fa7fc4c2f1600edbf9e3b3d495cbae0f64815498cb9d9,arcadedb-c25:8d6af9475,8g,0.3,0.2,0.2,did not converge,0,False,10000,,server:26.9.1-SNAPSHOT (build 8d6af94753ea8446bd13ac1aed2bb79eaf78dc90/1788075753609/main),,,,,,,,,,,,,,,,,,,,,,4.2,4.2,0.0,True,4.4,3.9,1977.8,1945.9,1945.9,0.0,11.8,0.0,10.6,4.1,22518361,21.5,19.0,18.8,0.0,0.1,0.0,0.2,0.1,253058,1999.3,1964.9,0.0,1964.9,10.8,0.0,1964.7,22771419,20260907T183609Z,,,,,,,,,,,,,,,,,,,,,,,,,,,lifecycle_arcadedb_server_graph_gav_lc10k_r3.clientlog,,lifecycle_arcadedb_server_graph_gav_lc10k_r3.serverlog,,,,,,,,,,,,2.83,,,,,,,,,,,,,4g,,,,,,,,,,,,,,,,,,,,,,,,,,,,,,,,,,,,,,,4g,,,,,,,,,,,,,,,,,,,,,,,,,,,,,,,,,,,,,,,,,,,,,,,,,,,,,,,,,,,,,,,,,,,,,,,,,,,,,,,,,,,,,,,,,,,,,,,,,,,,,58.385,,,,,,2.827,5.844,0.0,8.671,3.786,6.756,26.221,36.762,2.76,12.336,1.778,16.873,3.571,12.585,12.42,28.576,3.337,10.197,1.653,15.187,2.95,10.99,11.599,25.54,,,,,,,,,False,,,,,,graph_gav,server,9.018,,,,,
lifecycle_arcadedb_server_empty_lc10k_r3,8d6af9475,lifecycle,arcadedb_server,empty,lc10k,3,paper,0-11,client_server,8g,2026-09-07T18:40:12.340680+00:00,full+client,8g,8.0,0-11,sha256:49058eefd65d6a6a297fa7fc4c2f1600edbf9e3b3d495cbae0f64815498cb9d9,arcadedb-c25:8d6af9475,8g,0.3,0.2,0.2,did not converge,0,False,10000,,server:26.9.1-SNAPSHOT (build 8d6af94753ea8446bd13ac1aed2bb79eaf78dc90/1788075753609/main),,,,,,,,,,,,,,,,,,,,,,0.5,0.5,0.0,True,0.7,0.2,308.7,281.6,281.6,0.0,0.4,0.0,3.2,0.4,10696904,24.6,18.2,18.2,0.0,0.1,0.0,0.2,0.1,169498,333.3,299.7,0.0,299.7,3.4,0.0,299.7,10866402,20260907T183609Z,,,,,,,,,,,,,,,,,,,,,,,,,,,lifecycle_arcadedb_server_empty_lc10k_r3.clientlog,,lifecycle_arcadedb_server_empty_lc10k_r3.serverlog,,,,,,,,,,,,0.12,,,,,,,,,,,,,4g,,,,,,,,,,,,,,,,,,,,,,,,,,,,,,,,,,,,,,,4g,,,,,,,,,,,,,,,,,,,,,,,,,,,,,,,,,,,,,,,,,,,,,,,,,,,,,,,,,,,,,,,,,,,,,,,,,,,,,,,,,,,,,,,,,,,,,,,,,,,,,21.509,,,,,,3.081,4.47,0.001,7.552,2.724,4.177,0.001,6.902,3.049,10.08,2.187,15.317,2.256,10.621,1.766,14.644,2.736,11.064,1.867,15.667,2.68,10.208,1.889,14.778,,,,,,,,,False,,,,,,empty,server,6.432,,,,,
lifecycle_arcadedb_server_doc_idx10_lc10k_r3,8d6af9475,lifecycle,arcadedb_server,doc_idx10,lc10k,3,paper,0-11,client_server,8g,2026-09-07T18:41:26.866349+00:00,full+client,8g,8.0,0-11,sha256:49058eefd65d6a6a297fa7fc4c2f1600edbf9e3b3d495cbae0f64815498cb9d9,arcadedb-c25:8d6af9475,8g,0.3,0.2,0.2,did not converge,0,False,10000,,server:26.9.1-SNAPSHOT (build 8d6af94753ea8446bd13ac1aed2bb79eaf78dc90/1788075753609/main),,,,,,,,,,,,,,,,,,,,,,3.7,3.7,0.0,True,3.9,3.4,816.0,785.4,785.4,0.0,6.6,0.0,49.5,3.6,13874603,25.4,19.2,18.9,0.0,0.1,0.0,0.2,0.1,231426,841.3,804.5,0.0,804.5,49.7,0.0,804.2,14106029,20260907T183609Z,,,,,,,,,,,,,,,,,,,,,,,,,,,lifecycle_arcadedb_server_doc_idx10_lc10k_r3.clientlog,,lifecycle_arcadedb_server_doc_idx10_lc10k_r3.serverlog,,,,,,,,,,,,0.82,,,,,,,,,,,,,4g,,,,,,,,,,,,,,,,,,,,,,,,,,,,,,,,,,,,,,,4g,,,,,,,,,,,,,,,,,,,,,,,,,,,,,,,,,,,,,,,,,,,,,,,,,,,,,,,,,,,,,,,,,,,,,,,,,,,,,,,,,,,,,,,,,,,,,,,,,,,,,95.15,,,,,,4.428,8.694,0.0,13.122,5.228,8.804,2.374,16.406,4.914,15.903,1.852,22.669,8.267,38.669,4.312,51.247,9.202,64.289,4.381,77.873,8.984,56.715,5.842,71.541,,,,,,,,,False,,,,,,doc_idx10,server,10.23,,,,,
lifecycle_arcadedb_server_sparse_lc10k_r3,8d6af9475,lifecycle,arcadedb_server,sparse,lc10k,3,paper,0-11,client_server,8g,2026-09-07T18:42:10.547025+00:00,full+client,8g,8.0,0-11,sha256:49058eefd65d6a6a297fa7fc4c2f1600edbf9e3b3d495cbae0f64815498cb9d9,arcadedb-c25:8d6af9475,8g,0.3,0.2,0.2,did not converge,0,False,10000,,server:26.9.1-SNAPSHOT (build 8d6af94753ea8446bd13ac1aed2bb79eaf78dc90/1788075753609/main),,,,,,,,,,,,,,,,,,,,,,4.8,4.8,0.0,True,5.0,4.5,1180.2,1164.6,1148.6,0.0,7.7,0.0,14.8,4.7,14686795,27.8,22.5,22.5,0.0,0.1,0.0,0.2,0.1,466940,1208.0,1187.2,0.0,1187.2,15.0,0.0,1171.2,15153735,20260907T183609Z,,,,,,,,,,,,,,,,,,,,,,,,,,,lifecycle_arcadedb_server_sparse_lc10k_r3.clientlog,,lifecycle_arcadedb_server_sparse_lc10k_r3.serverlog,,,,,,,,,,,,1.49,,,,,,,,,,,,,4g,,,,,,,,,,,,,,,,,,,,,,,,,,,,,,,,,,,,,,,4g,,,,,,,,,,,,,,,,,,,,,,,,,,,,,,,,,,,,,,,,,,,,,,,,,,,,,,,,,,,,,,,,,,,,,,,,,,,,,,,,,,,,,,,,,,,,,,,,,,,,,35.332,,,,,,2.783,4.941,0.0,7.725,3.687,5.299,2.065,11.051,3.759,12.027,1.988,17.774,3.281,11.305,3.378,17.964,5.127,23.4,2.375,30.902,4.195,17.189,4.765,26.149,,,,,,,,,False,,,,,,sparse,server,6.46,,,,,
lifecycle_arcadedb_embedded_ts_lc10m_r1,8d6af9475,lifecycle,arcadedb_embedded,ts,lc10m,1,paper,0-11,embedded,28g,2026-09-07T21:52:23+00:00,,,,,,,,,0.2,0.2,did not converge,0,False,10000000,,26.9.1.dev0,,,,,,,,,,,,,,,,,,,,,,,,,,0.2,0.0,,,,,,,,,,15713.9,15613.4,2308.5,0.0,124.7,19.5,610.6,2.8,457223207,15713.9,15613.4,0.0,15613.4,610.6,19.5,2308.5,457223207,20260907T193208Z,,,,,,,,,,,,,,,,,,,,,,,,,,,lifecycle_arcadedb_embedded_ts_lc10m_r1.clientlog,,,,64,,,,,,,,,,319.163,,,,,,,,,,,,,24g,l5_lifecycle.py,engine,container:95b46e8afd5e (host unknown),dbbench:arcadedb,,,,,,,,,,,,,,,,,,,,,,,,,,,,,,,,,,,,,,,,,,,,,,,,,,,,,,,,,,,,,,,,,,,,,,,,,,,,,,,,,,,,,,,,,,,,,,,,,,,,,,,,,,,,,,,,,,,,,,,,,,,,,,,,,,,ext4,3,1,13.632,7.293,49.46,79.863,185.742,175.875,474.824,warm-page-cache,2.872,7.481,0.001,10.354,3.048,7.401,0.372,10.822,3.139,15.153,0.498,18.79,3.317,16.726,0.687,20.73,3.562,14.776,0.299,18.637,3.374,15.071,0.613,19.058,464.471,2.687,13.684,2.563,13.355,0.315,16.233,True,False,,,,,,,,,,,,,
lifecycle_arcadedb_embedded_vector_lc10m_r1,8d6af9475,lifecycle,arcadedb_embedded,vector,lc10m,1,paper,0-11,embedded,28g,2026-09-07T22:41:23+00:00,,,,,,,,,0.2,0.2,did not converge,0,False,10000000,,26.9.1.dev0,,,,,,,,,,,,,,,,,,,,,,,,,,0.2,0.0,,,,,,,,,,28672.0,25273.8,170.7,0.0,4475.8,140929.7,11571.0,3220.6,25428310557,28672.0,25273.8,0.0,25273.8,11571.0,140929.7,170.7,25428310557,20260907T193208Z,,,,,,,,,,,,,,,,,,,,,,,,,,,lifecycle_arcadedb_embedded_vector_lc10m_r1.clientlog,,,,64,,,,,,,,,,2937.783,,,,,,,,,,,,,24g,l5_lifecycle.py,engine,container:e252c422db5f (host unknown),dbbench:arcadedb,,,,,,,,,,,,,,,,,,,,,,,,,,,,,,,,,,,,,,,,,,,,,,,,,,,,,,,,,,,,,,,,,,,,,,,,,,,,10000000,,,,,,,,,,,,,,,,,,,,,,,,,,,,,,,,,,,,,,,,,,,,,,,,,,,,,,,ext4,3,1,12.252,1548.981,156.771,79.371,193.039,207.574,510.949,warm-page-cache,2.498,1417.953,0.001,1420.452,2.234,13.168,17730.221,17745.624,3.458,1512.378,0.669,1516.505,2.061,12.585,17696.672,17711.319,1.977,25.294,1460.86,1488.131,2.129,13.935,17853.417,17869.481,0.0,1.905,1409.326,1.767,14.582,17436.744,17453.093,True,True,1.918,11.645,6.127,True,"{'vectorCacheHits': 20, 'unverifiedGraphReuses': 0, 'estimatedRebuildWork': 1000000000, 'compactedPages': 0, 'closeTimeRebuildPending': 1, 'graphNodeCount': 10000000, 'stalePrefixGraphReuses': 1, 'asyncRebuildInProgress': 0, 'deltaVectorsCount': 16, 'rebuildSnapshotGeneration': 0, 'groupedSearchesMergingDelta': 0, 'deltaScanBudget': 717, 'searchOperations': 1, 'liveVectorCacheSize': 0, 'compactionCount': 0, 'beamWidth': 100, 'groupedSearchesGroupsUnavailable': 0, 'vectorFetchFromQuantized': 0, 'deltaScanWorkTarget': 1000000000, 'estimatedLocationIndexBytes': 277010928, 'totalVectors': 10000016, 'graphRebuildCount': 0, 'estimatedOrdinalMapBytes': 40000000, 'maxConnections': 32, 'mutablePages': 418, 'preFilterSearches': 0, 'rebuildsDeferredForMemory': 1, 'groupedSearchesShortOfLimit': 0, 'bruteForceScans': 0, 'avgInsertLatencyMs': 0, 'mutationsSinceRebuild': 16, 'vectorFetchFromDocuments': 734, 'searchVectorCacheCapacity': 16777216, 'deltaScanWorkSinceRebuild': 16, 'deletedVectors': 0, 'avgSearchLatencyMs': 17436, 'pooledGraphSearchers': 1, 'graphState': 2, 'mutationsThreshold': 100, 'effectiveMutationsThreshold': 50000, 'persistedGraphNodeCount': 10000000, 'graphBuildParallelism': 11, 'insertOperations': 0, 'graphWalkVisitedAvg': 717, 'vectorCacheMisses': 718, 'vectorFetchFromGraph': 0, 'activeVectors': 10000016, 'dimensions': 64, 'vector_stats_mode': 'read'}",,,,,,,,
lifecycle_arcadedb_embedded_graph_gav_lc10m_r1,8d6af9475,lifecycle,arcadedb_embedded,graph_gav,lc10m,1,paper,0-11,embedded,28g,2026-09-07T23:18:07+00:00,,,,,,,,,0.2,0.2,did not converge,0,False,10000000,,26.9.1.dev0,,,,,,,,,,,,,,,,,,,,,,,,,,0.2,0.0,,,,,,,,,,27791.2,24013.1,6212.1,0.0,3609.7,829.0,9981.2,414.5,1696981290,27791.2,24013.1,0.0,24013.1,9981.2,829.0,6212.1,1696981290,20260907T193208Z,,,,,,,,,,,,,,,,,,,,,,,,,,,lifecycle_arcadedb_embedded_graph_gav_lc10m_r1.clientlog,,,,64,,,,,,,,,,1555.127,,,,,,,,,,,,,24g,l5_lifecycle.py,engine,container:e4123a3ef89a (host unknown),dbbench:arcadedb,,,,,,,,,,,,,,,,,,,,,,,,,,,,,,,,,,,,,,,,,,,,,,,,,,,,,,,,,,,,,,,,,,,,,,,,,,,,,,,,,,,,,,,,,,,,,,,,,,,,,,,,,,,,,,,,,,,,,,,,,,,,,,,,,,,ext4,3,1,12.05,3.901,1009.795,77.202,186.164,156.888,446.58,warm-page-cache,1.375,5.123,0.001,6.499,1.896,14.9,3946.676,3963.472,2.004,11.71,0.489,14.203,1.743,16.777,3963.408,3981.929,1.949,10.005,0.394,12.348,1.806,31.109,3954.005,3986.92,440.082,4.072,14.249,2.427,30.265,3949.954,3982.646,True,False,1.803,4.659,0.836,True,,,,,16,,False,,
lifecycle_arcadedb_embedded_doc_lc10m_r1,8d6af9475,lifecycle,arcadedb_embedded,doc,lc10m,1,paper,0-11,embedded,28g,2026-09-07T23:46:45+00:00,,,,,,,,,0.2,0.2,did not converge,0,False,10000000,,26.9.1.dev0,,,,,,,,,,,,,,,,,,,,,,,,,,0.2,0.0,,,,,,,,,,16070.1,15697.9,5469.7,0.0,366.8,1.0,615.2,0.5,70944077,16070.1,15697.9,0.0,15697.9,615.2,1.0,5469.7,70944077,20260907T193208Z,,,,,,,,,,,,,,,,,,,,,,,,,,,lifecycle_arcadedb_embedded_doc_lc10m_r1.clientlog,,,,64,,,,,,,,,,61.91,,,,,,,,,,,,,24g,l5_lifecycle.py,engine,container:824308314c1a (host unknown),dbbench:arcadedb,,,,,,,,,,,,,,,,,,,,,,,,,,,,,,,,,,,,,,,,,,,,,,,,,,,,,,,,,,,,,,,,,,,,,,,,,,,,,,,,,,,,,,,,,,,,,,,,,,,,,,,,,,,,,,,,,,,,,,,,,,,,,,,,,,,ext4,3,1,2.629,3.252,29.828,77.486,180.482,144.399,429.211,warm-page-cache,1.307,4.15,0.001,5.457,2.116,3.539,0.492,6.146,1.818,11.051,0.395,13.263,1.954,11.239,0.556,13.75,2.115,11.237,0.383,13.734,2.185,11.554,0.671,14.41,423.754,1.941,3.486,1.731,3.444,0.266,5.44,True,False,,,,,,,,,,,,,
lifecycle_arcadedb_embedded_vector_lc10m_r2,8d6af9475,lifecycle,arcadedb_embedded,vector,lc10m,2,paper,0-11,embedded,28g,2026-09-07T20:21:09+00:00,,,,,,,,,0.2,0.2,did not converge,0,False,10000000,,26.9.1.dev0,,,,,,,,,,,,,,,,,,,,,,,,,,0.2,0.0,,,,,,,,,,28672.0,25276.6,6448.9,0.0,4516.3,140988.2,11651.0,3216.0,25655395291,28672.0,25276.6,0.0,25276.6,11651.0,140988.2,6448.9,25655395291,20260907T193208Z,,,,,,,,,,,,,,,,,,,,,,,,,,,lifecycle_arcadedb_embedded_vector_lc10m_r2.clientlog,,,,64,,,,,,,,,,2940.573,,,,,,,,,,,,,24g,l5_lifecycle.py,engine,container:64ea1055f147 (host unknown),dbbench:arcadedb,,,,,,,,,,,,,,,,,,,,,,,,,,,,,,,,,,,,,,,,,,,,,,,,,,,,,,,,,,,,,,,,,,,,,,,,,,,,10000000,,,,,,,,,,,,,,,,,,,,,,,,,,,,,,,,,,,,,,,,,,,,,,,,,,,,,,,ext4,3,1,12.684,1586.098,114.747,79.688,179.67,193.185,493.794,warm-page-cache,2.174,1406.522,0.001,1408.697,2.575,12.232,17605.621,17620.427,1.953,1415.41,0.542,1417.905,3.332,15.944,17808.5,17827.776,3.263,48.395,1382.81,1434.468,2.036,12.909,17764.764,17779.71,0.0,1.909,1410.271,1.805,11.904,17594.316,17608.025,True,True,2.001,11.912,4.389,True,"{'vectorCacheHits': 20, 'unverifiedGraphReuses': 0, 'estimatedRebuildWork': 1000000000, 'compactedPages': 0, 'closeTimeRebuildPending': 1, 'graphNodeCount': 10000000, 'stalePrefixGraphReuses': 1, 'asyncRebuildInProgress': 0, 'deltaVectorsCount': 16, 'rebuildSnapshotGeneration': 0, 'groupedSearchesMergingDelta': 0, 'deltaScanBudget': 870, 'searchOperations': 1, 'liveVectorCacheSize': 0, 'compactionCount': 0, 'beamWidth': 100, 'groupedSearchesGroupsUnavailable': 0, 'vectorFetchFromQuantized': 0, 'deltaScanWorkTarget': 1000000000, 'estimatedLocationIndexBytes': 277010928, 'totalVectors': 10000016, 'graphRebuildCount': 0, 'estimatedOrdinalMapBytes': 40000000, 'maxConnections': 32, 'mutablePages': 418, 'preFilterSearches': 0, 'rebuildsDeferredForMemory': 1, 'groupedSearchesShortOfLimit': 0, 'bruteForceScans': 0, 'avgInsertLatencyMs': 0, 'mutationsSinceRebuild': 16, 'vectorFetchFromDocuments': 887, 'searchVectorCacheCapacity': 16777216, 'deltaScanWorkSinceRebuild': 16, 'deletedVectors': 0, 'avgSearchLatencyMs': 17594, 'pooledGraphSearchers': 1, 'graphState': 2, 'mutationsThreshold': 100, 'effectiveMutationsThreshold': 50000, 'persistedGraphNodeCount': 10000000, 'graphBuildParallelism': 11, 'insertOperations': 0, 'graphWalkVisitedAvg': 870, 'vectorCacheMisses': 871, 'vectorFetchFromGraph': 0, 'activeVectors': 10000016, 'dimensions': 64, 'vector_stats_mode': 'read'}",,,,,,,,
lifecycle_arcadedb_embedded_graph_gav_lc10m_r2,8d6af9475,lifecycle,arcadedb_embedded,graph_gav,lc10m,2,paper,0-11,embedded,28g,2026-09-07T23:44:36+00:00,,,,,,,,,0.2,0.2,did not converge,0,False,10000000,,26.9.1.dev0,,,,,,,,,,,,,,,,,,,,,,,,,,0.2,0.0,,,,,,,,,,28097.5,24291.2,6162.2,0.0,3609.7,829.0,9953.5,414.5,1663651890,28097.5,24291.2,0.0,24291.2,9953.5,829.0,6162.2,1663651890,20260907T193208Z,,,,,,,,,,,,,,,,,,,,,,,,,,,lifecycle_arcadedb_embedded_graph_gav_lc10m_r2.clientlog,,,,64,,,,,,,,,,1522.057,,,,,,,,,,,,,24g,l5_lifecycle.py,engine,container:a64f3d238609 (host unknown),dbbench:arcadedb,,,,,,,,,,,,,,,,,,,,,,,,,,,,,,,,,,,,,,,,,,,,,,,,,,,,,,,,,,,,,,,,,,,,,,,,,,,,,,,,,,,,,,,,,,,,,,,,,,,,,,,,,,,,,,,,,,,,,,,,,,,,,,,,,,,ext4,3,1,12.132,4.439,1017.024,78.149,188.119,153.75,461.31,warm-page-cache,2.235,11.726,0.001,13.962,1.795,15.247,3940.025,3957.067,1.708,10.805,0.435,12.948,1.689,17.457,3936.086,3955.231,1.466,9.783,0.336,11.585,1.703,20.901,3940.937,3963.541,447.349,1.947,6.014,1.921,31.075,3920.362,3953.358,True,False,1.921,17.227,0.83,True,,,,,16,,False,,
lifecycle_arcadedb_embedded_doc_lc10m_r2,8d6af9475,lifecycle,arcadedb_embedded,doc,lc10m,2,paper,0-11,embedded,28g,2026-09-07T23:47:48+00:00,,,,,,,,,0.2,0.2,did not converge,0,False,10000000,,26.9.1.dev0,,,,,,,,,,,,,,,,,,,,,,,,,,0.2,0.0,,,,,,,,,,16069.3,15686.5,6984.9,0.0,363.9,1.0,615.4,0.5,70739377,16069.3,15686.5,0.0,15686.5,615.4,1.0,6984.9,70739377,20260907T193208Z,,,,,,,,,,,,,,,,,,,,,,,,,,,lifecycle_arcadedb_embedded_doc_lc10m_r2.clientlog,,,,64,,,,,,,,,,61.459,,,,,,,,,,,,,24g,l5_lifecycle.py,engine,container:7b830271fdbd (host unknown),dbbench:arcadedb,,,,,,,,,,,,,,,,,,,,,,,,,,,,,,,,,,,,,,,,,,,,,,,,,,,,,,,,,,,,,,,,,,,,,,,,,,,,,,,,,,,,,,,,,,,,,,,,,,,,,,,,,,,,,,,,,,,,,,,,,,,,,,,,,,,ext4,3,1,2.585,3.281,22.588,76.687,179.857,145.445,428.263,warm-page-cache,1.426,3.623,0.001,5.05,1.409,3.419,0.338,5.165,1.328,9.767,0.294,11.389,1.997,10.726,0.501,13.223,2.142,11.485,0.381,14.009,2.195,10.605,0.642,13.442,423.214,1.96,4.061,2.597,4.028,0.417,7.041,True,False,,,,,,,,,,,,,
lifecycle_arcadedb_embedded_ts_lc10m_r2,8d6af9475,lifecycle,arcadedb_embedded,ts,lc10m,2,paper,0-11,embedded,28g,2026-09-07T23:53:15+00:00,,,,,,,,,0.2,0.2,did not converge,0,False,10000000,,26.9.1.dev0,,,,,,,,,,,,,,,,,,,,,,,,,,0.2,0.0,,,,,,,,,,15706.0,15600.5,4449.8,0.0,121.2,19.3,610.9,2.7,466708801,15706.0,15600.5,0.0,15600.5,610.9,19.3,4449.8,466708801,20260907T193208Z,,,,,,,,,,,,,,,,,,,,,,,,,,,lifecycle_arcadedb_embedded_ts_lc10m_r2.clientlog,,,,64,,,,,,,,,,324.695,,,,,,,,,,,,,24g,l5_lifecycle.py,engine,container:7e915b3d4241 (host unknown),dbbench:arcadedb,,,,,,,,,,,,,,,,,,,,,,,,,,,,,,,,,,,,,,,,,,,,,,,,,,,,,,,,,,,,,,,,,,,,,,,,,,,,,,,,,,,,,,,,,,,,,,,,,,,,,,,,,,,,,,,,,,,,,,,,,,,,,,,,,,,ext4,3,1,15.261,7.603,45.948,84.706,185.988,172.476,477.586,warm-page-cache,2.992,7.485,0.001,10.478,2.974,7.866,0.347,11.187,3.214,17.672,0.504,21.389,3.508,15.466,0.725,19.698,3.97,18.006,0.322,22.298,3.74,15.37,0.566,19.676,467.109,2.639,13.431,2.723,13.662,0.31,16.696,True,False,,,,,,,,,,,,,
lifecycle_arcadedb_embedded_graph_gav_lc10m_r3,8d6af9475,lifecycle,arcadedb_embedded,graph_gav,lc10m,3,paper,0-11,embedded,28g,2026-09-07T20:51:57+00:00,,,,,,,,,0.2,0.2,did not converge,0,False,10000000,,26.9.1.dev0,,,,,,,,,,,,,,,,,,,,,,,,,,0.2,0.0,,,,,,,,,,28069.0,24239.4,4079.4,0.0,3609.8,829.2,9970.9,414.6,1662909345,28069.0,24239.4,0.0,24239.4,9970.9,829.2,4079.4,1662909345,20260907T193208Z,,,,,,,,,,,,,,,,,,,,,,,,,,,lifecycle_arcadedb_embedded_graph_gav_lc10m_r3.clientlog,,,,64,,,,,,,,,,1520.603,,,,,,,,,,,,,24g,l5_lifecycle.py,engine,container:0a4c7067512f (host unknown),dbbench:arcadedb,,,,,,,,,,,,,,,,,,,,,,,,,,,,,,,,,,,,,,,,,,,,,,,,,,,,,,,,,,,,,,,,,,,,,,,,,,,,,,,,,,,,,,,,,,,,,,,,,,,,,,,,,,,,,,,,,,,,,,,,,,,,,,,,,,,ext4,3,1,3.814,14.388,1046.338,76.279,176.454,159.384,438.256,warm-page-cache,1.949,4.335,0.001,6.285,1.915,15.256,3827.108,3844.279,1.901,11.371,0.461,13.733,1.764,19.222,3869.392,3890.378,2.786,19.783,0.524,23.093,1.734,34.669,3860.499,3896.902,431.972,3.636,12.693,2.478,28.621,3842.982,3874.081,True,False,1.452,16.259,0.896,True,,,,,16,,False,,
lifecycle_arcadedb_embedded_doc_lc10m_r3,8d6af9475,lifecycle,arcadedb_embedded,doc,lc10m,3,paper,0-11,embedded,28g,2026-09-07T20:54:01+00:00,,,,,,,,,0.2,0.2,did not converge,0,False,10000000,,26.9.1.dev0,,,,,,,,,,,,,,,,,,,,,,,,,,0.2,0.0,,,,,,,,,,16017.4,15642.6,3376.0,0.0,369.6,1.0,615.2,0.5,67538650,16017.4,15642.6,0.0,15642.6,615.2,1.0,3376.0,67538650,20260907T193208Z,,,,,,,,,,,,,,,,,,,,,,,,,,,lifecycle_arcadedb_embedded_doc_lc10m_r3.clientlog,,,,64,,,,,,,,,,58.863,,,,,,,,,,,,,24g,l5_lifecycle.py,engine,container:f1e870385350 (host unknown),dbbench:arcadedb,,,,,,,,,,,,,,,,,,,,,,,,,,,,,,,,,,,,,,,,,,,,,,,,,,,,,,,,,,,,,,,,,,,,,,,,,,,,,,,,,,,,,,,,,,,,,,,,,,,,,,,,,,,,,,,,,,,,,,,,,,,,,,,,,,,ext4,3,1,2.886,3.361,44.934,76.703,182.371,142.801,428.621,warm-page-cache,1.575,3.486,0.001,5.062,1.638,3.284,0.374,5.296,1.69,10.371,0.367,12.428,2.244,11.495,0.595,14.334,2.166,11.955,0.434,14.554,1.578,10.784,0.639,13.001,423.56,1.541,3.416,1.606,3.415,0.32,5.341,True,False,,,,,,,,,,,,,
lifecycle_arcadedb_embedded_vector_lc10m_r3,8d6af9475,lifecycle,arcadedb_embedded,vector,lc10m,3,paper,0-11,embedded,28g,2026-09-07T21:41:34+00:00,,,,,,,,,0.2,0.2,did not converge,0,False,10000000,,26.9.1.dev0,,,,,,,,,,,,,,,,,,,,,,,,,,0.2,0.0,,,,,,,,,,28672.0,25319.9,6303.3,0.0,4505.1,140975.6,11630.3,3172.5,25196833995,28672.0,25319.9,0.0,25319.9,11630.3,140975.6,6303.3,25196833995,20260907T193208Z,,,,,,,,,,,,,,,,,,,,,,,,,,,lifecycle_arcadedb_embedded_vector_lc10m_r3.clientlog,,,,64,,,,,,,,,,2850.788,,,,,,,,,,,,,24g,l5_lifecycle.py,engine,container:453523ba732e (host unknown),dbbench:arcadedb,,,,,,,,,,,,,,,,,,,,,,,,,,,,,,,,,,,,,,,,,,,,,,,,,,,,,,,,,,,,,,,,,,,,,,,,,,,,10000000,,,,,,,,,,,,,,,,,,,,,,,,,,,,,,,,,,,,,,,,,,,,,,,,,,,,,,,ext4,3,1,12.2,1465.724,95.413,77.388,187.903,188.788,475.575,warm-page-cache,2.197,1483.697,0.001,1485.894,2.351,13.581,17570.959,17586.891,2.163,1487.999,0.683,1490.846,2.193,11.724,17649.707,17663.624,1.922,23.682,1462.702,1488.306,2.052,16.308,17819.599,17837.959,0.0,1.82,1583.376,1.948,11.573,17786.635,17800.155,True,True,2.212,22.645,8.429,True,"{'vectorCacheHits': 20, 'unverifiedGraphReuses': 0, 'estimatedRebuildWork': 1000000000, 'compactedPages': 0, 'closeTimeRebuildPending': 1, 'graphNodeCount': 10000000, 'stalePrefixGraphReuses': 1, 'asyncRebuildInProgress': 0, 'deltaVectorsCount': 16, 'rebuildSnapshotGeneration': 0, 'groupedSearchesMergingDelta': 0, 'deltaScanBudget': 840, 'searchOperations': 1, 'liveVectorCacheSize': 0, 'compactionCount': 0, 'beamWidth': 100, 'groupedSearchesGroupsUnavailable': 0, 'vectorFetchFromQuantized': 0, 'deltaScanWorkTarget': 1000000000, 'estimatedLocationIndexBytes': 277010928, 'totalVectors': 10000016, 'graphRebuildCount': 0, 'estimatedOrdinalMapBytes': 40000000, 'maxConnections': 32, 'mutablePages': 418, 'preFilterSearches': 0, 'rebuildsDeferredForMemory': 1, 'groupedSearchesShortOfLimit': 0, 'bruteForceScans': 0, 'avgInsertLatencyMs': 0, 'mutationsSinceRebuild': 16, 'vectorFetchFromDocuments': 857, 'searchVectorCacheCapacity': 16777216, 'deltaScanWorkSinceRebuild': 16, 'deletedVectors': 0, 'avgSearchLatencyMs': 17785, 'pooledGraphSearchers': 1, 'graphState': 2, 'mutationsThreshold': 100, 'effectiveMutationsThreshold': 50000, 'persistedGraphNodeCount': 10000000, 'graphBuildParallelism': 11, 'insertOperations': 0, 'graphWalkVisitedAvg': 840, 'vectorCacheMisses': 841, 'vectorFetchFromGraph': 0, 'activeVectors': 10000016, 'dimensions': 64, 'vector_stats_mode': 'read'}",,,,,,,,
lifecycle_arcadedb_embedded_ts_lc10m_r3,8d6af9475,lifecycle,arcadedb_embedded,ts,lc10m,3,paper,0-11,embedded,28g,2026-09-07T22:52:09+00:00,,,,,,,,,0.2,0.2,did not converge,0,False,10000000,,26.9.1.dev0,,,,,,,,,,,,,,,,,,,,,,,,,,0.2,0.0,,,,,,,,,,15698.6,15576.6,1231.5,0.0,126.8,22.7,609.7,3.1,455676287,15698.6,15576.6,0.0,15576.6,609.7,22.7,1231.5,455676287,20260907T193208Z,,,,,,,,,,,,,,,,,,,,,,,,,,,lifecycle_arcadedb_embedded_ts_lc10m_r3.clientlog,,,,64,,,,,,,,,,318.013,,,,,,,,,,,,,24g,l5_lifecycle.py,engine,container:bd6d2850b2a5 (host unknown),dbbench:arcadedb,,,,,,,,,,,,,,,,,,,,,,,,,,,,,,,,,,,,,,,,,,,,,,,,,,,,,,,,,,,,,,,,,,,,,,,,,,,,,,,,,,,,,,,,,,,,,,,,,,,,,,,,,,,,,,,,,,,,,,,,,,,,,,,,,,,ext4,3,1,16.117,19.507,92.075,84.335,186.442,172.136,493.019,warm-page-cache,4.244,19.146,0.001,23.391,3.739,18.338,0.393,22.47,4.985,35.071,0.595,40.651,6.066,35.24,0.846,42.151,5.758,35.065,0.362,41.186,5.793,34.781,0.675,41.249,469.629,2.702,13.478,3.72,15.82,0.322,19.862,True,False,,,,,,,,,,,,,
lifecycle_arcadedb_server_ts_lc10m_r1,8d6af9475,lifecycle,arcadedb_server,ts,lc10m,1,paper,0-11,client_server,28g,2026-09-07T23:53:17.571648+00:00,full+client,8g,28.0,0-11,sha256:49058eefd65d6a6a297fa7fc4c2f1600edbf9e3b3d495cbae0f64815498cb9d9,arcadedb-c25:8d6af9475,28g,0.3,0.2,0.2,did not converge,0,False,10000000,,server:26.9.1-SNAPSHOT (build 8d6af94753ea8446bd13ac1aed2bb79eaf78dc90/1788075753609/main),,,,,,,,,,,,,,,,,,,,,,60.3,60.3,0.0,True,60.5,60.0,15772.4,15617.9,15617.9,0.0,125.8,0.0,609.1,60.3,478127506,23.4,19.1,19.1,0.0,0.1,0.0,0.2,0.1,7345710,15795.7,15637.0,0.0,15637.0,609.2,0.0,15637.0,485473216,20260907T235317Z,,,,,,,,,,,,,,,,,,,,,,,,,,,lifecycle_arcadedb_server_ts_lc10m_r1.clientlog,,lifecycle_arcadedb_server_ts_lc10m_r1.serverlog,,,,,,,,,,,,309.19,,,,,,,,,,,,,24g,,,,,,,,,,,,,,,,,,,,,,,,,,,,,,,,,,,,,,,24g,,,,,,,,,,,,,,,,,,,,,,,,,,,,,,,,,,,,,,,,,,,,,,,,,,,,,,,,,,,,,,,,,,,,,,,,,,,,,,,,,,,,,,,,,,,,,,,,,,,,,90.817,,,,,,4.84,16.724,0.0,21.564,4.913,15.596,1.306,21.814,7.079,32.295,2.124,41.498,7.915,21.182,3.281,32.379,5.499,17.958,1.291,24.748,4.029,15.261,2.515,21.805,,,,,,,,,False,,,,,,ts,server,9.427,,,,,
lifecycle_arcadedb_server_doc_lc10m_r1,8d6af9475,lifecycle,arcadedb_server,doc,lc10m,1,paper,0-11,client_server,28g,2026-09-08T00:05:56.264529+00:00,full+client,8g,28.0,0-11,sha256:49058eefd65d6a6a297fa7fc4c2f1600edbf9e3b3d495cbae0f64815498cb9d9,arcadedb-c25:8d6af9475,28g,0.3,0.2,0.2,did not converge,0,False,10000000,,server:26.9.1-SNAPSHOT (build 8d6af94753ea8446bd13ac1aed2bb79eaf78dc90/1788075753609/main),,,,,,,,,,,,,,,,,,,,,,305.7,305.7,0.0,True,305.9,305.4,16040.4,15628.9,15623.0,0.0,372.5,0.0,613.9,305.6,52049586,22.1,18.7,18.7,0.0,0.1,0.0,0.2,0.1,6437816,16062.5,15647.6,0.0,15647.6,614.1,0.0,15641.8,58487402,20260907T235317Z,,,,,,,,,,,,,,,,,,,,,,,,,,,lifecycle_arcadedb_server_doc_lc10m_r1.clientlog,,lifecycle_arcadedb_server_doc_lc10m_r1.serverlog,,,,,,,,,,,,41.04,,,,,,,,,,,,,24g,,,,,,,,,,,,,,,,,,,,,,,,,,,,,,,,,,,,,,,24g,,,,,,,,,,,,,,,,,,,,,,,,,,,,,,,,,,,,,,,,,,,,,,,,,,,,,,,,,,,,,,,,,,,,,,,,,,,,,,,,,,,,,,,,,,,,,,,,,,,,,16.971,,,,,,2.174,3.9,0.0,6.074,2.369,4.029,1.251,7.649,2.088,10.066,1.053,13.207,3.58,11.961,2.716,18.257,1.906,10.002,0.954,12.862,2.23,11.151,1.916,15.297,,,,,,,,,False,,,,,,doc,server,7.07,,,,,
lifecycle_arcadedb_server_graph_gav_lc10m_r1,8d6af9475,lifecycle,arcadedb_server,graph_gav,lc10m,1,paper,0-11,client_server,28g,2026-09-08T00:37:04.380528+00:00,full+client,8g,28.0,0-11,sha256:49058eefd65d6a6a297fa7fc4c2f1600edbf9e3b3d495cbae0f64815498cb9d9,arcadedb-c25:8d6af9475,28g,0.3,0.2,0.2,did not converge,0,False,10000000,,server:26.9.1-SNAPSHOT (build 8d6af94753ea8446bd13ac1aed2bb79eaf78dc90/1788075753609/main),,,,,,,,,,,,,,,,,,,,,,3609.9,3609.9,0.0,True,3610.1,3609.6,28119.9,23998.7,23812.6,0.0,3609.9,0.0,10223.8,3609.9,1458005803,23.1,19.2,18.8,0.0,0.1,0.0,0.2,0.1,44650826,28143.0,24018.0,0.0,24018.0,10224.0,0.0,23831.5,1502656629,20260908T001217Z,,,,,,,,,,,,,,,,,,,,,,,,,,,lifecycle_arcadedb_server_graph_gav_lc10m_r1.clientlog,,lifecycle_arcadedb_server_graph_gav_lc10m_r1.serverlog,,,,,,,,,,,,1354.04,,,,,,,,,,,,,24g,,,,,,,,,,,,,,,,,,,,,,,,,,,,,,,,,,,,,,,24g,,,,,,,,,,,,,,,,,,,,,,,,,,,,,,,,,,,,,,,,,,,,,,,,,,,,,,,,,,,,,,,,,,,,,,,,,,,,,,,,,,,,,,,,,,,,,,,,,,,,,1029.604,,,,,,4.905,18.264,0.001,23.169,2.746,24.49,4442.938,4470.173,4.51,20.602,2.078,27.189,2.602,22.629,4415.518,4440.75,2.475,9.755,1.094,13.324,2.506,17.719,4423.425,4443.65,,,,,,,,,False,,,,,,graph_gav,server,5.316,,,,,
lifecycle_arcadedb_server_vector_lc10m_r1,8d6af9475,lifecycle,arcadedb_server,vector,lc10m,1,paper,0-11,client_server,28g,2026-09-08T02:43:07.837414+00:00,full+client,8g,28.0,0-11,sha256:49058eefd65d6a6a297fa7fc4c2f1600edbf9e3b3d495cbae0f64815498cb9d9,arcadedb-c25:8d6af9475,28g,0.3,0.2,0.2,did not converge,0,False,10000000,,server:26.9.1-SNAPSHOT (build 8d6af94753ea8446bd13ac1aed2bb79eaf78dc90/1788075753609/main),,,,,,,,,,,,,,,,,,,,,,5771.3,5771.3,0.0,True,5771.5,5771.0,28672.0,25282.4,25278.9,0.0,4487.0,106739.8,11636.3,3309.1,25652963446,28.4,25.0,23.7,0.0,0.1,0.0,0.2,0.1,197929479,28700.4,25307.4,0.0,25307.4,11636.5,106739.8,25302.6,25850892925,20260908T024307Z,,,,,,,,,,,,,,,,,,,,,,,,,,,lifecycle_arcadedb_server_vector_lc10m_r1.clientlog,,lifecycle_arcadedb_server_vector_lc10m_r1.serverlog,,,,,,,,,,,,3040.73,,,,,,,,,,,,,24g,,,,,,,,,,,,,,,,,,,,,,,,,,,,,,,,,,,,,,,24g,,,,,,,,,,,,,,,,,,,,,,,,,,,,,,,,,,,,,,,,,10000000,,,,,,,,,,,,,,,,,,,,,,,,,,,,,,,,,,,,,,,,,,,,,,,,,,,,,,,,,,,,173.046,,,,,,3.194,17.217,0.0,20.411,3.105,11.636,18105.561,18120.302,2.711,11.825,1.333,15.869,2.953,13.195,17998.374,18014.522,2.861,23.456,1464.487,1490.804,2.687,13.803,18187.034,18203.524,,,,,,,,,False,,,,,,vector,server,6.638,,,,,
lifecycle_arcadedb_server_doc_lc10m_r2,8d6af9475,lifecycle,arcadedb_server,doc,lc10m,2,paper,0-11,client_server,28g,2026-09-07T23:58:41.928541+00:00,full+client,8g,28.0,0-11,sha256:49058eefd65d6a6a297fa7fc4c2f1600edbf9e3b3d495cbae0f64815498cb9d9,arcadedb-c25:8d6af9475,28g,0.3,0.2,0.2,did not converge,0,False,10000000,,server:26.9.1-SNAPSHOT (build 8d6af94753ea8446bd13ac1aed2bb79eaf78dc90/1788075753609/main),,,,,,,,,,,,,,,,,,,,,,305.7,305.7,0.0,True,305.9,305.4,16032.0,15624.9,15624.9,0.0,360.3,0.0,613.7,305.6,50958427,21.6,18.7,18.7,0.0,0.1,0.0,0.2,0.1,6238343,16053.6,15643.6,0.0,15643.6,613.9,0.0,15643.6,57196770,20260907T235317Z,,,,,,,,,,,,,,,,,,,,,,,,,,,lifecycle_arcadedb_server_doc_lc10m_r2.clientlog,,lifecycle_arcadedb_server_doc_lc10m_r2.serverlog,,,,,,,,,,,,40.03,,,,,,,,,,,,,24g,,,,,,,,,,,,,,,,,,,,,,,,,,,,,,,,,,,,,,,24g,,,,,,,,,,,,,,,,,,,,,,,,,,,,,,,,,,,,,,,,,,,,,,,,,,,,,,,,,,,,,,,,,,,,,,,,,,,,,,,,,,,,,,,,,,,,,,,,,,,,,36.525,,,,,,2.258,4.038,0.0,6.297,2.552,4.144,1.448,8.144,2.614,11.486,1.182,15.282,3.676,11.334,3.58,18.59,2.343,10.46,1.11,13.914,2.499,11.0,2.288,15.786,,,,,,,,,False,,,,,,doc,server,6.685,,,,,
lifecycle_arcadedb_server_ts_lc10m_r2,8d6af9475,lifecycle,arcadedb_server,ts,lc10m,2,paper,0-11,client_server,28g,2026-09-08T00:00:31.681044+00:00,full+client,8g,28.0,0-11,sha256:49058eefd65d6a6a297fa7fc4c2f1600edbf9e3b3d495cbae0f64815498cb9d9,arcadedb-c25:8d6af9475,28g,0.3,0.2,0.2,did not converge,0,False,10000000,,server:26.9.1-SNAPSHOT (build 8d6af94753ea8446bd13ac1aed2bb79eaf78dc90/1788075753609/main),,,,,,,,,,,,,,,,,,,,,,60.4,60.4,0.0,True,60.6,60.1,15767.4,15606.8,15606.8,0.0,125.3,0.0,609.2,60.3,477860446,22.0,19.1,18.7,0.0,0.1,0.0,0.2,0.1,7501687,15789.4,15625.9,0.0,15625.9,609.4,0.0,15625.5,485362133,20260907T235317Z,,,,,,,,,,,,,,,,,,,,,,,,,,,lifecycle_arcadedb_server_ts_lc10m_r2.clientlog,,lifecycle_arcadedb_server_ts_lc10m_r2.serverlog,,,,,,,,,,,,308.92,,,,,,,,,,,,,24g,,,,,,,,,,,,,,,,,,,,,,,,,,,,,,,,,,,,,,,24g,,,,,,,,,,,,,,,,,,,,,,,,,,,,,,,,,,,,,,,,,,,,,,,,,,,,,,,,,,,,,,,,,,,,,,,,,,,,,,,,,,,,,,,,,,,,,,,,,,,,,49.409,,,,,,4.45,8.306,0.001,12.757,5.052,8.464,1.205,14.721,5.018,19.35,2.019,26.387,8.05,30.747,3.092,41.888,8.187,32.707,1.614,42.507,4.13,36.056,2.392,42.578,,,,,,,,,False,,,,,,ts,server,9.697,,,,,
lifecycle_arcadedb_server_doc_lc10m_r3,8d6af9475,lifecycle,arcadedb_server,doc,lc10m,3,paper,0-11,client_server,28g,2026-09-07T23:59:36.480415+00:00,full+client,8g,28.0,0-11,sha256:49058eefd65d6a6a297fa7fc4c2f1600edbf9e3b3d495cbae0f64815498cb9d9,arcadedb-c25:8d6af9475,28g,0.3,0.2,0.2,did not converge,0,False,10000000,,server:26.9.1-SNAPSHOT (build 8d6af94753ea8446bd13ac1aed2bb79eaf78dc90/1788075753609/main),,,,,,,,,,,,,,,,,,,,,,305.7,305.7,0.0,True,305.9,305.4,16033.8,15644.7,15627.6,0.0,360.0,0.0,613.7,305.6,50730507,21.8,18.7,18.7,0.0,0.1,0.0,0.2,0.1,6376021,16055.7,15663.5,0.0,15663.5,613.9,0.0,15646.3,57106528,20260907T235317Z,,,,,,,,,,,,,,,,,,,,,,,,,,,lifecycle_arcadedb_server_doc_lc10m_r3.clientlog,,lifecycle_arcadedb_server_doc_lc10m_r3.serverlog,,,,,,,,,,,,39.98,,,,,,,,,,,,,24g,,,,,,,,,,,,,,,,,,,,,,,,,,,,,,,,,,,,,,,24g,,,,,,,,,,,,,,,,,,,,,,,,,,,,,,,,,,,,,,,,,,,,,,,,,,,,,,,,,,,,,,,,,,,,,,,,,,,,,,,,,,,,,,,,,,,,,,,,,,,,,36.347,,,,,,2.1,3.887,0.0,5.988,2.381,4.056,1.166,7.604,2.621,11.035,1.177,14.833,2.828,11.038,2.513,16.379,2.53,20.669,1.372,24.571,3.802,23.48,2.979,30.262,,,,,,,,,False,,,,,,doc,server,6.734,,,,,
lifecycle_arcadedb_server_ts_lc10m_r3,8d6af9475,lifecycle,arcadedb_server,ts,lc10m,3,paper,0-11,client_server,28g,2026-09-08T00:06:52.785312+00:00,full+client,8g,28.0,0-11,sha256:49058eefd65d6a6a297fa7fc4c2f1600edbf9e3b3d495cbae0f64815498cb9d9,arcadedb-c25:8d6af9475,28g,0.3,0.2,0.2,did not converge,0,False,10000000,,server:26.9.1-SNAPSHOT (build 8d6af94753ea8446bd13ac1aed2bb79eaf78dc90/1788075753609/main),,,,,,,,,,,,,,,,,,,,,,60.3,60.3,0.0,True,60.5,60.0,15765.5,15620.6,15616.2,0.0,124.9,0.0,610.5,60.3,478002373,22.3,19.1,19.1,0.0,0.1,0.0,0.2,0.1,7389226,15787.8,15639.7,0.0,15639.7,610.7,0.0,15635.3,485391599,20260907T235317Z,,,,,,,,,,,,,,,,,,,,,,,,,,,lifecycle_arcadedb_server_ts_lc10m_r3.clientlog,,lifecycle_arcadedb_server_ts_lc10m_r3.serverlog,,,,,,,,,,,,309.22,,,,,,,,,,,,,24g,,,,,,,,,,,,,,,,,,,,,,,,,,,,,,,,,,,,,,,24g,,,,,,,,,,,,,,,,,,,,,,,,,,,,,,,,,,,,,,,,,,,,,,,,,,,,,,,,,,,,,,,,,,,,,,,,,,,,,,,,,,,,,,,,,,,,,,,,,,,,,49.152,,,,,,4.652,8.811,0.0,13.464,4.304,9.385,1.16,14.849,5.784,21.075,1.798,28.657,5.718,18.738,2.636,27.091,6.548,18.192,1.821,26.561,4.364,15.688,2.547,22.599,,,,,,,,,False,,,,,,ts,server,9.296,,,,,
lifecycle_arcadedb_embedded_doc_lc1m_r1,8d6af9475,lifecycle,arcadedb_embedded,doc,lc1m,1,paper,0-11,embedded,24g,2026-08-31T22:31:14+00:00,,,,,,,,,0.2,0.2,did not converge,0,False,1000000,,26.9.1.dev0,,,,,,,,,,,,,,,,,,,,,,,,,,0.2,0.0,,,,,,,,,,6376.8,6320.3,4073.9,0.0,64.1,1.6,68.2,0.5,15908729,6376.8,6320.3,0.0,6320.3,68.2,1.6,4073.9,15908729,20260831T223024Z,,,,,,,,,,,,,,,,,,,,,,,,,,,,,,,64,,,,,,,,,,8.456,,,,,,,,,,,,,16g,l5_lifecycle.py,engine,container:2fc8678baf8c (host unknown),dbbench:arcadedb,,,,,,,,,,,,,,,,,,,,,,,,,,,,,,,,,,,,,,,,,,,,,,,,,,,,,,,,,,,,,,,,,,,,,,,,,,,,,,,,,,,,,,,,,,,,,,,,,,,,,,,,,,,,,,,,,,,,,,,,,,,,,,,,,,,ext4,5,2,4.172,17.012,62.312,77.63,179.345,145.651,435.276,warm-page-cache,1.957,13.225,0.001,15.183,1.631,14.273,0.325,16.228,3.592,18.911,0.617,23.12,1.932,19.415,0.709,22.056,3.181,18.794,0.569,22.545,3.244,18.716,0.963,22.923,420.094,3.019,12.384,3.013,11.726,0.442,15.18,True,False,,,,,,,,,,,,,
lifecycle_arcadedb_embedded_vector_lc1m_r1,8d6af9475,lifecycle,arcadedb_embedded,vector,lc1m,1,paper,0-11,embedded,24g,2026-08-31T22:34:26+00:00,,,,,,,,,0.2,0.2,did not converge,0,False,1000000,,26.9.1.dev0,,,,,,,,,,,,,,,,,,,,,,,,,,0.2,0.0,,,,,,,,,,13125.3,12555.4,759.6,0.0,574.7,1029.5,1209.0,435.5,1815715824,13125.3,12555.4,0.0,12555.4,1209.0,1029.5,759.6,1815715824,20260831T223024Z,,,,,,,,,,,,,,,,,,,,,,,,,,,,,,,64,,,,,,,,,,188.896,,,,,,,,,,,,,16g,l5_lifecycle.py,engine,container:495f3112c14f (host unknown),dbbench:arcadedb,,,,,,,,,,,,,,,,,,,,,,,,,,,,,,,,,,,,,,,,,,,,,,,,,,,,,,,,,,,,,,,,,,,,,,,,,,,,,,,,,,,,,,,,,,,,,,,,,,,,,,,,,,,,,,,,,,,,,,,,,,,,,,,,,,,ext4,5,2,4.121,97.077,61.051,84.838,184.888,192.215,495.141,warm-page-cache,2.124,95.138,0.001,97.263,1.988,19.445,858.107,879.541,1.841,92.033,0.386,94.261,1.743,22.396,855.26,879.398,1.693,15.445,74.7,91.838,4.045,23.292,1718.48,1745.817,397.879,3.868,209.024,4.031,23.607,1921.024,1948.662,True,False,3.351,12.962,4.601,True,"{'vectorCacheHits': 20, 'unverifiedGraphReuses': 0, 'estimatedRebuildWork': 100000000, 'compactedPages': 0, 'closeTimeRebuildPending': 1, 'graphNodeCount': 1000000, 'stalePrefixGraphReuses': 1, 'asyncRebuildInProgress': 1, 'deltaVectorsCount': 28, 'rebuildSnapshotGeneration': 0, 'groupedSearchesMergingDelta': 0, 'deltaScanBudget': 1042, 'searchOperations': 1, 'liveVectorCacheSize': 0, 'compactionCount': 0, 'beamWidth': 100, 'groupedSearchesGroupsUnavailable': 0, 'vectorFetchFromQuantized': 0, 'deltaScanWorkTarget': 100000000, 'estimatedLocationIndexBytes': 29360312, 'totalVectors': 1000028, 'graphRebuildCount': 0, 'estimatedOrdinalMapBytes': 4000000, 'maxConnections': 32, 'mutablePages': 38, 'preFilterSearches': 0, 'rebuildsDeferredForMemory': 0, 'groupedSearchesShortOfLimit': 0, 'bruteForceScans': 0, 'avgInsertLatencyMs': 0, 'mutationsSinceRebuild': 28, 'vectorFetchFromDocuments': 1071, 'searchVectorCacheCapacity': 1048576, 'deltaScanWorkSinceRebuild': 28, 'deletedVectors': 0, 'avgSearchLatencyMs': 1906, 'pooledGraphSearchers': 1, 'graphState': 2, 'mutationsThreshold': 100, 'effectiveMutationsThreshold': 50000, 'persistedGraphNodeCount': 1000000, 'graphBuildParallelism': 11, 'insertOperations': 0, 'graphWalkVisitedAvg': 1042, 'vectorCacheMisses': 1043, 'vectorFetchFromGraph': 0, 'activeVectors': 1000028, 'dimensions': 64, 'vector_stats_mode': 'read'}",,,,,,,,
lifecycle_arcadedb_embedded_doc_idx10_lc1m_r1,8d6af9475,lifecycle,arcadedb_embedded,doc_idx10,lc1m,1,paper,0-11,embedded,24g,2026-08-31T22:49:59+00:00,,,,,,,,,0.2,0.2,did not converge,0,False,1000000,,26.9.1.dev0,,,,,,,,,,,,,,,,,,,,,,,,,,0.2,0.0,,,,,,,,,,10968.8,10666.3,9.1,0.0,290.5,292.6,732.3,25.6,49754849,10968.8,10666.3,0.0,10666.3,732.3,292.6,9.1,49754849,20260831T223024Z,,,,,,,,,,,,,,,,,,,,,,,,,,,,,,,64,,,,,,,,,,25.038,,,,,,,,,,,,,16g,l5_lifecycle.py,engine,container:d7e9f41bc9b8 (host unknown),dbbench:arcadedb,,,,,,,,,,,,,,,,,,,,,,,,,,,,,,,,,,,,,,,,,,,,,,,,,,,,,,,,,,,,,,,,,,,,,,,,,,,,,,,,,,,,,,,,,,,,,,,,,,,,,,,,,,,,,,,,,,,,,,,,,,,,,,,,,,,ext4,5,2,22.041,16.112,124.613,79.991,177.72,166.563,470.159,warm-page-cache,6.27,21.579,0.002,27.851,5.792,19.642,1.477,26.911,6.948,29.535,0.409,36.892,6.641,31.006,1.658,39.305,10.254,62.841,1.73,74.825,8.777,59.721,2.953,71.451,442.31,8.292,23.865,7.647,30.67,1.502,39.819,True,False,,,,,,,,,,,,,
lifecycle_arcadedb_embedded_ts_lc1m_r1,8d6af9475,lifecycle,arcadedb_embedded,ts,lc1m,1,paper,0-11,embedded,24g,2026-08-31T22:54:46+00:00,,,,,,,,,0.2,0.2,did not converge,0,False,1000000,,26.9.1.dev0,,,,,,,,,,,,,,,,,,,,,,,,,,0.2,0.0,,,,,,,,,,10397.2,10345.4,4143.8,0.0,82.4,24.6,56.9,2.0,57529710,10397.2,10345.4,0.0,10345.4,56.9,24.6,4143.8,57529710,20260831T223024Z,,,,,,,,,,,,,,,,,,,,,,,,,,,,,,,64,,,,,,,,,,35.205,,,,,,,,,,,,,16g,l5_lifecycle.py,engine,container:b39b7a4abbe4 (host unknown),dbbench:arcadedb,,,,,,,,,,,,,,,,,,,,,,,,,,,,,,,,,,,,,,,,,,,,,,,,,,,,,,,,,,,,,,,,,,,,,,,,,,,,,,,,,,,,,,,,,,,,,,,,,,,,,,,,,,,,,,,,,,,,,,,,,,,,,,,,,,,ext4,5,2,6.857,8.51,107.554,81.375,182.58,165.157,460.47,warm-page-cache,2.347,8.075,0.001,10.423,2.281,8.414,0.244,10.938,4.789,19.181,0.598,24.568,2.987,14.787,0.593,18.367,2.295,17.403,0.303,20.0,2.087,14.323,0.43,16.841,450.048,3.409,18.446,1.975,14.443,0.304,16.723,True,False,,,,,,,,,,,,,
lifecycle_arcadedb_embedded_sparse_lc1m_r1,8d6af9475,lifecycle,arcadedb_embedded,sparse,lc1m,1,paper,0-11,embedded,24g,2026-08-31T22:56:08+00:00,,,,,,,,,0.2,0.2,did not converge,0,False,1000000,,26.9.1.dev0,,,,,,,,,,,,,,,,,,,,,,,,,,0.2,0.0,,,,,,,,,,11167.1,10723.7,1092.8,0.0,449.3,12.3,806.9,4.6,79289381,11167.1,10723.7,0.0,10723.7,806.9,12.3,1092.8,79289381,20260831T223024Z,,,,,,,,,,,,,,,,,,,,,,,,,,,,,,,64,,,,,,,,,,67.562,,,,,,,,,,,,,16g,l5_lifecycle.py,engine,container:77dd8173d40b (host unknown),dbbench:arcadedb,,,,,,,,,,,,,,,,,,,,,,,,,,,,,,,,,,,,,,,,,,,,,,,,,,,,,,,,,,,,,,,,,,,,,,,,,,,,,,,,,,,,,,,,,,,,,,,,,,,,,,,,,,,,,,,,,,,,,,,,,,,,,,,,,,,ext4,5,2,3.142,3.932,36.913,77.586,177.017,162.414,454.052,warm-page-cache,1.443,3.807,0.001,5.251,1.871,3.934,0.479,6.283,1.858,10.14,0.339,12.337,2.069,10.327,0.687,13.083,2.288,19.439,0.684,22.411,2.668,19.346,1.966,23.981,448.802,3.028,12.268,2.041,12.132,1.089,15.262,True,False,,,,,,,,,,,,,
lifecycle_arcadedb_embedded_empty_lc1m_r1,8d6af9475,lifecycle,arcadedb_embedded,empty,lc1m,1,paper,0-11,embedded,24g,2026-08-31T22:56:12+00:00,,,,,,,,,0.2,0.2,did not converge,0,False,1000000,,26.9.1.dev0,,,,,,,,,,,,,,,,,,,,,,,,,,0.2,0.0,,,,,,,,,,487.1,479.4,455.5,0.0,0.3,1.1,5.7,0.3,4664669,487.1,479.4,0.0,479.4,5.7,1.1,455.5,4664669,20260831T223024Z,,,,,,,,,,,,,,,,,,,,,,,,,,,,,,,64,,,,,,,,,,0.611,,,,,,,,,,,,,16g,l5_lifecycle.py,engine,container:5d15c68cfbf4 (host unknown),dbbench:arcadedb,,,,,,,,,,,,,,,,,,,,,,,,,,,,,,,,,,,,,,,,,,,,,,,,,,,,,,,,,,,,,,,,,,,,,,,,,,,,,,,,,,,,,,,,,,,,,,,,,,,,,,,,,,,,,,,,,,,,,,,,,,,,,,,,,,,ext4,5,2,3.89,4.299,24.897,77.969,181.985,150.339,439.936,warm-page-cache,2.03,3.317,0.001,5.348,1.391,3.048,0.001,4.44,1.741,10.651,0.888,13.28,2.068,10.967,0.853,13.888,2.335,11.221,0.836,14.392,2.596,10.715,0.974,14.286,434.589,1.721,3.16,1.833,3.122,0.001,4.957,True,False,,,,,,,,,,,,,
lifecycle_arcadedb_embedded_graph_lc1m_r1,8d6af9475,lifecycle,arcadedb_embedded,graph,lc1m,1,paper,0-11,embedded,24g,2026-08-31T23:12:37+00:00,,,,,,,,,0.2,0.2,did not converge,0,False,1000000,,26.9.1.dev0,,,,,,,,,,,,,,,,,,,,,,,,,,0.2,0.0,,,,,,,,,,11159.1,10813.2,6644.5,0.0,367.3,1.7,809.5,0.6,157502518,11159.1,10813.2,0.0,10813.2,809.5,1.7,6644.5,157502518,20260831T223024Z,,,,,,,,,,,,,,,,,,,,,,,,,,,,,,,64,,,,,,,,,,135.157,,,,,,,,,,,,,16g,l5_lifecycle.py,engine,container:e3616efaf613 (host unknown),dbbench:arcadedb,,,,,,,,,,,,,,,,,,,,,,,,,,,,,,,,,,,,,,,,,,,,,,,,,,,,,,,,,,,,,,,,,,,,,,,,,,,,,,,,,,,,,,,,,,,,,,,,,,,,,,,,,,,,,,,,,,,,,,,,,,,,,,,,,,,ext4,5,2,3.293,5.017,52.031,78.349,182.359,144.745,433.707,warm-page-cache,1.26,4.477,0.001,5.738,1.872,4.939,2.256,9.067,1.654,11.469,0.398,13.521,1.661,11.825,1.511,14.996,1.703,10.897,0.322,12.922,1.856,11.335,1.566,14.756,427.97,1.12,4.872,1.287,9.509,1.053,11.849,True,False,,,,,,,,,,,,,
lifecycle_arcadedb_embedded_ts_lc1m_r2,8d6af9475,lifecycle,arcadedb_embedded,ts,lc1m,2,paper,0-11,embedded,24g,2026-08-31T22:35:55+00:00,,,,,,,,,0.2,0.2,did not converge,0,False,1000000,,26.9.1.dev0,,,,,,,,,,,,,,,,,,,,,,,,,,0.2,0.0,,,,,,,,,,10401.4,10346.6,4288.5,0.0,81.2,24.6,56.9,2.0,60651258,10401.4,10346.6,0.0,10346.6,56.9,24.6,4288.5,60651258,20260831T223024Z,,,,,,,,,,,,,,,,,,,,,,,,,,,,,,,64,,,,,,,,,,36.452,,,,,,,,,,,,,16g,l5_lifecycle.py,engine,container:d809d6e8e463 (host unknown),dbbench:arcadedb,,,,,,,,,,,,,,,,,,,,,,,,,,,,,,,,,,,,,,,,,,,,,,,,,,,,,,,,,,,,,,,,,,,,,,,,,,,,,,,,,,,,,,,,,,,,,,,,,,,,,,,,,,,,,,,,,,,,,,,,,,,,,,,,,,,ext4,5,2,6.111,7.942,113.719,84.956,195.968,175.618,492.853,warm-page-cache,2.51,7.982,0.001,10.493,2.031,7.82,0.247,10.097,2.181,14.111,0.472,16.764,3.05,17.927,0.569,21.547,2.573,17.883,0.294,20.749,3.862,21.8,0.617,26.279,482.361,3.992,25.337,2.033,21.557,0.312,23.902,True,False,,,,,,,,,,,,,
lifecycle_arcadedb_embedded_graph_lc1m_r2,8d6af9475,lifecycle,arcadedb_embedded,graph,lc1m,2,paper,0-11,embedded,24g,2026-08-31T22:43:33+00:00,,,,,,,,,0.2,0.2,did not converge,0,False,1000000,,26.9.1.dev0,,,,,,,,,,,,,,,,,,,,,,,,,,0.2,0.0,,,,,,,,,,11137.1,10792.8,6674.8,0.0,365.1,1.7,811.0,0.6,155025099,11137.1,10792.8,0.0,10792.8,811.0,1.7,6674.8,155025099,20260831T223024Z,,,,,,,,,,,,,,,,,,,,,,,,,,,,,,,64,,,,,,,,,,133.354,,,,,,,,,,,,,16g,l5_lifecycle.py,engine,container:bf1fcb160a70 (host unknown),dbbench:arcadedb,,,,,,,,,,,,,,,,,,,,,,,,,,,,,,,,,,,,,,,,,,,,,,,,,,,,,,,,,,,,,,,,,,,,,,,,,,,,,,,,,,,,,,,,,,,,,,,,,,,,,,,,,,,,,,,,,,,,,,,,,,,,,,,,,,,ext4,5,2,2.876,15.122,70.98,77.881,177.346,145.32,433.545,warm-page-cache,3.532,18.866,0.002,22.399,1.737,16.541,1.906,20.184,3.813,13.838,0.589,18.24,1.928,10.75,1.977,14.655,1.753,9.402,0.387,11.542,1.127,9.488,1.212,11.826,411.147,1.209,4.745,1.804,10.362,1.381,13.548,True,False,,,,,,,,,,,,,
lifecycle_arcadedb_embedded_sparse_lc1m_r2,8d6af9475,lifecycle,arcadedb_embedded,sparse,lc1m,2,paper,0-11,embedded,24g,2026-08-31T22:44:44+00:00,,,,,,,,,0.2,0.2,did not converge,0,False,1000000,,26.9.1.dev0,,,,,,,,,,,,,,,,,,,,,,,,,,0.2,0.0,,,,,,,,,,11149.8,10683.4,661.2,0.0,443.8,12.3,806.9,4.6,79357664,11149.8,10683.4,0.0,10683.4,806.9,12.3,661.2,79357664,20260831T223024Z,,,,,,,,,,,,,,,,,,,,,,,,,,,,,,,64,,,,,,,,,,68.211,,,,,,,,,,,,,16g,l5_lifecycle.py,engine,container:33ed64e2098c (host unknown),dbbench:arcadedb,,,,,,,,,,,,,,,,,,,,,,,,,,,,,,,,,,,,,,,,,,,,,,,,,,,,,,,,,,,,,,,,,,,,,,,,,,,,,,,,,,,,,,,,,,,,,,,,,,,,,,,,,,,,,,,,,,,,,,,,,,,,,,,,,,,ext4,5,2,3.599,3.994,28.295,77.925,178.378,154.357,437.456,warm-page-cache,1.862,3.86,0.001,5.723,1.659,3.902,0.429,5.989,1.756,10.78,0.361,12.898,1.963,9.927,0.632,12.522,3.977,19.578,1.049,24.605,1.791,18.839,1.87,22.5,431.734,3.319,12.606,2.411,12.041,1.125,15.577,True,False,,,,,,,,,,,,,
lifecycle_arcadedb_embedded_doc_idx10_lc1m_r2,8d6af9475,lifecycle,arcadedb_embedded,doc_idx10,lc1m,2,paper,0-11,embedded,24g,2026-08-31T22:50:29+00:00,,,,,,,,,0.2,0.2,did not converge,0,False,1000000,,26.9.1.dev0,,,,,,,,,,,,,,,,,,,,,,,,,,0.2,0.0,,,,,,,,,,10949.7,10655.5,4580.6,0.0,289.7,292.6,708.9,25.6,47022395,10949.7,10655.5,0.0,10655.5,708.9,292.6,4580.6,47022395,20260831T223024Z,,,,,,,,,,,,,,,,,,,,,,,,,,,,,,,64,,,,,,,,,,24.498,,,,,,,,,,,,,16g,l5_lifecycle.py,engine,container:c03a726cb285 (host unknown),dbbench:arcadedb,,,,,,,,,,,,,,,,,,,,,,,,,,,,,,,,,,,,,,,,,,,,,,,,,,,,,,,,,,,,,,,,,,,,,,,,,,,,,,,,,,,,,,,,,,,,,,,,,,,,,,,,,,,,,,,,,,,,,,,,,,,,,,,,,,,ext4,5,2,21.895,15.685,116.713,78.446,179.483,167.76,468.121,warm-page-cache,6.158,15.924,0.001,22.083,5.741,15.882,1.427,23.049,6.914,27.681,0.342,34.937,6.882,54.242,1.726,62.851,9.185,80.287,1.53,91.002,7.277,45.007,2.817,55.101,446.039,7.311,30.204,7.55,29.501,1.36,38.411,True,False,,,,,,,,,,,,,
lifecycle_arcadedb_embedded_doc_lc1m_r2,8d6af9475,lifecycle,arcadedb_embedded,doc,lc1m,2,paper,0-11,embedded,24g,2026-08-31T22:54:58+00:00,,,,,,,,,0.2,0.2,did not converge,0,False,1000000,,26.9.1.dev0,,,,,,,,,,,,,,,,,,,,,,,,,,0.2,0.0,,,,,,,,,,6005.4,5946.0,5233.5,0.0,63.7,1.6,68.3,0.5,16189400,6005.4,5946.0,0.0,5946.0,68.3,1.6,5233.5,16189400,20260831T223024Z,,,,,,,,,,,,,,,,,,,,,,,,,,,,,,,64,,,,,,,,,,8.698,,,,,,,,,,,,,16g,l5_lifecycle.py,engine,container:b968be65efb8 (host unknown),dbbench:arcadedb,,,,,,,,,,,,,,,,,,,,,,,,,,,,,,,,,,,,,,,,,,,,,,,,,,,,,,,,,,,,,,,,,,,,,,,,,,,,,,,,,,,,,,,,,,,,,,,,,,,,,,,,,,,,,,,,,,,,,,,,,,,,,,,,,,,ext4,5,2,2.686,3.381,39.789,83.736,180.3,146.89,435.459,warm-page-cache,1.362,3.481,0.001,4.844,1.572,3.347,0.311,5.231,2.125,11.028,0.445,13.597,2.305,10.734,0.701,13.74,2.288,11.188,0.464,13.941,2.171,10.916,0.772,13.859,430.616,2.258,3.733,1.859,3.654,0.313,5.825,True,False,,,,,,,,,,,,,
lifecycle_arcadedb_embedded_vector_lc1m_r2,8d6af9475,lifecycle,arcadedb_embedded,vector,lc1m,2,paper,0-11,embedded,24g,2026-08-31T23:04:41+00:00,,,,,,,,,0.2,0.2,did not converge,0,False,1000000,,26.9.1.dev0,,,,,,,,,,,,,,,,,,,,,,,,,,0.2,0.0,,,,,,,,,,13639.2,13149.1,5965.4,0.0,574.7,1029.8,1226.7,435.5,1859049649,13639.2,13149.1,0.0,13149.1,1226.7,1029.8,5965.4,1859049649,20260831T223024Z,,,,,,,,,,,,,,,,,,,,,,,,,,,,,,,64,,,,,,,,,,190.966,,,,,,,,,,,,,16g,l5_lifecycle.py,engine,container:81fd3427ba4c (host unknown),dbbench:arcadedb,,,,,,,,,,,,,,,,,,,,,,,,,,,,,,,,,,,,,,,,,,,,,,,,,,,,,,,,,,,,,,,,,,,,,,,,,,,,,,,,,,,,,,,,,,,,,,,,,,,,,,,,,,,,,,,,,,,,,,,,,,,,,,,,,,,ext4,5,2,3.763,101.235,61.098,87.165,188.401,197.841,505.196,warm-page-cache,2.225,99.164,0.001,101.39,2.0,19.301,856.439,877.74,1.891,93.138,0.391,95.42,1.729,22.38,855.622,879.731,2.196,32.949,77.545,112.691,5.077,48.598,1808.448,1862.122,403.807,5.647,205.785,4.18,33.956,1931.868,1970.003,True,False,3.401,16.829,10.646,True,"{'vectorCacheHits': 20, 'unverifiedGraphReuses': 0, 'estimatedRebuildWork': 100000000, 'compactedPages': 0, 'closeTimeRebuildPending': 1, 'graphNodeCount': 1000000, 'stalePrefixGraphReuses': 1, 'asyncRebuildInProgress': 1, 'deltaVectorsCount': 28, 'rebuildSnapshotGeneration': 0, 'groupedSearchesMergingDelta': 0, 'deltaScanBudget': 1019, 'searchOperations': 1, 'liveVectorCacheSize': 0, 'compactionCount': 0, 'beamWidth': 100, 'groupedSearchesGroupsUnavailable': 0, 'vectorFetchFromQuantized': 0, 'deltaScanWorkTarget': 100000000, 'estimatedLocationIndexBytes': 29360312, 'totalVectors': 1000028, 'graphRebuildCount': 0, 'estimatedOrdinalMapBytes': 4000000, 'maxConnections': 32, 'mutablePages': 38, 'preFilterSearches': 0, 'rebuildsDeferredForMemory': 0, 'groupedSearchesShortOfLimit': 0, 'bruteForceScans': 0, 'avgInsertLatencyMs': 0, 'mutationsSinceRebuild': 28, 'vectorFetchFromDocuments': 1048, 'searchVectorCacheCapacity': 1048576, 'deltaScanWorkSinceRebuild': 28, 'deletedVectors': 0, 'avgSearchLatencyMs': 1933, 'pooledGraphSearchers': 1, 'graphState': 2, 'mutationsThreshold': 100, 'effectiveMutationsThreshold': 50000, 'persistedGraphNodeCount': 1000000, 'graphBuildParallelism': 11, 'insertOperations': 0, 'graphWalkVisitedAvg': 1019, 'vectorCacheMisses': 1020, 'vectorFetchFromGraph': 0, 'activeVectors': 1000028, 'dimensions': 64, 'vector_stats_mode': 'read'}",,,,,,,,
lifecycle_arcadedb_embedded_empty_lc1m_r2,8d6af9475,lifecycle,arcadedb_embedded,empty,lc1m,2,paper,0-11,embedded,24g,2026-08-31T23:14:55+00:00,,,,,,,,,0.2,0.2,did not converge,0,False,1000000,,26.9.1.dev0,,,,,,,,,,,,,,,,,,,,,,,,,,0.2,0.0,,,,,,,,,,486.6,477.6,463.8,0.0,0.3,1.1,6.4,0.3,4780277,486.6,477.6,0.0,477.6,6.4,1.1,463.8,4780277,20260831T223024Z,,,,,,,,,,,,,,,,,,,,,,,,,,,,,,,64,,,,,,,,,,0.638,,,,,,,,,,,,,16g,l5_lifecycle.py,engine,container:139d3c8f1bd8 (host unknown),dbbench:arcadedb,,,,,,,,,,,,,,,,,,,,,,,,,,,,,,,,,,,,,,,,,,,,,,,,,,,,,,,,,,,,,,,,,,,,,,,,,,,,,,,,,,,,,,,,,,,,,,,,,,,,,,,,,,,,,,,,,,,,,,,,,,,,,,,,,,,ext4,5,2,4.944,11.213,31.26,79.246,179.711,153.42,440.711,warm-page-cache,2.236,4.039,0.001,6.276,2.054,3.977,0.001,6.032,3.067,13.583,1.308,17.957,2.383,14.856,0.985,18.224,3.789,12.637,1.451,17.877,2.345,10.257,0.866,13.468,434.436,1.627,3.122,1.567,3.147,0.001,4.715,True,False,,,,,,,,,,,,,
lifecycle_arcadedb_embedded_doc_idx10_lc1m_r3,8d6af9475,lifecycle,arcadedb_embedded,doc_idx10,lc1m,3,paper,0-11,embedded,24g,2026-08-31T22:31:01+00:00,,,,,,,,,0.2,0.2,did not converge,0,False,1000000,,26.9.1.dev0,,,,,,,,,,,,,,,,,,,,,,,,,,0.2,0.0,,,,,,,,,,11080.7,10786.4,1045.2,0.0,290.5,292.6,734.4,25.6,50958728,11080.7,10786.4,0.0,10786.4,734.4,292.6,1045.2,50958728,20260831T223024Z,,,,,,,,,,,,,,,,,,,,,,,,,,,,,,,64,,,,,,,,,,24.97,,,,,,,,,,,,,16g,l5_lifecycle.py,engine,container:248391021cd8 (host unknown),dbbench:arcadedb,,,,,,,,,,,,,,,,,,,,,,,,,,,,,,,,,,,,,,,,,,,,,,,,,,,,,,,,,,,,,,,,,,,,,,,,,,,,,,,,,,,,,,,,,,,,,,,,,,,,,,,,,,,,,,,,,,,,,,,,,,,,,,,,,,,ext4,5,2,19.619,15.913,118.08,81.352,193.308,173.52,491.84,warm-page-cache,5.962,16.344,0.001,22.307,5.579,15.923,1.418,22.92,6.805,28.393,0.333,35.531,6.16,27.407,1.692,35.26,7.794,47.3,1.502,56.596,6.94,46.09,2.846,55.877,469.534,7.376,29.229,7.052,31.696,1.392,40.141,True,False,,,,,,,,,,,,,
lifecycle_arcadedb_embedded_vector_lc1m_r3,8d6af9475,lifecycle,arcadedb_embedded,vector,lc1m,3,paper,0-11,embedded,24g,2026-08-31T22:39:12+00:00,,,,,,,,,0.2,0.2,did not converge,0,False,1000000,,26.9.1.dev0,,,,,,,,,,,,,,,,,,,,,,,,,,0.2,0.0,,,,,,,,,,14237.8,13750.1,2748.2,0.0,611.2,1023.3,1244.3,435.5,1848919878,14237.8,13750.1,0.0,13750.1,1244.3,1023.3,2748.2,1848919878,20260831T223024Z,,,,,,,,,,,,,,,,,,,,,,,,,,,,,,,64,,,,,,,,,,193.314,,,,,,,,,,,,,16g,l5_lifecycle.py,engine,container:b0aadec24409 (host unknown),dbbench:arcadedb,,,,,,,,,,,,,,,,,,,,,,,,,,,,,,,,,,,,,,,,,,,,,,,,,,,,,,,,,,,,,,,,,,,,,,,,,,,,,,,,,,,,,,,,,,,,,,,,,,,,,,,,,,,,,,,,,,,,,,,,,,,,,,,,,,,ext4,5,2,4.127,103.745,65.102,84.273,185.338,194.324,496.727,warm-page-cache,2.197,96.957,0.001,99.154,2.05,22.922,870.971,895.944,2.179,113.328,0.402,115.909,1.762,22.254,865.934,889.95,1.839,15.41,79.831,97.081,3.925,40.918,1765.79,1810.633,397.573,5.095,207.611,3.371,22.092,1912.922,1938.385,True,False,2.444,13.671,4.249,True,"{'vectorCacheHits': 20, 'unverifiedGraphReuses': 0, 'estimatedRebuildWork': 100000000, 'compactedPages': 0, 'closeTimeRebuildPending': 1, 'graphNodeCount': 1000000, 'stalePrefixGraphReuses': 1, 'asyncRebuildInProgress': 1, 'deltaVectorsCount': 28, 'rebuildSnapshotGeneration': 0, 'groupedSearchesMergingDelta': 0, 'deltaScanBudget': 803, 'searchOperations': 1, 'liveVectorCacheSize': 0, 'compactionCount': 0, 'beamWidth': 100, 'groupedSearchesGroupsUnavailable': 0, 'vectorFetchFromQuantized': 0, 'deltaScanWorkTarget': 100000000, 'estimatedLocationIndexBytes': 29360312, 'totalVectors': 1000028, 'graphRebuildCount': 0, 'estimatedOrdinalMapBytes': 4000000, 'maxConnections': 32, 'mutablePages': 38, 'preFilterSearches': 0, 'rebuildsDeferredForMemory': 0, 'groupedSearchesShortOfLimit': 0, 'bruteForceScans': 0, 'avgInsertLatencyMs': 0, 'mutationsSinceRebuild': 28, 'vectorFetchFromDocuments': 832, 'searchVectorCacheCapacity': 1048576, 'deltaScanWorkSinceRebuild': 28, 'deletedVectors': 0, 'avgSearchLatencyMs': 1905, 'pooledGraphSearchers': 1, 'graphState': 2, 'mutationsThreshold': 100, 'effectiveMutationsThreshold': 50000, 'persistedGraphNodeCount': 1000000, 'graphBuildParallelism': 11, 'insertOperations': 0, 'graphWalkVisitedAvg': 803, 'vectorCacheMisses': 804, 'vectorFetchFromGraph': 0, 'activeVectors': 1000028, 'dimensions': 64, 'vector_stats_mode': 'read'}",,,,,,,,
lifecycle_arcadedb_embedded_sparse_lc1m_r3,8d6af9475,lifecycle,arcadedb_embedded,sparse,lc1m,3,paper,0-11,embedded,24g,2026-08-31T22:51:42+00:00,,,,,,,,,0.2,0.2,did not converge,0,False,1000000,,26.9.1.dev0,,,,,,,,,,,,,,,,,,,,,,,,,,0.2,0.0,,,,,,,,,,11153.9,10716.5,0.0,0.0,445.4,12.3,806.8,4.6,79232572,11153.9,10716.5,0.0,10716.5,806.8,12.3,0.0,79232572,20260831T223024Z,,,,,,,,,,,,,,,,,,,,,,,,,,,,,,,64,,,,,,,,,,68.043,,,,,,,,,,,,,16g,l5_lifecycle.py,engine,container:12e62d494424 (host unknown),dbbench:arcadedb,,,,,,,,,,,,,,,,,,,,,,,,,,,,,,,,,,,,,,,,,,,,,,,,,,,,,,,,,,,,,,,,,,,,,,,,,,,,,,,,,,,,,,,,,,,,,,,,,,,,,,,,,,,,,,,,,,,,,,,,,,,,,,,,,,,ext4,5,2,2.897,3.712,37.649,78.809,177.543,154.951,440.312,warm-page-cache,1.554,3.716,0.001,5.271,1.701,4.029,0.451,6.181,1.687,10.297,0.315,12.299,1.955,10.391,0.821,13.167,3.127,19.996,0.836,23.959,2.228,18.579,2.108,22.915,435.042,1.692,10.625,1.776,10.412,1.044,13.232,True,False,,,,,,,,,,,,,
lifecycle_arcadedb_embedded_empty_lc1m_r3,8d6af9475,lifecycle,arcadedb_embedded,empty,lc1m,3,paper,0-11,embedded,24g,2026-08-31T22:59:38+00:00,,,,,,,,,0.2,0.2,did not converge,0,False,1000000,,26.9.1.dev0,,,,,,,,,,,,,,,,,,,,,,,,,,0.2,0.0,,,,,,,,,,488.2,479.8,20.2,0.0,0.3,1.1,7.1,0.3,4888447,488.2,479.8,0.0,479.8,7.1,1.1,20.2,4888447,20260831T223024Z,,,,,,,,,,,,,,,,,,,,,,,,,,,,,,,64,,,,,,,,,,0.625,,,,,,,,,,,,,16g,l5_lifecycle.py,engine,container:937495f67303 (host unknown),dbbench:arcadedb,,,,,,,,,,,,,,,,,,,,,,,,,,,,,,,,,,,,,,,,,,,,,,,,,,,,,,,,,,,,,,,,,,,,,,,,,,,,,,,,,,,,,,,,,,,,,,,,,,,,,,,,,,,,,,,,,,,,,,,,,,,,,,,,,,,ext4,5,2,2.717,3.02,25.089,79.042,179.559,147.129,431.167,warm-page-cache,1.416,2.871,0.001,4.287,1.716,7.104,0.001,8.822,3.105,14.53,1.242,18.877,2.366,10.513,0.945,13.824,1.956,9.517,0.976,12.449,2.04,10.238,0.812,13.09,426.88,3.574,10.549,3.164,12.836,0.002,16.001,True,False,,,,,,,,,,,,,
lifecycle_arcadedb_embedded_ts_lc1m_r3,8d6af9475,lifecycle,arcadedb_embedded,ts,lc1m,3,paper,0-11,embedded,24g,2026-08-31T23:00:16+00:00,,,,,,,,,0.2,0.2,did not converge,0,False,1000000,,26.9.1.dev0,,,,,,,,,,,,,,,,,,,,,,,,,,0.2,0.0,,,,,,,,,,10401.8,10340.4,1206.3,0.0,82.3,25.2,56.8,2.1,57587072,10401.8,10340.4,0.0,10340.4,56.8,25.2,1206.3,57587072,20260831T223024Z,,,,,,,,,,,,,,,,,,,,,,,,,,,,,,,64,,,,,,,,,,35.28,,,,,,,,,,,,,16g,l5_lifecycle.py,engine,container:49a9959fc31d (host unknown),dbbench:arcadedb,,,,,,,,,,,,,,,,,,,,,,,,,,,,,,,,,,,,,,,,,,,,,,,,,,,,,,,,,,,,,,,,,,,,,,,,,,,,,,,,,,,,,,,,,,,,,,,,,,,,,,,,,,,,,,,,,,,,,,,,,,,,,,,,,,,ext4,5,2,8.206,13.84,139.159,80.855,179.173,159.906,470.895,warm-page-cache,3.384,10.791,0.001,14.177,2.718,13.075,0.343,16.136,3.583,15.377,0.522,19.482,3.286,17.379,0.692,21.357,3.668,17.073,0.38,21.12,1.929,14.177,0.501,16.607,456.72,5.232,20.098,3.917,40.054,0.401,44.372,True,False,,,,,,,,,,,,,
lifecycle_arcadedb_embedded_graph_lc1m_r3,8d6af9475,lifecycle,arcadedb_embedded,graph,lc1m,3,paper,0-11,embedded,24g,2026-08-31T23:14:51+00:00,,,,,,,,,0.2,0.2,did not converge,0,False,1000000,,26.9.1.dev0,,,,,,,,,,,,,,,,,,,,,,,,,,0.2,0.0,,,,,,,,,,11143.0,10785.5,3531.5,0.0,370.6,1.7,809.7,0.6,153623861,11143.0,10785.5,0.0,10785.5,809.7,1.7,3531.5,153623861,20260831T223024Z,,,,,,,,,,,,,,,,,,,,,,,,,,,,,,,64,,,,,,,,,,131.449,,,,,,,,,,,,,16g,l5_lifecycle.py,engine,container:77d0d0c52b8e (host unknown),dbbench:arcadedb,,,,,,,,,,,,,,,,,,,,,,,,,,,,,,,,,,,,,,,,,,,,,,,,,,,,,,,,,,,,,,,,,,,,,,,,,,,,,,,,,,,,,,,,,,,,,,,,,,,,,,,,,,,,,,,,,,,,,,,,,,,,,,,,,,,ext4,5,2,2.984,5.08,77.372,78.22,178.534,145.976,437.576,warm-page-cache,1.221,4.587,0.001,5.809,1.931,4.963,2.709,9.603,2.004,12.213,0.412,14.63,1.89,11.159,1.685,14.735,1.851,9.838,0.404,12.092,1.628,9.806,1.92,13.354,431.768,1.178,4.676,2.658,17.949,1.709,22.315,True,False,,,,,,,,,,,,,
lifecycle_arcadedb_embedded_doc_lc1m_r3,8d6af9475,lifecycle,arcadedb_embedded,doc,lc1m,3,paper,0-11,embedded,24g,2026-08-31T23:15:05+00:00,,,,,,,,,0.2,0.2,did not converge,0,False,1000000,,26.9.1.dev0,,,,,,,,,,,,,,,,,,,,,,,,,,0.2,0.0,,,,,,,,,,4876.7,4800.2,134.6,0.0,64.7,1.6,68.2,0.5,15354561,4876.7,4800.2,0.0,4800.2,68.2,1.6,134.6,15354561,20260831T223024Z,,,,,,,,,,,,,,,,,,,,,,,,,,,,,,,64,,,,,,,,,,8.072,,,,,,,,,,,,,16g,l5_lifecycle.py,engine,container:8b7296de5613 (host unknown),dbbench:arcadedb,,,,,,,,,,,,,,,,,,,,,,,,,,,,,,,,,,,,,,,,,,,,,,,,,,,,,,,,,,,,,,,,,,,,,,,,,,,,,,,,,,,,,,,,,,,,,,,,,,,,,,,,,,,,,,,,,,,,,,,,,,,,,,,,,,,ext4,5,2,2.998,3.428,39.587,79.016,182.929,145.419,433.793,warm-page-cache,1.265,3.381,0.001,4.647,1.324,3.242,0.301,4.866,1.985,10.576,0.372,12.932,2.124,10.717,0.642,13.483,2.237,11.305,0.412,13.953,2.191,10.84,0.733,13.764,429.147,1.918,3.617,1.709,3.655,0.264,5.628,True,False,,,,,,,,,,,,,
lifecycle_arcadedb_embedded_doc_lc1m_r4,8d6af9475,lifecycle,arcadedb_embedded,doc,lc1m,4,paper,0-11,embedded,24g,2026-08-31T22:51:53+00:00,,,,,,,,,0.2,0.2,did not converge,0,False,1000000,,26.9.1.dev0,,,,,,,,,,,,,,,,,,,,,,,,,,0.2,0.0,,,,,,,,,,4305.5,4239.6,4067.1,0.0,63.1,1.6,68.3,0.5,15497474,4305.5,4239.6,0.0,4239.6,68.3,1.6,4067.1,15497474,20260831T223024Z,,,,,,,,,,,,,,,,,,,,,,,,,,,,,,,64,,,,,,,,,,7.992,,,,,,,,,,,,,16g,l5_lifecycle.py,engine,container:e22e4e7ffe6a (host unknown),dbbench:arcadedb,,,,,,,,,,,,,,,,,,,,,,,,,,,,,,,,,,,,,,,,,,,,,,,,,,,,,,,,,,,,,,,,,,,,,,,,,,,,,,,,,,,,,,,,,,,,,,,,,,,,,,,,,,,,,,,,,,,,,,,,,,,,,,,,,,,ext4,5,2,2.113,3.334,39.26,77.918,189.519,149.48,445.618,warm-page-cache,1.248,3.213,0.001,4.461,1.303,3.369,0.274,4.947,1.844,9.909,0.308,12.06,2.123,10.364,0.665,13.152,2.401,11.267,0.406,14.073,2.112,10.859,0.707,13.678,441.157,1.868,3.748,1.77,3.843,0.305,5.918,True,False,,,,,,,,,,,,,
lifecycle_arcadedb_embedded_ts_lc1m_r4,8d6af9475,lifecycle,arcadedb_embedded,ts,lc1m,4,paper,0-11,embedded,24g,2026-08-31T22:56:48+00:00,,,,,,,,,0.2,0.2,did not converge,0,False,1000000,,26.9.1.dev0,,,,,,,,,,,,,,,,,,,,,,,,,,0.2,0.0,,,,,,,,,,10396.8,10327.5,1468.7,0.0,84.6,25.2,57.0,2.1,57574580,10396.8,10327.5,0.0,10327.5,57.0,25.2,1468.7,57574580,20260831T223024Z,,,,,,,,,,,,,,,,,,,,,,,,,,,,,,,64,,,,,,,,,,34.824,,,,,,,,,,,,,16g,l5_lifecycle.py,engine,container:741bcda92f1b (host unknown),dbbench:arcadedb,,,,,,,,,,,,,,,,,,,,,,,,,,,,,,,,,,,,,,,,,,,,,,,,,,,,,,,,,,,,,,,,,,,,,,,,,,,,,,,,,,,,,,,,,,,,,,,,,,,,,,,,,,,,,,,,,,,,,,,,,,,,,,,,,,,ext4,5,2,6.908,8.347,108.891,79.746,195.929,163.783,472.898,warm-page-cache,2.598,8.34,0.001,10.939,2.146,8.108,0.232,10.486,3.421,15.89,0.496,19.807,3.228,17.466,0.716,21.41,3.418,19.278,0.294,22.991,3.462,16.533,0.603,20.599,461.96,2.121,18.399,3.688,16.165,0.368,20.222,True,False,,,,,,,,,,,,,
lifecycle_arcadedb_embedded_doc_idx10_lc1m_r4,8d6af9475,lifecycle,arcadedb_embedded,doc_idx10,lc1m,4,paper,0-11,embedded,24g,2026-08-31T22:57:17+00:00,,,,,,,,,0.2,0.2,did not converge,0,False,1000000,,26.9.1.dev0,,,,,,,,,,,,,,,,,,,,,,,,,,0.2,0.0,,,,,,,,,,11123.5,10858.6,6427.7,0.0,283.5,292.6,727.4,25.6,47864752,11123.5,10858.6,0.0,10858.6,727.4,292.6,6427.7,47864752,20260831T223024Z,,,,,,,,,,,,,,,,,,,,,,,,,,,,,,,64,,,,,,,,,,24.921,,,,,,,,,,,,,16g,l5_lifecycle.py,engine,container:7cda220d6b9b (host unknown),dbbench:arcadedb,,,,,,,,,,,,,,,,,,,,,,,,,,,,,,,,,,,,,,,,,,,,,,,,,,,,,,,,,,,,,,,,,,,,,,,,,,,,,,,,,,,,,,,,,,,,,,,,,,,,,,,,,,,,,,,,,,,,,,,,,,,,,,,,,,,ext4,5,2,19.674,15.908,119.495,79.244,185.798,172.385,484.101,warm-page-cache,6.243,16.972,0.001,23.217,5.55,16.198,1.329,23.077,7.526,27.324,0.366,35.216,6.233,26.547,1.705,34.486,7.524,46.775,1.528,55.827,7.149,45.93,2.856,55.935,460.886,7.398,28.757,7.121,28.238,1.37,36.729,True,False,,,,,,,,,,,,,
lifecycle_arcadedb_embedded_graph_lc1m_r4,8d6af9475,lifecycle,arcadedb_embedded,graph,lc1m,4,paper,0-11,embedded,24g,2026-08-31T22:59:34+00:00,,,,,,,,,0.2,0.2,did not converge,0,False,1000000,,26.9.1.dev0,,,,,,,,,,,,,,,,,,,,,,,,,,0.2,0.0,,,,,,,,,,11138.8,10770.3,2299.4,0.0,366.2,1.7,808.5,0.6,154075318,11138.8,10770.3,0.0,10770.3,808.5,1.7,2299.4,154075318,20260831T223024Z,,,,,,,,,,,,,,,,,,,,,,,,,,,,,,,64,,,,,,,,,,132.748,,,,,,,,,,,,,16g,l5_lifecycle.py,engine,container:fdb82375a49c (host unknown),dbbench:arcadedb,,,,,,,,,,,,,,,,,,,,,,,,,,,,,,,,,,,,,,,,,,,,,,,,,,,,,,,,,,,,,,,,,,,,,,,,,,,,,,,,,,,,,,,,,,,,,,,,,,,,,,,,,,,,,,,,,,,,,,,,,,,,,,,,,,,ext4,5,2,2.951,4.932,53.695,77.806,176.254,147.033,430.278,warm-page-cache,1.241,4.547,0.001,5.789,1.424,4.705,1.936,8.065,1.752,11.597,0.364,13.714,1.578,11.423,1.504,14.506,3.159,11.631,0.555,15.345,1.518,11.125,1.495,14.138,424.49,1.377,4.816,1.879,10.708,1.258,13.845,True,False,,,,,,,,,,,,,
lifecycle_arcadedb_embedded_sparse_lc1m_r4,8d6af9475,lifecycle,arcadedb_embedded,sparse,lc1m,4,paper,0-11,embedded,24g,2026-08-31T23:01:27+00:00,,,,,,,,,0.2,0.2,did not converge,0,False,1000000,,26.9.1.dev0,,,,,,,,,,,,,,,,,,,,,,,,,,0.2,0.0,,,,,,,,,,11159.0,10719.0,2165.5,0.0,449.3,12.3,806.9,4.6,79176893,11159.0,10719.0,0.0,10719.0,806.9,12.3,2165.5,79176893,20260831T223024Z,,,,,,,,,,,,,,,,,,,,,,,,,,,,,,,64,,,,,,,,,,67.814,,,,,,,,,,,,,16g,l5_lifecycle.py,engine,container:295b760908a6 (host unknown),dbbench:arcadedb,,,,,,,,,,,,,,,,,,,,,,,,,,,,,,,,,,,,,,,,,,,,,,,,,,,,,,,,,,,,,,,,,,,,,,,,,,,,,,,,,,,,,,,,,,,,,,,,,,,,,,,,,,,,,,,,,,,,,,,,,,,,,,,,,,,ext4,5,2,3.343,4.154,37.55,77.376,180.567,155.142,441.684,warm-page-cache,1.468,3.825,0.001,5.293,1.785,3.944,0.433,6.162,2.171,10.981,0.377,13.529,2.431,11.396,0.757,14.584,1.991,16.599,0.711,19.3,2.047,18.07,1.853,21.97,436.391,3.138,12.604,1.943,11.768,0.898,14.61,True,False,,,,,,,,,,,,,
lifecycle_arcadedb_embedded_empty_lc1m_r4,8d6af9475,lifecycle,arcadedb_embedded,empty,lc1m,4,paper,0-11,embedded,24g,2026-08-31T23:05:36+00:00,,,,,,,,,0.2,0.2,did not converge,0,False,1000000,,26.9.1.dev0,,,,,,,,,,,,,,,,,,,,,,,,,,0.2,0.0,,,,,,,,,,491.9,470.8,458.7,0.0,0.3,1.1,5.9,0.3,4851247,491.9,470.8,0.0,470.8,5.9,1.1,458.7,4851247,20260831T223024Z,,,,,,,,,,,,,,,,,,,,,,,,,,,,,,,64,,,,,,,,,,0.704,,,,,,,,,,,,,16g,l5_lifecycle.py,engine,container:afc5ef3b5655 (host unknown),dbbench:arcadedb,,,,,,,,,,,,,,,,,,,,,,,,,,,,,,,,,,,,,,,,,,,,,,,,,,,,,,,,,,,,,,,,,,,,,,,,,,,,,,,,,,,,,,,,,,,,,,,,,,,,,,,,,,,,,,,,,,,,,,,,,,,,,,,,,,,ext4,5,2,3.534,3.177,27.92,83.388,186.276,159.953,457.361,warm-page-cache,1.501,2.953,0.001,4.455,1.428,2.887,0.001,4.316,1.908,9.908,0.97,12.785,1.781,10.22,0.827,12.828,1.98,10.219,0.694,12.893,1.899,10.369,0.87,13.137,452.907,1.576,2.967,1.579,3.086,0.001,4.665,True,False,,,,,,,,,,,,,
lifecycle_arcadedb_embedded_vector_lc1m_r4,8d6af9475,lifecycle,arcadedb_embedded,vector,lc1m,4,paper,0-11,embedded,24g,2026-08-31T23:08:46+00:00,,,,,,,,,0.2,0.2,did not converge,0,False,1000000,,26.9.1.dev0,,,,,,,,,,,,,,,,,,,,,,,,,,0.2,0.0,,,,,,,,,,14049.4,13562.2,2938.4,0.0,574.7,1023.0,1216.0,435.5,1786041557,14049.4,13562.2,0.0,13562.2,1216.0,1023.0,2938.4,1786041557,20260831T223024Z,,,,,,,,,,,,,,,,,,,,,,,,,,,,,,,64,,,,,,,,,,187.333,,,,,,,,,,,,,16g,l5_lifecycle.py,engine,container:13afa66012d2 (host unknown),dbbench:arcadedb,,,,,,,,,,,,,,,,,,,,,,,,,,,,,,,,,,,,,,,,,,,,,,,,,,,,,,,,,,,,,,,,,,,,,,,,,,,,,,,,,,,,,,,,,,,,,,,,,,,,,,,,,,,,,,,,,,,,,,,,,,,,,,,,,,,ext4,5,2,4.097,100.091,58.506,87.013,184.917,194.141,496.67,warm-page-cache,2.004,96.354,0.001,98.359,1.986,19.61,856.965,878.562,2.102,91.635,0.427,94.164,2.106,22.852,856.964,881.922,1.753,15.309,77.031,94.093,4.289,24.718,1781.288,1810.295,398.312,3.156,204.107,4.108,22.446,1861.228,1887.782,True,False,3.339,12.872,6.732,True,"{'vectorCacheHits': 20, 'unverifiedGraphReuses': 0, 'estimatedRebuildWork': 100000000, 'compactedPages': 0, 'closeTimeRebuildPending': 1, 'graphNodeCount': 1000000, 'stalePrefixGraphReuses': 1, 'asyncRebuildInProgress': 1, 'deltaVectorsCount': 28, 'rebuildSnapshotGeneration': 0, 'groupedSearchesMergingDelta': 0, 'deltaScanBudget': 741, 'searchOperations': 1, 'liveVectorCacheSize': 0, 'compactionCount': 0, 'beamWidth': 100, 'groupedSearchesGroupsUnavailable': 0, 'vectorFetchFromQuantized': 0, 'deltaScanWorkTarget': 100000000, 'estimatedLocationIndexBytes': 29360312, 'totalVectors': 1000028, 'graphRebuildCount': 0, 'estimatedOrdinalMapBytes': 4000000, 'maxConnections': 32, 'mutablePages': 38, 'preFilterSearches': 0, 'rebuildsDeferredForMemory': 0, 'groupedSearchesShortOfLimit': 0, 'bruteForceScans': 0, 'avgInsertLatencyMs': 0, 'mutationsSinceRebuild': 28, 'vectorFetchFromDocuments': 770, 'searchVectorCacheCapacity': 1048576, 'deltaScanWorkSinceRebuild': 28, 'deletedVectors': 0, 'avgSearchLatencyMs': 1853, 'pooledGraphSearchers': 1, 'graphState': 2, 'mutationsThreshold': 100, 'effectiveMutationsThreshold': 50000, 'persistedGraphNodeCount': 1000000, 'graphBuildParallelism': 11, 'insertOperations': 0, 'graphWalkVisitedAvg': 741, 'vectorCacheMisses': 742, 'vectorFetchFromGraph': 0, 'activeVectors': 1000028, 'dimensions': 64, 'vector_stats_mode': 'read'}",,,,,,,,
lifecycle_arcadedb_embedded_doc_lc1m_r5,8d6af9475,lifecycle,arcadedb_embedded,doc,lc1m,5,paper,0-11,embedded,24g,2026-08-31T22:30:33+00:00,,,,,,,,,0.2,0.2,did not converge,0,False,1000000,,26.9.1.dev0,,,,,,,,,,,,,,,,,,,,,,,,,,0.2,0.0,,,,,,,,,,4530.7,4470.2,3914.7,0.0,63.7,1.6,68.2,0.5,15486755,4530.7,4470.2,0.0,4470.2,68.2,1.6,3914.7,15486755,20260831T223024Z,,,,,,,,,,,,,,,,,,,,,,,,,,,,,,,64,,,,,,,,,,8.2,,,,,,,,,,,,,16g,l5_lifecycle.py,engine,container:34589d8b141b (host unknown),dbbench:arcadedb,,,,,,,,,,,,,,,,,,,,,,,,,,,,,,,,,,,,,,,,,,,,,,,,,,,,,,,,,,,,,,,,,,,,,,,,,,,,,,,,,,,,,,,,,,,,,,,,,,,,,,,,,,,,,,,,,,,,,,,,,,,,,,,,,,,ext4,5,2,2.549,3.312,41.25,80.957,192.218,151.698,451.656,warm-page-cache,1.258,3.169,0.001,4.428,1.345,3.327,0.269,4.941,1.838,11.162,0.338,13.338,2.203,10.694,0.697,13.594,3.134,11.309,0.418,14.86,2.281,10.926,0.752,13.96,447.229,2.571,3.76,1.816,3.807,0.332,5.955,True,False,,,,,,,,,,,,,
lifecycle_arcadedb_embedded_sparse_lc1m_r5,8d6af9475,lifecycle,arcadedb_embedded,sparse,lc1m,5,paper,0-11,embedded,24g,2026-08-31T22:41:17+00:00,,,,,,,,,0.2,0.2,did not converge,0,False,1000000,,26.9.1.dev0,,,,,,,,,,,,,,,,,,,,,,,,,,0.2,0.0,,,,,,,,,,11167.8,10712.5,5813.2,0.0,450.9,12.3,807.0,4.6,82345131,11167.8,10712.5,0.0,10712.5,807.0,12.3,5813.2,82345131,20260831T223024Z,,,,,,,,,,,,,,,,,,,,,,,,,,,,,,,64,,,,,,,,,,70.932,,,,,,,,,,,,,16g,l5_lifecycle.py,engine,container:4a276a4e1a0e (host unknown),dbbench:arcadedb,,,,,,,,,,,,,,,,,,,,,,,,,,,,,,,,,,,,,,,,,,,,,,,,,,,,,,,,,,,,,,,,,,,,,,,,,,,,,,,,,,,,,,,,,,,,,,,,,,,,,,,,,,,,,,,,,,,,,,,,,,,,,,,,,,,ext4,5,2,3.829,4.188,35.26,78.302,179.121,154.276,438.663,warm-page-cache,1.588,3.798,0.001,5.387,1.789,4.009,0.466,6.264,2.044,10.884,0.392,13.32,1.908,10.36,0.701,12.968,2.858,16.631,0.679,20.168,2.961,19.615,2.081,24.657,433.277,2.893,12.93,2.77,12.542,1.108,16.42,True,False,,,,,,,,,,,,,
lifecycle_arcadedb_embedded_vector_lc1m_r5,8d6af9475,lifecycle,arcadedb_embedded,vector,lc1m,5,paper,0-11,embedded,24g,2026-08-31T22:48:10+00:00,,,,,,,,,0.2,0.2,did not converge,0,False,1000000,,26.9.1.dev0,,,,,,,,,,,,,,,,,,,,,,,,,,0.2,0.0,,,,,,,,,,13147.7,12594.8,1864.4,0.0,601.4,1022.5,1224.8,435.5,1971165652,13147.7,12594.8,0.0,12594.8,1224.8,1022.5,1864.4,1971165652,20260831T223024Z,,,,,,,,,,,,,,,,,,,,,,,,,,,,,,,64,,,,,,,,,,202.856,,,,,,,,,,,,,16g,l5_lifecycle.py,engine,container:f5a0c9ec6ce5 (host unknown),dbbench:arcadedb,,,,,,,,,,,,,,,,,,,,,,,,,,,,,,,,,,,,,,,,,,,,,,,,,,,,,,,,,,,,,,,,,,,,,,,,,,,,,,,,,,,,,,,,,,,,,,,,,,,,,,,,,,,,,,,,,,,,,,,,,,,,,,,,,,,ext4,5,2,4.118,100.717,81.219,85.877,185.194,196.488,515.038,warm-page-cache,2.018,93.842,0.001,95.861,1.974,18.884,855.306,876.163,2.03,90.491,0.371,92.891,1.945,22.509,848.008,872.462,1.842,15.686,75.377,92.905,3.688,23.208,1767.836,1794.733,419.178,2.697,195.123,4.712,21.991,1913.123,1939.826,True,False,3.095,15.328,6.289,True,"{'vectorCacheHits': 20, 'unverifiedGraphReuses': 0, 'estimatedRebuildWork': 100000000, 'compactedPages': 0, 'closeTimeRebuildPending': 1, 'graphNodeCount': 1000000, 'stalePrefixGraphReuses': 1, 'asyncRebuildInProgress': 1, 'deltaVectorsCount': 28, 'rebuildSnapshotGeneration': 0, 'groupedSearchesMergingDelta': 0, 'deltaScanBudget': 763, 'searchOperations': 1, 'liveVectorCacheSize': 0, 'compactionCount': 0, 'beamWidth': 100, 'groupedSearchesGroupsUnavailable': 0, 'vectorFetchFromQuantized': 0, 'deltaScanWorkTarget': 100000000, 'estimatedLocationIndexBytes': 29360312, 'totalVectors': 1000028, 'graphRebuildCount': 0, 'estimatedOrdinalMapBytes': 4000000, 'maxConnections': 32, 'mutablePages': 38, 'preFilterSearches': 0, 'rebuildsDeferredForMemory': 0, 'groupedSearchesShortOfLimit': 0, 'bruteForceScans': 0, 'avgInsertLatencyMs': 0, 'mutationsSinceRebuild': 28, 'vectorFetchFromDocuments': 792, 'searchVectorCacheCapacity': 1048576, 'deltaScanWorkSinceRebuild': 28, 'deletedVectors': 0, 'avgSearchLatencyMs': 1909, 'pooledGraphSearchers': 1, 'graphState': 2, 'mutationsThreshold': 100, 'effectiveMutationsThreshold': 50000, 'persistedGraphNodeCount': 1000000, 'graphBuildParallelism': 11, 'insertOperations': 0, 'graphWalkVisitedAvg': 763, 'vectorCacheMisses': 764, 'vectorFetchFromGraph': 0, 'activeVectors': 1000028, 'dimensions': 64, 'vector_stats_mode': 'read'}",,,,,,,,
lifecycle_arcadedb_embedded_doc_idx10_lc1m_r5,8d6af9475,lifecycle,arcadedb_embedded,doc_idx10,lc1m,5,paper,0-11,embedded,24g,2026-08-31T22:49:29+00:00,,,,,,,,,0.2,0.2,did not converge,0,False,1000000,,26.9.1.dev0,,,,,,,,,,,,,,,,,,,,,,,,,,0.2,0.0,,,,,,,,,,10941.2,10676.6,5412.4,0.0,287.2,292.6,718.4,25.6,48725383,10941.2,10676.6,0.0,10676.6,718.4,292.6,5412.4,48725383,20260831T223024Z,,,,,,,,,,,,,,,,,,,,,,,,,,,,,,,64,,,,,,,,,,25.859,,,,,,,,,,,,,16g,l5_lifecycle.py,engine,container:aefa8e29018e (host unknown),dbbench:arcadedb,,,,,,,,,,,,,,,,,,,,,,,,,,,,,,,,,,,,,,,,,,,,,,,,,,,,,,,,,,,,,,,,,,,,,,,,,,,,,,,,,,,,,,,,,,,,,,,,,,,,,,,,,,,,,,,,,,,,,,,,,,,,,,,,,,,ext4,5,2,23.682,15.857,113.203,80.642,181.0,172.556,476.232,warm-page-cache,6.525,15.513,0.002,22.039,6.192,16.643,1.595,24.43,7.007,28.202,0.368,35.577,5.854,23.288,1.718,30.86,7.303,45.542,1.552,54.397,7.035,46.19,2.729,55.954,454.194,7.278,30.248,6.918,30.754,1.293,38.965,True,False,,,,,,,,,,,,,
lifecycle_arcadedb_embedded_graph_lc1m_r5,8d6af9475,lifecycle,arcadedb_embedded,graph,lc1m,5,paper,0-11,embedded,24g,2026-08-31T22:54:09+00:00,,,,,,,,,0.2,0.2,did not converge,0,False,1000000,,26.9.1.dev0,,,,,,,,,,,,,,,,,,,,,,,,,,0.2,0.0,,,,,,,,,,11131.7,10758.3,1836.0,0.0,369.0,1.7,811.0,0.6,154540067,11131.7,10758.3,0.0,10758.3,811.0,1.7,1836.0,154540067,20260831T223024Z,,,,,,,,,,,,,,,,,,,,,,,,,,,,,,,64,,,,,,,,,,133.038,,,,,,,,,,,,,16g,l5_lifecycle.py,engine,container:24021d5788d5 (host unknown),dbbench:arcadedb,,,,,,,,,,,,,,,,,,,,,,,,,,,,,,,,,,,,,,,,,,,,,,,,,,,,,,,,,,,,,,,,,,,,,,,,,,,,,,,,,,,,,,,,,,,,,,,,,,,,,,,,,,,,,,,,,,,,,,,,,,,,,,,,,,,ext4,5,2,2.917,5.021,52.918,77.131,178.181,146.57,430.384,warm-page-cache,1.231,4.514,0.001,5.746,1.395,4.751,1.846,7.992,1.675,12.034,0.382,14.092,1.467,10.791,1.399,13.657,1.492,9.919,0.321,11.732,1.958,10.413,1.847,14.219,424.639,1.212,4.607,1.336,10.094,1.196,12.626,True,False,,,,,,,,,,,,,
lifecycle_arcadedb_embedded_empty_lc1m_r5,8d6af9475,lifecycle,arcadedb_embedded,empty,lc1m,5,paper,0-11,embedded,24g,2026-08-31T23:09:39+00:00,,,,,,,,,0.2,0.2,did not converge,0,False,1000000,,26.9.1.dev0,,,,,,,,,,,,,,,,,,,,,,,,,,0.2,0.0,,,,,,,,,,492.0,469.9,462.0,0.0,0.3,1.1,6.2,0.3,4991797,492.0,469.9,0.0,469.9,6.2,1.1,462.0,4991797,20260831T223024Z,,,,,,,,,,,,,,,,,,,,,,,,,,,,,,,64,,,,,,,,,,0.705,,,,,,,,,,,,,16g,l5_lifecycle.py,engine,container:9a42228a702e (host unknown),dbbench:arcadedb,,,,,,,,,,,,,,,,,,,,,,,,,,,,,,,,,,,,,,,,,,,,,,,,,,,,,,,,,,,,,,,,,,,,,,,,,,,,,,,,,,,,,,,,,,,,,,,,,,,,,,,,,,,,,,,,,,,,,,,,,,,,,,,,,,,ext4,5,2,4.661,5.084,35.609,86.265,186.102,158.052,459.318,warm-page-cache,1.996,3.994,0.001,5.991,1.766,3.613,0.001,5.38,3.132,17.899,1.302,22.332,3.206,17.721,1.193,22.12,3.268,17.641,1.175,22.084,2.937,18.028,1.136,22.1,453.328,2.54,3.582,1.722,3.208,0.001,4.931,True,False,,,,,,,,,,,,,
lifecycle_arcadedb_embedded_ts_lc1m_r5,8d6af9475,lifecycle,arcadedb_embedded,ts,lc1m,5,paper,0-11,embedded,24g,2026-08-31T23:10:18+00:00,,,,,,,,,0.2,0.2,did not converge,0,False,1000000,,26.9.1.dev0,,,,,,,,,,,,,,,,,,,,,,,,,,0.2,0.0,,,,,,,,,,10399.3,10328.7,3763.1,0.0,80.7,24.6,56.9,2.0,59939615,10399.3,10328.7,0.0,10328.7,56.9,24.6,3763.1,59939615,20260831T223024Z,,,,,,,,,,,,,,,,,,,,,,,,,,,,,,,64,,,,,,,,,,36.569,,,,,,,,,,,,,16g,l5_lifecycle.py,engine,container:39105bef125f (host unknown),dbbench:arcadedb,,,,,,,,,,,,,,,,,,,,,,,,,,,,,,,,,,,,,,,,,,,,,,,,,,,,,,,,,,,,,,,,,,,,,,,,,,,,,,,,,,,,,,,,,,,,,,,,,,,,,,,,,,,,,,,,,,,,,,,,,,,,,,,,,,,ext4,5,2,6.218,8.287,112.8,82.827,187.103,166.964,471.924,warm-page-cache,2.174,7.856,0.001,10.031,2.13,7.929,0.248,10.307,3.365,17.1,0.514,20.979,3.302,17.903,0.668,21.873,2.109,14.197,0.278,16.584,2.116,14.753,0.55,17.418,461.894,3.252,17.248,4.513,38.387,0.442,43.343,True,False,,,,,,,,,,,,,
lifecycle_arcadedb_server_vector_lc1m_r1,8d6af9475,lifecycle,arcadedb_server,vector,lc1m,1,paper,0-11,client_server,24g,2026-09-07T18:51:23.703051+00:00,full+client,8g,24.0,0-11,sha256:49058eefd65d6a6a297fa7fc4c2f1600edbf9e3b3d495cbae0f64815498cb9d9,arcadedb-c25:8d6af9475,24g,0.3,0.2,0.2,did not converge,0,False,1000000,,server:26.9.1-SNAPSHOT (build 8d6af94753ea8446bd13ac1aed2bb79eaf78dc90/1788075753609/main),,,,,,,,,,,,,,,,,,,,,,575.0,575.0,0.0,True,575.2,574.7,13744.7,13104.8,13104.8,0.0,634.1,0.0,1276.0,574.9,1678770786,27.0,23.4,22.4,0.0,0.1,0.0,0.2,0.1,19182191,13771.7,13128.2,0.0,13128.2,1276.2,0.0,13127.2,1697952977,20260907T185123Z,,,,,,,,,,,,,,,,,,,,,,,,,,,lifecycle_arcadedb_server_vector_lc1m_r1.clientlog,,lifecycle_arcadedb_server_vector_lc1m_r1.serverlog,,,,,,,,,,,,203.27,,,,,,,,,,,,,16g,,,,,,,,,,,,,,,,,,,,,,,,,,,,,,,,,,,,,,,16g,,,,,,,,,,,,,,,,,,,,,,,,,,,,,,,,,,,,,,,,,1000000,,,,,,,,,,,,,,,,,,,,,,,,,,,,,,,,,,,,,,,,,,,,,,,,,,,,,,,,,,,,123.641,,,,,,4.212,6.326,0.0,10.539,3.081,23.431,881.185,907.697,3.31,15.305,1.737,20.352,2.842,31.059,887.559,921.461,2.744,22.003,78.792,103.54,12.643,27.3,2133.847,2173.79,,,,,,,,,False,,,,,,vector,server,9.684,,,,,
lifecycle_arcadedb_server_sparse_lc1m_r1,8d6af9475,lifecycle,arcadedb_server,sparse,lc1m,1,paper,0-11,client_server,24g,2026-09-07T18:55:40.756882+00:00,full+client,8g,24.0,0-11,sha256:49058eefd65d6a6a297fa7fc4c2f1600edbf9e3b3d495cbae0f64815498cb9d9,arcadedb-c25:8d6af9475,24g,0.3,0.2,0.2,did not converge,0,False,1000000,,server:26.9.1-SNAPSHOT (build 8d6af94753ea8446bd13ac1aed2bb79eaf78dc90/1788075753609/main),,,,,,,,,,,,,,,,,,,,,,393.4,393.4,0.0,True,393.6,393.1,11228.0,10732.6,10732.6,0.0,458.7,0.0,792.9,393.3,66845411,29.2,25.2,23.9,0.0,0.1,0.0,0.2,0.1,28268033,11257.2,10757.9,0.0,10757.9,793.1,0.0,10756.5,95113444,20260907T185123Z,,,,,,,,,,,,,,,,,,,,,,,,,,,lifecycle_arcadedb_server_sparse_lc1m_r1.clientlog,,lifecycle_arcadedb_server_sparse_lc1m_r1.serverlog,,,,,,,,,,,,75.49,,,,,,,,,,,,,16g,,,,,,,,,,,,,,,,,,,,,,,,,,,,,,,,,,,,,,,16g,,,,,,,,,,,,,,,,,,,,,,,,,,,,,,,,,,,,,,,,,,,,,,,,,,,,,,,,,,,,,,,,,,,,,,,,,,,,,,,,,,,,,,,,,,,,,,,,,,,,,21.345,,,,,,2.208,5.023,0.0,7.232,3.207,8.051,1.733,12.991,2.922,14.858,1.583,19.363,5.402,19.688,4.046,29.136,5.66,33.137,2.669,41.466,4.643,18.508,4.133,27.284,,,,,,,,,False,,,,,,sparse,server,6.303,,,,,
lifecycle_arcadedb_server_graph_gav_lc1m_r1,8d6af9475,lifecycle,arcadedb_server,graph_gav,lc1m,1,paper,0-11,client_server,24g,2026-09-07T19:15:42.795089+00:00,full+client,8g,24.0,0-11,sha256:49058eefd65d6a6a297fa7fc4c2f1600edbf9e3b3d495cbae0f64815498cb9d9,arcadedb-c25:8d6af9475,24g,0.3,0.2,0.2,did not converge,0,False,1000000,,server:26.9.1-SNAPSHOT (build 8d6af94753ea8446bd13ac1aed2bb79eaf78dc90/1788075753609/main),,,,,,,,,,,,,,,,,,,,,,360.6,360.6,0.0,True,360.8,360.3,11519.4,11086.5,11085.2,0.0,381.0,0.0,927.4,360.6,157761776,22.4,19.1,18.8,0.0,0.1,0.0,0.2,0.1,4627623,11541.8,11105.5,0.0,11105.5,927.5,0.0,11104.0,162389399,20260907T185123Z,,,,,,,,,,,,,,,,,,,,,,,,,,,lifecycle_arcadedb_server_graph_gav_lc1m_r1.clientlog,,lifecycle_arcadedb_server_graph_gav_lc1m_r1.serverlog,,,,,,,,,,,,125.88,,,,,,,,,,,,,16g,,,,,,,,,,,,,,,,,,,,,,,,,,,,,,,,,,,,,,,16g,,,,,,,,,,,,,,,,,,,,,,,,,,,,,,,,,,,,,,,,,,,,,,,,,,,,,,,,,,,,,,,,,,,,,,,,,,,,,,,,,,,,,,,,,,,,,,,,,,,,,180.91,,,,,,5.187,13.379,0.001,18.566,3.018,26.034,473.452,502.504,2.826,13.174,1.208,17.207,2.568,24.285,466.833,493.686,2.672,17.704,1.133,21.509,2.795,31.868,466.573,501.236,,,,,,,,,False,,,,,,graph_gav,server,6.017,,,,,
lifecycle_arcadedb_server_ts_lc1m_r1,8d6af9475,lifecycle,arcadedb_server,ts,lc1m,1,paper,0-11,client_server,24g,2026-09-07T19:18:09.211982+00:00,full+client,8g,24.0,0-11,sha256:49058eefd65d6a6a297fa7fc4c2f1600edbf9e3b3d495cbae0f64815498cb9d9,arcadedb-c25:8d6af9475,24g,0.3,0.2,0.2,did not converge,0,False,1000000,,server:26.9.1-SNAPSHOT (build 8d6af94753ea8446bd13ac1aed2bb79eaf78dc90/1788075753609/main),,,,,,,,,,,,,,,,,,,,,,19.4,19.4,0.0,True,19.6,19.1,10459.6,10367.2,10363.4,0.0,81.5,0.0,47.8,19.3,63244469,22.8,19.1,18.7,0.0,0.1,0.0,0.2,0.1,925349,10482.4,10386.3,0.0,10386.3,48.0,0.0,10382.1,64169818,20260907T185123Z,,,,,,,,,,,,,,,,,,,,,,,,,,,lifecycle_arcadedb_server_ts_lc1m_r1.clientlog,,lifecycle_arcadedb_server_ts_lc1m_r1.serverlog,,,,,,,,,,,,32.86,,,,,,,,,,,,,16g,,,,,,,,,,,,,,,,,,,,,,,,,,,,,,,,,,,,,,,16g,,,,,,,,,,,,,,,,,,,,,,,,,,,,,,,,,,,,,,,,,,,,,,,,,,,,,,,,,,,,,,,,,,,,,,,,,,,,,,,,,,,,,,,,,,,,,,,,,,,,,168.835,,,,,,3.917,19.112,0.0,23.03,3.707,16.01,1.15,20.867,4.575,27.982,1.752,34.309,5.972,26.915,3.55,36.438,3.667,26.765,1.398,31.83,6.09,30.003,3.282,39.375,,,,,,,,,False,,,,,,ts,server,8.251,,,,,
lifecycle_arcadedb_server_doc_idx10_lc1m_r1,8d6af9475,lifecycle,arcadedb_server,doc_idx10,lc1m,1,paper,0-11,client_server,24g,2026-09-07T19:18:56.789413+00:00,full+client,8g,24.0,0-11,sha256:49058eefd65d6a6a297fa7fc4c2f1600edbf9e3b3d495cbae0f64815498cb9d9,arcadedb-c25:8d6af9475,24g,0.3,0.2,0.2,did not converge,0,False,1000000,,server:26.9.1-SNAPSHOT (build 8d6af94753ea8446bd13ac1aed2bb79eaf78dc90/1788075753609/main),,,,,,,,,,,,,,,,,,,,,,230.1,230.1,0.0,True,230.3,229.8,10907.4,10586.8,10586.8,0.0,298.2,0.0,626.0,230.0,50203210,23.3,19.3,18.9,0.0,0.1,0.0,0.2,0.1,1812978,10930.7,10606.1,0.0,10606.1,626.1,0.0,10605.7,52016188,20260907T185123Z,,,,,,,,,,,,,,,,,,,,,,,,,,,lifecycle_arcadedb_server_doc_idx10_lc1m_r1.clientlog,,lifecycle_arcadedb_server_doc_idx10_lc1m_r1.serverlog,,,,,,,,,,,,22.92,,,,,,,,,,,,,16g,,,,,,,,,,,,,,,,,,,,,,,,,,,,,,,,,,,,,,,16g,,,,,,,,,,,,,,,,,,,,,,,,,,,,,,,,,,,,,,,,,,,,,,,,,,,,,,,,,,,,,,,,,,,,,,,,,,,,,,,,,,,,,,,,,,,,,,,,,,,,,284.092,,,,,,7.028,15.876,0.0,22.904,6.959,23.821,2.54,33.319,6.625,22.353,1.421,30.399,7.828,26.468,3.557,37.853,10.033,74.685,2.506,87.224,9.95,51.209,4.745,65.904,,,,,,,,,False,,,,,,doc_idx10,server,12.134,,,,,
lifecycle_arcadedb_server_graph_lc1m_r1,8d6af9475,lifecycle,arcadedb_server,graph,lc1m,1,paper,0-11,client_server,24g,2026-09-07T19:19:35.300119+00:00,full+client,8g,24.0,0-11,sha256:49058eefd65d6a6a297fa7fc4c2f1600edbf9e3b3d495cbae0f64815498cb9d9,arcadedb-c25:8d6af9475,24g,0.3,0.2,0.2,did not converge,0,False,1000000,,server:26.9.1-SNAPSHOT (build 8d6af94753ea8446bd13ac1aed2bb79eaf78dc90/1788075753609/main),,,,,,,,,,,,,,,,,,,,,,307.1,307.1,0.0,True,307.3,306.8,11131.0,10722.8,10719.7,0.0,382.3,0.0,817.5,307.0,144884025,22.6,19.1,18.8,0.0,0.1,0.0,0.2,0.1,4501081,11153.6,10741.8,0.0,10741.8,817.7,0.0,10738.6,149385106,20260907T185123Z,,,,,,,,,,,,,,,,,,,,,,,,,,,lifecycle_arcadedb_server_graph_lc1m_r1.clientlog,,lifecycle_arcadedb_server_graph_lc1m_r1.serverlog,,,,,,,,,,,,121.41,,,,,,,,,,,,,16g,,,,,,,,,,,,,,,,,,,,,,,,,,,,,,,,,,,,,,,16g,,,,,,,,,,,,,,,,,,,,,,,,,,,,,,,,,,,,,,,,,,,,,,,,,,,,,,,,,,,,,,,,,,,,,,,,,,,,,,,,,,,,,,,,,,,,,,,,,,,,,42.788,,,,,,2.163,5.095,0.0,7.258,2.145,5.305,2.932,10.381,2.159,14.217,1.195,17.571,2.609,16.014,3.293,21.916,2.372,15.11,0.976,18.459,2.244,13.259,2.867,18.37,,,,,,,,,False,,,,,,graph,server,5.935,,,,,
lifecycle_arcadedb_server_empty_lc1m_r1,8d6af9475,lifecycle,arcadedb_server,empty,lc1m,1,paper,0-11,client_server,24g,2026-09-07T19:25:56.995127+00:00,full+client,8g,24.0,0-11,sha256:49058eefd65d6a6a297fa7fc4c2f1600edbf9e3b3d495cbae0f64815498cb9d9,arcadedb-c25:8d6af9475,24g,0.3,0.2,0.2,did not converge,0,False,1000000,,server:26.9.1-SNAPSHOT (build 8d6af94753ea8446bd13ac1aed2bb79eaf78dc90/1788075753609/main),,,,,,,,,,,,,,,,,,,,,,0.5,0.5,0.0,True,0.7,0.2,546.9,522.1,522.1,0.0,0.4,0.0,3.1,0.4,11133101,21.3,18.2,18.2,0.0,0.1,0.0,0.2,0.1,177775,568.2,540.3,0.0,540.3,3.3,0.0,540.3,11310876,20260907T185123Z,,,,,,,,,,,,,,,,,,,,,,,,,,,lifecycle_arcadedb_server_empty_lc1m_r1.clientlog,,lifecycle_arcadedb_server_empty_lc1m_r1.serverlog,,,,,,,,,,,,0.12,,,,,,,,,,,,,16g,,,,,,,,,,,,,,,,,,,,,,,,,,,,,,,,,,,,,,,16g,,,,,,,,,,,,,,,,,,,,,,,,,,,,,,,,,,,,,,,,,,,,,,,,,,,,,,,,,,,,,,,,,,,,,,,,,,,,,,,,,,,,,,,,,,,,,,,,,,,,,21.463,,,,,,3.657,4.929,0.001,8.586,3.553,4.47,0.001,8.024,2.841,10.208,1.946,14.995,2.98,11.33,2.291,16.602,2.901,17.847,1.874,22.622,3.212,15.864,1.976,21.052,,,,,,,,,False,,,,,,empty,server,7.188,,,,,
lifecycle_arcadedb_server_doc_lc1m_r1,8d6af9475,lifecycle,arcadedb_server,doc,lc1m,1,paper,0-11,client_server,24g,2026-09-07T19:26:11.963724+00:00,full+client,8g,24.0,0-11,sha256:49058eefd65d6a6a297fa7fc4c2f1600edbf9e3b3d495cbae0f64815498cb9d9,arcadedb-c25:8d6af9475,24g,0.3,0.2,0.2,did not converge,0,False,1000000,,server:26.9.1-SNAPSHOT (build 8d6af94753ea8446bd13ac1aed2bb79eaf78dc90/1788075753609/main),,,,,,,,,,,,,,,,,,,,,,31.0,31.0,0.0,True,31.2,30.7,4630.3,4548.9,4545.2,0.0,68.5,0.0,64.3,31.0,17750099,23.7,18.7,18.7,0.0,0.1,0.0,0.2,0.1,829319,4654.0,4567.6,0.0,4567.6,64.5,0.0,4563.9,18579418,20260907T185123Z,,,,,,,,,,,,,,,,,,,,,,,,,,,lifecycle_arcadedb_server_doc_lc1m_r1.clientlog,,lifecycle_arcadedb_server_doc_lc1m_r1.serverlog,,,,,,,,,,,,5.23,,,,,,,,,,,,,16g,,,,,,,,,,,,,,,,,,,,,,,,,,,,,,,,,,,,,,,16g,,,,,,,,,,,,,,,,,,,,,,,,,,,,,,,,,,,,,,,,,,,,,,,,,,,,,,,,,,,,,,,,,,,,,,,,,,,,,,,,,,,,,,,,,,,,,,,,,,,,,51.527,,,,,,3.858,17.753,0.001,21.612,2.457,5.143,1.314,8.915,3.24,15.988,1.532,20.759,3.895,13.716,2.954,20.565,4.85,21.518,2.013,28.381,5.179,20.545,3.563,29.287,,,,,,,,,False,,,,,,doc,server,6.602,,,,,
lifecycle_arcadedb_server_graph_gav_lc1m_r2,8d6af9475,lifecycle,arcadedb_server,graph_gav,lc1m,2,paper,0-11,client_server,24g,2026-09-07T18:57:59.045732+00:00,full+client,8g,24.0,0-11,sha256:49058eefd65d6a6a297fa7fc4c2f1600edbf9e3b3d495cbae0f64815498cb9d9,arcadedb-c25:8d6af9475,24g,0.3,0.2,0.2,did not converge,0,False,1000000,,server:26.9.1-SNAPSHOT (build 8d6af94753ea8446bd13ac1aed2bb79eaf78dc90/1788075753609/main),,,,,,,,,,,,,,,,,,,,,,360.6,360.6,0.0,True,360.8,360.3,11551.5,11121.2,11118.4,0.0,386.8,0.0,926.6,360.6,155136484,22.5,19.1,18.8,0.0,0.1,0.0,0.2,0.1,4594381,11574.0,11140.3,0.0,11140.3,926.8,0.0,11137.3,159730865,20260907T185123Z,,,,,,,,,,,,,,,,,,,,,,,,,,,lifecycle_arcadedb_server_graph_gav_lc1m_r2.clientlog,,lifecycle_arcadedb_server_graph_gav_lc1m_r2.serverlog,,,,,,,,,,,,123.52,,,,,,,,,,,,,16g,,,,,,,,,,,,,,,,,,,,,,,,,,,,,,,,,,,,,,,16g,,,,,,,,,,,,,,,,,,,,,,,,,,,,,,,,,,,,,,,,,,,,,,,,,,,,,,,,,,,,,,,,,,,,,,,,,,,,,,,,,,,,,,,,,,,,,,,,,,,,,144.271,,,,,,2.701,5.598,0.0,8.299,2.563,14.98,465.233,482.777,2.854,11.902,1.312,16.068,2.776,21.86,462.923,487.56,2.84,11.649,1.333,15.822,2.434,21.356,463.172,486.962,,,,,,,,,False,,,,,,graph_gav,server,5.288,,,,,
lifecycle_arcadedb_server_graph_lc1m_r2,8d6af9475,lifecycle,arcadedb_server,graph,lc1m,2,paper,0-11,client_server,24g,2026-09-07T19:00:23.245570+00:00,full+client,8g,24.0,0-11,sha256:49058eefd65d6a6a297fa7fc4c2f1600edbf9e3b3d495cbae0f64815498cb9d9,arcadedb-c25:8d6af9475,24g,0.3,0.2,0.2,did not converge,0,False,1000000,,server:26.9.1-SNAPSHOT (build 8d6af94753ea8446bd13ac1aed2bb79eaf78dc90/1788075753609/main),,,,,,,,,,,,,,,,,,,,,,307.1,307.1,0.0,True,307.3,306.8,11143.9,10749.9,10732.9,0.0,387.3,0.0,817.5,307.0,144072484,23.1,19.1,19.1,0.0,0.1,0.0,0.2,0.1,4604693,11167.0,10768.9,0.0,10768.9,817.7,0.0,10751.9,148677177,20260907T185123Z,,,,,,,,,,,,,,,,,,,,,,,,,,,lifecycle_arcadedb_server_graph_lc1m_r2.clientlog,,lifecycle_arcadedb_server_graph_lc1m_r2.serverlog,,,,,,,,,,,,120.21,,,,,,,,,,,,,16g,,,,,,,,,,,,,,,,,,,,,,,,,,,,,,,,,,,,,,,16g,,,,,,,,,,,,,,,,,,,,,,,,,,,,,,,,,,,,,,,,,,,,,,,,,,,,,,,,,,,,,,,,,,,,,,,,,,,,,,,,,,,,,,,,,,,,,,,,,,,,,41.085,,,,,,2.32,5.547,0.0,7.868,2.301,5.282,2.776,10.359,2.22,11.732,1.165,15.117,2.682,11.592,3.622,17.896,2.395,11.005,1.06,14.46,2.584,11.921,3.165,17.671,,,,,,,,,False,,,,,,graph,server,6.179,,,,,
lifecycle_arcadedb_server_vector_lc1m_r2,8d6af9475,lifecycle,arcadedb_server,vector,lc1m,2,paper,0-11,client_server,24g,2026-09-07T19:11:21.108570+00:00,full+client,8g,24.0,0-11,sha256:49058eefd65d6a6a297fa7fc4c2f1600edbf9e3b3d495cbae0f64815498cb9d9,arcadedb-c25:8d6af9475,24g,0.3,0.2,0.2,did not converge,0,False,1000000,,server:26.9.1-SNAPSHOT (build 8d6af94753ea8446bd13ac1aed2bb79eaf78dc90/1788075753609/main),,,,,,,,,,,,,,,,,,,,,,575.0,575.0,0.0,True,575.2,574.7,13466.5,12826.7,12826.7,0.0,574.9,0.0,1212.6,574.9,1757360147,27.1,22.4,22.4,0.0,0.1,0.0,0.2,0.1,19729259,13493.7,12849.1,0.0,12849.1,1212.8,0.0,12849.1,1777089406,20260907T185123Z,,,,,,,,,,,,,,,,,,,,,,,,,,,lifecycle_arcadedb_server_vector_lc1m_r2.clientlog,,lifecycle_arcadedb_server_vector_lc1m_r2.serverlog,,,,,,,,,,,,212.1,,,,,,,,,,,,,16g,,,,,,,,,,,,,,,,,,,,,,,,,,,,,,,,,,,,,,,16g,,,,,,,,,,,,,,,,,,,,,,,,,,,,,,,,,,,,,,,,,1000000,,,,,,,,,,,,,,,,,,,,,,,,,,,,,,,,,,,,,,,,,,,,,,,,,,,,,,,,,,,,73.169,,,,,,4.577,6.777,0.001,11.355,3.134,23.731,908.961,935.826,3.237,17.357,1.702,22.297,3.357,29.597,887.187,920.141,3.33,15.224,84.229,102.783,11.104,27.796,1987.218,2026.117,,,,,,,,,False,,,,,,vector,server,69.546,,,,,
lifecycle_arcadedb_server_empty_lc1m_r2,8d6af9475,lifecycle,arcadedb_server,empty,lc1m,2,paper,0-11,client_server,24g,2026-09-07T19:15:27.645916+00:00,full+client,8g,24.0,0-11,sha256:49058eefd65d6a6a297fa7fc4c2f1600edbf9e3b3d495cbae0f64815498cb9d9,arcadedb-c25:8d6af9475,24g,0.3,0.2,0.2,did not converge,0,False,1000000,,server:26.9.1-SNAPSHOT (build 8d6af94753ea8446bd13ac1aed2bb79eaf78dc90/1788075753609/main),,,,,,,,,,,,,,,,,,,,,,0.5,0.5,0.0,True,0.7,0.2,540.9,512.6,512.6,0.0,0.4,0.0,3.1,0.4,11842181,24.6,18.4,18.4,0.0,0.1,0.0,0.2,0.1,181109,565.5,531.1,0.0,531.1,3.3,0.0,531.1,12023290,20260907T185123Z,,,,,,,,,,,,,,,,,,,,,,,,,,,lifecycle_arcadedb_server_empty_lc1m_r2.clientlog,,lifecycle_arcadedb_server_empty_lc1m_r2.serverlog,,,,,,,,,,,,0.13,,,,,,,,,,,,,16g,,,,,,,,,,,,,,,,,,,,,,,,,,,,,,,,,,,,,,,16g,,,,,,,,,,,,,,,,,,,,,,,,,,,,,,,,,,,,,,,,,,,,,,,,,,,,,,,,,,,,,,,,,,,,,,,,,,,,,,,,,,,,,,,,,,,,,,,,,,,,,21.239,,,,,,3.542,4.604,0.0,8.146,2.548,3.902,0.001,6.451,2.833,10.91,2.127,15.87,2.652,10.081,1.76,14.493,3.997,11.786,2.168,17.951,4.27,11.124,2.255,17.649,,,,,,,,,False,,,,,,empty,server,7.567,,,,,
lifecycle_arcadedb_server_ts_lc1m_r2,8d6af9475,lifecycle,arcadedb_server,ts,lc1m,2,paper,0-11,client_server,24g,2026-09-07T19:22:05.436932+00:00,full+client,8g,24.0,0-11,sha256:49058eefd65d6a6a297fa7fc4c2f1600edbf9e3b3d495cbae0f64815498cb9d9,arcadedb-c25:8d6af9475,24g,0.3,0.2,0.2,did not converge,0,False,1000000,,server:26.9.1-SNAPSHOT (build 8d6af94753ea8446bd13ac1aed2bb79eaf78dc90/1788075753609/main),,,,,,,,,,,,,,,,,,,,,,19.4,19.4,0.0,True,19.6,19.1,10463.3,10365.9,10365.9,0.0,81.7,0.0,47.8,19.3,62571135,24.6,19.1,18.7,0.0,0.1,0.0,0.2,0.1,910951,10487.9,10385.0,0.0,10385.0,47.9,0.0,10384.7,63482086,20260907T185123Z,,,,,,,,,,,,,,,,,,,,,,,,,,,lifecycle_arcadedb_server_ts_lc1m_r2.clientlog,,lifecycle_arcadedb_server_ts_lc1m_r2.serverlog,,,,,,,,,,,,32.35,,,,,,,,,,,,,16g,,,,,,,,,,,,,,,,,,,,,,,,,,,,,,,,,,,,,,,16g,,,,,,,,,,,,,,,,,,,,,,,,,,,,,,,,,,,,,,,,,,,,,,,,,,,,,,,,,,,,,,,,,,,,,,,,,,,,,,,,,,,,,,,,,,,,,,,,,,,,,107.368,,,,,,3.82,8.988,0.001,12.808,3.381,8.909,1.086,13.376,4.387,16.856,1.48,22.723,3.437,17.146,2.246,22.829,3.358,16.119,1.13,20.608,3.414,17.238,2.205,22.857,,,,,,,,,False,,,,,,ts,server,8.458,,,,,
lifecycle_arcadedb_server_doc_lc1m_r2,8d6af9475,lifecycle,arcadedb_server,doc,lc1m,2,paper,0-11,client_server,24g,2026-09-07T19:22:52.658591+00:00,full+client,8g,24.0,0-11,sha256:49058eefd65d6a6a297fa7fc4c2f1600edbf9e3b3d495cbae0f64815498cb9d9,arcadedb-c25:8d6af9475,24g,0.3,0.2,0.2,did not converge,0,False,1000000,,server:26.9.1-SNAPSHOT (build 8d6af94753ea8446bd13ac1aed2bb79eaf78dc90/1788075753609/main),,,,,,,,,,,,,,,,,,,,,,31.0,31.0,0.0,True,31.2,30.7,4588.7,4524.3,4524.3,0.0,69.4,0.0,64.3,31.0,18648117,22.2,18.7,18.7,0.0,0.1,0.0,0.2,0.1,844120,4610.9,4543.0,0.0,4543.0,64.5,0.0,4543.0,19492237,20260907T185123Z,,,,,,,,,,,,,,,,,,,,,,,,,,,lifecycle_arcadedb_server_doc_lc1m_r2.clientlog,,lifecycle_arcadedb_server_doc_lc1m_r2.serverlog,,,,,,,,,,,,5.4,,,,,,,,,,,,,16g,,,,,,,,,,,,,,,,,,,,,,,,,,,,,,,,,,,,,,,16g,,,,,,,,,,,,,,,,,,,,,,,,,,,,,,,,,,,,,,,,,,,,,,,,,,,,,,,,,,,,,,,,,,,,,,,,,,,,,,,,,,,,,,,,,,,,,,,,,,,,,37.12,,,,,,2.025,3.883,0.0,5.909,2.529,4.108,1.269,7.906,1.994,9.81,1.044,12.848,1.997,10.856,1.945,14.798,2.567,11.513,1.199,15.278,3.486,11.768,2.894,18.148,,,,,,,,,False,,,,,,doc,server,6.409,,,,,
lifecycle_arcadedb_server_sparse_lc1m_r2,8d6af9475,lifecycle,arcadedb_server,sparse,lc1m,2,paper,0-11,client_server,24g,2026-09-07T19:23:12.510410+00:00,full+client,8g,24.0,0-11,sha256:49058eefd65d6a6a297fa7fc4c2f1600edbf9e3b3d495cbae0f64815498cb9d9,arcadedb-c25:8d6af9475,24g,0.3,0.2,0.2,did not converge,0,False,1000000,,server:26.9.1-SNAPSHOT (build 8d6af94753ea8446bd13ac1aed2bb79eaf78dc90/1788075753609/main),,,,,,,,,,,,,,,,,,,,,,393.4,393.4,0.0,True,393.6,393.1,11209.6,10734.5,10734.5,0.0,439.2,0.0,793.0,393.3,65132657,29.0,26.6,23.9,0.0,0.1,0.0,0.2,0.1,27502320,11238.5,10761.1,0.0,10761.1,793.2,0.0,10758.4,92634977,20260907T185123Z,,,,,,,,,,,,,,,,,,,,,,,,,,,lifecycle_arcadedb_server_sparse_lc1m_r2.clientlog,,lifecycle_arcadedb_server_sparse_lc1m_r2.serverlog,,,,,,,,,,,,73.87,,,,,,,,,,,,,16g,,,,,,,,,,,,,,,,,,,,,,,,,,,,,,,,,,,,,,,16g,,,,,,,,,,,,,,,,,,,,,,,,,,,,,,,,,,,,,,,,,,,,,,,,,,,,,,,,,,,,,,,,,,,,,,,,,,,,,,,,,,,,,,,,,,,,,,,,,,,,,36.673,,,,,,2.478,4.507,0.0,6.986,2.736,4.779,1.466,8.981,2.739,10.232,1.75,14.721,3.739,12.223,2.93,18.892,3.73,21.63,1.724,27.084,4.475,16.53,5.057,26.063,,,,,,,,,False,,,,,,sparse,server,6.935,,,,,
lifecycle_arcadedb_server_doc_idx10_lc1m_r2,8d6af9475,lifecycle,arcadedb_server,doc_idx10,lc1m,2,paper,0-11,client_server,24g,2026-09-07T19:24:40.619343+00:00,full+client,8g,24.0,0-11,sha256:49058eefd65d6a6a297fa7fc4c2f1600edbf9e3b3d495cbae0f64815498cb9d9,arcadedb-c25:8d6af9475,24g,0.3,0.2,0.2,did not converge,0,False,1000000,,server:26.9.1-SNAPSHOT (build 8d6af94753ea8446bd13ac1aed2bb79eaf78dc90/1788075753609/main),,,,,,,,,,,,,,,,,,,,,,230.1,230.1,0.0,True,230.3,229.8,10883.2,10563.5,10563.5,0.0,290.5,0.0,637.4,230.0,49015784,23.8,19.4,18.9,0.0,0.1,0.0,0.2,0.1,1803055,10906.9,10582.9,0.0,10582.9,637.6,0.0,10582.4,50818839,20260907T185123Z,,,,,,,,,,,,,,,,,,,,,,,,,,,lifecycle_arcadedb_server_doc_idx10_lc1m_r2.clientlog,,lifecycle_arcadedb_server_doc_idx10_lc1m_r2.serverlog,,,,,,,,,,,,22.36,,,,,,,,,,,,,16g,,,,,,,,,,,,,,,,,,,,,,,,,,,,,,,,,,,,,,,16g,,,,,,,,,,,,,,,,,,,,,,,,,,,,,,,,,,,,,,,,,,,,,,,,,,,,,,,,,,,,,,,,,,,,,,,,,,,,,,,,,,,,,,,,,,,,,,,,,,,,,260.639,,,,,,6.89,15.963,0.001,22.854,7.144,17.067,2.629,26.84,7.999,25.548,1.371,34.918,7.281,23.362,3.597,34.239,11.875,44.591,3.015,59.481,9.671,45.026,4.817,59.513,,,,,,,,,False,,,,,,doc_idx10,server,11.058,,,,,
lifecycle_arcadedb_server_doc_lc1m_r3,8d6af9475,lifecycle,arcadedb_server,doc,lc1m,3,paper,0-11,client_server,24g,2026-09-07T18:55:21.230327+00:00,full+client,8g,24.0,0-11,sha256:49058eefd65d6a6a297fa7fc4c2f1600edbf9e3b3d495cbae0f64815498cb9d9,arcadedb-c25:8d6af9475,24g,0.3,0.2,0.2,did not converge,0,False,1000000,,server:26.9.1-SNAPSHOT (build 8d6af94753ea8446bd13ac1aed2bb79eaf78dc90/1788075753609/main),,,,,,,,,,,,,,,,,,,,,,31.0,31.0,0.0,True,31.2,30.7,4408.1,4345.6,4342.8,0.0,69.9,0.0,64.3,31.0,18327371,23.1,18.7,18.7,0.0,0.1,0.0,0.2,0.1,825584,4431.1,4364.3,0.0,4364.3,64.5,0.0,4361.5,19152955,20260907T185123Z,,,,,,,,,,,,,,,,,,,,,,,,,,,lifecycle_arcadedb_server_doc_lc1m_r3.clientlog,,lifecycle_arcadedb_server_doc_lc1m_r3.serverlog,,,,,,,,,,,,5.34,,,,,,,,,,,,,16g,,,,,,,,,,,,,,,,,,,,,,,,,,,,,,,,,,,,,,,16g,,,,,,,,,,,,,,,,,,,,,,,,,,,,,,,,,,,,,,,,,,,,,,,,,,,,,,,,,,,,,,,,,,,,,,,,,,,,,,,,,,,,,,,,,,,,,,,,,,,,,36.065,,,,,,2.183,3.918,0.0,6.101,2.581,3.955,1.164,7.7,2.474,10.738,1.211,14.423,2.43,10.647,2.039,15.116,2.638,11.347,1.243,15.228,3.573,11.83,2.919,18.323,,,,,,,,,False,,,,,,doc,server,6.619,,,,,
lifecycle_arcadedb_server_ts_lc1m_r3,8d6af9475,lifecycle,arcadedb_server,ts,lc1m,3,paper,0-11,client_server,24g,2026-09-07T18:57:11.523882+00:00,full+client,8g,24.0,0-11,sha256:49058eefd65d6a6a297fa7fc4c2f1600edbf9e3b3d495cbae0f64815498cb9d9,arcadedb-c25:8d6af9475,24g,0.3,0.2,0.2,did not converge,0,False,1000000,,server:26.9.1-SNAPSHOT (build 8d6af94753ea8446bd13ac1aed2bb79eaf78dc90/1788075753609/main),,,,,,,,,,,,,,,,,,,,,,19.4,19.4,0.0,True,19.6,19.1,10462.5,10366.9,10366.9,0.0,80.4,0.0,47.8,19.3,63424597,23.6,19.1,19.1,0.0,0.1,0.0,0.2,0.1,896263,10486.1,10386.0,0.0,10386.0,47.9,0.0,10386.0,64320860,20260907T185123Z,,,,,,,,,,,,,,,,,,,,,,,,,,,lifecycle_arcadedb_server_ts_lc1m_r3.clientlog,,lifecycle_arcadedb_server_ts_lc1m_r3.serverlog,,,,,,,,,,,,32.69,,,,,,,,,,,,,16g,,,,,,,,,,,,,,,,,,,,,,,,,,,,,,,,,,,,,,,16g,,,,,,,,,,,,,,,,,,,,,,,,,,,,,,,,,,,,,,,,,,,,,,,,,,,,,,,,,,,,,,,,,,,,,,,,,,,,,,,,,,,,,,,,,,,,,,,,,,,,,109.582,,,,,,3.445,8.699,0.0,12.145,4.161,9.0,1.498,14.658,4.21,19.032,1.35,24.592,3.277,17.926,2.056,23.259,3.66,16.427,1.163,21.25,3.385,18.398,2.094,23.877,,,,,,,,,False,,,,,,ts,server,8.673,,,,,
lifecycle_arcadedb_server_vector_lc1m_r3,8d6af9475,lifecycle,arcadedb_server,vector,lc1m,3,paper,0-11,client_server,24g,2026-09-07T19:02:37.866084+00:00,full+client,8g,24.0,0-11,sha256:49058eefd65d6a6a297fa7fc4c2f1600edbf9e3b3d495cbae0f64815498cb9d9,arcadedb-c25:8d6af9475,24g,0.3,0.2,0.2,did not converge,0,False,1000000,,server:26.9.1-SNAPSHOT (build 8d6af94753ea8446bd13ac1aed2bb79eaf78dc90/1788075753609/main),,,,,,,,,,,,,,,,,,,,,,575.0,575.0,0.0,True,575.2,574.7,13595.5,12959.7,12955.7,0.0,609.4,0.0,1226.5,574.9,1682193409,26.9,22.4,22.4,0.0,0.1,0.0,0.2,0.1,19821777,13622.4,12982.1,0.0,12982.1,1226.7,0.0,12978.1,1702015186,20260907T185123Z,,,,,,,,,,,,,,,,,,,,,,,,,,,lifecycle_arcadedb_server_vector_lc1m_r3.clientlog,,lifecycle_arcadedb_server_vector_lc1m_r3.serverlog,,,,,,,,,,,,204.99,,,,,,,,,,,,,16g,,,,,,,,,,,,,,,,,,,,,,,,,,,,,,,,,,,,,,,16g,,,,,,,,,,,,,,,,,,,,,,,,,,,,,,,,,,,,,,,,,1000000,,,,,,,,,,,,,,,,,,,,,,,,,,,,,,,,,,,,,,,,,,,,,,,,,,,,,,,,,,,,80.116,,,,,,5.027,16.736,0.001,21.763,3.268,23.151,892.866,919.285,3.223,26.44,1.884,31.548,3.02,23.869,888.381,915.27,2.987,14.667,81.402,99.056,8.272,24.117,2010.982,2043.372,,,,,,,,,False,,,,,,vector,server,6.781,,,,,
lifecycle_arcadedb_server_graph_lc1m_r3,8d6af9475,lifecycle,arcadedb_server,graph,lc1m,3,paper,0-11,client_server,24g,2026-09-07T19:06:37.191351+00:00,full+client,8g,24.0,0-11,sha256:49058eefd65d6a6a297fa7fc4c2f1600edbf9e3b3d495cbae0f64815498cb9d9,arcadedb-c25:8d6af9475,24g,0.3,0.2,0.2,did not converge,0,False,1000000,,server:26.9.1-SNAPSHOT (build 8d6af94753ea8446bd13ac1aed2bb79eaf78dc90/1788075753609/main),,,,,,,,,,,,,,,,,,,,,,307.1,307.1,0.0,True,307.3,306.8,11161.2,10752.3,10752.3,0.0,383.6,0.0,817.0,307.0,149121200,22.7,19.2,18.8,0.0,0.1,0.0,0.2,0.1,4559126,11183.9,10771.5,0.0,10771.5,817.2,0.0,10771.2,153680326,20260907T185123Z,,,,,,,,,,,,,,,,,,,,,,,,,,,lifecycle_arcadedb_server_graph_lc1m_r3.clientlog,,lifecycle_arcadedb_server_graph_lc1m_r3.serverlog,,,,,,,,,,,,124.28,,,,,,,,,,,,,16g,,,,,,,,,,,,,,,,,,,,,,,,,,,,,,,,,,,,,,,16g,,,,,,,,,,,,,,,,,,,,,,,,,,,,,,,,,,,,,,,,,,,,,,,,,,,,,,,,,,,,,,,,,,,,,,,,,,,,,,,,,,,,,,,,,,,,,,,,,,,,,69.34,,,,,,2.405,5.41,0.0,7.815,2.444,5.399,2.831,10.674,3.802,21.561,1.999,27.361,2.78,13.024,3.83,19.634,2.752,19.219,1.238,23.209,3.744,25.418,4.705,33.868,,,,,,,,,False,,,,,,graph,server,5.819,,,,,
lifecycle_arcadedb_server_graph_gav_lc1m_r3,8d6af9475,lifecycle,arcadedb_server,graph_gav,lc1m,3,paper,0-11,client_server,24g,2026-09-07T19:08:56.386407+00:00,full+client,8g,24.0,0-11,sha256:49058eefd65d6a6a297fa7fc4c2f1600edbf9e3b3d495cbae0f64815498cb9d9,arcadedb-c25:8d6af9475,24g,0.3,0.2,0.2,did not converge,0,False,1000000,,server:26.9.1-SNAPSHOT (build 8d6af94753ea8446bd13ac1aed2bb79eaf78dc90/1788075753609/main),,,,,,,,,,,,,,,,,,,,,,360.6,360.6,0.0,True,360.8,360.3,11512.4,11089.2,11089.2,0.0,386.8,0.0,926.0,360.6,156134003,23.4,19.1,18.8,0.0,0.1,0.0,0.2,0.1,4671820,11535.8,11108.2,0.0,11108.2,926.2,0.0,11108.0,160805823,20260907T185123Z,,,,,,,,,,,,,,,,,,,,,,,,,,,lifecycle_arcadedb_server_graph_gav_lc1m_r3.clientlog,,lifecycle_arcadedb_server_graph_gav_lc1m_r3.serverlog,,,,,,,,,,,,124.26,,,,,,,,,,,,,16g,,,,,,,,,,,,,,,,,,,,,,,,,,,,,,,,,,,,,,,16g,,,,,,,,,,,,,,,,,,,,,,,,,,,,,,,,,,,,,,,,,,,,,,,,,,,,,,,,,,,,,,,,,,,,,,,,,,,,,,,,,,,,,,,,,,,,,,,,,,,,,149.513,,,,,,2.361,5.756,0.0,8.118,2.696,26.893,469.877,499.466,4.558,19.457,1.874,25.889,2.812,27.483,464.323,494.618,3.037,17.604,1.161,21.803,2.739,35.797,460.078,498.615,,,,,,,,,False,,,,,,graph_gav,server,12.06,,,,,
lifecycle_arcadedb_server_empty_lc1m_r3,8d6af9475,lifecycle,arcadedb_server,empty,lc1m,3,paper,0-11,client_server,24g,2026-09-07T19:21:50.765108+00:00,full+client,8g,24.0,0-11,sha256:49058eefd65d6a6a297fa7fc4c2f1600edbf9e3b3d495cbae0f64815498cb9d9,arcadedb-c25:8d6af9475,24g,0.3,0.2,0.2,did not converge,0,False,1000000,,server:26.9.1-SNAPSHOT (build 8d6af94753ea8446bd13ac1aed2bb79eaf78dc90/1788075753609/main),,,,,,,,,,,,,,,,,,,,,,0.5,0.5,0.0,True,0.7,0.2,523.2,499.3,499.3,0.0,0.4,0.0,3.2,0.4,10800026,23.6,18.4,18.4,0.0,0.1,0.0,0.2,0.1,184424,546.7,517.7,0.0,517.7,3.4,0.0,517.7,10984450,20260907T185123Z,,,,,,,,,,,,,,,,,,,,,,,,,,,lifecycle_arcadedb_server_empty_lc1m_r3.clientlog,,lifecycle_arcadedb_server_empty_lc1m_r3.serverlog,,,,,,,,,,,,0.12,,,,,,,,,,,,,16g,,,,,,,,,,,,,,,,,,,,,,,,,,,,,,,,,,,,,,,16g,,,,,,,,,,,,,,,,,,,,,,,,,,,,,,,,,,,,,,,,,,,,,,,,,,,,,,,,,,,,,,,,,,,,,,,,,,,,,,,,,,,,,,,,,,,,,,,,,,,,,23.52,,,,,,3.003,4.304,0.001,7.308,3.0,4.148,0.001,7.149,2.732,11.122,1.971,15.824,2.929,14.017,2.315,19.261,3.045,10.819,2.074,15.938,2.513,11.373,1.698,15.583,,,,,,,,,False,,,,,,empty,server,6.71,,,,,
lifecycle_arcadedb_server_doc_idx10_lc1m_r3,8d6af9475,lifecycle,arcadedb_server,doc_idx10,lc1m,3,paper,0-11,client_server,24g,2026-09-07T19:25:17.666938+00:00,full+client,8g,24.0,0-11,sha256:49058eefd65d6a6a297fa7fc4c2f1600edbf9e3b3d495cbae0f64815498cb9d9,arcadedb-c25:8d6af9475,24g,0.3,0.2,0.2,did not converge,0,False,1000000,,server:26.9.1-SNAPSHOT (build 8d6af94753ea8446bd13ac1aed2bb79eaf78dc90/1788075753609/main),,,,,,,,,,,,,,,,,,,,,,230.1,230.1,0.0,True,230.3,229.8,10906.9,10583.6,10583.6,0.0,295.2,0.0,641.4,230.0,49763031,24.5,19.3,18.9,0.0,0.1,0.0,0.2,0.1,1841724,10931.3,10603.0,0.0,10603.0,641.6,0.0,10602.5,51604755,20260907T185123Z,,,,,,,,,,,,,,,,,,,,,,,,,,,lifecycle_arcadedb_server_doc_idx10_lc1m_r3.clientlog,,lifecycle_arcadedb_server_doc_idx10_lc1m_r3.serverlog,,,,,,,,,,,,22.6,,,,,,,,,,,,,16g,,,,,,,,,,,,,,,,,,,,,,,,,,,,,,,,,,,,,,,16g,,,,,,,,,,,,,,,,,,,,,,,,,,,,,,,,,,,,,,,,,,,,,,,,,,,,,,,,,,,,,,,,,,,,,,,,,,,,,,,,,,,,,,,,,,,,,,,,,,,,,485.108,,,,,,9.434,46.174,0.0,55.608,9.869,36.188,2.529,48.586,10.652,47.322,1.358,59.333,9.503,51.087,3.495,64.084,9.41,78.202,2.451,90.063,10.222,75.897,4.869,90.988,,,,,,,,,False,,,,,,doc_idx10,server,16.633,,,,,
lifecycle_arcadedb_server_sparse_lc1m_r3,8d6af9475,lifecycle,arcadedb_server,sparse,lc1m,3,paper,0-11,client_server,24g,2026-09-07T19:26:31.553587+00:00,full+client,8g,24.0,0-11,sha256:49058eefd65d6a6a297fa7fc4c2f1600edbf9e3b3d495cbae0f64815498cb9d9,arcadedb-c25:8d6af9475,24g,0.3,0.2,0.2,did not converge,0,False,1000000,,server:26.9.1-SNAPSHOT (build 8d6af94753ea8446bd13ac1aed2bb79eaf78dc90/1788075753609/main),,,,,,,,,,,,,,,,,,,,,,393.4,393.4,0.0,True,393.6,393.1,11223.5,10746.5,10743.4,0.0,444.0,0.0,793.0,393.3,65230203,29.5,25.2,23.9,0.0,0.1,0.0,0.2,0.1,26998963,11253.0,10771.7,0.0,10771.7,793.2,0.0,10767.3,92229166,20260907T185123Z,,,,,,,,,,,,,,,,,,,,,,,,,,,lifecycle_arcadedb_server_sparse_lc1m_r3.clientlog,,lifecycle_arcadedb_server_sparse_lc1m_r3.serverlog,,,,,,,,,,,,73.26,,,,,,,,,,,,,16g,,,,,,,,,,,,,,,,,,,,,,,,,,,,,,,,,,,,,,,16g,,,,,,,,,,,,,,,,,,,,,,,,,,,,,,,,,,,,,,,,,,,,,,,,,,,,,,,,,,,,,,,,,,,,,,,,,,,,,,,,,,,,,,,,,,,,,,,,,,,,,61.311,,,,,,6.331,15.678,0.001,22.01,3.432,16.526,1.574,21.532,2.891,11.624,1.549,16.064,2.982,11.614,2.597,17.193,3.3,19.577,1.753,24.631,3.279,18.117,3.739,25.135,,,,,,,,,False,,,,,,sparse,server,6.501,,,,,
