{
  "opencypher_db_path": "/mnt/ssd2/repos/arcadedb-embedded-python/bindings/python/examples/my_test_databases/sql_gremlin_opencypher_bench_db_opencypher",
  "sql_db_path": "/mnt/ssd2/repos/arcadedb-embedded-python/bindings/python/examples/my_test_databases/sql_gremlin_opencypher_bench_db_sql",
  "gremlin_db_path": "/mnt/ssd2/repos/arcadedb-embedded-python/bindings/python/examples/my_test_databases/sql_gremlin_opencypher_bench_db_gremlin",
  "iterations": 100,
  "warmup": 2,
  "parallel": true,
  "queries": [
    {
      "name": "people_over_20",
      "accuracy_match_sql": true,
      "accuracy_match_gremlin": true,
      "opencypher": {
        "mean_ms": 25.938195101334713,
        "stdev_ms": 6.368694598634009,
        "min_ms": 18.733475997578353,
        "max_ms": 49.93453499628231
      },
      "sql": {
        "mean_ms": 23.993260478018783,
        "stdev_ms": 5.800836776584972,
        "min_ms": 19.428087980486453,
        "max_ms": 54.41829998744652
      },
      "gremlin": {
        "mean_ms": 27.153165163472295,
        "stdev_ms": 4.921866660653036,
        "min_ms": 20.85486298892647,
        "max_ms": 43.67423302028328
      }
    },
    {
      "name": "works_for_company",
      "accuracy_match_sql": true,
      "accuracy_match_gremlin": true,
      "opencypher": {
        "mean_ms": 46.42329589987639,
        "stdev_ms": 16.300428144063552,
        "min_ms": 33.834757981821895,
        "max_ms": 143.51220201933756
      },
      "sql": {
        "mean_ms": 40.055828028707765,
        "stdev_ms": 23.08962818991117,
        "min_ms": 25.8397109573707,
        "max_ms": 245.54808001266792
      },
      "gremlin": {
        "mean_ms": 72.0431445830036,
        "stdev_ms": 15.999090168884242,
        "min_ms": 56.42697704024613,
        "max_ms": 132.4853139813058
      }
    },
    {
      "name": "knows_since_2021",
      "accuracy_match_sql": true,
      "accuracy_match_gremlin": true,
      "opencypher": {
        "mean_ms": 8.750049030059017,
        "stdev_ms": 7.746411247865524,
        "min_ms": 4.773876979015768,
        "max_ms": 77.49989203875884
      },
      "sql": {
        "mean_ms": 13.245796359260567,
        "stdev_ms": 13.998256324481964,
        "min_ms": 5.355078028514981,
        "max_ms": 110.77797802863643
      },
      "gremlin": {
        "mean_ms": 11.358862858614884,
        "stdev_ms": 8.752085646825227,
        "min_ms": 4.61433595046401,
        "max_ms": 75.89708600426093
      }
    },
    {
      "name": "knows_1_3_hops",
      "accuracy_match_sql": true,
      "accuracy_match_gremlin": true,
      "opencypher": {
        "mean_ms": 7.1295583684695885,
        "stdev_ms": 9.804659737323801,
        "min_ms": 3.5703430185094476,
        "max_ms": 91.98540198849514
      },
      "sql": {
        "mean_ms": 11.988789950846694,
        "stdev_ms": 6.266366318429886,
        "min_ms": 6.429722998291254,
        "max_ms": 45.311208989005536
      },
      "gremlin": {
        "mean_ms": 10.111611293395981,
        "stdev_ms": 10.740979698487266,
        "min_ms": 4.335434990935028,
        "max_ms": 96.22724703513086
      }
    },
    {
      "name": "optional_company",
      "accuracy_match_sql": true,
      "accuracy_match_gremlin": true,
      "opencypher": {
        "mean_ms": 85.43336235859897,
        "stdev_ms": 27.645340055467763,
        "min_ms": 50.17355503514409,
        "max_ms": 166.09299200354144
      },
      "sql": {
        "mean_ms": 65.7932371093193,
        "stdev_ms": 20.90196486446339,
        "min_ms": 41.230914008338004,
        "max_ms": 148.7191400374286
      },
      "gremlin": {
        "mean_ms": 120.31096974562388,
        "stdev_ms": 34.37644876334461,
        "min_ms": 73.62179702613503,
        "max_ms": 258.9929070090875
      }
    },
    {
      "name": "count_employees",
      "accuracy_match_sql": true,
      "accuracy_match_gremlin": true,
      "opencypher": {
        "mean_ms": 44.578313748934306,
        "stdev_ms": 15.10999557657136,
        "min_ms": 30.02737503265962,
        "max_ms": 103.50986203411594
      },
      "sql": {
        "mean_ms": 40.37960026122164,
        "stdev_ms": 15.108250056508677,
        "min_ms": 23.864722985308617,
        "max_ms": 95.03999300068244
      },
      "gremlin": {
        "mean_ms": 29.00966674031224,
        "stdev_ms": 11.735496309752273,
        "min_ms": 19.163267978001386,
        "max_ms": 67.88790796417743
      }
    },
    {
      "name": "senior_count_by_company",
      "accuracy_match_sql": true,
      "accuracy_match_gremlin": true,
      "opencypher": {
        "mean_ms": 28.645633767009713,
        "stdev_ms": 13.294577603617538,
        "min_ms": 15.760454989504069,
        "max_ms": 86.58920298330486
      },
      "sql": {
        "mean_ms": 28.090067140874453,
        "stdev_ms": 15.117314719720545,
        "min_ms": 13.571137038525194,
        "max_ms": 135.69830602500588
      },
      "gremlin": {
        "mean_ms": 22.364222686737776,
        "stdev_ms": 7.548750916712889,
        "min_ms": 10.77122800052166,
        "max_ms": 46.96819401578978
      }
    },
    {
      "name": "project_contributors",
      "accuracy_match_sql": true,
      "accuracy_match_gremlin": true,
      "opencypher": {
        "mean_ms": 70.85482616967056,
        "stdev_ms": 25.587901909946172,
        "min_ms": 48.705210036132485,
        "max_ms": 180.5250530014746
      },
      "sql": {
        "mean_ms": 63.10771805292461,
        "stdev_ms": 26.973216015812287,
        "min_ms": 34.108519030269235,
        "max_ms": 178.3090049866587
      },
      "gremlin": {
        "mean_ms": 39.33344631863292,
        "stdev_ms": 17.75694210033645,
        "min_ms": 24.696715991012752,
        "max_ms": 108.63605001941323
      }
    },
    {
      "name": "coworkers_of_person_1",
      "accuracy_match_sql": true,
      "accuracy_match_gremlin": true,
      "opencypher": {
        "mean_ms": 9.79556390142534,
        "stdev_ms": 12.009516512186309,
        "min_ms": 5.036217975430191,
        "max_ms": 95.23754299152642
      },
      "sql": {
        "mean_ms": 94.60244625981431,
        "stdev_ms": 18.496517335283166,
        "min_ms": 85.268038965296,
        "max_ms": 223.49771298468113
      },
      "gremlin": {
        "mean_ms": 12.432237430475652,
        "stdev_ms": 7.741996254004433,
        "min_ms": 4.721025994513184,
        "max_ms": 48.6579510034062
      }
    },
    {
      "name": "projects_for_company_1",
      "accuracy_match_sql": true,
      "accuracy_match_gremlin": true,
      "opencypher": {
        "mean_ms": 2.598262702813372,
        "stdev_ms": 5.662459922433922,
        "min_ms": 0.38764096098020673,
        "max_ms": 52.24303301656619
      },
      "sql": {
        "mean_ms": 4.255633889697492,
        "stdev_ms": 8.477656898776052,
        "min_ms": 0.8508129976689816,
        "max_ms": 82.51541905337945
      },
      "gremlin": {
        "mean_ms": 2.699132741545327,
        "stdev_ms": 1.8768153743370826,
        "min_ms": 1.0472640278749168,
        "max_ms": 9.331603010650724
      }
    },
    {
      "name": "high_weight_likes",
      "accuracy_match_sql": true,
      "accuracy_match_gremlin": true,
      "opencypher": {
        "mean_ms": 44.21933919074945,
        "stdev_ms": 16.552218843658146,
        "min_ms": 23.699152981862426,
        "max_ms": 114.93211198830977
      },
      "sql": {
        "mean_ms": 41.07788820459973,
        "stdev_ms": 18.521235419972662,
        "min_ms": 28.57873000903055,
        "max_ms": 196.858000010252
      },
      "gremlin": {
        "mean_ms": 45.32709366816562,
        "stdev_ms": 11.519360434980298,
        "min_ms": 32.07106201443821,
        "max_ms": 78.18124402547255
      }
    }
  ]
}
