arcadedb_heap,backend,build_s,close_s,cold_query_ms,cold_start_s,corpus,cpu_system_s,cpu_total_s,cpu_user_s,cpuset,dataset,db_size_mb,delete_max_ms,delete_mean_ms,delete_min_ms,delete_n,delete_p50_ms,delete_p90_ms,delete_p95_ms,delete_p99_ms,delete_std_ms,dim,ef_search,gav,gav_build_s,hnsw_M,hnsw_ef_construction,hop_max_ms,hop_mean_ms,hop_min_ms,hop_n,hop_p50_ms,hop_p90_ms,hop_p95_ms,hop_p99_ms,hop_std_ms,image_id,import_s,index_build_s,index_s,ingest_edges_per_s,ingest_rows_per_s,ingest_s,ingest_vectors_per_s,insert_max_ms,insert_mean_ms,insert_min_ms,insert_n,insert_p50_ms,insert_p90_ms,insert_p95_ms,insert_p99_ms,insert_s,insert_std_ms,jvm_init_s,lane,lib_version,load_s,mem_limit,mem_series,model,n_answers,n_posted,n_posts,n_queries,n_rows,n_users,n_vectors,olap_indexed,olap_max_ms,olap_mean_ms,olap_min_ms,olap_n,olap_p50_ms,olap_p90_ms,olap_p95_ms,olap_p99_ms,olap_query_ms,olap_query_std_ms,olap_std_ms,olap_total_ms,oltp_max_ms,oltp_mean_ms,oltp_min_ms,oltp_n,oltp_ops_per_s,oltp_p50_ms,oltp_p90_ms,oltp_p95_ms,oltp_p99_ms,oltp_std_ms,oltp_total_s,open_s,peak_anon_mib,peak_mib,point_max_ms,point_mean_ms,point_min_ms,point_n,point_p50_ms,point_p90_ms,point_p95_ms,point_p99_ms,point_std_ms,q_max_ms,q_mean_ms,q_min_ms,q_n,q_p50_ms,q_p90_ms,q_p95_ms,q_p99_ms,q_std_ms,read_max_ms,read_mean_ms,read_min_ms,read_n,read_p50_ms,read_p90_ms,read_p95_ms,read_p99_ms,read_std_ms,recall@1,recall@10,recall@50,rep,schema_s,ts_utc,update_max_ms,update_mean_ms,update_min_ms,update_n,update_p50_ms,update_p90_ms,update_p95_ms,update_p99_ms,update_std_ms,workload,write_max_ms,write_mean_ms,write_min_ms,write_n,write_p50_ms,write_p90_ms,write_p95_ms,write_p99_ms,write_std_ms,arcade_max_connections
,ladybug,,0.0,,,,1.08,4.04,2.96,0-7,tiny,4.352,,,,,,,,,,,,,,,,5.6601,1.5579,0.4122,729,1.3604,2.857,3.2245,4.099,0.8462,sha256:00a900b5ad90,0.044,0.0,,76932.2,,0.2,,,,,,,,,,,,0.0,graph,0.18.1,0.2,8g,mem/graph_ladybug_tiny_oltp_r1.csv,,5767,9585,10000,,,10000,,,,,,,,,,,,,,,18.3597,2.0768,0.1199,2000,480.7,0.7863,6.7564,7.7728,15.3932,3.0583,4.16,0.0483,301.4,325.3,1.8189,0.4925,0.1199,975,0.4551,0.8077,1.0108,1.3805,0.2586,,,,,,,,,,,,,,,,,,,,,,1,0.0358,2026-07-17T18:49:12.615802+00:00,,,,,,,,,,oltp,18.3597,8.5733,6.3303,296,7.1516,14.2745,16.6861,17.9385,3.1749,
,ladybug,,0.0,,,,0.925,3.937,3.011,0-7,tiny,4.352,,,,,,,,,,,,,,,,5.5563,1.5191,0.4075,729,1.3356,2.7049,3.1895,3.8705,0.8389,sha256:00a900b5ad90,0.0436,0.0,,74986.2,,0.205,,,,,,,,,,,,0.0,graph,0.18.1,0.205,8g,mem/graph_ladybug_tiny_oltp_r2.csv,,5767,9585,10000,,,10000,,,,,,,,,,,,,,,13.6635,1.9485,0.1132,2000,512.4,0.748,7.0479,7.8674,11.7684,2.651,3.904,0.0477,298.3,322.4,1.7097,0.4659,0.1132,975,0.4222,0.8017,1.0122,1.3072,0.2647,,,,,,,,,,,,,,,,,,,,,,2,0.0358,2026-07-17T18:49:17.817012+00:00,,,,,,,,,,oltp,13.6635,7.89,6.2284,296,7.4253,9.5674,12.4384,13.0849,1.5894,
,ladybug,,0.0,,,,0.984,4.049,3.065,0-7,tiny,4.352,,,,,,,,,,,,,,,,6.5155,1.685,0.4165,729,1.4575,2.9535,3.4363,4.4065,0.9108,sha256:00a900b5ad90,0.0433,0.0,,75083.5,,0.204,,,,,,,,,,,,0.0,graph,0.18.1,0.204,8g,mem/graph_ladybug_tiny_oltp_r3.csv,,5767,9585,10000,,,10000,,,,,,,,,,,,,,,18.9197,2.4059,0.1216,2000,415.0,0.8532,7.4505,12.6768,16.783,3.7096,4.819,0.0454,272.1,308.6,2.5611,0.5244,0.1216,975,0.4752,0.8993,1.1008,1.5735,0.3016,,,,,,,,,,,,,,,,,,,,,,3,0.0358,2026-07-17T18:49:24.038073+00:00,,,,,,,,,,oltp,18.9197,10.3789,6.3045,296,8.0438,16.0288,17.2043,17.9632,3.7589,
,ladybug,,0.0,,,,0.935,3.874,2.939,0-7,tiny,4.352,,,,,,,,,,,,,,,,5.7256,1.4995,0.3815,729,1.3092,2.7088,3.0906,3.8383,0.7971,sha256:00a900b5ad90,0.0438,0.0,,75587.8,,0.203,,,,,,,,,,,,0.0,graph,0.18.1,0.203,8g,mem/graph_ladybug_tiny_oltp_r4.csv,,5767,9585,10000,,,10000,,,,,,,,,,,,,,,8.8122,1.8263,0.1287,2000,546.6,0.7724,6.6722,7.3916,8.0202,2.3113,3.659,0.0478,266.1,306.1,1.9832,0.4729,0.1287,975,0.4311,0.7724,0.9871,1.2361,0.2415,,,,,,,,,,,,,,,,,,,,,,4,0.0347,2026-07-17T18:49:28.980740+00:00,,,,,,,,,,oltp,8.8122,7.0894,6.2726,296,6.8827,7.9551,8.0605,8.3795,0.5839,
,ladybug,,0.0,,,,0.986,3.914,2.928,0-7,tiny,4.352,,,,,,,,,,,,,,,,5.4464,1.538,0.4046,729,1.3614,2.6067,3.0348,3.9773,0.7797,sha256:00a900b5ad90,0.0438,0.0,,76747.4,,0.2,,,,,,,,,,,,0.0,graph,0.18.1,0.2,8g,mem/graph_ladybug_tiny_oltp_r5.csv,,5767,9585,10000,,,10000,,,,,,,,,,,,,,,9.0535,1.8726,0.1256,2000,533.1,0.7943,6.9146,7.553,8.0896,2.3637,3.752,0.0383,270.7,306.0,1.8179,0.4844,0.1256,975,0.4508,0.7727,0.9707,1.3021,0.2392,,,,,,,,,,,,,,,,,,,,,,5,0.0349,2026-07-17T18:49:34.157916+00:00,,,,,,,,,,oltp,9.0535,7.2697,6.268,296,7.2088,7.99,8.1323,8.4677,0.5573,
,ladybug,,0.0,,,,0.247,1.654,1.407,0-7,tiny,4.352,,,,,,,,,,,,,,,,,,,,,,,,,sha256:00a900b5ad90,0.0436,0.0,,78577.8,,0.195,,,,,,,,,,,,0.0,graph,0.18.1,0.195,8g,mem/graph_ladybug_tiny_olap_r1.csv,,5767,9585,10000,,,10000,,,15.7962,3.4447,0.2191,28,3.2616,5.4562,5.8845,13.164,"[6.867, 3.395, 3.211, 0.306]","[3.661, 0.265, 0.361, 0.076]",2.9677,13.779,,,,,,,,,,,,0.0372,295.6,321.6,,,,,,,,,,,,,,,,,,,,,,,,,,,,,,,1,0.034,2026-07-17T18:49:35.568360+00:00,,,,,,,,,,olap,,,,,,,,,,
,ladybug,,0.0,,,,0.256,1.571,1.315,0-7,tiny,4.352,,,,,,,,,,,,,,,,,,,,,,,,,sha256:00a900b5ad90,0.0435,0.0,,77653.4,,0.198,,,,,,,,,,,,0.0,graph,0.18.1,0.198,8g,mem/graph_ladybug_tiny_olap_r2.csv,,5767,9585,10000,,,10000,,,15.2366,3.3457,0.2303,28,3.1685,5.4324,5.5742,12.6403,"[6.73, 3.327, 3.025, 0.3]","[3.481, 0.214, 0.302, 0.093]",2.8766,13.382,,,,,,,,,,,,0.0449,276.7,311.1,,,,,,,,,,,,,,,,,,,,,,,,,,,,,,,2,0.0358,2026-07-17T18:49:37.003859+00:00,,,,,,,,,,olap,,,,,,,,,,
,ladybug,,0.0,,,,0.259,1.542,1.283,0-7,tiny,4.352,,,,,,,,,,,,,,,,,,,,,,,,,sha256:00a900b5ad90,0.0438,0.0,,75828.8,,0.202,,,,,,,,,,,,0.0,graph,0.18.1,0.202,8g,mem/graph_ladybug_tiny_olap_r3.csv,,5767,9585,10000,,,10000,,,14.5793,3.0022,0.2513,28,2.6879,5.0058,5.2251,12.0852,"[6.287, 2.743, 2.674, 0.305]","[3.395, 0.081, 0.2, 0.072]",2.73,12.009,,,,,,,,,,,,0.0448,292.6,327.2,,,,,,,,,,,,,,,,,,,,,,,,,,,,,,,3,0.0351,2026-07-17T18:49:38.543737+00:00,,,,,,,,,,olap,,,,,,,,,,
,ladybug,,0.0,,,,0.275,1.641,1.366,0-7,tiny,4.352,,,,,,,,,,,,,,,,,,,,,,,,,sha256:00a900b5ad90,0.0442,0.0,,78925.5,,0.195,,,,,,,,,,,,0.0,graph,0.18.1,0.195,8g,mem/graph_ladybug_tiny_olap_r4.csv,,5767,9585,10000,,,10000,,,14.8394,3.344,0.2551,28,3.2163,5.3997,5.5445,12.3466,"[6.688, 3.347, 3.032, 0.309]","[3.332, 0.181, 0.371, 0.072]",2.8182,13.376,,,,,,,,,,,,0.0383,282.1,312.4,,,,,,,,,,,,,,,,,,,,,,,,,,,,,,,4,0.0349,2026-07-17T18:49:39.977195+00:00,,,,,,,,,,olap,,,,,,,,,,
,ladybug,,0.0,,,,0.27,1.661,1.391,0-7,tiny,4.352,,,,,,,,,,,,,,,,,,,,,,,,,sha256:00a900b5ad90,0.0442,0.0,,76787.7,,0.2,,,,,,,,,,,,0.0,graph,0.18.1,0.2,8g,mem/graph_ladybug_tiny_olap_r5.csv,,5767,9585,10000,,,10000,,,16.4802,3.4679,0.2296,28,3.2163,5.5088,5.7215,13.5773,"[7.023, 3.381, 3.178, 0.29]","[3.866, 0.384, 0.338, 0.085]",3.0841,13.872,,,,,,,,,,,,0.038,302.0,320.9,,,,,,,,,,,,,,,,,,,,,,,,,,,,,,,5,0.0345,2026-07-17T18:49:41.395294+00:00,,,,,,,,,,olap,,,,,,,,,,
,ladybug,,0.0,,,,0.95,4.074,3.124,0-7,small,16.516,,,,,,,,,,,,,,,,5.389,1.4792,0.4601,714,1.2043,2.7573,3.1516,3.9588,0.8155,sha256:00a900b5ad90,0.046,0.0,,521372.8,,0.305,,,,,,,,,,,,0.0,graph,0.18.1,0.305,8g,mem/graph_ladybug_small_oltp_r1.csv,,56255,102783,105373,,,138727,,,,,,,,,,,,,,,12.2156,1.7847,0.1121,2000,559.4,0.7281,6.7476,7.4909,8.1944,2.3733,3.575,0.0453,411.7,440.2,2.2347,0.4139,0.1121,996,0.3588,0.7076,0.9263,1.1618,0.2479,,,,,,,,,,,,,,,,,,,,,,1,0.0357,2026-07-17T18:50:21.075996+00:00,,,,,,,,,,oltp,12.2156,7.2452,6.3751,290,7.1146,8.0597,8.2624,8.5061,0.7037,
,ladybug,,0.0,,,,0.928,4.08,3.152,0-7,small,16.516,,,,,,,,,,,,,,,,5.8825,1.5634,0.4134,714,1.315,2.8412,3.3745,4.2088,0.8727,sha256:00a900b5ad90,0.0448,0.0,,522229.1,,0.305,,,,,,,,,,,,0.0,graph,0.18.1,0.305,8g,mem/graph_ladybug_small_oltp_r2.csv,,56255,102783,105373,,,138727,,,,,,,,,,,,,,,15.7056,1.8424,0.1121,2000,541.9,0.7374,6.9502,7.557,8.155,2.4188,3.691,0.0444,395.7,427.8,1.5051,0.4331,0.1121,996,0.3971,0.7193,0.941,1.1544,0.234,,,,,,,,,,,,,,,,,,,,,,2,0.0358,2026-07-17T18:50:26.543566+00:00,,,,,,,,,,oltp,15.7056,7.3692,6.386,290,7.2579,8.0626,8.2341,8.7365,0.8518,
,ladybug,,0.0,,,,0.954,4.156,3.202,0-7,small,16.516,,,,,,,,,,,,,,,,6.242,1.6076,0.4835,714,1.3851,2.8417,3.2037,4.0081,0.8466,sha256:00a900b5ad90,0.0446,0.0,,523410.5,,0.304,,,,,,,,,,,,0.0,graph,0.18.1,0.304,8g,mem/graph_ladybug_small_oltp_r3.csv,,56255,102783,105373,,,138727,,,,,,,,,,,,,,,10.4244,1.8498,0.1082,2000,539.7,0.7694,6.8317,7.5934,8.1206,2.3614,3.706,0.0461,406.3,433.5,2.1875,0.4486,0.1082,996,0.416,0.7366,0.9465,1.145,0.2391,,,,,,,,,,,,,,,,,,,,,,3,0.0357,2026-07-17T18:50:31.996022+00:00,,,,,,,,,,oltp,10.4244,7.2587,6.3066,290,7.1701,8.0138,8.1863,8.5033,0.5941,
,ladybug,,0.0,,,,0.886,4.068,3.183,0-7,small,16.516,,,,,,,,,,,,,,,,6.1259,1.539,0.4399,714,1.3194,2.7461,3.1533,3.841,0.8249,sha256:00a900b5ad90,0.0448,0.0,,542965.9,,0.293,,,,,,,,,,,,0.0,graph,0.18.1,0.293,8g,mem/graph_ladybug_small_oltp_r4.csv,,56255,102783,105373,,,138727,,,,,,,,,,,,,,,10.9355,1.8354,0.1125,2000,544.0,0.7521,7.0046,7.7028,8.0997,2.4066,3.677,0.0454,416.1,444.3,1.8971,0.4331,0.1125,996,0.388,0.76,0.9511,1.1817,0.247,,,,,,,,,,,,,,,,,,,,,,4,0.035,2026-07-17T18:50:37.189329+00:00,,,,,,,,,,oltp,10.9355,7.3812,6.3047,290,7.4242,8.036,8.1573,8.4937,0.5769,
,ladybug,,0.0,,,,0.956,4.026,3.07,0-7,small,16.516,,,,,,,,,,,,,,,,6.0737,1.5336,0.4103,714,1.2529,2.9339,3.2599,4.0085,0.8734,sha256:00a900b5ad90,0.0447,0.0,,523115.4,,0.304,,,,,,,,,,,,0.0,graph,0.18.1,0.304,8g,mem/graph_ladybug_small_oltp_r5.csv,,56255,102783,105373,,,138727,,,,,,,,,,,,,,,9.8352,1.8298,0.1171,2000,545.6,0.7615,6.9187,7.6481,8.1207,2.4019,3.666,0.0452,401.5,431.4,2.1026,0.4346,0.1171,996,0.3834,0.7439,0.9624,1.1771,0.2433,,,,,,,,,,,,,,,,,,,,,,5,0.036,2026-07-17T18:50:42.386968+00:00,,,,,,,,,,oltp,9.8352,7.351,6.3231,290,7.3655,8.0124,8.1832,8.632,0.5659,
,ladybug,,0.0,,,,0.272,2.218,1.946,0-7,small,16.516,,,,,,,,,,,,,,,,,,,,,,,,,sha256:00a900b5ad90,0.0448,0.0,,525200.3,,0.303,,,,,,,,,,,,0.0,graph,0.18.1,0.303,8g,mem/graph_ladybug_small_olap_r1.csv,,56255,102783,105373,,,138727,,,42.3703,14.3793,0.2806,28,12.7653,30.0506,30.7687,39.3396,"[31.603, 9.431, 16.088, 0.395]","[4.453, 0.36, 0.603, 0.102]",11.6185,57.517,,,,,,,,,,,,0.0458,441.6,475.7,,,,,,,,,,,,,,,,,,,,,,,,,,,,,,,1,0.0354,2026-07-17T18:50:44.318995+00:00,,,,,,,,,,olap,,,,,,,,,,
,ladybug,,0.0,,,,0.249,2.127,1.878,0-7,small,16.516,,,,,,,,,,,,,,,,,,,,,,,,,sha256:00a900b5ad90,0.0453,0.0,,538768.2,,0.295,,,,,,,,,,,,0.0,graph,0.18.1,0.295,8g,mem/graph_ladybug_small_olap_r2.csv,,56255,102783,105373,,,138727,,,41.8131,14.2352,0.2744,28,12.3698,30.3291,30.6358,38.8124,"[31.806, 9.26, 15.503, 0.371]","[4.109, 0.387, 0.405, 0.112]",11.6676,56.94,,,,,,,,,,,,0.0453,431.2,460.6,,,,,,,,,,,,,,,,,,,,,,,,,,,,,,,2,0.0354,2026-07-17T18:50:46.264152+00:00,,,,,,,,,,olap,,,,,,,,,,
,ladybug,,0.0,,,,0.263,2.22,1.957,0-7,small,16.516,,,,,,,,,,,,,,,,,,,,,,,,,sha256:00a900b5ad90,0.0471,0.0,,528750.6,,0.301,,,,,,,,,,,,0.0,graph,0.18.1,0.301,8g,mem/graph_ladybug_small_olap_r3.csv,,56255,102783,105373,,,138727,,,42.4309,14.5956,0.2739,28,12.8918,31.3904,32.9182,39.9857,"[32.641, 9.667, 15.716, 0.358]","[4.192, 0.488, 0.191, 0.111]",11.9559,58.382,,,,,,,,,,,,0.0448,430.8,459.3,,,,,,,,,,,,,,,,,,,,,,,,,,,,,,,3,0.0354,2026-07-17T18:50:48.209175+00:00,,,,,,,,,,olap,,,,,,,,,,
,ladybug,,0.0,,,,0.262,2.237,1.975,0-7,small,16.516,,,,,,,,,,,,,,,,,,,,,,,,,sha256:00a900b5ad90,0.0448,0.0,,535243.6,,0.297,,,,,,,,,,,,0.0,graph,0.18.1,0.297,8g,mem/graph_ladybug_small_olap_r4.csv,,56255,102783,105373,,,138727,,,41.6756,14.4991,0.3235,28,13.3693,29.8839,30.2878,38.6513,"[31.456, 9.688, 16.415, 0.439]","[4.189, 0.683, 0.544, 0.109]",11.5149,57.998,,,,,,,,,,,,0.0473,442.1,473.3,,,,,,,,,,,,,,,,,,,,,,,,,,,,,,,4,0.0353,2026-07-17T18:50:50.137071+00:00,,,,,,,,,,olap,,,,,,,,,,
,ladybug,,0.0,,,,0.292,2.076,1.784,0-7,small,16.516,,,,,,,,,,,,,,,,,,,,,,,,,sha256:00a900b5ad90,0.0451,0.0,,413798.4,,0.384,,,,,,,,,,,,0.0,graph,0.18.1,0.384,8g,mem/graph_ladybug_small_olap_r5.csv,,56255,102783,105373,,,138727,,,42.7742,14.2864,0.2711,28,12.5744,29.6902,30.2101,39.4493,"[31.616, 9.471, 15.68, 0.379]","[4.566, 0.373, 0.42, 0.089]",11.6193,57.146,,,,,,,,,,,,0.0566,417.7,452.4,,,,,,,,,,,,,,,,,,,,,,,,,,,,,,,5,0.0618,2026-07-17T18:50:52.438462+00:00,,,,,,,,,,olap,,,,,,,,,,
,ladybug,,0.0,,,,0.938,5.195,4.257,0-7,medium,41.395,,,,,,,,,,,,,,,,12.3258,1.7749,0.4838,704,1.5001,3.0113,3.6138,4.9165,1.0301,sha256:00a900b5ad90,0.0535,0.0,,985704.3,,0.638,,,,,,,,,,,,0.0,graph,0.18.1,0.638,32g,mem/graph_ladybug_medium_oltp_r1.csv,,208986,419621,425735,,,345754,,,,,,,,,,,,,,,15.6417,2.0706,0.1223,2000,482.2,0.8479,7.0036,7.9125,13.2026,2.8203,4.148,0.0489,628.6,687.6,2.1062,0.4692,0.1223,1001,0.422,0.7956,0.9983,1.3101,0.2536,,,,,,,,,,,,,,,,,,,,,,1,0.0429,2026-07-17T18:52:31.012752+00:00,,,,,,,,,,oltp,15.6417,8.21,6.3796,295,7.5257,11.6549,13.9144,15.0471,2.1383,
,ladybug,,0.0,,,,1.01,5.1,4.091,0-7,medium,41.395,,,,,,,,,,,,,,,,12.4512,1.6249,0.4478,704,1.313,2.9269,3.3489,4.1669,0.9896,sha256:00a900b5ad90,0.0526,0.0,,1030513.5,,0.61,,,,,,,,,,,,0.0,graph,0.18.1,0.61,32g,mem/graph_ladybug_medium_oltp_r2.csv,,208986,419621,425735,,,345754,,,,,,,,,,,,,,,12.4512,1.8751,0.1109,2000,532.5,0.7631,6.9448,7.6777,8.2007,2.4342,3.756,0.045,624.7,683.8,1.8249,0.4333,0.1109,1001,0.38,0.7284,0.958,1.2429,0.2483,,,,,,,,,,,,,,,,,,,,,,2,0.0362,2026-07-17T18:52:37.204395+00:00,,,,,,,,,,oltp,8.7819,7.3644,6.2771,295,7.2949,8.1127,8.2296,8.5671,0.538,
,ladybug,,0.0,,,,1.025,5.211,4.186,0-7,medium,41.395,,,,,,,,,,,,,,,,10.3154,1.6756,0.53,704,1.4265,2.8839,3.3916,4.2864,0.9254,sha256:00a900b5ad90,0.0523,0.0,,1000029.5,,0.629,,,,,,,,,,,,0.0,graph,0.18.1,0.629,32g,mem/graph_ladybug_medium_oltp_r3.csv,,208986,419621,425735,,,345754,,,,,,,,,,,,,,,10.3154,1.8756,0.1113,2000,532.3,0.8054,6.7681,7.5769,8.1008,2.3674,3.757,0.0453,629.2,688.0,1.3921,0.4462,0.1113,1001,0.4072,0.7312,0.9363,1.1685,0.2256,,,,,,,,,,,,,,,,,,,,,,3,0.0351,2026-07-17T18:52:43.387541+00:00,,,,,,,,,,oltp,8.9924,7.2033,6.2845,295,7.1127,8.0123,8.18,8.4003,0.605,
,ladybug,,0.0,,,,1.148,5.284,4.136,0-7,medium,41.395,,,,,,,,,,,,,,,,9.3203,1.7506,0.437,704,1.4813,3.1976,3.5716,4.3586,1.013,sha256:00a900b5ad90,0.052,0.0,,1000816.8,,0.628,,,,,,,,,,,,0.0,graph,0.18.1,0.628,32g,mem/graph_ladybug_medium_oltp_r4.csv,,208986,419621,425735,,,345754,,,,,,,,,,,,,,,18.3239,2.1385,0.1216,2000,466.9,0.8029,6.9191,7.9068,15.9145,3.1304,4.283,0.0434,615.6,674.6,1.8086,0.4654,0.1216,1001,0.411,0.8044,1.0099,1.3433,0.2707,,,,,,,,,,,,,,,,,,,,,,4,0.034,2026-07-17T18:52:50.076982+00:00,,,,,,,,,,oltp,18.3239,8.7416,6.2587,295,7.4289,14.2972,16.8273,18.1374,3.2067,
,ladybug,,0.0,,,,0.985,5.11,4.125,0-7,medium,41.395,,,,,,,,,,,,,,,,11.0188,1.675,0.4444,704,1.4439,2.9425,3.3879,4.3363,0.95,sha256:00a900b5ad90,0.052,0.0,,1008367.3,,0.623,,,,,,,,,,,,0.0,graph,0.18.1,0.623,32g,mem/graph_ladybug_medium_oltp_r5.csv,,208986,419621,425735,,,345754,,,,,,,,,,,,,,,11.3492,1.9021,0.1159,2000,524.9,0.7851,6.9519,7.6696,8.1885,2.4303,3.81,0.0488,625.1,683.9,1.6129,0.4468,0.1159,1001,0.3967,0.7524,0.9811,1.2078,0.247,,,,,,,,,,,,,,,,,,,,,,5,0.0351,2026-07-17T18:52:56.270284+00:00,,,,,,,,,,oltp,11.3492,7.3826,6.4125,295,7.3063,8.0723,8.2881,8.5896,0.5802,
,ladybug,,0.0,,,,0.308,3.267,2.959,0-7,medium,41.395,,,,,,,,,,,,,,,,,,,,,,,,,sha256:00a900b5ad90,0.0518,0.0,,1004057.2,,0.626,,,,,,,,,,,,0.0,graph,0.18.1,0.626,32g,mem/graph_ladybug_medium_olap_r1.csv,,208986,419621,425735,,,345754,,,43.1521,16.4239,0.4156,28,14.4699,41.1006,42.1639,42.9934,"[8.33, 15.659, 41.12, 0.586]","[2.697, 1.161, 1.281, 0.26]",15.3065,65.695,,,,,,,,,,,,0.044,655.1,713.7,,,,,,,,,,,,,,,,,,,,,,,,,,,,,,,1,0.0358,2026-07-17T18:52:59.203543+00:00,,,,,,,,,,olap,,,,,,,,,,
,ladybug,,0.0,,,,0.325,3.532,3.208,0-7,medium,41.395,,,,,,,,,,,,,,,,,,,,,,,,,sha256:00a900b5ad90,0.0517,0.0,,920804.1,,0.683,,,,,,,,,,,,0.0,graph,0.18.1,0.683,32g,mem/graph_ladybug_medium_olap_r2.csv,,208986,419621,425735,,,345754,,,43.4339,16.4812,0.4663,28,15.0332,39.0812,40.4016,42.7113,"[8.549, 17.042, 39.666, 0.668]","[2.788, 1.795, 1.762, 0.22]",14.7053,65.925,,,,,,,,,,,,0.0502,649.6,708.1,,,,,,,,,,,,,,,,,,,,,,,,,,,,,,,2,0.0527,2026-07-17T18:53:02.319199+00:00,,,,,,,,,,olap,,,,,,,,,,
,ladybug,,0.0,,,,0.306,3.22,2.913,0-7,medium,41.395,,,,,,,,,,,,,,,,,,,,,,,,,sha256:00a900b5ad90,0.0516,0.0,,997644.5,,0.63,,,,,,,,,,,,0.0,graph,0.18.1,0.63,32g,mem/graph_ladybug_medium_olap_r3.csv,,208986,419621,425735,,,345754,,,43.5648,16.7271,0.4067,28,15.173,41.0318,41.439,43.0391,"[8.685, 17.232, 40.454, 0.538]","[2.74, 2.042, 1.832, 0.141]",15.0419,66.909,,,,,,,,,,,,0.0453,644.8,704.5,,,,,,,,,,,,,,,,,,,,,,,,,,,,,,,3,0.0354,2026-07-17T18:53:05.319998+00:00,,,,,,,,,,olap,,,,,,,,,,
,ladybug,,0.0,,,,0.266,3.221,2.954,0-7,medium,41.395,,,,,,,,,,,,,,,,,,,,,,,,,sha256:00a900b5ad90,0.0519,0.0,,994152.5,,0.632,,,,,,,,,,,,0.0,graph,0.18.1,0.632,32g,mem/graph_ladybug_medium_olap_r4.csv,,208986,419621,425735,,,345754,,,41.3964,16.3635,0.4404,28,15.1567,40.3931,40.8347,41.2939,"[8.483, 16.438, 39.934, 0.598]","[2.748, 1.956, 1.124, 0.162]",14.823,65.453,,,,,,,,,,,,0.043,652.6,711.0,,,,,,,,,,,,,,,,,,,,,,,,,,,,,,,4,0.0358,2026-07-17T18:53:08.242900+00:00,,,,,,,,,,olap,,,,,,,,,,
,ladybug,,0.0,,,,0.295,3.355,3.06,0-7,medium,41.395,,,,,,,,,,,,,,,,,,,,,,,,,sha256:00a900b5ad90,0.0519,0.0,,1040602.7,,0.604,,,,,,,,,,,,0.0,graph,0.18.1,0.604,32g,mem/graph_ladybug_medium_olap_r5.csv,,208986,419621,425735,,,345754,,,43.2215,16.2369,0.4919,28,14.3559,40.5127,41.424,42.8628,"[8.377, 15.792, 40.178, 0.601]","[2.619, 1.196, 1.804, 0.187]",14.9265,64.948,,,,,,,,,,,,0.044,639.6,699.6,,,,,,,,,,,,,,,,,,,,,,,,,,,,,,,5,0.0345,2026-07-17T18:53:11.170073+00:00,,,,,,,,,,olap,,,,,,,,,,
,sqlite,,0.0051,,,,0.057,0.951,0.894,0-7,tiny,0.371,9.8217,0.0287,0.0031,503,0.0055,0.0062,0.0064,0.0079,0.4447,,,,,,,,,,,,,,,,sha256:d387a08d6420,0.0017,0.0,,,771153.5,0.013,,14.5745,0.0344,0.005,512,0.0057,0.0064,0.0069,0.0092,,0.6432,0.0,tabular,3.46.1,0.013,8g,mem/tabular_sqlite_tiny_oltp_r1.csv,,,,,,10000,,,False,,,,,,,,,,,,,14.5745,0.01,0.0019,5000,98931.1,0.0036,0.0062,0.0064,0.0074,0.2517,0.051,0.026,83.9,88.6,,,,,,,,,,,,,,,,,,,0.0269,0.0032,0.0019,2942,0.0031,0.0036,0.0038,0.0048,0.0007,,,,1,0.0077,2026-07-21T18:17:42.390849+00:00,2.1985,0.0081,0.0036,1043,0.006,0.0067,0.0069,0.0082,0.0679,oltp,,,,,,,,,,
,sqlite,,0.0051,,,,0.055,0.953,0.899,0-7,tiny,0.371,9.8979,0.0298,0.0031,503,0.0057,0.0079,0.0086,0.0095,0.4499,,,,,,,,,,,,,,,,sha256:d387a08d6420,0.0017,0.0,,,1332667.4,0.008,,15.198,0.0361,0.005,512,0.006,0.0083,0.0091,0.0112,,0.6707,0.0,tabular,3.46.1,0.008,8g,mem/tabular_sqlite_tiny_oltp_r2.csv,,,,,,10000,,,False,,,,,,,,,,,,,15.198,0.0107,0.0021,5000,92465.4,0.0045,0.0069,0.0083,0.01,0.2598,0.054,0.0263,83.8,88.2,,,,,,,,,,,,,,,,,,,0.1853,0.0037,0.0021,2942,0.0033,0.005,0.0055,0.0064,0.0036,,,,2,0.0074,2026-07-21T18:17:43.567661+00:00,2.1477,0.0086,0.0033,1043,0.006,0.0088,0.0095,0.0107,0.0663,oltp,,,,,,,,,,
,sqlite,,0.0048,,,,0.059,0.949,0.89,0-7,tiny,0.371,9.9421,0.0296,0.0033,503,0.0055,0.006,0.0064,0.0081,0.4525,,,,,,,,,,,,,,,,sha256:d387a08d6420,0.0017,0.0,,,1351475.4,0.007,,14.7581,0.0349,0.0048,512,0.0057,0.0064,0.0069,0.019,,0.6513,0.0,tabular,3.46.1,0.007,8g,mem/tabular_sqlite_tiny_oltp_r3.csv,,,,,,10000,,,False,,,,,,,,,,,,,14.7581,0.0101,0.0019,5000,97228.6,0.0036,0.0062,0.0064,0.0079,0.2551,0.051,0.0255,83.9,89.4,,,,,,,,,,,,,,,,,,,0.0339,0.0032,0.0019,2942,0.0031,0.0036,0.0038,0.005,0.0009,,,,3,0.0074,2026-07-21T18:17:44.749134+00:00,2.1415,0.0081,0.0033,1043,0.006,0.0067,0.0072,0.0088,0.0661,oltp,,,,,,,,,,
,sqlite,,0.0041,,,,0.061,0.949,0.888,0-7,tiny,0.371,9.9051,0.03,0.0033,503,0.0055,0.0062,0.0064,0.0107,0.4531,,,,,,,,,,,,,,,,sha256:d387a08d6420,0.0017,0.0,,,1299874.2,0.008,,14.7462,0.0347,0.0048,512,0.0057,0.0062,0.0067,0.0086,,0.6508,0.0,tabular,3.46.1,0.008,8g,mem/tabular_sqlite_tiny_oltp_r4.csv,,,,,,10000,,,False,,,,,,,,,,,,,14.7462,0.0101,0.0019,5000,97527.4,0.0036,0.0062,0.0064,0.0079,0.2548,0.051,0.0258,83.9,88.6,,,,,,,,,,,,,,,,,,,0.0329,0.0032,0.0019,2942,0.0031,0.0036,0.0038,0.0048,0.0009,,,,4,0.0074,2026-07-21T18:17:45.936004+00:00,1.9433,0.0079,0.0036,1043,0.006,0.0064,0.0069,0.0099,0.06,oltp,,,,,,,,,,
,sqlite,,0.0049,,,,0.066,0.949,0.883,0-7,tiny,0.371,9.8221,0.0294,0.0031,503,0.0055,0.0062,0.0067,0.0093,0.4473,,,,,,,,,,,,,,,,sha256:d387a08d6420,0.0019,0.0,,,873394.8,0.011,,14.7767,0.0348,0.0048,512,0.0057,0.0064,0.0069,0.0106,,0.6521,0.0,tabular,3.46.1,0.011,8g,mem/tabular_sqlite_tiny_oltp_r5.csv,,,,,,10000,,,False,,,,,,,,,,,,,14.7767,0.0102,0.0019,5000,97176.3,0.0036,0.0062,0.0064,0.0079,0.2546,0.051,0.0263,83.8,88.4,,,,,,,,,,,,,,,,,,,0.0348,0.0032,0.0019,2942,0.0031,0.0038,0.0041,0.005,0.0009,,,,5,0.0076,2026-07-21T18:17:47.113846+00:00,2.2752,0.0083,0.0033,1043,0.006,0.0067,0.0072,0.0096,0.0702,oltp,,,,,,,,,,
,sqlite,,0.022,,,,0.055,0.953,0.897,0-7,tiny,0.367,,,,,,,,,,,,,,,,,,,,,,,,,sha256:d387a08d6420,0.0019,0.0,,,979245.4,0.01,,,,,,,,,,,,0.0,tabular,3.46.1,0.01,8g,mem/tabular_sqlite_tiny_olap_r1.csv,,,,,,10000,,,False,2.0897,0.9796,0.315,35,0.9165,2.0422,2.0581,2.0847,"[0.996, 0.323, 0.366, 2.053, 1.159]","[0.203, 0.006, 0.009, 0.019, 0.007]",0.6379,4.897,,,,,,,,,,,,0.0374,83.9,88.8,,,,,,,,,,,,,,,,,,,,,,,,,,,,,,,1,0.0118,2026-07-21T18:17:48.348982+00:00,,,,,,,,,,olap,,,,,,,,,,
,sqlite,,0.0219,,,,0.048,0.96,0.912,0-7,tiny,0.367,,,,,,,,,,,,,,,,,,,,,,,,,sha256:d387a08d6420,0.0017,0.0,,,1029883.6,0.01,,,,,,,,,,,,0.0,tabular,3.46.1,0.01,8g,mem/tabular_sqlite_tiny_olap_r2.csv,,,,,,10000,,,False,2.0838,0.9609,0.315,35,0.9053,2.041,2.0431,2.0704,"[0.912, 0.321, 0.368, 2.047, 1.157]","[0.022, 0.005, 0.007, 0.015, 0.007]",0.6297,4.805,,,,,,,,,,,,0.0325,84.7,89.9,,,,,,,,,,,,,,,,,,,,,,,,,,,,,,,2,0.0101,2026-07-21T18:17:49.655905+00:00,,,,,,,,,,olap,,,,,,,,,,
,sqlite,,0.0287,,,,0.052,0.967,0.915,0-7,tiny,0.367,,,,,,,,,,,,,,,,,,,,,,,,,sha256:d387a08d6420,0.0017,0.0,,,1209848.9,0.008,,,,,,,,,,,,0.0,tabular,3.46.1,0.008,8g,mem/tabular_sqlite_tiny_olap_r3.csv,,,,,,10000,,,False,2.111,0.9724,0.32,35,0.9065,2.0792,2.0805,2.1007,"[0.912, 0.333, 0.377, 2.083, 1.158]","[0.015, 0.013, 0.018, 0.012, 0.019]",0.6381,4.863,,,,,,,,,,,,0.0291,86.9,91.4,,,,,,,,,,,,,,,,,,,,,,,,,,,,,,,3,0.0071,2026-07-21T18:17:51.028410+00:00,,,,,,,,,,olap,,,,,,,,,,
,sqlite,,0.015,,,,0.058,0.948,0.89,0-7,tiny,0.367,,,,,,,,,,,,,,,,,,,,,,,,,sha256:d387a08d6420,0.0017,0.0,,,1520171.1,0.007,,,,,,,,,,,,0.0,tabular,3.46.1,0.007,8g,mem/tabular_sqlite_tiny_olap_r4.csv,,,,,,10000,,,False,2.2247,0.9688,0.3126,35,0.9084,2.0714,2.1044,2.1963,"[0.915, 0.32, 0.369, 2.1, 1.141]","[0.018, 0.004, 0.007, 0.059, 0.015]",0.6474,4.845,,,,,,,,,,,,0.0165,85.7,89.9,,,,,,,,,,,,,,,,,,,,,,,,,,,,,,,4,0.0074,2026-07-21T18:17:52.029084+00:00,,,,,,,,,,olap,,,,,,,,,,
,sqlite,,0.0267,,,,0.057,0.962,0.905,0-7,tiny,0.367,,,,,,,,,,,,,,,,,,,,,,,,,sha256:d387a08d6420,0.0018,0.0,,,710862.8,0.014,,,,,,,,,,,,0.0,tabular,3.46.1,0.014,8g,mem/tabular_sqlite_tiny_olap_r5.csv,,,,,,10000,,,False,2.0878,0.9662,0.3159,35,0.9062,2.0533,2.0586,2.078,"[0.915, 0.334, 0.368, 2.057, 1.157]","[0.021, 0.036, 0.009, 0.015, 0.008]",0.6304,4.831,,,,,,,,,,,,0.0285,84.6,89.0,,,,,,,,,,,,,,,,,,,,,,,,,,,,,,,5,0.009,2026-07-21T18:17:53.331589+00:00,,,,,,,,,,olap,,,,,,,,,,
,duckdb,,0.0312,,,,0.877,8.328,7.45,0-7,tiny,0.762,22.9537,9.2149,0.6435,503,8.5156,13.5971,15.8238,18.9735,2.8521,,,,,,,,,,,,,,,,sha256:213584b9584d,0.0246,0.0,,,422229.8,0.024,,19.3281,9.7992,7.4022,512,8.8997,14.6987,16.0078,18.371,,2.5083,0.0,tabular,1.5.4,0.024,8g,mem/tabular_duckdb_tiny_oltp_r1.csv,,,,,,10000,,,False,,,,,,,,,,,,,22.9537,4.4202,0.1998,5000,225.9,1.3468,9.1163,12.9529,16.9854,4.4891,22.135,0.0177,115.8,123.0,,,,,,,,,,,,,,,,,,,3.0627,0.9508,0.1998,2942,0.8172,1.4042,1.4839,1.7701,0.3624,,,,1,0.0155,2026-07-21T18:18:16.738519+00:00,20.6432,9.2535,0.725,1043,8.507,13.7043,15.698,17.8563,2.5734,oltp,,,,,,,,,,
,duckdb,,0.0306,,,,0.86,8.359,7.498,0-7,tiny,1.012,19.2304,9.6739,0.5453,503,8.4679,15.7664,17.2574,18.6332,3.3815,,,,,,,,,,,,,,,,sha256:213584b9584d,0.0239,0.0,,,498900.2,0.02,,19.9878,10.112,7.128,512,8.9006,15.9893,17.176,18.958,,2.8999,0.0,tabular,1.5.4,0.02,8g,mem/tabular_duckdb_tiny_oltp_r2.csv,,,,,,10000,,,False,,,,,,,,,,,,,19.9878,4.5301,0.2012,5000,220.4,1.3523,9.3871,14.1595,17.7632,4.7036,22.687,0.0128,116.8,128.4,,,,,,,,,,,,,,,,,,,2.291,0.9469,0.2012,2942,0.8131,1.4045,1.5015,1.7738,0.3644,,,,2,0.0113,2026-07-21T18:18:40.538014+00:00,19.2928,9.4164,0.8004,1043,8.4865,14.1683,16.2496,18.053,2.8094,oltp,,,,,,,,,,
,duckdb,,0.0311,,,,0.851,8.189,7.337,0-7,tiny,0.762,21.5847,9.3151,0.5865,503,8.4934,13.3269,16.3192,18.6722,2.916,,,,,,,,,,,,,,,,sha256:213584b9584d,0.0262,0.0,,,595282.9,0.017,,19.5553,10.1233,7.1535,512,8.9049,15.0758,16.9552,19.0287,,2.8215,0.0,tabular,1.5.4,0.017,8g,mem/tabular_duckdb_tiny_oltp_r3.csv,,,,,,10000,,,False,,,,,,,,,,,,,21.5847,4.443,0.1831,5000,224.7,1.3254,9.7095,12.4122,17.5183,4.5695,22.25,0.0183,115.4,122.5,,,,,,,,,,,,,,,,,,,2.8534,0.9256,0.1831,2942,0.8012,1.3826,1.4669,1.6818,0.3566,,,,3,0.0093,2026-07-21T18:19:03.806741+00:00,19.2323,9.2264,0.6049,1043,8.4431,12.4215,15.716,18.2054,2.581,oltp,,,,,,,,,,
,duckdb,,0.0355,,,,0.793,8.287,7.494,0-7,tiny,0.762,22.9874,9.6673,0.3159,503,8.6398,14.3141,16.1503,18.0077,3.1001,,,,,,,,,,,,,,,,sha256:213584b9584d,0.0244,0.0,,,572257.5,0.017,,19.9134,10.1463,6.9466,512,8.9724,14.957,16.3597,19.149,,2.7883,0.0,tabular,1.5.4,0.017,8g,mem/tabular_duckdb_tiny_oltp_r4.csv,,,,,,10000,,,False,,,,,,,,,,,,,22.9874,4.5619,0.2086,5000,218.9,1.3433,10.1988,13.8123,17.5605,4.7251,22.846,0.0221,118.3,126.0,,,,,,,,,,,,,,,,,,,2.4629,0.9438,0.2086,2942,0.8057,1.4028,1.4843,1.7575,0.3609,,,,4,0.0076,2026-07-21T18:19:27.813391+00:00,19.5122,9.5642,0.8166,1043,8.5349,14.378,16.4006,18.5086,2.8957,oltp,,,,,,,,,,
,duckdb,,0.0303,,,,0.844,8.374,7.53,0-7,tiny,0.762,19.1314,9.5917,0.5398,503,8.5769,15.023,17.0071,18.3317,3.1975,,,,,,,,,,,,,,,,sha256:213584b9584d,0.0241,0.0,,,561148.4,0.018,,19.2757,10.3382,7.6249,512,8.997,15.9045,17.0838,19.1559,,2.9875,0.0,tabular,1.5.4,0.018,8g,mem/tabular_duckdb_tiny_oltp_r5.csv,,,,,,10000,,,False,,,,,,,,,,,,,20.8499,4.5899,0.2334,5000,217.5,1.3403,9.8362,14.6155,17.8283,4.7777,22.983,0.0128,121.8,129.1,,,,,,,,,,,,,,,,,,,2.691,0.9478,0.2334,2942,0.8111,1.4004,1.4889,1.7839,0.3588,,,,5,0.0072,2026-07-21T18:19:51.896281+00:00,20.8499,9.6291,0.6981,1043,8.6026,14.7327,16.6403,18.3651,2.9423,oltp,,,,,,,,,,
,duckdb,,0.0295,,,,0.064,0.952,0.888,0-7,tiny,0.762,,,,,,,,,,,,,,,,,,,,,,,,,sha256:213584b9584d,0.024,0.0,,,581033.2,0.017,,,,,,,,,,,,0.0,tabular,1.5.4,0.017,8g,mem/tabular_duckdb_tiny_olap_r1.csv,,,,,,10000,,,False,2.912,0.6031,0.1926,35,0.3865,0.9881,1.2527,2.4223,"[0.443, 0.246, 0.789, 1.229, 0.307]","[0.185, 0.04, 0.168, 0.727, 0.032]",0.5021,3.014,,,,,,,,,,,,0.0237,84.2,88.8,,,,,,,,,,,,,,,,,,,,,,,,,,,,,,,1,0.0075,2026-07-21T18:19:53.104295+00:00,,,,,,,,,,olap,,,,,,,,,,
,duckdb,,0.0283,,,,0.059,0.954,0.895,0-7,tiny,0.762,,,,,,,,,,,,,,,,,,,,,,,,,sha256:213584b9584d,0.024,0.0,,,568626.7,0.018,,,,,,,,,,,,0.0,tabular,1.5.4,0.018,8g,mem/tabular_duckdb_tiny_olap_r2.csv,,,,,,10000,,,False,4.4773,0.6518,0.2136,35,0.391,0.9729,1.1245,3.3779,"[0.407, 0.275, 0.881, 1.389, 0.308]","[0.186, 0.049, 0.169, 1.267, 0.027]",0.7192,3.26,,,,,,,,,,,,0.0226,84.2,89.2,,,,,,,,,,,,,,,,,,,,,,,,,,,,,,,2,0.0085,2026-07-21T18:19:54.335962+00:00,,,,,,,,,,olap,,,,,,,,,,
,duckdb,,0.053,,,,0.041,0.957,0.916,0-7,tiny,0.762,,,,,,,,,,,,,,,,,,,,,,,,,sha256:213584b9584d,0.0241,0.0,,,422497.7,0.024,,,,,,,,,,,,0.0,tabular,1.5.4,0.024,8g,mem/tabular_duckdb_tiny_olap_r3.csv,,,,,,10000,,,False,1.4794,0.6091,0.2613,35,0.4277,1.0366,1.2026,1.4388,"[0.449, 0.374, 0.958, 0.921, 0.344]","[0.223, 0.062, 0.308, 0.128, 0.019]",0.3275,3.046,,,,,,,,,,,,0.0171,85.6,91.2,,,,,,,,,,,,,,,,,,,,,,,,,,,,,,,3,0.0152,2026-07-21T18:19:55.722838+00:00,,,,,,,,,,olap,,,,,,,,,,
,duckdb,,0.0535,,,,0.054,0.964,0.91,0-7,tiny,0.762,,,,,,,,,,,,,,,,,,,,,,,,,sha256:213584b9584d,0.0238,0.0,,,416696.9,0.024,,,,,,,,,,,,0.0,tabular,1.5.4,0.024,8g,mem/tabular_duckdb_tiny_olap_r4.csv,,,,,,10000,,,False,2.6193,0.5942,0.1874,35,0.3319,0.9558,1.1134,2.1415,"[0.414, 0.261, 0.86, 1.13, 0.306]","[0.241, 0.046, 0.16, 0.614, 0.015]",0.4575,2.971,,,,,,,,,,,,0.0178,84.4,89.8,,,,,,,,,,,,,,,,,,,,,,,,,,,,,,,4,0.0162,2026-07-21T18:19:57.018163+00:00,,,,,,,,,,olap,,,,,,,,,,
,duckdb,,0.0292,,,,0.059,0.953,0.894,0-7,tiny,0.762,,,,,,,,,,,,,,,,,,,,,,,,,sha256:213584b9584d,0.0234,0.0,,,574035.3,0.017,,,,,,,,,,,,0.0,tabular,1.5.4,0.017,8g,mem/tabular_duckdb_tiny_olap_r5.csv,,,,,,10000,,,False,3.1211,0.6072,0.1833,35,0.351,0.9429,1.0089,2.4114,"[0.393, 0.285, 0.82, 1.235, 0.303]","[0.197, 0.061, 0.079, 0.774, 0.025]",0.5158,3.036,,,,,,,,,,,,0.0223,84.2,89.1,,,,,,,,,,,,,,,,,,,,,,,,,,,,,,,5,0.0077,2026-07-21T18:19:58.225948+00:00,,,,,,,,,,olap,,,,,,,,,,
,sqlite,,0.0157,,,,0.075,1.168,1.093,0-7,small,4.57,2.198,0.011,0.005,509,0.0064,0.0083,0.0097,0.0126,0.097,,,,,,,,,,,,,,,,sha256:d387a08d6420,0.0022,0.0,,,936308.0,0.113,,19.9361,0.053,0.005,547,0.006,0.0081,0.0088,0.0125,,0.8836,0.0,tabular,3.46.1,0.113,8g,mem/tabular_sqlite_small_oltp_r1.csv,,,,,,105373,,,False,,,,,,,,,,,,,21.7052,0.0162,0.0026,5000,61266.5,0.005,0.0074,0.0086,0.0126,0.4292,0.082,0.0422,126.8,131.8,,,,,,,,,,,,,,,,,,,0.0696,0.0044,0.0026,2931,0.0041,0.0055,0.0064,0.0083,0.0023,,,,1,0.0088,2026-07-21T18:20:31.097191+00:00,21.7052,0.033,0.0041,1013,0.0069,0.0093,0.011,0.0196,0.6937,oltp,,,,,,,,,,
,sqlite,,0.0049,,,,0.077,1.168,1.091,0-7,small,4.57,2.1532,0.0108,0.0048,509,0.0064,0.0079,0.0086,0.0098,0.0951,,,,,,,,,,,,,,,,sha256:d387a08d6420,0.0022,0.0,,,1207730.0,0.087,,11.0791,0.03,0.005,547,0.0057,0.0072,0.0079,0.0104,,0.4807,0.0,tabular,3.46.1,0.087,8g,mem/tabular_sqlite_small_oltp_r2.csv,,,,,,105373,,,False,,,,,,,,,,,,,11.0791,0.011,0.0026,5000,89740.0,0.005,0.0072,0.0081,0.0105,0.2272,0.056,0.0176,129.5,136.4,,,,,,,,,,,,,,,,,,,0.1423,0.0043,0.0026,2931,0.0041,0.0052,0.0057,0.0069,0.0029,,,,2,0.0076,2026-07-21T18:20:32.526395+00:00,11.0564,0.0203,0.0038,1013,0.0069,0.0088,0.0095,0.0198,0.3535,oltp,,,,,,,,,,
,sqlite,,0.0053,,,,0.072,1.156,1.084,0-7,small,4.57,2.2602,0.0107,0.0045,509,0.0062,0.0074,0.0079,0.0095,0.0998,,,,,,,,,,,,,,,,sha256:d387a08d6420,0.0021,0.0,,,1049464.9,0.1,,12.7277,0.0416,0.005,547,0.0057,0.0064,0.0069,0.0111,,0.616,0.0,tabular,3.46.1,0.1,8g,mem/tabular_sqlite_small_oltp_r3.csv,,,,,,105373,,,False,,,,,,,,,,,,,20.7858,0.0151,0.0026,5000,65602.6,0.0048,0.0069,0.0074,0.0098,0.3736,0.076,0.042,122.3,127.0,,,,,,,,,,,,,,,,,,,0.0591,0.0041,0.0026,2931,0.0041,0.005,0.0055,0.0068,0.0018,,,,3,0.0093,2026-07-21T18:20:34.013827+00:00,20.7858,0.0347,0.0043,1013,0.0067,0.0081,0.0092,0.0181,0.6912,oltp,,,,,,,,,,
,sqlite,,0.0124,,,,0.072,1.168,1.096,0-7,small,4.57,5.403,0.0172,0.005,509,0.0062,0.0083,0.0095,0.0121,0.239,,,,,,,,,,,,,,,,sha256:d387a08d6420,0.0023,0.0,,,1024179.9,0.103,,21.2336,0.0559,0.005,547,0.0057,0.0081,0.0091,0.0139,,0.9412,0.0,tabular,3.46.1,0.103,8g,mem/tabular_sqlite_small_oltp_r4.csv,,,,,,105373,,,False,,,,,,,,,,,,,21.2336,0.0165,0.0026,5000,59861.7,0.005,0.0074,0.0083,0.0126,0.4386,0.084,0.0423,128.8,134.0,,,,,,,,,,,,,,,,,,,0.0615,0.0043,0.0026,2931,0.0041,0.0055,0.0067,0.0081,0.0021,,,,4,0.009,2026-07-21T18:20:35.625992+00:00,21.0323,0.0304,0.0041,1013,0.0069,0.0093,0.0112,0.0198,0.664,oltp,,,,,,,,,,
,sqlite,,0.0052,,,,0.069,1.161,1.092,0-7,small,4.57,2.2297,0.0108,0.005,509,0.0062,0.0079,0.0088,0.0112,0.0985,,,,,,,,,,,,,,,,sha256:d387a08d6420,0.0022,0.0,,,1025472.6,0.103,,13.0582,0.0402,0.005,547,0.0057,0.0072,0.0079,0.0106,,0.6073,0.0,tabular,3.46.1,0.103,8g,mem/tabular_sqlite_small_oltp_r5.csv,,,,,,105373,,,False,,,,,,,,,,,,,20.2906,0.015,0.0026,5000,65942.0,0.0048,0.0072,0.0079,0.0107,0.3686,0.076,0.0423,127.4,132.7,,,,,,,,,,,,,,,,,,,0.0827,0.0042,0.0026,2931,0.0041,0.0052,0.006,0.0072,0.002,,,,5,0.009,2026-07-21T18:20:37.242979+00:00,20.2906,0.0349,0.0041,1013,0.0067,0.0083,0.0098,0.0195,0.6824,oltp,,,,,,,,,,
,sqlite,,0.0005,,,,0.104,1.644,1.54,0-7,small,4.539,,,,,,,,,,,,,,,,,,,,,,,,,sha256:d387a08d6420,0.0022,0.0,,,1014517.4,0.104,,,,,,,,,,,,0.0,tabular,3.46.1,0.104,8g,mem/tabular_sqlite_small_olap_r1.csv,,,,,,105373,,,False,28.9047,13.1427,4.0846,35,12.7389,28.5014,28.5936,28.841,"[13.041, 4.116, 4.477, 28.566, 15.514]","[0.605, 0.021, 0.01, 0.17, 0.044]",8.9498,65.714,,,,,,,,,,,,0.0424,127.4,141.9,,,,,,,,,,,,,,,,,,,,,,,,,,,,,,,1,0.0087,2026-07-21T18:20:39.054613+00:00,,,,,,,,,,olap,,,,,,,,,,
,sqlite,,0.0005,,,,0.095,1.67,1.575,0-7,small,4.539,,,,,,,,,,,,,,,,,,,,,,,,,sha256:d387a08d6420,0.0021,0.0,,,1206882.5,0.087,,,,,,,,,,,,0.0,tabular,3.46.1,0.087,8g,mem/tabular_sqlite_small_olap_r2.csv,,,,,,105373,,,False,28.3978,12.9774,4.1013,35,12.3882,28.3562,28.3639,28.3887,"[12.644, 4.126, 4.51, 28.352, 15.255]","[0.51, 0.015, 0.014, 0.03, 0.036]",8.8543,64.887,,,,,,,,,,,,0.016,123.4,137.8,,,,,,,,,,,,,,,,,,,,,,,,,,,,,,,2,0.0072,2026-07-21T18:20:40.731893+00:00,,,,,,,,,,olap,,,,,,,,,,
,sqlite,,0.0005,,,,0.084,1.646,1.562,0-7,small,4.539,,,,,,,,,,,,,,,,,,,,,,,,,sha256:d387a08d6420,0.0023,0.0,,,1061610.3,0.099,,,,,,,,,,,,0.0,tabular,3.46.1,0.099,8g,mem/tabular_sqlite_small_olap_r3.csv,,,,,,105373,,,False,28.3735,12.9707,4.0686,35,12.4104,28.3111,28.3496,28.3672,"[12.675, 4.115, 4.498, 28.305, 15.259]","[0.539, 0.028, 0.053, 0.059, 0.037]",8.8428,64.852,,,,,,,,,,,,0.0232,123.4,137.4,,,,,,,,,,,,,,,,,,,,,,,,,,,,,,,3,0.0144,2026-07-21T18:20:42.451925+00:00,,,,,,,,,,olap,,,,,,,,,,
,sqlite,,0.0005,,,,0.101,1.649,1.548,0-7,small,4.539,,,,,,,,,,,,,,,,,,,,,,,,,sha256:d387a08d6420,0.0022,0.0,,,1018985.0,0.103,,,,,,,,,,,,0.0,tabular,3.46.1,0.103,8g,mem/tabular_sqlite_small_olap_r4.csv,,,,,,105373,,,False,28.4472,12.9853,4.1089,35,12.4502,28.3724,28.4243,28.4433,"[12.695, 4.146, 4.515, 28.369, 15.201]","[0.562, 0.033, 0.021, 0.076, 0.047]",8.8526,64.926,,,,,,,,,,,,0.0345,127.4,141.3,,,,,,,,,,,,,,,,,,,,,,,,,,,,,,,4,0.0088,2026-07-21T18:20:44.271009+00:00,,,,,,,,,,olap,,,,,,,,,,
,sqlite,,0.0006,,,,0.095,1.678,1.582,0-7,small,4.539,,,,,,,,,,,,,,,,,,,,,,,,,sha256:d387a08d6420,0.0022,0.0,,,1195114.2,0.088,,,,,,,,,,,,0.0,tabular,3.46.1,0.088,8g,mem/tabular_sqlite_small_olap_r5.csv,,,,,,105373,,,False,28.6262,13.0703,4.0512,35,12.5113,28.3625,28.4447,28.5943,"[12.739, 4.282, 4.682, 28.415, 15.233]","[0.478, 0.203, 0.194, 0.112, 0.043]",8.8112,65.351,,,,,,,,,,,,0.0256,127.5,141.6,,,,,,,,,,,,,,,,,,,,,,,,,,,,,,,5,0.0072,2026-07-21T18:20:46.026843+00:00,,,,,,,,,,olap,,,,,,,,,,
,duckdb,,0.0558,,,,0.877,8.422,7.544,0-7,small,4.012,19.1808,9.2716,0.8054,509,8.3656,13.4693,16.0165,18.0658,2.5922,,,,,,,,,,,,,,,,sha256:213584b9584d,0.0251,0.0,,,1270997.2,0.083,,23.016,9.5165,6.9897,547,8.7872,12.5501,15.6582,18.4686,,2.3486,0.0,tabular,1.5.4,0.083,8g,mem/tabular_duckdb_small_oltp_r1.csv,,,,,,105373,,,False,,,,,,,,,,,,,23.016,4.4147,0.2198,5000,226.2,1.3534,9.0755,12.4733,17.4064,4.4563,22.108,0.0225,160.9,177.8,,,,,,,,,,,,,,,,,,,2.2173,0.9295,0.2198,2931,0.8023,1.3945,1.4691,1.6636,0.3595,,,,1,0.0077,2026-07-21T18:21:09.262860+00:00,22.121,9.3032,1.3061,1013,8.3904,13.3736,15.8478,18.3488,2.5177,oltp,,,,,,,,,,
,duckdb,,0.0532,,,,0.906,8.505,7.599,0-7,small,4.012,19.0945,9.7295,0.7532,509,8.5473,14.7935,16.888,18.6265,2.8911,,,,,,,,,,,,,,,,sha256:213584b9584d,0.0253,0.0,,,1178046.1,0.089,,19.6936,10.1349,6.7859,547,8.9977,15.9032,17.4341,19.1094,,2.89,0.0,tabular,1.5.4,0.089,8g,mem/tabular_duckdb_small_oltp_r2.csv,,,,,,105373,,,False,,,,,,,,,,,,,19.6936,4.6183,0.2637,5000,216.2,1.3685,9.5711,14.5636,18.216,4.7691,23.126,0.0224,153.9,166.7,,,,,,,,,,,,,,,,,,,2.7399,0.9443,0.2637,2931,0.813,1.4086,1.4924,1.784,0.364,,,,2,0.0141,2026-07-21T18:21:33.647031+00:00,19.2101,9.7014,1.3392,1013,8.5382,15.0641,16.9054,18.9593,2.9524,oltp,,,,,,,,,,
,duckdb,,0.0705,,,,0.892,8.551,7.659,0-7,small,4.012,19.1884,9.7135,0.7792,509,8.651,14.5569,15.9834,17.5675,2.5742,,,,,,,,,,,,,,,,sha256:213584b9584d,0.0251,0.0,,,1351860.3,0.078,,21.8754,10.1127,7.2982,547,9.0981,13.6799,16.0431,18.5236,,2.462,0.0,tabular,1.5.4,0.078,8g,mem/tabular_duckdb_small_oltp_r3.csv,,,,,,105373,,,False,,,,,,,,,,,,,21.8754,4.6303,0.1838,5000,215.6,1.3688,10.7388,13.2262,16.8439,4.6885,23.189,0.0231,152.1,164.1,,,,,,,,,,,,,,,,,,,2.5623,0.9519,0.1838,2931,0.8125,1.4088,1.5084,1.7753,0.3686,,,,3,0.0077,2026-07-21T18:21:58.199745+00:00,19.9654,9.7586,1.4811,1013,8.6365,14.236,16.0618,17.8945,2.616,oltp,,,,,,,,,,
,duckdb,,0.0664,,,,0.885,8.498,7.613,0-7,small,4.012,19.3274,9.6834,0.7443,509,8.5089,15.0622,17.4674,19.0726,3.0141,,,,,,,,,,,,,,,,sha256:213584b9584d,0.025,0.0,,,1360977.0,0.077,,20.2048,10.2208,7.3504,547,8.9898,15.9689,17.4068,18.7999,,2.9519,0.0,tabular,1.5.4,0.077,8g,mem/tabular_duckdb_small_oltp_r4.csv,,,,,,105373,,,False,,,,,,,,,,,,,20.2048,4.6221,0.2046,5000,216.0,1.3657,9.3346,14.6528,17.8922,4.7758,23.148,0.0237,149.5,161.6,,,,,,,,,,,,,,,,,,,2.4686,0.9473,0.2046,2931,0.8118,1.4079,1.4954,1.7962,0.3661,,,,4,0.0075,2026-07-21T18:22:22.578621+00:00,19.7129,9.6885,1.2693,1013,8.57,14.8511,16.9473,18.9771,2.8955,oltp,,,,,,,,,,
,duckdb,,0.0521,,,,0.897,8.578,7.681,0-7,small,4.012,19.1233,9.8301,0.7362,509,8.7101,14.4294,16.2274,18.177,2.7225,,,,,,,,,,,,,,,,sha256:213584b9584d,0.0267,0.0,,,1365889.7,0.077,,19.8243,10.4009,7.0899,547,9.1372,15.7452,17.8574,19.1307,,2.9463,0.0,tabular,1.5.4,0.077,8g,mem/tabular_duckdb_small_oltp_r5.csv,,,,,,105373,,,False,,,,,,,,,,,,,19.8243,4.7464,0.1783,5000,210.4,1.3736,10.5651,14.7105,18.0972,4.8881,23.769,0.0225,148.4,161.1,,,,,,,,,,,,,,,,,,,2.5201,0.9591,0.1783,2931,0.8194,1.4191,1.5006,1.8115,0.365,,,,5,0.0046,2026-07-21T18:22:47.572058+00:00,19.5942,10.0969,1.3375,1013,8.7702,15.0841,16.8971,19.013,2.9593,oltp,,,,,,,,,,
,duckdb,,0.0498,,,,0.083,1.129,1.046,0-7,small,4.012,,,,,,,,,,,,,,,,,,,,,,,,,sha256:213584b9584d,0.0245,0.0,,,1228595.6,0.086,,,,,,,,,,,,0.0,tabular,1.5.4,0.086,8g,mem/tabular_duckdb_small_olap_r1.csv,,,,,,105373,,,False,3.4955,1.1676,0.3064,35,0.7021,3.1169,3.3722,3.4547,"[0.517, 0.341, 1.065, 3.217, 0.698]","[0.114, 0.029, 0.115, 0.179, 0.029]",1.058,5.838,,,,,,,,,,,,0.0225,159.5,175.0,,,,,,,,,,,,,,,,,,,,,,,,,,,,,,,1,0.0073,2026-07-21T18:22:48.730152+00:00,,,,,,,,,,olap,,,,,,,,,,
,duckdb,,0.0646,,,,0.1,1.182,1.082,0-7,small,4.012,,,,,,,,,,,,,,,,,,,,,,,,,sha256:213584b9584d,0.0272,0.0,,,1279904.5,0.082,,,,,,,,,,,,0.0,tabular,1.5.4,0.082,8g,mem/tabular_duckdb_small_olap_r2.csv,,,,,,105373,,,False,3.6576,1.1841,0.324,35,0.6838,3.1747,3.3419,3.5514,"[0.596, 0.398, 0.98, 3.253, 0.693]","[0.194, 0.061, 0.126, 0.202, 0.03]",1.0609,5.92,,,,,,,,,,,,0.0172,120.5,175.0,,,,,,,,,,,,,,,,,,,,,,,,,,,,,,,2,0.0158,2026-07-21T18:22:50.078722+00:00,,,,,,,,,,olap,,,,,,,,,,
,duckdb,,0.0639,,,,0.096,1.197,1.101,0-7,small,4.012,,,,,,,,,,,,,,,,,,,,,,,,,sha256:213584b9584d,0.0248,0.0,,,1256114.5,0.084,,,,,,,,,,,,0.0,tabular,1.5.4,0.084,8g,mem/tabular_duckdb_small_olap_r3.csv,,,,,,105373,,,False,3.4769,1.1729,0.273,35,0.7567,3.081,3.3021,3.4329,"[0.548, 0.361, 1.044, 3.185, 0.727]","[0.159, 0.089, 0.1, 0.17, 0.078]",1.0384,5.865,,,,,,,,,,,,0.018,115.6,169.9,,,,,,,,,,,,,,,,,,,,,,,,,,,,,,,3,0.0152,2026-07-21T18:22:51.425134+00:00,,,,,,,,,,olap,,,,,,,,,,
,duckdb,,0.0633,,,,0.082,1.157,1.075,0-7,small,4.012,,,,,,,,,,,,,,,,,,,,,,,,,sha256:213584b9584d,0.0244,0.0,,,1278686.3,0.082,,,,,,,,,,,,0.0,tabular,1.5.4,0.082,8g,mem/tabular_duckdb_small_olap_r4.csv,,,,,,105373,,,False,6.737,1.2228,0.2832,35,0.7,2.8907,3.2742,5.57,"[0.495, 0.35, 1.037, 3.534, 0.698]","[0.179, 0.048, 0.177, 1.321, 0.029]",1.3232,6.114,,,,,,,,,,,,0.0361,156.9,172.4,,,,,,,,,,,,,,,,,,,,,,,,,,,,,,,4,0.014,2026-07-21T18:22:52.823040+00:00,,,,,,,,,,olap,,,,,,,,,,
,duckdb,,0.0603,,,,0.101,1.184,1.082,0-7,small,4.012,,,,,,,,,,,,,,,,,,,,,,,,,sha256:213584b9584d,0.0246,0.0,,,1330771.1,0.079,,,,,,,,,,,,0.0,tabular,1.5.4,0.079,8g,mem/tabular_duckdb_small_olap_r5.csv,,,,,,105373,,,False,6.4754,1.2327,0.253,35,0.7124,2.8923,3.0582,5.3418,"[0.61, 0.34, 1.087, 3.433, 0.694]","[0.148, 0.066, 0.209, 1.247, 0.032]",1.2619,6.164,,,,,,,,,,,,0.0189,121.5,176.3,,,,,,,,,,,,,,,,,,,,,,,,,,,,,,,5,0.0107,2026-07-21T18:22:54.135879+00:00,,,,,,,,,,olap,,,,,,,,,,
,sqlite,,0.0113,,,,0.113,1.945,1.832,0-7,medium,20.094,11.6041,0.0379,0.005,502,0.0064,0.0069,0.0074,0.0105,0.5334,,,,,,,,,,,,,,,,sha256:d387a08d6420,0.0038,0.0,,,1321312.0,0.322,,2.037,0.0095,0.005,549,0.0057,0.006,0.0062,0.0092,,0.0866,0.0,tabular,3.46.1,0.322,32g,mem/tabular_sqlite_medium_oltp_r1.csv,,,,,,425735,,,False,,,,,,,,,,,,,11.7965,0.0111,0.0026,5000,88590.6,0.0048,0.0069,0.0072,0.0091,0.2393,0.056,0.0257,263.1,282.7,,,,,,,,,,,,,,,,,,,0.0484,0.0043,0.0026,2940,0.0043,0.0048,0.005,0.0064,0.0011,,,,1,0.0073,2026-07-21T18:24:04.347920+00:00,11.7965,0.0188,0.0043,1009,0.0069,0.0076,0.0081,0.0181,0.371,oltp,,,,,,,,,,
,sqlite,,0.0115,,,,0.11,1.944,1.834,0-7,medium,20.094,11.6231,0.0383,0.005,502,0.0064,0.0072,0.0074,0.0095,0.5359,,,,,,,,,,,,,,,,sha256:d387a08d6420,0.0034,0.0,,,1327129.5,0.321,,1.9426,0.0094,0.005,549,0.0057,0.0062,0.0064,0.0093,,0.0826,0.0,tabular,3.46.1,0.321,32g,mem/tabular_sqlite_medium_oltp_r2.csv,,,,,,425735,,,False,,,,,,,,,,,,,11.6231,0.0112,0.0029,5000,87998.1,0.0048,0.0072,0.0074,0.0093,0.2371,0.057,0.0261,255.2,276.9,,,,,,,,,,,,,,,,,,,0.0463,0.0044,0.0029,2940,0.0043,0.005,0.0052,0.0064,0.0012,,,,2,0.007,2026-07-21T18:24:06.549765+00:00,11.5271,0.0186,0.0045,1009,0.0069,0.0076,0.0081,0.017,0.3625,oltp,,,,,,,,,,
,sqlite,,0.0199,,,,0.138,2.093,1.954,0-7,medium,20.094,21.5745,0.0649,0.005,502,0.0064,0.0076,0.009,0.0119,0.9956,,,,,,,,,,,,,,,,sha256:d387a08d6420,0.0035,0.0,,,1297168.9,0.328,,6.0351,0.0171,0.005,549,0.0057,0.0072,0.0079,0.0116,,0.2571,0.0,tabular,3.46.1,0.328,32g,mem/tabular_sqlite_medium_oltp_r3.csv,,,,,,425735,,,False,,,,,,,,,,,,,21.5745,0.0168,0.0029,5000,59138.0,0.005,0.0072,0.0079,0.011,0.4414,0.085,0.0256,257.1,303.7,,,,,,,,,,,,,,,,,,,0.0467,0.0045,0.0029,2940,0.0043,0.0052,0.0064,0.0078,0.0017,,,,3,0.0072,2026-07-21T18:24:08.742392+00:00,20.9551,0.0282,0.0045,1009,0.0069,0.0086,0.01,0.0182,0.6591,oltp,,,,,,,,,,
,sqlite,,0.0214,,,,0.152,2.071,1.919,0-7,medium,20.094,21.318,0.0618,0.0052,502,0.0064,0.0072,0.0076,0.0122,0.9732,,,,,,,,,,,,,,,,sha256:d387a08d6420,0.0036,0.0,,,1251844.3,0.34,,7.947,0.0204,0.005,549,0.0057,0.0062,0.0071,0.0113,,0.3386,0.0,tabular,3.46.1,0.34,32g,mem/tabular_sqlite_medium_oltp_r4.csv,,,,,,425735,,,False,,,,,,,,,,,,,21.318,0.0163,0.0026,5000,60739.1,0.005,0.0072,0.0076,0.0098,0.424,0.082,0.0464,257.2,303.9,,,,,,,,,,,,,,,,,,,0.0491,0.0045,0.0026,2940,0.0043,0.005,0.0055,0.0072,0.0015,,,,4,0.008,2026-07-21T18:24:11.128871+00:00,18.9595,0.0261,0.0041,1009,0.0069,0.0081,0.0091,0.0193,0.5964,oltp,,,,,,,,,,
,sqlite,,0.0106,,,,0.142,2.131,1.989,0-7,medium,20.094,11.6091,0.0375,0.0055,502,0.0067,0.0072,0.0074,0.01,0.5308,,,,,,,,,,,,,,,,sha256:d387a08d6420,0.0039,0.0,,,1177881.2,0.361,,1.7838,0.0093,0.0052,549,0.006,0.0064,0.0067,0.0103,,0.0758,0.0,tabular,3.46.1,0.361,32g,mem/tabular_sqlite_medium_oltp_r5.csv,,,,,,425735,,,False,,,,,,,,,,,,,11.6091,0.0113,0.0031,5000,87150.4,0.0052,0.0072,0.0074,0.0083,0.234,0.057,0.0251,253.1,299.4,,,,,,,,,,,,,,,,,,,0.0432,0.0047,0.0031,2940,0.0048,0.0052,0.0055,0.0067,0.0011,,,,5,0.0073,2026-07-21T18:24:13.332777+00:00,11.3599,0.0186,0.0045,1009,0.0072,0.0079,0.008,0.0159,0.3572,oltp,,,,,,,,,,
,sqlite,,0.0017,,,,0.198,3.907,3.709,0-7,medium,20.062,,,,,,,,,,,,,,,,,,,,,,,,,sha256:d387a08d6420,0.0039,0.0,,,1321301.3,0.322,,,,,,,,,,,,0.0,tabular,3.46.1,0.322,32g,mem/tabular_sqlite_medium_olap_r1.csv,,,,,,425735,,,False,128.4258,57.2272,17.2086,35,54.2822,127.9184,128.0446,128.3299,"[54.437, 17.327, 19.105, 127.944, 67.323]","[0.414, 0.127, 0.32, 0.274, 2.421]",40.4033,286.136,,,,,,,,,,,,0.026,251.2,297.7,,,,,,,,,,,,,,,,,,,,,,,,,,,,,,,1,0.0074,2026-07-21T18:24:17.268645+00:00,,,,,,,,,,olap,,,,,,,,,,
,sqlite,,0.0014,,,,0.231,3.919,3.688,0-7,medium,20.062,,,,,,,,,,,,,,,,,,,,,,,,,sha256:d387a08d6420,0.0038,0.0,,,1321232.8,0.322,,,,,,,,,,,,0.0,tabular,3.46.1,0.322,32g,mem/tabular_sqlite_medium_olap_r2.csv,,,,,,425735,,,False,132.7958,58.7774,17.503,35,55.9664,131.4034,132.0664,132.6625,"[55.963, 17.74, 19.617, 131.673, 68.893]","[0.512, 0.299, 0.713, 0.724, 0.766]",41.5778,293.886,,,,,,,,,,,,0.0253,265.1,311.9,,,,,,,,,,,,,,,,,,,,,,,,,,,,,,,2,0.0073,2026-07-21T18:24:21.458723+00:00,,,,,,,,,,olap,,,,,,,,,,
,sqlite,,0.0019,,,,0.247,3.917,3.67,0-7,medium,20.062,,,,,,,,,,,,,,,,,,,,,,,,,sha256:d387a08d6420,0.0035,0.0,,,1319209.4,0.323,,,,,,,,,,,,0.0,tabular,3.46.1,0.323,32g,mem/tabular_sqlite_medium_olap_r3.csv,,,,,,425735,,,False,132.4048,58.5609,17.3783,35,55.7723,131.1416,131.5652,132.3498,"[55.935, 17.722, 18.874, 131.461, 68.813]","[0.472, 0.282, 0.14, 0.556, 0.593]",41.6419,292.805,,,,,,,,,,,,0.0247,259.1,305.4,,,,,,,,,,,,,,,,,,,,,,,,,,,,,,,3,0.0073,2026-07-21T18:24:25.628054+00:00,,,,,,,,,,olap,,,,,,,,,,
,sqlite,,0.0014,,,,0.224,3.921,3.696,0-7,medium,20.062,,,,,,,,,,,,,,,,,,,,,,,,,sha256:d387a08d6420,0.0038,0.0,,,1318668.7,0.323,,,,,,,,,,,,0.0,tabular,3.46.1,0.323,32g,mem/tabular_sqlite_medium_olap_r4.csv,,,,,,425735,,,False,133.9183,58.7093,17.1082,35,56.7122,132.0143,132.9614,133.6281,"[56.526, 17.389, 18.863, 132.413, 68.355]","[0.668, 0.29, 0.103, 0.854, 0.917]",42.0174,293.546,,,,,,,,,,,,0.0253,255.1,301.8,,,,,,,,,,,,,,,,,,,,,,,,,,,,,,,4,0.0073,2026-07-21T18:24:29.847601+00:00,,,,,,,,,,olap,,,,,,,,,,
,sqlite,,0.0014,,,,0.195,3.915,3.72,0-7,medium,20.062,,,,,,,,,,,,,,,,,,,,,,,,,sha256:d387a08d6420,0.0036,0.0,,,1330529.2,0.32,,,,,,,,,,,,0.0,tabular,3.46.1,0.32,32g,mem/tabular_sqlite_medium_olap_r5.csv,,,,,,425735,,,False,129.2958,56.8874,17.2422,35,54.338,127.9963,128.1529,128.9428,"[54.53, 17.5, 19.023, 128.195, 65.189]","[0.581, 0.293, 0.173, 0.469, 0.228]",40.3609,284.437,,,,,,,,,,,,0.0258,253.2,299.9,,,,,,,,,,,,,,,,,,,,,,,,,,,,,,,5,0.0074,2026-07-21T18:24:33.809750+00:00,,,,,,,,,,olap,,,,,,,,,,
,duckdb,,0.0524,,,,1.301,11.189,9.888,0-7,medium,17.512,19.1724,9.6766,6.7656,502,8.5815,14.5045,16.0827,18.4841,2.6794,,,,,,,,,,,,,,,,sha256:213584b9584d,0.0303,0.0,,,1133008.4,0.376,,22.4988,10.1475,6.9113,549,9.1171,14.9948,16.7295,19.1395,,2.7746,0.0,tabular,1.5.4,0.376,32g,mem/tabular_duckdb_medium_oltp_r1.csv,,,,,,425735,,,False,,,,,,,,,,,,,22.4988,4.66,0.2501,5000,214.3,1.4867,9.6857,13.7053,17.7734,4.6653,23.335,0.0134,269.7,297.9,,,,,,,,,,,,,,,,,,,3.0689,1.0498,0.2501,2940,0.9309,1.5362,1.6177,1.8445,0.3771,,,,1,0.0074,2026-07-21T18:24:58.587195+00:00,19.4471,9.6975,1.4765,1009,8.6992,14.5386,16.6067,18.4107,2.724,oltp,,,,,,,,,,
,duckdb,,0.0665,,,,1.262,11.108,9.846,0-7,medium,17.262,19.2919,9.536,7.0984,502,8.5762,14.1637,16.0926,18.943,2.6274,,,,,,,,,,,,,,,,sha256:213584b9584d,0.0301,0.0,,,1097756.3,0.388,,19.7186,10.0226,6.8617,549,9.0101,14.89,16.7879,18.7065,,2.7003,0.0,tabular,1.5.4,0.388,32g,mem/tabular_duckdb_medium_oltp_r2.csv,,,,,,425735,,,False,,,,,,,,,,,,,19.7263,4.5596,0.2818,5000,219.0,1.4733,9.2811,13.1366,17.7426,4.5389,22.835,0.015,271.9,301.2,,,,,,,,,,,,,,,,,,,2.8586,1.0406,0.2818,2940,0.9227,1.524,1.6041,1.888,0.3746,,,,2,0.0127,2026-07-21T18:25:23.191832+00:00,19.7263,9.3651,1.5745,1009,8.5135,13.2715,16.2086,19.0067,2.5581,oltp,,,,,,,,,,
,duckdb,,0.0522,,,,1.267,11.074,9.807,0-7,medium,17.262,19.5801,9.4004,7.0007,502,8.4984,13.5826,16.1655,18.5172,2.5702,,,,,,,,,,,,,,,,sha256:213584b9584d,0.0273,0.0,,,1152296.5,0.369,,19.7527,9.9682,7.2858,549,9.0554,15.1151,16.649,19.0702,,2.6937,0.0,tabular,1.5.4,0.369,32g,mem/tabular_duckdb_medium_oltp_r3.csv,,,,,,425735,,,False,,,,,,,,,,,,,20.5305,4.5281,0.2723,5000,220.5,1.4724,9.2671,12.0688,17.6001,4.4793,22.676,0.0132,276.9,305.4,,,,,,,,,,,,,,,,,,,5.5947,1.0456,0.2723,2940,0.9247,1.5216,1.6084,1.8941,0.3868,,,,3,0.0076,2026-07-21T18:25:47.469304+00:00,20.5305,9.2912,1.4043,1009,8.5585,12.1031,15.8748,18.3006,2.4115,oltp,,,,,,,,,,
,duckdb,,0.0584,,,,1.281,11.552,10.271,0-7,medium,17.262,19.4948,10.5674,7.0596,502,8.9986,15.928,16.9417,19.1077,3.1222,,,,,,,,,,,,,,,,sha256:213584b9584d,0.0299,0.0,,,1111568.2,0.383,,19.5601,11.0095,7.468,549,9.3458,16.2961,17.5583,19.1761,,3.2581,0.0,tabular,1.5.4,0.383,32g,mem/tabular_duckdb_medium_oltp_r4.csv,,,,,,425735,,,False,,,,,,,,,,,,,19.5601,5.0105,0.2532,5000,199.3,1.4892,12.6718,15.6542,18.4929,5.1472,25.089,0.0155,290.9,308.4,,,,,,,,,,,,,,,,,,,2.5759,1.0661,0.2532,2940,0.942,1.54,1.6344,1.9191,0.376,,,,4,0.0077,2026-07-21T18:26:13.982989+00:00,19.4836,10.4748,1.5526,1009,8.8806,15.8847,17.2353,19.12,3.1803,oltp,,,,,,,,,,
,duckdb,,0.0528,,,,1.239,11.031,9.792,0-7,medium,17.262,19.016,9.1727,6.7077,502,8.451,12.9414,14.1104,16.4029,2.0544,,,,,,,,,,,,,,,,sha256:213584b9584d,0.0312,0.0,,,1140632.2,0.373,,19.5203,9.5533,7.1852,549,8.9772,12.6597,14.3356,16.7056,,1.9783,0.0,tabular,1.5.4,0.373,32g,mem/tabular_duckdb_medium_oltp_r5.csv,,,,,,425735,,,False,,,,,,,,,,,,,19.5203,4.4153,0.2327,5000,226.1,1.4626,9.2211,11.4601,15.0702,4.2494,22.112,0.013,264.8,296.0,,,,,,,,,,,,,,,,,,,2.3897,1.0382,0.2327,2940,0.9249,1.5114,1.6112,1.8324,0.3734,,,,5,0.0075,2026-07-21T18:26:37.739710+00:00,19.4094,9.093,1.5512,1009,8.436,12.4292,13.9965,17.0783,2.0274,oltp,,,,,,,,,,
,duckdb,,0.0298,,,,0.129,1.508,1.38,0-7,medium,15.262,,,,,,,,,,,,,,,,,,,,,,,,,sha256:213584b9584d,0.0279,0.0,,,1148265.5,0.371,,,,,,,,,,,,0.0,tabular,1.5.4,0.371,32g,mem/tabular_duckdb_medium_olap_r1.csv,,,,,,425735,,,False,7.2982,1.9178,0.421,35,1.1179,5.3886,6.0292,6.8699,"[0.998, 0.467, 1.099, 5.792, 1.233]","[0.22, 0.037, 0.114, 0.698, 0.051]",1.9824,9.589,,,,,,,,,,,,0.0133,281.6,299.7,,,,,,,,,,,,,,,,,,,,,,,,,,,,,,,1,0.0074,2026-07-21T18:26:39.159214+00:00,,,,,,,,,,olap,,,,,,,,,,
,duckdb,,0.0389,,,,0.123,1.602,1.479,0-7,medium,15.262,,,,,,,,,,,,,,,,,,,,,,,,,sha256:213584b9584d,0.0302,0.0,,,1150451.6,0.37,,,,,,,,,,,,0.0,tabular,1.5.4,0.37,32g,mem/tabular_duckdb_medium_olap_r2.csv,,,,,,425735,,,False,6.0389,1.8701,0.4315,35,1.1644,5.4707,5.8944,6.0117,"[0.918, 0.461, 1.154, 5.598, 1.218]","[0.226, 0.029, 0.115, 0.333, 0.043]",1.8925,9.349,,,,,,,,,,,,0.0131,292.3,309.6,,,,,,,,,,,,,,,,,,,,,,,,,,,,,,,2,0.0076,2026-07-21T18:26:40.623991+00:00,,,,,,,,,,olap,,,,,,,,,,
,duckdb,,0.0301,,,,0.13,1.585,1.455,0-7,medium,15.262,,,,,,,,,,,,,,,,,,,,,,,,,sha256:213584b9584d,0.0274,0.0,,,1136299.7,0.375,,,,,,,,,,,,0.0,tabular,1.5.4,0.375,32g,mem/tabular_duckdb_medium_olap_r3.csv,,,,,,425735,,,False,6.3543,1.8866,0.4385,35,1.1258,5.5923,5.8439,6.2867,"[0.915, 0.485, 1.127, 5.687, 1.218]","[0.203, 0.046, 0.082, 0.415, 0.084]",1.929,9.432,,,,,,,,,,,,0.013,289.7,307.3,,,,,,,,,,,,,,,,,,,,,,,,,,,,,,,3,0.0077,2026-07-21T18:26:42.080035+00:00,,,,,,,,,,olap,,,,,,,,,,
,duckdb,,0.0315,,,,0.136,1.528,1.392,0-7,medium,15.512,,,,,,,,,,,,,,,,,,,,,,,,,sha256:213584b9584d,0.0304,0.0,,,1133603.2,0.376,,,,,,,,,,,,0.0,tabular,1.5.4,0.376,32g,mem/tabular_duckdb_medium_olap_r4.csv,,,,,,425735,,,False,5.9245,1.8535,0.4137,35,1.2085,5.4693,5.8266,5.895,"[0.901, 0.499, 1.114, 5.506, 1.248]","[0.204, 0.069, 0.1, 0.365, 0.051]",1.8543,9.268,,,,,,,,,,,,0.013,284.2,302.3,,,,,,,,,,,,,,,,,,,,,,,,,,,,,,,4,0.0076,2026-07-21T18:26:43.518106+00:00,,,,,,,,,,olap,,,,,,,,,,
,duckdb,,0.029,,,,0.14,1.768,1.628,0-7,medium,15.512,,,,,,,,,,,,,,,,,,,,,,,,,sha256:213584b9584d,0.0302,0.0,,,1146309.9,0.371,,,,,,,,,,,,0.0,tabular,1.5.4,0.371,32g,mem/tabular_duckdb_medium_olap_r5.csv,,,,,,425735,,,False,6.2416,1.8597,0.406,35,1.1716,5.2824,5.5722,6.1331,"[0.918, 0.455, 1.205, 5.476, 1.244]","[0.227, 0.03, 0.073, 0.413, 0.084]",1.843,9.298,,,,,,,,,,,,0.013,283.9,301.4,,,,,,,,,,,,,,,,,,,,,,,,,,,,,,,5,0.0072,2026-07-21T18:26:44.968972+00:00,,,,,,,,,,olap,,,,,,,,,,
,chroma,2.007,0.0,3.3312,0.217,all,0.679,7.161,6.482,0-7,tiny,43.888,,,,,,,,,,384,100,,,16,100,,,,,,,,,,sha256:09816de9ee61,0.4117,0.0,0.0,,,2.007,9762.6,,,,,,,,,2.007,,0.0,vector,1.5.9,,8g,mem/vector_chroma_tiny_r1.csv,all-MiniLM-L6-v2,,,,1000,,,19591,,,,,,,,,,,,,,,,,,,,,,,,,0.2172,500.3,602.5,,,,,,,,,,1.5407,0.8134,0.6475,1000,0.8128,0.8924,0.9103,0.9811,0.0684,,,,,,,,,,0.998,0.9978,0.9876,1,0.0,2026-08-03T22:51:41.739907+00:00,,,,,,,,,,,,,,,,,,,,32
,chroma,1.941,0.0,3.0448,0.246,all,0.677,7.268,6.591,0-7,tiny,43.888,,,,,,,,,,384,100,,,16,100,,,,,,,,,,sha256:09816de9ee61,0.3562,0.0,0.0,,,1.941,10091.3,,,,,,,,,1.941,,0.0,vector,1.5.9,,8g,mem/vector_chroma_tiny_r2.csv,all-MiniLM-L6-v2,,,,1000,,,19591,,,,,,,,,,,,,,,,,,,,,,,,,0.2461,506.5,558.1,,,,,,,,,,0.9606,0.8201,0.6659,1000,0.8194,0.8805,0.8941,0.9227,0.047,,,,,,,,,,0.998,0.9973,0.9874,2,0.0,2026-08-03T22:51:46.278078+00:00,,,,,,,,,,,,,,,,,,,,32
,chroma,1.898,0.0,3.1168,0.319,all,0.686,7.25,6.564,0-7,tiny,43.888,,,,,,,,,,384,100,,,16,100,,,,,,,,,,sha256:09816de9ee61,0.358,0.0,0.0,,,1.898,10320.3,,,,,,,,,1.898,,0.0,vector,1.5.9,,8g,mem/vector_chroma_tiny_r3.csv,all-MiniLM-L6-v2,,,,1000,,,19591,,,,,,,,,,,,,,,,,,,,,,,,,0.3194,525.6,577.8,,,,,,,,,,1.4598,0.8318,0.684,1000,0.8302,0.8903,0.9087,0.988,0.053,,,,,,,,,,0.998,0.9974,0.9871,3,0.0,2026-08-03T22:51:50.848514+00:00,,,,,,,,,,,,,,,,,,,,32
,chroma,2.091,0.0,3.0668,0.306,all,0.716,7.341,6.626,0-7,tiny,43.888,,,,,,,,,,384,100,,,16,100,,,,,,,,,,sha256:09816de9ee61,0.3563,0.0,0.0,,,2.091,9371.3,,,,,,,,,2.091,,0.0,vector,1.5.9,,8g,mem/vector_chroma_tiny_r4.csv,all-MiniLM-L6-v2,,,,1000,,,19591,,,,,,,,,,,,,,,,,,,,,,,,,0.3062,503.0,554.4,,,,,,,,,,1.1311,0.8261,0.6347,1000,0.8287,0.8891,0.905,0.9742,0.0542,,,,,,,,,,0.998,0.9978,0.9872,4,0.0,2026-08-03T22:51:55.637508+00:00,,,,,,,,,,,,,,,,,,,,32
,chroma,2.152,0.0,3.057,0.216,all,0.756,7.414,6.658,0-7,tiny,43.888,,,,,,,,,,384,100,,,16,100,,,,,,,,,,sha256:09816de9ee61,0.3551,0.0,0.0,,,2.152,9105.6,,,,,,,,,2.152,,0.0,vector,1.5.9,,8g,mem/vector_chroma_tiny_r5.csv,all-MiniLM-L6-v2,,,,1000,,,19591,,,,,,,,,,,,,,,,,,,,,,,,,0.2163,513.2,564.4,,,,,,,,,,1.5328,0.8286,0.6416,1000,0.8335,0.8936,0.911,1.0501,0.0709,,,,,,,,,,0.998,0.9982,0.9881,5,0.0,2026-08-03T22:52:00.371507+00:00,,,,,,,,,,,,,,,,,,,,32
,chroma,55.0,0.0,5.4226,0.226,all,11.686,235.014,223.328,0-7,small,540.206,,,,,,,,,,384,100,,,16,100,,,,,,,,,,sha256:09816de9ee61,0.3541,0.0,0.0,,,55.0,5462.2,,,,,,,,,55.0,,0.0,vector,1.5.9,,8g,mem/vector_chroma_small_r1.csv,all-MiniLM-L6-v2,,,,1000,,,300424,,,,,,,,,,,,,,,,,,,,,,,,,0.2257,5645.9,6661.0,,,,,,,,,,1.5807,1.0101,0.6883,1000,1.0046,1.1161,1.1536,1.261,0.0882,,,,,,,,,,0.984,0.978,0.9626,1,0.0,2026-08-03T22:53:01.496450+00:00,,,,,,,,,,,,,,,,,,,,32
,chroma,55.504,0.0,5.0926,0.214,all,11.85,235.694,223.844,0-7,small,540.206,,,,,,,,,,384,100,,,16,100,,,,,,,,,,sha256:09816de9ee61,0.3602,0.0,0.0,,,55.504,5412.6,,,,,,,,,55.504,,0.0,vector,1.5.9,,8g,mem/vector_chroma_small_r2.csv,all-MiniLM-L6-v2,,,,1000,,,300424,,,,,,,,,,,,,,,,,,,,,,,,,0.2138,5643.8,6217.3,,,,,,,,,,1.4162,1.0491,0.7129,1000,1.0519,1.1335,1.1571,1.2302,0.0765,,,,,,,,,,0.984,0.9786,0.9624,2,0.0,2026-08-03T22:54:03.040855+00:00,,,,,,,,,,,,,,,,,,,,32
,chroma,54.9,0.0,5.1591,0.213,all,11.679,235.321,223.642,0-7,small,540.206,,,,,,,,,,384,100,,,16,100,,,,,,,,,,sha256:09816de9ee61,0.3658,0.0,0.0,,,54.9,5472.2,,,,,,,,,54.9,,0.0,vector,1.5.9,,8g,mem/vector_chroma_small_r3.csv,all-MiniLM-L6-v2,,,,1000,,,300424,,,,,,,,,,,,,,,,,,,,,,,,,0.2134,5645.4,6218.5,,,,,,,,,,1.3409,1.0248,0.6964,1000,1.0209,1.127,1.1636,1.2296,0.0813,,,,,,,,,,0.983,0.977,0.9619,3,0.0,2026-08-03T22:55:04.077080+00:00,,,,,,,,,,,,,,,,,,,,32
,chroma,56.176,0.0,4.9152,0.216,all,11.677,235.866,224.19,0-7,small,540.206,,,,,,,,,,384,100,,,16,100,,,,,,,,,,sha256:09816de9ee61,0.376,0.0,0.0,,,56.176,5347.9,,,,,,,,,56.176,,0.0,vector,1.5.9,,8g,mem/vector_chroma_small_r4.csv,all-MiniLM-L6-v2,,,,1000,,,300424,,,,,,,,,,,,,,,,,,,,,,,,,0.2158,5647.3,6220.6,,,,,,,,,,1.2801,1.0267,0.6979,1000,1.0298,1.117,1.1337,1.1764,0.0733,,,,,,,,,,0.983,0.9776,0.9616,4,0.0,2026-08-03T22:56:06.424627+00:00,,,,,,,,,,,,,,,,,,,,32
,chroma,55.716,0.0,5.528,0.219,all,11.623,235.564,223.941,0-7,small,540.206,,,,,,,,,,384,100,,,16,100,,,,,,,,,,sha256:09816de9ee61,0.3699,0.0,0.0,,,55.716,5392.1,,,,,,,,,55.716,,0.0,vector,1.5.9,,8g,mem/vector_chroma_small_r5.csv,all-MiniLM-L6-v2,,,,1000,,,300424,,,,,,,,,,,,,,,,,,,,,,,,,0.2192,5645.9,6219.5,,,,,,,,,,1.5483,1.0191,0.6611,1000,1.0198,1.1146,1.1497,1.2762,0.0897,,,,,,,,,,0.984,0.9775,0.9625,5,0.0,2026-08-03T22:57:08.274408+00:00,,,,,,,,,,,,,,,,,,,,32
,chroma,315.745,0.0,3.3188,0.221,all,70.532,1324.194,1253.662,0-7,medium,2208.031,,,,,,,,,,384,100,,,16,100,,,,,,,,,,sha256:09816de9ee61,0.3659,0.0,0.0,,,315.745,3934.8,,,,,,,,,315.745,,0.0,vector,1.5.9,,32g,mem/vector_chroma_medium_r1.csv,all-MiniLM-L6-v2,,,,1000,,,1242391,,,,,,,,,,,,,,,,,,,,,,,,,0.2208,22856.2,27002.5,,,,,,,,,,1.4284,1.1743,0.6981,1000,1.1771,1.2813,1.3082,1.3614,0.0888,,,,,,,,,,0.985,0.9718,0.9467,1,0.0,2026-08-03T23:02:41.753124+00:00,,,,,,,,,,,,,,,,,,,,32
,chroma,318.492,0.0,3.0694,0.225,all,71.069,1325.326,1254.257,0-7,medium,2208.031,,,,,,,,,,384,100,,,16,100,,,,,,,,,,sha256:09816de9ee61,0.3781,0.0,0.0,,,318.492,3900.9,,,,,,,,,318.492,,0.0,vector,1.5.9,,32g,mem/vector_chroma_medium_r2.csv,all-MiniLM-L6-v2,,,,1000,,,1242391,,,,,,,,,,,,,,,,,,,,,,,,,0.2253,22900.5,25224.1,,,,,,,,,,1.4451,1.1735,0.7777,1000,1.1795,1.2684,1.2887,1.3695,0.0829,,,,,,,,,,0.983,0.9703,0.9458,2,0.0,2026-08-03T23:08:17.607606+00:00,,,,,,,,,,,,,,,,,,,,32
,chroma,319.114,0.0,3.6554,0.326,all,70.905,1326.606,1255.7,0-7,medium,2208.031,,,,,,,,,,384,100,,,16,100,,,,,,,,,,sha256:09816de9ee61,0.3751,0.0,0.0,,,319.114,3893.3,,,,,,,,,319.114,,0.0,vector,1.5.9,,32g,mem/vector_chroma_medium_r3.csv,all-MiniLM-L6-v2,,,,1000,,,1242391,,,,,,,,,,,,,,,,,,,,,,,,,0.3261,22870.1,25193.7,,,,,,,,,,1.631,1.1671,0.7713,1000,1.1702,1.2596,1.2853,1.364,0.082,,,,,,,,,,0.985,0.9721,0.9469,3,0.0,2026-08-03T23:13:54.139810+00:00,,,,,,,,,,,,,,,,,,,,32
,chroma,319.219,0.0,3.4907,0.215,all,71.74,1326.432,1254.693,0-7,medium,2208.031,,,,,,,,,,384,100,,,16,100,,,,,,,,,,sha256:09816de9ee61,0.3706,0.0,0.0,,,319.219,3892.0,,,,,,,,,319.219,,0.0,vector,1.5.9,,32g,mem/vector_chroma_medium_r4.csv,all-MiniLM-L6-v2,,,,1000,,,1242391,,,,,,,,,,,,,,,,,,,,,,,,,0.2146,22849.8,25173.4,,,,,,,,,,1.5931,1.1516,0.7057,1000,1.1535,1.2522,1.2844,1.4084,0.0918,,,,,,,,,,0.984,0.9707,0.9457,4,0.0,2026-08-03T23:19:30.527637+00:00,,,,,,,,,,,,,,,,,,,,32
,chroma,320.61,0.0,3.3786,0.22,all,71.158,1327.221,1256.062,0-7,medium,2208.031,,,,,,,,,,384,100,,,16,100,,,,,,,,,,sha256:09816de9ee61,0.3774,0.0,0.0,,,320.61,3875.1,,,,,,,,,320.61,,0.0,vector,1.5.9,,32g,mem/vector_chroma_medium_r5.csv,all-MiniLM-L6-v2,,,,1000,,,1242391,,,,,,,,,,,,,,,,,,,,,,,,,0.2204,22888.2,25212.1,,,,,,,,,,1.4193,1.1714,0.7839,1000,1.176,1.2768,1.3042,1.3485,0.0864,,,,,,,,,,0.983,0.9723,0.9478,5,0.0,2026-08-03T23:25:08.139196+00:00,,,,,,,,,,,,,,,,,,,,32
6g,arcadedb,4.445,0.0301,50.1535,0.307,all,0.557,24.353,23.796,0-7,tiny,45.317,,,,,,,,,,384,100,,,16,100,,,,,,,,,,sha256:d0dbe7c653c1,0.0236,3.468,3.468,,,0.977,20049.9,,,,,,,,,0.977,,0.1749,vector,26.8.1,,8g,mem/vector_arcadedb_tiny_r1.csv,all-MiniLM-L6-v2,,,,1000,,,19591,,,,,,,,,,,,,,,,,,,,,,,,,0.1318,1142.6,1240.0,,,,,,,,,,12.4009,1.4092,0.9513,1000,1.3794,1.6426,1.7517,1.9456,0.396,,,,,,,,,,0.999,0.9991,0.9942,1,0.1621,2026-08-03T23:25:15.786669+00:00,,,,,,,,,,,,,,,,,,,,32
6g,arcadedb,4.122,0.0311,66.2632,0.296,all,0.428,22.31,21.882,0-7,tiny,45.317,,,,,,,,,,384,100,,,16,100,,,,,,,,,,sha256:d0dbe7c653c1,0.0258,3.156,3.156,,,0.965,20294.7,,,,,,,,,0.965,,0.1725,vector,26.8.1,,8g,mem/vector_arcadedb_tiny_r2.csv,all-MiniLM-L6-v2,,,,1000,,,19591,,,,,,,,,,,,,,,,,,,,,,,,,0.1235,792.3,898.3,,,,,,,,,,7.6694,1.3003,0.9058,1000,1.272,1.5164,1.5868,1.7935,0.2652,,,,,,,,,,0.999,0.9987,0.994,2,0.1547,2026-08-03T23:25:22.714574+00:00,,,,,,,,,,,,,,,,,,,,32
6g,arcadedb,4.321,0.0228,54.2948,0.296,all,0.49,23.274,22.784,0-7,tiny,45.317,,,,,,,,,,384,100,,,16,100,,,,,,,,,,sha256:d0dbe7c653c1,0.0239,3.319,3.319,,,1.002,19547.6,,,,,,,,,1.002,,0.1671,vector,26.8.1,,8g,mem/vector_arcadedb_tiny_r3.csv,all-MiniLM-L6-v2,,,,1000,,,19591,,,,,,,,,,,,,,,,,,,,,,,,,0.1285,660.6,829.8,,,,,,,,,,11.1828,1.3141,0.9413,1000,1.2459,1.5566,1.6714,2.0416,0.465,,,,,,,,,,0.999,0.9989,0.9939,3,0.1666,2026-08-03T23:25:29.940195+00:00,,,,,,,,,,,,,,,,,,,,32
6g,arcadedb,4.417,0.0336,47.8804,0.31,all,0.339,24.417,24.078,0-7,tiny,45.317,,,,,,,,,,384,100,,,16,100,,,,,,,,,,sha256:d0dbe7c653c1,0.0258,3.455,3.455,,,0.962,20355.1,,,,,,,,,0.962,,0.1686,vector,26.8.1,,8g,mem/vector_arcadedb_tiny_r4.csv,all-MiniLM-L6-v2,,,,1000,,,19591,,,,,,,,,,,,,,,,,,,,,,,,,0.1416,537.5,634.7,,,,,,,,,,9.7141,1.344,0.9589,1000,1.2778,1.5796,1.7654,2.3875,0.4137,,,,,,,,,,0.999,0.9989,0.9944,4,0.1545,2026-08-03T23:25:37.413970+00:00,,,,,,,,,,,,,,,,,,,,32
6g,arcadedb,4.28,0.0507,46.5248,0.316,all,0.405,23.111,22.707,0-7,tiny,45.317,,,,,,,,,,384,100,,,16,100,,,,,,,,,,sha256:d0dbe7c653c1,0.0244,3.257,3.257,,,1.023,19153.6,,,,,,,,,1.023,,0.1778,vector,26.8.1,,8g,mem/vector_arcadedb_tiny_r5.csv,all-MiniLM-L6-v2,,,,1000,,,19591,,,,,,,,,,,,,,,,,,,,,,,,,0.138,641.2,737.3,,,,,,,,,,9.2111,1.3317,0.9024,1000,1.2856,1.5724,1.691,1.8674,0.3725,,,,,,,,,,0.999,0.9991,0.9937,5,0.1647,2026-08-03T23:25:44.755127+00:00,,,,,,,,,,,,,,,,,,,,32
6g,arcadedb,,0.0455,,,,0.257,8.746,8.489,0-7,tiny,1.002,16.3357,0.4563,0.0408,503,0.2816,0.5036,0.6875,1.6257,1.3101,,,,,,,,,,,,,,,,sha256:d0dbe7c653c1,0.0159,0.0,,,10546.5,0.948,,14.8702,0.2655,0.1249,512,0.1961,0.2923,0.3617,0.5473,,0.8424,0.1841,tabular,26.8.1,0.948,8g,mem/tabular_arcadedb_tiny_oltp_r1.csv,,,,,,10000,,,False,,,,,,,,,,,,,47.56,0.1979,0.011,5000,5038.4,0.0885,0.2928,0.3777,0.7034,1.2231,0.992,0.1312,331.6,372.2,,,,,,,,,,,,,,,,,,,47.56,0.1008,0.011,2942,0.0579,0.0989,0.1161,0.1779,1.2412,,,,1,0.229,2026-08-03T23:25:48.543756+00:00,30.2122,0.3137,0.0405,1043,0.2003,0.3829,0.4763,0.8132,1.2551,oltp,,,,,,,,,,
6g,arcadedb,,0.0592,,,,0.271,9.233,8.962,0-7,tiny,1.002,14.5092,0.4412,0.0427,503,0.2983,0.5692,0.6999,1.1552,1.055,,,,,,,,,,,,,,,,sha256:d0dbe7c653c1,0.0156,0.0,,,11286.9,0.886,,39.9892,0.4545,0.1166,512,0.2019,0.3477,0.4047,12.6791,,2.2279,0.1815,tabular,26.8.1,0.886,8g,mem/tabular_arcadedb_tiny_oltp_r2.csv,,,,,,10000,,,False,,,,,,,,,,,,,39.9892,0.2094,0.0107,5000,4762.3,0.0937,0.3257,0.4242,0.7324,1.188,1.05,0.1262,358.4,399.6,,,,,,,,,,,,,,,,,,,39.242,0.0921,0.0107,2942,0.0585,0.1085,0.129,0.1759,0.8139,,,,2,0.1983,2026-08-03T23:25:52.161944+00:00,38.5447,0.3081,0.0396,1043,0.2043,0.4186,0.5043,0.7997,1.349,oltp,,,,,,,,,,
6g,arcadedb,,0.0606,,,,0.311,9.005,8.695,0-7,tiny,1.002,23.5214,0.4595,0.0427,503,0.3192,0.6018,0.7476,1.3933,1.2787,,,,,,,,,,,,,,,,sha256:d0dbe7c653c1,0.0149,0.0,,,10462.7,0.956,,45.022,0.3828,0.1192,512,0.2015,0.3635,0.4115,0.8925,,2.1844,0.1884,tabular,26.8.1,0.956,8g,mem/tabular_arcadedb_tiny_oltp_r3.csv,,,,,,10000,,,False,,,,,,,,,,,,,45.022,0.2081,0.0105,5000,4791.5,0.0902,0.3412,0.4301,0.7761,1.1513,1.044,0.1361,374.6,411.3,,,,,,,,,,,,,,,,,,,38.2912,0.0839,0.0105,2942,0.0584,0.1058,0.1342,0.1925,0.7322,,,,3,0.2315,2026-08-03T23:25:55.990598+00:00,25.3732,0.3514,0.0417,1043,0.2058,0.4213,0.5212,0.8207,1.2656,oltp,,,,,,,,,,
6g,arcadedb,,0.0456,,,,0.292,9.359,9.067,0-7,tiny,1.002,43.1781,0.5088,0.0448,503,0.2851,0.5618,0.7041,1.3545,2.2259,,,,,,,,,,,,,,,,sha256:d0dbe7c653c1,0.0146,0.0,,,10092.8,0.991,,32.0504,0.4062,0.1185,512,0.2053,0.3815,0.4377,1.1341,,1.8646,0.1766,tabular,26.8.1,0.991,8g,mem/tabular_arcadedb_tiny_oltp_r4.csv,,,,,,10000,,,False,,,,,,,,,,,,,109.7713,0.2389,0.0098,5000,4174.9,0.0967,0.3348,0.4301,0.7717,2.0362,1.198,0.1254,371.4,411.2,,,,,,,,,,,,,,,,,,,109.7713,0.1302,0.0098,2942,0.06,0.1142,0.1323,0.2231,2.1644,,,,4,0.2207,2026-08-03T23:25:59.908604+00:00,44.5108,0.3331,0.0467,1043,0.1998,0.4244,0.5131,0.8531,1.573,oltp,,,,,,,,,,
6g,arcadedb,,0.0442,,,,0.272,8.807,8.534,0-7,tiny,1.002,13.3715,0.4765,0.0422,503,0.263,0.563,0.7817,8.3178,1.2711,,,,,,,,,,,,,,,,sha256:d0dbe7c653c1,0.015,0.0,,,11062.2,0.904,,16.0327,0.2538,0.1175,512,0.1868,0.3214,0.4076,0.6023,,0.7052,0.1751,tabular,26.8.1,0.904,8g,mem/tabular_arcadedb_tiny_oltp_r5.csv,,,,,,10000,,,False,,,,,,,,,,,,,48.4221,0.1985,0.0105,5000,5023.7,0.0892,0.3095,0.4201,0.7768,1.2184,0.995,0.1385,369.5,411.1,,,,,,,,,,,,,,,,,,,48.4221,0.1057,0.0105,2942,0.056,0.1056,0.1297,0.1949,1.1844,,,,5,0.2218,2026-08-03T23:26:03.382773+00:00,42.9807,0.299,0.0427,1043,0.1781,0.4107,0.5207,0.8169,1.4363,oltp,,,,,,,,,,
6g,arcadedb,,0.068,,,,0.252,8.052,7.8,0-7,tiny,1.752,,,,,,,,,,,,,,,,,,,,,,,,,sha256:d0dbe7c653c1,0.0151,0.108,,,10211.1,0.979,,,,,,,,,,,,0.1776,tabular,26.8.1,0.979,8g,mem/tabular_arcadedb_tiny_olap_r1.csv,,,,,,10000,,,True,81.0885,15.3877,0.4635,35,12.7048,25.7384,35.9057,68.6233,"[30.185, 12.116, 2.076, 19.711, 12.85]","[21.765, 4.416, 3.864, 10.29, 4.023]",14.5753,76.938,,,,,,,,,,,,0.1433,341.2,351.6,,,,,,,,,,,,,,,,,,,,,,,,,,,,,,,1,0.2072,2026-08-03T23:26:06.554183+00:00,,,,,,,,,,olap,,,,,,,,,,
6g,arcadedb,,0.0632,,,,0.241,8.052,7.811,0-7,tiny,1.752,,,,,,,,,,,,,,,,,,,,,,,,,sha256:d0dbe7c653c1,0.0149,0.112,,,10197.5,0.981,,,,,,,,,,,,0.1762,tabular,26.8.1,0.981,8g,mem/tabular_arcadedb_tiny_olap_r2.csv,,,,,,10000,,,True,95.6495,16.6566,0.4745,35,12.1326,24.447,54.1589,87.0833,"[36.618, 13.557, 2.177, 20.262, 10.669]","[30.472, 5.184, 4.065, 11.23, 2.789]",18.8278,83.283,,,,,,,,,,,,0.1344,340.3,351.0,,,,,,,,,,,,,,,,,,,,,,,,,,,,,,,2,0.2058,2026-08-03T23:26:09.746711+00:00,,,,,,,,,,olap,,,,,,,,,,
6g,arcadedb,,0.0665,,,,0.202,8.19,7.988,0-7,tiny,1.752,,,,,,,,,,,,,,,,,,,,,,,,,sha256:d0dbe7c653c1,0.0147,0.104,,,10899.5,0.917,,,,,,,,,,,,0.1756,tabular,26.8.1,0.917,8g,mem/tabular_arcadedb_tiny_olap_r3.csv,,,,,,10000,,,True,100.0788,16.9407,0.4482,35,13.9229,29.0497,37.567,82.7727,"[35.417, 14.514, 1.778, 20.903, 12.091]","[26.968, 6.931, 3.16, 11.63, 3.727]",17.6116,84.703,,,,,,,,,,,,0.141,312.6,323.1,,,,,,,,,,,,,,,,,,,,,,,,,,,,,,,3,0.2112,2026-08-03T23:26:12.939999+00:00,,,,,,,,,,olap,,,,,,,,,,
6g,arcadedb,,0.0699,,,,0.208,8.005,7.797,0-7,tiny,1.752,,,,,,,,,,,,,,,,,,,,,,,,,sha256:d0dbe7c653c1,0.0164,0.089,,,10114.1,0.989,,,,,,,,,,,,0.1753,tabular,26.8.1,0.989,8g,mem/tabular_arcadedb_tiny_olap_r4.csv,,,,,,10000,,,True,81.5868,15.2232,0.4799,35,11.3618,25.9238,34.6601,69.4587,"[28.519, 12.62, 1.885, 20.637, 12.453]","[22.327, 5.786, 3.388, 11.858, 3.239]",14.7851,76.114,,,,,,,,,,,,0.1347,332.1,342.1,,,,,,,,,,,,,,,,,,,,,,,,,,,,,,,4,0.1973,2026-08-03T23:26:16.165077+00:00,,,,,,,,,,olap,,,,,,,,,,
6g,arcadedb,,0.0662,,,,0.201,8.092,7.891,0-7,tiny,1.752,,,,,,,,,,,,,,,,,,,,,,,,,sha256:d0dbe7c653c1,0.0156,0.103,,,10023.6,0.998,,,,,,,,,,,,0.1756,tabular,26.8.1,0.998,8g,mem/tabular_arcadedb_tiny_olap_r5.csv,,,,,,10000,,,True,90.9791,16.0914,0.7486,35,12.265,24.6554,34.6883,75.0968,"[30.065, 13.35, 2.233, 21.925, 12.884]","[25.488, 6.572, 3.542, 10.223, 2.147]",15.8346,80.457,,,,,,,,,,,,0.1296,334.0,344.1,,,,,,,,,,,,,,,,,,,,,,,,,,,,,,,5,0.2093,2026-08-03T23:26:19.374427+00:00,,,,,,,,,,olap,,,,,,,,,,
6g,arcadedb,,0.0941,,,,0.32,10.439,10.119,0-7,tiny,44.508,,,,,,,,,,,,,,,,94.1389,0.3808,0.0148,729,0.2019,0.4614,0.5321,0.8404,3.4789,sha256:d0dbe7c653c1,0.0172,0.0,,10126.2,,1.516,,,,,,,,,,,,0.1784,graph,26.8.1,1.516,8g,mem/graph_arcadedb_tiny_oltp_r1.csv,,5767,9585,10000,,,10000,,,,,,,,,,,,,,,94.1389,0.3089,0.0148,2000,3227.6,0.2018,0.425,0.5231,0.8402,2.1434,0.62,0.1422,509.4,564.6,2.7666,0.2052,0.0267,975,0.1597,0.3657,0.4238,0.5742,0.1458,,,,,,,,,,,,,,,,,,,,,,1,0.2384,2026-08-03T23:26:23.334630+00:00,,,,,,,,,,oltp,13.1593,0.4736,0.2396,296,0.3339,0.5753,0.6281,1.2716,1.0446,
6g,arcadedb,,0.1047,,,,0.39,11.197,10.807,0-7,tiny,44.508,,,,,,,,,,,,,,,,121.3698,0.4589,0.0167,729,0.2127,0.4722,0.5732,0.8096,4.5361,sha256:d0dbe7c653c1,0.0158,0.0,,10164.1,,1.51,,,,,,,,,,,,0.1767,graph,26.8.1,1.51,8g,mem/graph_arcadedb_tiny_oltp_r2.csv,,5767,9585,10000,,,10000,,,,,,,,,,,,,,,121.3698,0.3614,0.0167,2000,2759.4,0.2149,0.4589,0.5554,0.814,2.8871,0.725,0.1435,549.2,621.6,2.4381,0.2179,0.0277,975,0.1752,0.3848,0.4507,0.6677,0.1449,,,,,,,,,,,,,,,,,,,,,,2,0.2498,2026-08-03T23:26:27.337932+00:00,,,,,,,,,,oltp,37.9879,0.5941,0.2172,296,0.3761,0.5987,0.7027,1.0974,2.3301,
6g,arcadedb,,0.152,,,,0.335,10.367,10.032,0-7,tiny,44.508,,,,,,,,,,,,,,,,101.151,0.4187,0.0207,729,0.1967,0.5304,0.637,1.1096,3.7505,sha256:d0dbe7c653c1,0.0145,0.0,,10077.2,,1.523,,,,,,,,,,,,0.1743,graph,26.8.1,1.523,8g,mem/graph_arcadedb_tiny_oltp_r3.csv,,5767,9585,10000,,,10000,,,,,,,,,,,,,,,101.151,0.3266,0.0207,2000,3051.6,0.2083,0.5122,0.6371,0.9987,2.2752,0.655,0.1459,563.8,619.0,2.382,0.2274,0.0215,975,0.1616,0.4385,0.5413,0.8336,0.1753,,,,,,,,,,,,,,,,,,,,,,3,0.2166,2026-08-03T23:26:31.465007+00:00,,,,,,,,,,oltp,5.337,0.4266,0.2069,296,0.327,0.6858,0.742,1.1869,0.4103,
6g,arcadedb,,0.0947,,,,0.294,10.66,10.365,0-7,tiny,44.508,,,,,,,,,,,,,,,,85.8448,0.3901,0.0188,729,0.2131,0.4042,0.4946,0.7259,3.2419,sha256:d0dbe7c653c1,0.0136,0.0,,10175.3,,1.509,,,,,,,,,,,,0.1776,graph,26.8.1,1.509,8g,mem/graph_arcadedb_tiny_oltp_r4.csv,,5767,9585,10000,,,10000,,,,,,,,,,,,,,,85.8448,0.3317,0.0188,2000,3006.8,0.2095,0.423,0.4876,0.7236,2.0901,0.665,0.1418,468.0,566.0,11.272,0.2137,0.0231,975,0.1688,0.327,0.3993,0.5708,0.3745,,,,,,,,,,,,,,,,,,,,,,4,0.2255,2026-08-03T23:26:35.475772+00:00,,,,,,,,,,oltp,24.5991,0.5765,0.2329,296,0.3645,0.5255,0.5717,4.6421,1.748,
6g,arcadedb,,0.0924,,,,0.331,10.921,10.59,0-7,tiny,44.508,,,,,,,,,,,,,,,,102.1488,0.4436,0.0203,729,0.2234,0.5236,0.6852,1.074,3.801,sha256:d0dbe7c653c1,0.017,0.0,,9868.2,,1.556,,,,,,,,,,,,0.1782,graph,26.8.1,1.556,8g,mem/graph_arcadedb_tiny_oltp_r5.csv,,5767,9585,10000,,,10000,,,,,,,,,,,,,,,102.1488,0.3613,0.0203,2000,2759.6,0.2267,0.5166,0.6527,1.0847,2.3566,0.725,0.1343,558.2,613.5,12.9304,0.2465,0.0205,975,0.1833,0.4341,0.5394,0.9186,0.4474,,,,,,,,,,,,,,,,,,,,,,5,0.2283,2026-08-03T23:26:39.391177+00:00,,,,,,,,,,oltp,14.0073,0.5369,0.2315,296,0.3778,0.6995,0.8162,3.2811,1.0912,
6g,arcadedb,,0.1033,,,,0.36,11.294,10.934,0-7,tiny,44.508,,,,,,,,,,,,True,0.393,,,,,,,,,,,,sha256:d0dbe7c653c1,0.015,0.393,,9847.4,,1.559,,,,,,,,,,,,0.1767,graph,26.8.1,1.559,8g,mem/graph_arcadedb_tiny_olap_r1.csv,,5767,9585,10000,,,10000,,,147.4013,17.7802,0.5982,28,8.48,40.4151,55.4001,123.3095,"[30.879, 7.311, 2.133, 30.798]","[47.765, 1.956, 2.143, 16.451]",28.531,71.121,,,,,,,,,,,,0.1306,667.7,721.5,,,,,,,,,,,,,,,,,,,,,,,,,,,,,,,1,0.1857,2026-08-03T23:26:43.557607+00:00,,,,,,,,,,olap,,,,,,,,,,
6g,arcadedb,,0.104,,,,0.312,11.143,10.831,0-7,tiny,44.508,,,,,,,,,,,,True,0.403,,,,,,,,,,,,sha256:d0dbe7c653c1,0.0181,0.403,,10268.0,,1.495,,,,,,,,,,,,0.1746,graph,26.8.1,1.495,8g,mem/graph_arcadedb_tiny_olap_r2.csv,,5767,9585,10000,,,10000,,,107.6689,16.7609,0.6452,28,8.8375,32.446,67.6018,101.0798,"[23.612, 7.681, 2.206, 33.544]","[34.341, 4.344, 2.16, 21.436]",23.9021,67.043,,,,,,,,,,,,0.13,421.3,484.5,,,,,,,,,,,,,,,,,,,,,,,,,,,,,,,2,0.1984,2026-08-03T23:26:47.479268+00:00,,,,,,,,,,olap,,,,,,,,,,
6g,arcadedb,,0.1079,,,,0.437,11.461,11.024,0-7,tiny,44.508,,,,,,,,,,,,True,0.417,,,,,,,,,,,,sha256:d0dbe7c653c1,0.0139,0.417,,9209.3,,1.667,,,,,,,,,,,,0.1762,graph,26.8.1,1.667,8g,mem/graph_arcadedb_tiny_olap_r3.csv,,5767,9585,10000,,,10000,,,134.8863,18.954,0.8898,28,10.6019,36.9882,58.4041,116.3709,"[28.64, 9.024, 2.522, 35.629]","[43.378, 2.191, 2.358, 15.293]",26.7692,75.815,,,,,,,,,,,,0.1306,872.4,927.0,,,,,,,,,,,,,,,,,,,,,,,,,,,,,,,3,0.2209,2026-08-03T23:26:51.649344+00:00,,,,,,,,,,olap,,,,,,,,,,
6g,arcadedb,,0.1062,,,,0.371,10.863,10.492,0-7,tiny,44.508,,,,,,,,,,,,True,0.372,,,,,,,,,,,,sha256:d0dbe7c653c1,0.0166,0.372,,10758.7,,1.427,,,,,,,,,,,,0.1806,graph,26.8.1,1.427,8g,mem/graph_arcadedb_tiny_olap_r4.csv,,5767,9585,10000,,,10000,,,121.1782,17.8409,0.6344,28,10.3331,31.6447,58.7013,107.4693,"[27.902, 8.08, 2.198, 33.184]","[38.131, 3.723, 2.149, 15.866]",24.4991,71.364,,,,,,,,,,,,0.1313,660.6,714.4,,,,,,,,,,,,,,,,,,,,,,,,,,,,,,,4,0.2061,2026-08-03T23:26:55.569988+00:00,,,,,,,,,,olap,,,,,,,,,,
6g,arcadedb,,0.0945,,,,0.324,10.723,10.399,0-7,tiny,44.508,,,,,,,,,,,,True,0.369,,,,,,,,,,,,sha256:d0dbe7c653c1,0.0162,0.369,,10013.8,,1.533,,,,,,,,,,,,0.1813,graph,26.8.1,1.533,8g,mem/graph_arcadedb_tiny_olap_r5.csv,,5767,9585,10000,,,10000,,,102.361,14.2358,0.6475,28,7.5454,27.0605,44.7465,88.1247,"[22.759, 6.006, 2.242, 25.936]","[32.569, 1.361, 2.27, 11.615]",20.1483,56.943,,,,,,,,,,,,0.1318,517.9,571.5,,,,,,,,,,,,,,,,,,,,,,,,,,,,,,,5,0.2174,2026-08-03T23:26:59.525487+00:00,,,,,,,,,,olap,,,,,,,,,,
6g,arcadedb,90.427,78.2677,52.9685,0.313,all,2.075,654.041,651.966,0-7,small,690.817,,,,,,,,,,384,100,,,16,100,,,,,,,,,,sha256:d0dbe7c653c1,0.0257,81.92,81.92,,,8.507,35316.9,,,,,,,,,8.507,,0.1752,vector,26.8.1,,8g,mem/vector_arcadedb_small_r1.csv,all-MiniLM-L6-v2,,,,1000,,,300424,,,,,,,,,,,,,,,,,,,,,,,,,0.1381,4909.8,5634.7,,,,,,,,,,43.1256,2.3826,0.998,1000,2.1176,3.4114,4.1341,4.9484,1.5034,,,,,,,,,,0.986,0.9837,0.9757,1,0.161,2026-08-03T23:29:52.794229+00:00,,,,,,,,,,,,,,,,,,,,32
6g,arcadedb,90.97,92.4183,56.1028,0.296,all,2.017,670.243,668.226,0-7,small,690.817,,,,,,,,,,384,100,,,16,100,,,,,,,,,,sha256:d0dbe7c653c1,0.0248,82.546,82.546,,,8.424,35661.2,,,,,,,,,8.424,,0.1666,vector,26.8.1,,8g,mem/vector_arcadedb_small_r2.csv,all-MiniLM-L6-v2,,,,1000,,,300424,,,,,,,,,,,,,,,,,,,,,,,,,0.1296,4810.9,5536.0,,,,,,,,,,41.1592,2.3006,0.8998,1000,2.0525,3.3162,4.0102,4.7433,1.4446,,,,,,,,,,0.984,0.9808,0.9743,2,0.146,2026-08-03T23:33:00.643069+00:00,,,,,,,,,,,,,,,,,,,,32
6g,arcadedb,91.244,81.9467,51.8286,0.307,all,2.111,675.157,673.046,0-7,small,690.817,,,,,,,,,,384,100,,,16,100,,,,,,,,,,sha256:d0dbe7c653c1,0.0261,82.813,82.813,,,8.431,35632.8,,,,,,,,,8.431,,0.1739,vector,26.8.1,,8g,mem/vector_arcadedb_small_r3.csv,all-MiniLM-L6-v2,,,,1000,,,300424,,,,,,,,,,,,,,,,,,,,,,,,,0.1327,4868.0,5593.9,,,,,,,,,,6.0778,2.292,0.9763,1000,2.0906,3.3499,3.9887,4.7516,0.7532,,,,,,,,,,0.987,0.9845,0.9763,3,0.1482,2026-08-03T23:35:58.093978+00:00,,,,,,,,,,,,,,,,,,,,32
6g,arcadedb,90.334,82.4997,136.5259,0.302,all,2.168,675.966,673.798,0-7,small,690.817,,,,,,,,,,384,100,,,16,100,,,,,,,,,,sha256:d0dbe7c653c1,0.0251,81.974,81.974,,,8.36,35936.1,,,,,,,,,8.36,,0.1707,vector,26.8.1,,8g,mem/vector_arcadedb_small_r4.csv,all-MiniLM-L6-v2,,,,1000,,,300424,,,,,,,,,,,,,,,,,,,,,,,,,0.1309,5084.7,5812.3,,,,,,,,,,69.6962,2.4129,0.941,1000,2.0791,3.4521,4.2777,5.344,2.3806,,,,,,,,,,0.985,0.984,0.9757,4,0.149,2026-08-03T23:38:55.545693+00:00,,,,,,,,,,,,,,,,,,,,32
6g,arcadedb,91.609,82.2762,47.9138,0.31,all,2.088,678.461,676.373,0-7,small,690.817,,,,,,,,,,384,100,,,16,100,,,,,,,,,,sha256:d0dbe7c653c1,0.0243,83.336,83.336,,,8.273,36313.5,,,,,,,,,8.273,,0.1781,vector,26.8.1,,8g,mem/vector_arcadedb_small_r5.csv,all-MiniLM-L6-v2,,,,1000,,,300424,,,,,,,,,,,,,,,,,,,,,,,,,0.1316,4995.6,5721.4,,,,,,,,,,5.9323,2.2878,0.9902,1000,2.0708,3.3781,3.9862,4.9191,0.7573,,,,,,,,,,0.985,0.9825,0.9755,5,0.1515,2026-08-03T23:41:53.791893+00:00,,,,,,,,,,,,,,,,,,,,32
6g,arcadedb,,0.0422,,,,0.348,14.049,13.701,0-7,small,9.064,28.4219,0.4207,0.0722,509,0.2916,0.5688,0.6359,0.8064,1.3849,,,,,,,,,,,,,,,,sha256:d0dbe7c653c1,0.0155,0.0,,,21008.4,5.016,,32.4981,0.3446,0.0958,547,0.1719,0.2999,0.3643,2.4398,,1.7551,0.1758,tabular,26.8.1,5.016,8g,mem/tabular_arcadedb_small_oltp_r1.csv,,,,,,105373,,,False,,,,,,,,,,,,,32.4981,0.1857,0.0136,5000,5367.8,0.102,0.3026,0.4041,0.6068,0.9377,0.931,0.1353,448.9,517.2,,,,,,,,,,,,,,,,,,,31.1713,0.0845,0.0136,2931,0.0589,0.1178,0.1386,0.1776,0.6143,,,,1,0.1905,2026-08-03T23:42:01.479302+00:00,12.6758,0.2747,0.0467,1013,0.2055,0.4057,0.4851,0.5908,0.7361,oltp,,,,,,,,,,
6g,arcadedb,,0.0624,,,,0.299,13.408,13.109,0-7,small,9.064,14.2243,0.3886,0.0737,509,0.252,0.4372,0.577,1.1576,1.0853,,,,,,,,,,,,,,,,sha256:d0dbe7c653c1,0.0156,0.0,,,21919.1,4.807,,13.7625,0.2205,0.0987,547,0.1543,0.2589,0.3112,0.4899,,0.6952,0.181,tabular,26.8.1,4.807,8g,mem/tabular_arcadedb_small_oltp_r2.csv,,,,,,105373,,,False,,,,,,,,,,,,,34.8947,0.1613,0.0131,5000,6180.7,0.0806,0.2625,0.3479,0.5553,0.7753,0.809,0.1296,445.8,505.4,,,,,,,,,,,,,,,,,,,34.8947,0.078,0.0131,2931,0.0541,0.0944,0.1169,0.1587,0.6825,,,,2,0.1784,2026-08-03T23:42:09.142349+00:00,15.3661,0.2562,0.0525,1013,0.1678,0.3559,0.4225,0.6378,0.8423,oltp,,,,,,,,,,
6g,arcadedb,,0.0658,,,,0.408,13.323,12.915,0-7,small,9.064,14.5898,0.3851,0.1075,509,0.2859,0.4812,0.5832,1.1929,0.9092,,,,,,,,,,,,,,,,sha256:d0dbe7c653c1,0.0156,0.0,,,22247.2,4.736,,14.1735,0.2608,0.0911,547,0.1688,0.2798,0.307,0.5173,,0.916,0.1866,tabular,26.8.1,4.736,8g,mem/tabular_arcadedb_small_oltp_r3.csv,,,,,,105373,,,False,,,,,,,,,,,,,33.6223,0.188,0.015,5000,5304.1,0.0787,0.2807,0.3567,0.5841,1.0751,0.943,0.1439,416.3,474.1,,,,,,,,,,,,,,,,,,,33.1254,0.0907,0.015,2931,0.0551,0.0896,0.1088,0.1544,0.8945,,,,3,0.1978,2026-08-03T23:42:16.724020+00:00,33.6223,0.3311,0.0439,1013,0.1864,0.3559,0.4252,0.7832,1.5657,oltp,,,,,,,,,,
6g,arcadedb,,0.042,,,,0.378,14.036,13.659,0-7,small,9.064,25.8811,0.4093,0.078,509,0.2837,0.4897,0.5995,0.7665,1.2753,,,,,,,,,,,,,,,,sha256:d0dbe7c653c1,0.0156,0.0,,,21192.9,4.972,,13.8035,0.227,0.1006,547,0.1721,0.2975,0.344,0.4801,,0.5947,0.1775,tabular,26.8.1,4.972,8g,mem/tabular_arcadedb_small_oltp_r4.csv,,,,,,105373,,,False,,,,,,,,,,,,,36.2868,0.1863,0.0143,5000,5347.3,0.1016,0.3073,0.3817,0.5661,0.961,0.935,0.1299,441.5,510.9,,,,,,,,,,,,,,,,,,,35.2578,0.0932,0.0143,2931,0.0658,0.1135,0.1272,0.1749,0.718,,,,4,0.2009,2026-08-03T23:42:24.436462+00:00,36.2868,0.3218,0.0556,1013,0.2105,0.3613,0.4315,0.6055,1.4105,oltp,,,,,,,,,,
6g,arcadedb,,0.0645,,,,0.34,13.315,12.975,0-7,small,9.064,14.3561,0.4081,0.0708,509,0.2692,0.4479,0.5505,1.1618,1.1368,,,,,,,,,,,,,,,,sha256:d0dbe7c653c1,0.0153,0.0,,,21084.2,4.998,,25.4884,0.2795,0.083,547,0.1605,0.2607,0.3006,0.4939,,1.3813,0.1782,tabular,26.8.1,4.998,8g,mem/tabular_arcadedb_small_oltp_r5.csv,,,,,,105373,,,False,,,,,,,,,,,,,31.0476,0.162,0.0134,5000,6155.2,0.0788,0.2654,0.345,0.5116,0.7859,0.812,0.145,449.5,509.4,,,,,,,,,,,,,,,,,,,31.0476,0.0756,0.0134,2931,0.0536,0.0889,0.1063,0.1466,0.6192,,,,5,0.2034,2026-08-03T23:42:32.157654+00:00,11.7447,0.2248,0.0446,1013,0.1831,0.3442,0.4,0.5123,0.4429,oltp,,,,,,,,,,
6g,arcadedb,,0.1099,,,,0.317,17.054,16.736,0-7,small,10.69,,,,,,,,,,,,,,,,,,,,,,,,,sha256:d0dbe7c653c1,0.0155,0.373,,,22150.5,4.757,,,,,,,,,,,,0.1728,tabular,26.8.1,4.757,8g,mem/tabular_arcadedb_small_olap_r1.csv,,,,,,105373,,,True,240.4644,78.3131,0.406,35,90.1623,107.2639,134.5994,219.7743,"[104.818, 73.54, 1.973, 116.224, 95.011]","[56.864, 11.474, 3.726, 26.293, 4.957]",49.7274,391.566,,,,,,,,,,,,0.1258,542.8,578.9,,,,,,,,,,,,,,,,,,,,,,,,,,,,,,,1,0.1783,2026-08-03T23:42:41.992970+00:00,,,,,,,,,,olap,,,,,,,,,,
6g,arcadedb,,0.0859,,,,0.321,17.067,16.746,0-7,small,10.69,,,,,,,,,,,,,,,,,,,,,,,,,sha256:d0dbe7c653c1,0.0155,0.401,,,21093.6,4.996,,,,,,,,,,,,0.1735,tabular,26.8.1,4.996,8g,mem/tabular_arcadedb_small_olap_r2.csv,,,,,,105373,,,True,229.1603,76.1654,0.3903,35,82.4265,114.6307,129.3971,200.6488,"[102.998, 70.38, 1.637, 113.406, 92.406]","[54.838, 4.975, 2.96, 13.805, 3.695]",47.3359,380.827,,,,,,,,,,,,0.1276,526.1,561.1,,,,,,,,,,,,,,,,,,,,,,,,,,,,,,,2,0.2098,2026-08-03T23:42:52.065735+00:00,,,,,,,,,,olap,,,,,,,,,,
6g,arcadedb,,0.07,,,,0.332,17.53,17.198,0-7,small,10.69,,,,,,,,,,,,,,,,,,,,,,,,,sha256:d0dbe7c653c1,0.0156,0.393,,,21067.1,5.002,,,,,,,,,,,,0.1732,tabular,26.8.1,5.002,8g,mem/tabular_arcadedb_small_olap_r3.csv,,,,,,105373,,,True,200.7918,76.6948,0.4139,35,85.2745,111.2424,135.97,193.8334,"[95.358, 70.849, 1.731, 121.121, 94.416]","[36.733, 5.965, 3.126, 32.932, 4.313]",46.449,383.475,,,,,,,,,,,,0.1245,540.9,576.3,,,,,,,,,,,,,,,,,,,,,,,,,,,,,,,3,0.2047,2026-08-03T23:43:02.092336+00:00,,,,,,,,,,olap,,,,,,,,,,
6g,arcadedb,,0.1057,,,,0.322,17.411,17.089,0-7,small,10.69,,,,,,,,,,,,,,,,,,,,,,,,,sha256:d0dbe7c653c1,0.0169,0.454,,,21611.0,4.876,,,,,,,,,,,,0.1757,tabular,26.8.1,4.876,8g,mem/tabular_arcadedb_small_olap_r4.csv,,,,,,105373,,,True,195.5292,77.7861,0.7014,35,91.0835,114.4038,138.0263,187.0781,"[101.768, 74.207, 2.442, 118.011, 92.502]","[43.116, 8.948, 4.099, 21.892, 1.75]",45.9076,388.93,,,,,,,,,,,,0.1304,515.7,551.2,,,,,,,,,,,,,,,,,,,,,,,,,,,,,,,4,0.2035,2026-08-03T23:43:12.152171+00:00,,,,,,,,,,olap,,,,,,,,,,
6g,arcadedb,,0.1089,,,,0.324,17.126,16.802,0-7,small,10.69,,,,,,,,,,,,,,,,,,,,,,,,,sha256:d0dbe7c653c1,0.0157,0.446,,,22181.0,4.751,,,,,,,,,,,,0.1762,tabular,26.8.1,4.751,8g,mem/tabular_arcadedb_small_olap_r5.csv,,,,,,105373,,,True,188.4384,76.991,0.4189,35,89.5977,113.7977,142.5378,179.5036,"[100.239, 75.292, 1.805, 113.594, 94.025]","[42.092, 8.149, 3.275, 20.592, 5.787]",45.0169,384.955,,,,,,,,,,,,0.1241,566.4,602.0,,,,,,,,,,,,,,,,,,,,,,,,,,,,,,,5,0.1992,2026-08-03T23:43:21.991212+00:00,,,,,,,,,,olap,,,,,,,,,,
6g,arcadedb,,0.1119,,,,1.236,26.596,25.36,0-7,small,475.321,,,,,,,,,,,,,,,,112.1225,0.4172,0.1042,714,0.2124,0.4692,0.6216,0.8531,4.1866,sha256:d0dbe7c653c1,0.0149,0.0,,17596.7,,9.038,,,,,,,,,,,,0.1784,graph,26.8.1,9.038,8g,mem/graph_arcadedb_small_oltp_r1.csv,,56255,102783,105373,,,138727,,,,,,,,,,,,,,,112.1225,0.3284,0.0474,2000,3035.8,0.2121,0.4764,0.5956,0.8064,2.5567,0.659,0.124,2623.8,3129.6,2.1462,0.2265,0.0474,996,0.1775,0.4431,0.5322,0.6517,0.1508,,,,,,,,,,,,,,,,,,,,,,1,0.2124,2026-08-03T23:43:33.464503+00:00,,,,,,,,,,oltp,22.4335,0.4595,0.1965,290,0.2987,0.604,0.7073,2.0935,1.3323,
6g,arcadedb,,0.1678,,,,1.167,25.648,24.481,0-7,small,475.321,,,,,,,,,,,,,,,,99.7789,0.3687,0.0813,714,0.1906,0.3889,0.4599,0.8548,3.726,sha256:d0dbe7c653c1,0.0152,0.0,,17655.9,,9.008,,,,,,,,,,,,0.177,graph,26.8.1,9.008,8g,mem/graph_arcadedb_small_oltp_r2.csv,,56255,102783,105373,,,138727,,,,,,,,,,,,,,,99.7789,0.2905,0.046,2000,3432.7,0.1931,0.3858,0.4588,0.843,2.2733,0.583,0.1387,2367.0,2869.9,2.5904,0.1966,0.046,996,0.1581,0.3355,0.3843,0.7199,0.1404,,,,,,,,,,,,,,,,,,,,,,2,0.1898,2026-08-03T23:43:45.000158+00:00,,,,,,,,,,oltp,18.8181,0.4207,0.1931,290,0.2896,0.4966,0.5531,1.1935,1.1531,
6g,arcadedb,,0.1268,,,,1.533,26.673,25.14,0-7,small,475.321,,,,,,,,,,,,,,,,104.3303,0.4148,0.0887,714,0.219,0.447,0.6578,0.9315,3.8961,sha256:d0dbe7c653c1,0.016,0.0,,17630.3,,9.021,,,,,,,,,,,,0.1738,graph,26.8.1,9.021,8g,mem/graph_arcadedb_small_oltp_r3.csv,,56255,102783,105373,,,138727,,,,,,,,,,,,,,,104.3303,0.3524,0.0486,2000,2830.8,0.2162,0.4803,0.6456,1.036,2.4061,0.707,0.1234,3109.6,3638.2,12.5356,0.2461,0.0486,996,0.1802,0.4213,0.596,0.8032,0.4348,,,,,,,,,,,,,,,,,,,,,,3,0.2199,2026-08-03T23:43:56.826232+00:00,,,,,,,,,,oltp,20.8566,0.5634,0.2062,290,0.3743,0.6818,0.9112,5.4321,1.345,
6g,arcadedb,,0.1517,,,,1.449,27.005,25.557,0-7,small,475.321,,,,,,,,,,,,,,,,98.9149,0.4118,0.0749,714,0.228,0.4493,0.5939,0.9035,3.6931,sha256:d0dbe7c653c1,0.0158,0.0,,17155.4,,9.27,,,,,,,,,,,,0.1753,graph,26.8.1,9.27,8g,mem/graph_arcadedb_small_oltp_r4.csv,,56255,102783,105373,,,138727,,,,,,,,,,,,,,,98.9149,0.3484,0.0529,2000,2862.4,0.2289,0.4758,0.608,0.9141,2.3098,0.699,0.1418,2472.8,2980.8,2.5721,0.2344,0.0529,996,0.1898,0.409,0.5007,0.7906,0.1592,,,,,,,,,,,,,,,,,,,,,,4,0.2283,2026-08-03T23:44:09.060120+00:00,,,,,,,,,,oltp,28.7061,0.5839,0.2146,290,0.3986,0.6576,0.8139,5.2197,1.7376,
6g,arcadedb,,0.1313,,,,1.605,26.242,24.637,0-7,small,475.321,,,,,,,,,,,,,,,,91.5475,0.4006,0.0949,714,0.2269,0.4521,0.5083,0.7627,3.4163,sha256:d0dbe7c653c1,0.0162,0.0,,17681.9,,8.994,,,,,,,,,,,,0.1743,graph,26.8.1,8.994,8g,mem/graph_arcadedb_small_oltp_r5.csv,,56255,102783,105373,,,138727,,,,,,,,,,,,,,,91.5475,0.3299,0.0513,2000,3022.4,0.2414,0.4646,0.5496,0.7234,2.052,0.662,0.1271,2631.1,3144.0,2.1787,0.2328,0.0513,996,0.1962,0.3752,0.4262,0.5445,0.1264,,,,,,,,,,,,,,,,,,,,,,5,0.1953,2026-08-03T23:44:20.642446+00:00,,,,,,,,,,oltp,4.8864,0.4889,0.2773,290,0.4154,0.6395,0.6987,1.2687,0.4227,
6g,arcadedb,,0.1326,,,,1.436,29.363,27.927,0-7,small,475.196,,,,,,,,,,,,True,0.644,,,,,,,,,,,,sha256:d0dbe7c653c1,0.0159,0.644,,17517.1,,9.079,,,,,,,,,,,,0.1751,graph,26.8.1,9.079,8g,mem/graph_arcadedb_small_olap_r1.csv,,56255,102783,105373,,,138727,,,208.5161,66.8974,3.9525,28,46.5423,135.9363,187.9342,207.6698,"[76.333, 45.469, 8.599, 137.189]","[55.396, 5.878, 10.572, 30.644]",57.1004,267.59,,,,,,,,,,,,0.1294,3268.9,3771.1,,,,,,,,,,,,,,,,,,,,,,,,,,,,,,,1,0.203,2026-08-03T23:44:34.079195+00:00,,,,,,,,,,olap,,,,,,,,,,
6g,arcadedb,,0.1635,,,,1.611,29.371,27.76,0-7,small,475.196,,,,,,,,,,,,True,0.601,,,,,,,,,,,,sha256:d0dbe7c653c1,0.0149,0.601,,16943.4,,9.386,,,,,,,,,,,,0.1808,graph,26.8.1,9.386,8g,mem/graph_arcadedb_small_olap_r2.csv,,56255,102783,105373,,,138727,,,193.1155,63.8921,3.5815,28,46.4159,122.8421,168.4335,192.3255,"[74.09, 44.112, 7.172, 130.194]","[49.139, 1.815, 7.698, 25.954]",53.0548,255.568,,,,,,,,,,,,0.1233,2942.1,3444.9,,,,,,,,,,,,,,,,,,,,,,,,,,,,,,,2,0.2197,2026-08-03T23:44:47.868979+00:00,,,,,,,,,,olap,,,,,,,,,,
6g,arcadedb,,0.1235,,,,1.36,29.542,28.182,0-7,small,475.196,,,,,,,,,,,,True,0.619,,,,,,,,,,,,sha256:d0dbe7c653c1,0.0152,0.619,,17862.2,,8.904,,,,,,,,,,,,0.1772,graph,26.8.1,8.904,8g,mem/graph_arcadedb_small_olap_r3.csv,,56255,102783,105373,,,138727,,,248.1782,68.2598,3.9294,28,46.8947,138.4783,188.7935,239.4582,"[74.007, 48.175, 8.883, 141.975]","[58.132, 11.433, 10.145, 44.374]",61.1921,273.04,,,,,,,,,,,,0.1363,2875.1,3416.6,,,,,,,,,,,,,,,,,,,,,,,,,,,,,,,3,0.2253,2026-08-03T23:45:01.186665+00:00,,,,,,,,,,olap,,,,,,,,,,
6g,arcadedb,,0.1531,,,,1.509,30.34,28.831,0-7,small,475.196,,,,,,,,,,,,True,0.649,,,,,,,,,,,,sha256:d0dbe7c653c1,0.0151,0.649,,17435.4,,9.122,,,,,,,,,,,,0.1957,graph,26.8.1,9.122,8g,mem/graph_arcadedb_small_olap_r4.csv,,56255,102783,105373,,,138727,,,248.8422,75.6871,3.9418,28,65.3177,181.3148,195.1127,235.5058,"[97.912, 47.089, 7.882, 149.865]","[61.833, 6.297, 8.792, 34.18]",64.2657,302.748,,,,,,,,,,,,0.1285,3396.0,3922.1,,,,,,,,,,,,,,,,,,,,,,,,,,,,,,,4,0.2269,2026-08-03T23:45:15.174883+00:00,,,,,,,,,,olap,,,,,,,,,,
6g,arcadedb,,0.1522,,,,2.053,29.537,27.484,0-7,small,475.196,,,,,,,,,,,,True,0.717,,,,,,,,,,,,sha256:d0dbe7c653c1,0.0172,0.717,,17132.5,,9.283,,,,,,,,,,,,0.1772,graph,26.8.1,9.283,8g,mem/graph_arcadedb_small_olap_r5.csv,,56255,102783,105373,,,138727,,,209.4538,74.7646,5.0631,28,69.5859,125.2024,174.0282,206.7022,"[91.21, 65.347, 9.704, 132.797]","[44.222, 1.85, 6.865, 31.535]",52.3461,299.058,,,,,,,,,,,,0.1275,4124.5,4628.6,,,,,,,,,,,,,,,,,,,,,,,,,,,,,,,5,0.1982,2026-08-03T23:45:29.271582+00:00,,,,,,,,,,olap,,,,,,,,,,
16g,arcadedb,547.885,508.0749,57.0748,0.3,all,8.468,4033.66,4025.192,0-7,medium,2856.442,,,,,,,,,,384,100,,,16,100,,,,,,,,,,sha256:d0dbe7c653c1,0.0247,516.479,516.479,,,31.407,39558.4,,,,,,,,,31.407,,0.1686,vector,26.8.1,,32g,mem/vector_arcadedb_medium_r1.csv,all-MiniLM-L6-v2,,,,1000,,,1242391,,,,,,,,,,,,,,,,,,,,,,,,,0.1319,18706.8,21688.5,,,,,,,,,,174.7766,4.1454,1.0142,1000,3.8633,5.5358,5.8967,7.217,5.5129,,,,,,,,,,0.987,0.9796,0.9649,1,0.1475,2026-08-04T00:03:12.199087+00:00,,,,,,,,,,,,,,,,,,,,32
16g,arcadedb,546.063,515.844,50.8704,0.316,all,7.717,4117.707,4109.99,0-7,medium,2856.442,,,,,,,,,,384,100,,,16,100,,,,,,,,,,sha256:d0dbe7c653c1,0.0261,513.842,513.842,,,32.221,38558.1,,,,,,,,,32.221,,0.171,vector,26.8.1,,32g,mem/vector_arcadedb_medium_r2.csv,all-MiniLM-L6-v2,,,,1000,,,1242391,,,,,,,,,,,,,,,,,,,,,,,,,0.1451,18759.9,21791.1,,,,,,,,,,115.7157,4.0145,0.9906,1000,3.7922,5.3993,5.8343,6.9588,3.6934,,,,,,,,,,0.987,0.98,0.9654,2,0.1501,2026-08-04T00:21:00.897617+00:00,,,,,,,,,,,,,,,,,,,,32
16g,arcadedb,541.317,520.2048,96.9598,0.288,all,7.785,4063.119,4055.333,0-7,medium,2856.442,,,,,,,,,,384,100,,,16,100,,,,,,,,,,sha256:d0dbe7c653c1,0.0249,509.434,509.434,,,31.882,38967.9,,,,,,,,,31.882,,0.1717,vector,26.8.1,,32g,mem/vector_arcadedb_medium_r3.csv,all-MiniLM-L6-v2,,,,1000,,,1242391,,,,,,,,,,,,,,,,,,,,,,,,,0.1168,18641.1,21650.4,,,,,,,,,,158.3793,4.1527,1.0304,1000,3.8737,5.5234,6.0216,7.344,5.0036,,,,,,,,,,0.985,0.9809,0.9651,3,0.1617,2026-08-04T00:38:49.348637+00:00,,,,,,,,,,,,,,,,,,,,32
16g,arcadedb,543.564,485.6255,56.8502,0.29,all,7.648,3957.085,3949.437,0-7,medium,2856.442,,,,,,,,,,384,100,,,16,100,,,,,,,,,,sha256:d0dbe7c653c1,0.0285,511.447,511.447,,,32.117,38683.0,,,,,,,,,32.117,,0.1703,vector,26.8.1,,32g,mem/vector_arcadedb_medium_r4.csv,all-MiniLM-L6-v2,,,,1000,,,1242391,,,,,,,,,,,,,,,,,,,,,,,,,0.1192,18438.2,21469.4,,,,,,,,,,7.9184,3.856,0.9813,1000,3.7398,5.2421,5.7432,6.6478,1.0473,,,,,,,,,,0.987,0.9794,0.9649,4,0.1659,2026-08-04T00:56:05.449568+00:00,,,,,,,,,,,,,,,,,,,,32
16g,arcadedb,550.594,453.1846,65.4459,0.306,all,6.829,3833.522,3826.692,0-7,medium,2856.442,,,,,,,,,,384,100,,,16,100,,,,,,,,,,sha256:d0dbe7c653c1,0.0258,518.871,518.871,,,31.722,39164.3,,,,,,,,,31.722,,0.1722,vector,26.8.1,,32g,mem/vector_arcadedb_medium_r5.csv,all-MiniLM-L6-v2,,,,1000,,,1242391,,,,,,,,,,,,,,,,,,,,,,,,,0.134,16701.7,19679.9,,,,,,,,,,145.9174,4.1698,1.0781,1000,3.8992,5.5539,6.0231,7.1131,4.6195,,,,,,,,,,0.984,0.9775,0.9637,5,0.1518,2026-08-04T01:12:56.360727+00:00,,,,,,,,,,,,,,,,,,,,32
16g,arcadedb,,0.0395,,,,0.473,27.131,26.658,0-7,medium,38.502,4.4501,0.3098,0.1547,502,0.2801,0.4562,0.53,0.6539,0.213,,,,,,,,,,,,,,,,sha256:d0dbe7c653c1,0.0186,0.0,,,24825.6,17.149,,3.8855,0.1919,0.0896,549,0.1538,0.2423,0.2923,0.4875,,0.2636,0.1892,tabular,26.8.1,17.149,32g,mem/tabular_arcadedb_medium_oltp_r1.csv,,,,,,425735,,,False,,,,,,,,,,,,,34.8744,0.1459,0.0267,5000,6825.5,0.0979,0.2775,0.3505,0.5171,0.5294,0.733,0.125,673.7,796.4,,,,,,,,,,,,,,,,,,,34.8744,0.0815,0.0267,2940,0.0591,0.1092,0.1238,0.1557,0.6481,,,,1,0.2576,2026-08-04T01:13:16.964800+00:00,7.5941,0.2269,0.0439,1009,0.196,0.3685,0.4243,0.527,0.2678,oltp,,,,,,,,,,
16g,arcadedb,,0.0546,,,,0.603,28.39,27.787,0-7,medium,38.502,16.9835,0.3295,0.1593,502,0.2627,0.4107,0.4875,0.6323,0.7966,,,,,,,,,,,,,,,,sha256:d0dbe7c653c1,0.0187,0.0,,,23712.7,17.954,,14.2865,0.2027,0.0985,549,0.1469,0.2218,0.2587,0.4049,,0.6503,0.1859,tabular,26.8.1,17.954,32g,mem/tabular_arcadedb_medium_oltp_r2.csv,,,,,,425735,,,False,,,,,,,,,,,,,34.8694,0.1572,0.0238,5000,6342.3,0.0761,0.2556,0.3312,0.4966,0.8741,0.788,0.1213,714.1,805.6,,,,,,,,,,,,,,,,,,,34.8694,0.0783,0.0238,2940,0.0541,0.087,0.1044,0.1526,0.703,,,,2,0.2096,2026-08-04T01:13:38.350095+00:00,33.7334,0.2765,0.0448,1009,0.1771,0.3444,0.3922,0.5434,1.3236,oltp,,,,,,,,,,
16g,arcadedb,,0.0519,,,,0.51,27.439,26.929,0-7,medium,38.502,4.7836,0.3224,0.1628,502,0.282,0.4961,0.5812,0.7629,0.2503,,,,,,,,,,,,,,,,sha256:d0dbe7c653c1,0.0186,0.0,,,24683.1,17.248,,15.4321,0.2201,0.0925,549,0.1583,0.2429,0.309,0.503,,0.6996,0.1807,tabular,26.8.1,17.248,32g,mem/tabular_arcadedb_medium_oltp_r3.csv,,,,,,425735,,,False,,,,,,,,,,,,,46.4625,0.1636,0.0248,5000,6090.8,0.0962,0.2771,0.3541,0.5801,0.9298,0.821,0.1155,716.9,803.1,,,,,,,,,,,,,,,,,,,37.6935,0.0886,0.0248,2940,0.0579,0.1163,0.1414,0.1833,0.7729,,,,3,0.1954,2026-08-04T01:13:58.911724+00:00,46.4625,0.2725,0.0427,1009,0.1891,0.3821,0.4825,0.6482,1.4844,oltp,,,,,,,,,,
16g,arcadedb,,0.04,,,,0.498,27.367,26.869,0-7,medium,38.502,16.8798,0.3333,0.1552,502,0.2562,0.442,0.512,0.7129,0.7725,,,,,,,,,,,,,,,,sha256:d0dbe7c653c1,0.0187,0.0,,,24295.8,17.523,,16.6419,0.2136,0.0968,549,0.1423,0.2544,0.3374,0.5105,,0.7426,0.1804,tabular,26.8.1,17.523,32g,mem/tabular_arcadedb_medium_oltp_r4.csv,,,,,,425735,,,False,,,,,,,,,,,,,37.2074,0.1553,0.0315,5000,6416.0,0.0978,0.2737,0.356,0.5241,0.7408,0.779,0.1193,746.7,846.1,,,,,,,,,,,,,,,,,,,37.2074,0.086,0.0315,2940,0.0587,0.1097,0.1273,0.1706,0.755,,,,4,0.1965,2026-08-04T01:14:19.629109+00:00,18.9681,0.237,0.057,1009,0.1762,0.3544,0.4214,0.5928,0.6507,oltp,,,,,,,,,,
16g,arcadedb,,0.0394,,,,0.574,27.726,27.152,0-7,medium,38.502,16.3703,0.3206,0.154,502,0.2388,0.421,0.5178,0.6928,0.7519,,,,,,,,,,,,,,,,sha256:d0dbe7c653c1,0.0186,0.0,,,24185.1,17.603,,17.6082,0.2515,0.092,549,0.14,0.2277,0.2852,0.4654,,1.2394,0.1832,tabular,26.8.1,17.603,32g,mem/tabular_arcadedb_medium_oltp_r5.csv,,,,,,425735,,,False,,,,,,,,,,,,,31.2023,0.1495,0.0348,5000,6662.2,0.0858,0.2432,0.3441,0.5084,0.7142,0.751,0.1164,660.2,763.4,,,,,,,,,,,,,,,,,,,31.2023,0.0738,0.0348,2940,0.0554,0.0997,0.1209,0.1712,0.5749,,,,5,0.1921,2026-08-04T01:14:40.336727+00:00,18.5573,0.2297,0.0565,1009,0.1662,0.3691,0.4377,0.5669,0.6358,oltp,,,,,,,,,,
16g,arcadedb,,0.0825,,,,0.597,41.174,40.577,0-7,medium,45.198,,,,,,,,,,,,,,,,,,,,,,,,,sha256:d0dbe7c653c1,0.0196,1.394,,,24749.8,17.202,,,,,,,,,,,,0.1794,tabular,26.8.1,17.202,32g,mem/tabular_arcadedb_medium_olap_r1.csv,,,,,,425735,,,True,528.4889,281.3254,0.4046,35,284.8577,429.5011,469.1529,518.6525,"[321.312, 276.565, 1.571, 437.843, 369.337]","[86.263, 10.06, 2.743, 28.423, 4.993]",155.2487,1406.628,,,,,,,,,,,,0.1179,1092.5,1177.7,,,,,,,,,,,,,,,,,,,,,,,,,,,,,,,1,0.1946,2026-08-04T01:15:11.346827+00:00,,,,,,,,,,olap,,,,,,,,,,
16g,arcadedb,,0.0791,,,,0.814,39.812,38.999,0-7,medium,45.198,,,,,,,,,,,,,,,,,,,,,,,,,sha256:d0dbe7c653c1,0.0188,1.289,,,25637.8,16.606,,,,,,,,,,,,0.1855,tabular,26.8.1,16.606,32g,mem/tabular_arcadedb_medium_olap_r2.csv,,,,,,425735,,,True,488.8308,286.4802,0.3972,35,280.9293,469.4077,487.0061,488.2368,"[300.772, 278.74, 1.605, 456.378, 394.906]","[44.765, 6.151, 2.805, 28.94, 37.223]",158.9413,1432.401,,,,,,,,,,,,0.1186,1844.3,1933.3,,,,,,,,,,,,,,,,,,,,,,,,,,,,,,,2,0.193,2026-08-04T01:15:41.816217+00:00,,,,,,,,,,olap,,,,,,,,,,
16g,arcadedb,,0.0727,,,,0.797,42.165,41.368,0-7,medium,45.198,,,,,,,,,,,,,,,,,,,,,,,,,sha256:d0dbe7c653c1,0.0187,1.402,,,24537.9,17.35,,,,,,,,,,,,0.1809,tabular,26.8.1,17.35,32g,mem/tabular_arcadedb_medium_olap_r3.csv,,,,,,425735,,,True,533.2224,281.2914,0.3676,35,285.7072,436.5124,473.6123,523.2402,"[295.546, 275.601, 1.549, 455.897, 377.863]","[40.292, 8.421, 2.702, 42.92, 24.325]",156.4865,1406.456,,,,,,,,,,,,0.1254,1531.8,1617.9,,,,,,,,,,,,,,,,,,,,,,,,,,,,,,,3,0.2082,2026-08-04T01:16:12.768878+00:00,,,,,,,,,,olap,,,,,,,,,,
16g,arcadedb,,0.0775,,,,0.59,39.731,39.141,0-7,medium,45.198,,,,,,,,,,,,,,,,,,,,,,,,,sha256:d0dbe7c653c1,0.0186,1.282,,,25372.8,16.779,,,,,,,,,,,,0.1827,tabular,26.8.1,16.779,32g,mem/tabular_arcadedb_medium_olap_r4.csv,,,,,,425735,,,True,497.2947,276.4268,0.597,35,292.4883,412.979,430.1424,484.9109,"[304.197, 278.415, 1.983, 429.925, 367.614]","[40.881, 6.409, 3.239, 32.871, 3.027]",148.8513,1382.134,,,,,,,,,,,,0.1269,1030.7,1119.2,,,,,,,,,,,,,,,,,,,,,,,,,,,,,,,4,0.188,2026-08-04T01:16:43.017121+00:00,,,,,,,,,,olap,,,,,,,,,,
16g,arcadedb,,0.1181,,,,0.687,41.124,40.437,0-7,medium,45.198,,,,,,,,,,,,,,,,,,,,,,,,,sha256:d0dbe7c653c1,0.019,1.331,,,24706.1,17.232,,,,,,,,,,,,0.1801,tabular,26.8.1,17.232,32g,mem/tabular_arcadedb_medium_olap_r5.csv,,,,,,425735,,,True,495.6172,283.2718,0.3514,35,301.2447,441.4252,465.3638,494.0094,"[305.279, 281.569, 1.403, 451.815, 376.294]","[38.298, 8.612, 2.408, 29.018, 3.815]",154.5316,1416.36,,,,,,,,,,,,0.1189,1295.2,1380.7,,,,,,,,,,,,,,,,,,,,,,,,,,,,,,,5,0.193,2026-08-04T01:17:14.004785+00:00,,,,,,,,,,olap,,,,,,,,,,
16g,arcadedb,,0.4797,,,,4.299,51.818,47.519,0-7,medium,1840.759,,,,,,,,,,,,,,,,90.286,0.3822,0.1023,704,0.2046,0.4091,0.5229,0.8764,3.3972,sha256:d0dbe7c653c1,0.023,0.0,,23982.2,,26.211,,,,,,,,,,,,0.1861,graph,26.8.1,26.211,32g,mem/graph_arcadedb_medium_oltp_r1.csv,,208986,419621,425735,,,345754,,,,,,,,,,,,,,,90.286,0.2954,0.0868,2000,3374.5,0.2104,0.4009,0.5099,0.8707,2.024,0.593,0.1345,9259.2,11190.2,1.6451,0.2151,0.0868,1001,0.1702,0.3452,0.4675,0.7434,0.1438,,,,,,,,,,,,,,,,,,,,,,1,0.2297,2026-08-04T01:17:43.665231+00:00,,,,,,,,,,oltp,5.2845,0.3606,0.2096,295,0.3042,0.47,0.5847,0.8438,0.3431,
16g,arcadedb,,0.4649,,,,4.021,52.558,48.537,0-7,medium,1840.759,,,,,,,,,,,,,,,,100.3847,0.4054,0.1023,704,0.2146,0.4114,0.5344,0.8139,3.7769,sha256:d0dbe7c653c1,0.0219,0.0,,23351.5,,26.919,,,,,,,,,,,,0.1799,graph,26.8.1,26.919,32g,mem/graph_arcadedb_medium_oltp_r2.csv,,208986,419621,425735,,,345754,,,,,,,,,,,,,,,100.3847,0.3104,0.0877,2000,3211.9,0.2162,0.4099,0.5416,0.8528,2.2499,0.623,0.1184,9110.4,11036.9,1.8649,0.2228,0.0877,1001,0.18,0.3521,0.5262,0.8323,0.1459,,,,,,,,,,,,,,,,,,,,,,2,0.2311,2026-08-04T01:18:13.941697+00:00,,,,,,,,,,oltp,6.1896,0.3808,0.2074,295,0.3209,0.4918,0.5883,0.9298,0.3898,
16g,arcadedb,,0.4646,,,,4.365,52.315,47.951,0-7,medium,1840.759,,,,,,,,,,,,,,,,87.1427,0.4102,0.1132,704,0.2553,0.4258,0.5292,0.6694,3.2804,sha256:d0dbe7c653c1,0.022,0.0,,23809.9,,26.401,,,,,,,,,,,,0.1813,graph,26.8.1,26.401,32g,mem/graph_arcadedb_medium_oltp_r3.csv,,208986,419621,425735,,,345754,,,,,,,,,,,,,,,87.1427,0.3286,0.1061,2000,3034.0,0.2447,0.4566,0.5264,0.6986,1.9549,0.659,0.1143,8992.0,10913.2,1.3502,0.2319,0.1061,1001,0.2093,0.3548,0.443,0.5758,0.109,,,,,,,,,,,,,,,,,,,,,,3,0.2292,2026-08-04T01:18:43.696325+00:00,,,,,,,,,,oltp,4.7996,0.4623,0.2942,295,0.4177,0.5611,0.631,0.8111,0.3488,
16g,arcadedb,,0.4571,,,,3.895,51.464,47.569,0-7,medium,1840.759,,,,,,,,,,,,,,,,83.7822,0.3564,0.1037,704,0.1944,0.3897,0.4968,0.7253,3.152,sha256:d0dbe7c653c1,0.022,0.0,,23406.1,,26.857,,,,,,,,,,,,0.1794,graph,26.8.1,26.857,32g,mem/graph_arcadedb_medium_oltp_r4.csv,,208986,419621,425735,,,345754,,,,,,,,,,,,,,,83.7822,0.2746,0.088,2000,3629.4,0.1981,0.3767,0.4683,0.6521,1.8766,0.551,0.115,8633.8,10560.8,1.3287,0.1968,0.088,1001,0.1588,0.3428,0.3982,0.5634,0.1135,,,,,,,,,,,,,,,,,,,,,,4,0.1996,2026-08-04T01:19:13.732012+00:00,,,,,,,,,,oltp,4.0722,0.3435,0.1953,295,0.2954,0.4567,0.5221,0.6534,0.2827,
16g,arcadedb,,0.4932,,,,4.062,52.046,47.984,0-7,medium,1840.759,,,,,,,,,,,,,,,,94.4011,0.4082,0.1009,704,0.2166,0.4959,0.5845,0.9191,3.5533,sha256:d0dbe7c653c1,0.0219,0.0,,23571.3,,26.668,,,,,,,,,,,,0.1808,graph,26.8.1,26.668,32g,mem/graph_arcadedb_medium_oltp_r5.csv,,208986,419621,425735,,,345754,,,,,,,,,,,,,,,94.4011,0.3204,0.0875,2000,3111.8,0.2172,0.4845,0.5852,0.9086,2.1174,0.643,0.1165,9177.1,11122.0,1.545,0.2256,0.0875,1001,0.1764,0.4001,0.4807,0.7677,0.1493,,,,,,,,,,,,,,,,,,,,,,5,0.2232,2026-08-04T01:19:44.156880+00:00,,,,,,,,,,oltp,5.347,0.4327,0.1776,295,0.3893,0.6442,0.7361,0.9451,0.3594,
16g,arcadedb,,0.4478,,,,4.478,59.413,54.935,0-7,medium,1840.696,,,,,,,,,,,,True,1.775,,,,,,,,,,,,sha256:d0dbe7c653c1,0.0219,1.775,,24132.2,,26.048,,,,,,,,,,,,0.1847,graph,26.8.1,26.048,32g,mem/graph_arcadedb_medium_olap_r1.csv,,208986,419621,425735,,,345754,,,567.9131,212.1482,10.7837,28,179.637,443.8739,493.2244,553.8938,"[176.374, 182.747, 19.093, 470.38]","[73.594, 4.551, 11.688, 47.51]",168.7665,848.594,,,,,,,,,,,,0.1298,9911.0,11832.1,,,,,,,,,,,,,,,,,,,,,,,,,,,,,,,1,0.2198,2026-08-04T01:20:20.703931+00:00,,,,,,,,,,olap,,,,,,,,,,
16g,arcadedb,,0.4177,,,,5.429,59.758,54.329,0-7,medium,1840.696,,,,,,,,,,,,True,1.633,,,,,,,,,,,,sha256:d0dbe7c653c1,0.0217,1.633,,23266.8,,27.017,,,,,,,,,,,,0.1802,graph,26.8.1,27.017,32g,mem/graph_arcadedb_medium_olap_r2.csv,,208986,419621,425735,,,345754,,,635.4566,218.7775,11.9209,28,172.3772,441.3029,451.9991,586.0937,"[181.803, 205.528, 19.336, 468.443]","[75.657, 35.563, 10.35, 68.581]",169.8907,875.11,,,,,,,,,,,,0.118,12968.8,14896.5,,,,,,,,,,,,,,,,,,,,,,,,,,,,,,,2,0.1904,2026-08-04T01:20:58.395080+00:00,,,,,,,,,,olap,,,,,,,,,,
16g,arcadedb,,0.4567,,,,4.366,61.281,56.914,0-7,medium,1840.696,,,,,,,,,,,,True,1.392,,,,,,,,,,,,sha256:d0dbe7c653c1,0.0212,1.392,,23129.4,,27.178,,,,,,,,,,,,0.1839,graph,26.8.1,27.178,32g,mem/graph_arcadedb_medium_olap_r3.csv,,208986,419621,425735,,,345754,,,519.645,200.3361,10.8581,28,169.7446,436.5499,445.1171,500.1405,"[158.529, 174.899, 19.229, 448.688]","[54.102, 6.261, 11.491, 29.425]",158.7744,801.345,,,,,,,,,,,,0.1164,9473.4,11393.6,,,,,,,,,,,,,,,,,,,,,,,,,,,,,,,3,0.2215,2026-08-04T01:21:35.550728+00:00,,,,,,,,,,olap,,,,,,,,,,
16g,arcadedb,,0.44,,,,4.04,60.176,56.136,0-7,medium,1840.696,,,,,,,,,,,,True,1.485,,,,,,,,,,,,sha256:d0dbe7c653c1,0.0217,1.485,,23900.2,,26.301,,,,,,,,,,,,0.1824,graph,26.8.1,26.301,32g,mem/graph_arcadedb_medium_olap_r4.csv,,208986,419621,425735,,,345754,,,524.3146,209.9006,11.0018,28,174.4221,430.1336,481.5981,520.1612,"[182.266, 184.258, 19.044, 454.033]","[73.996, 15.596, 11.547, 39.818]",161.9302,839.601,,,,,,,,,,,,0.1146,10342.5,12264.3,,,,,,,,,,,,,,,,,,,,,,,,,,,,,,,4,0.2302,2026-08-04T01:22:12.079437+00:00,,,,,,,,,,olap,,,,,,,,,,
16g,arcadedb,,0.4584,,,,3.996,59.658,55.662,0-7,medium,1840.696,,,,,,,,,,,,True,1.45,,,,,,,,,,,,sha256:d0dbe7c653c1,0.0222,1.45,,23319.8,,26.956,,,,,,,,,,,,0.185,graph,26.8.1,26.956,32g,mem/graph_arcadedb_medium_olap_r5.csv,,208986,419621,425735,,,345754,,,520.0031,198.6814,10.8349,28,165.933,435.851,437.4481,497.9157,"[157.264, 170.609, 21.054, 445.799]","[48.038, 3.949, 13.946, 30.584]",156.9835,794.726,,,,,,,,,,,,0.1171,9582.0,11502.8,,,,,,,,,,,,,,,,,,,,,,,,,,,,,,,5,0.2334,2026-08-04T01:22:48.933524+00:00,,,,,,,,,,olap,,,,,,,,,,
